$ Cylinder_1 layered TET4 mesh; original surface node IDs retained
BEGIN BULK
MAT1,1,2.1E11,,0.3
PSHELL,1,1,0.001
PSOLID,2,1
GRID,2,,24.5,10,0
GRID,4,,24.1277899488,10,4.25438035284
GRID,6,,23.0224692093,10,8.37949351148
GRID,8,,21.2176223927,10,12.25
GRID,10,,18.7680888564,10,15.7482964373
GRID,12,,15.7482964373,10,18.7680888564
GRID,14,,12.25,10,21.2176223927
GRID,16,,8.37949351148,10,23.0224692093
GRID,18,,4.25438035284,10,24.1277899488
GRID,20,,1.50019232896e-15,10,24.5
GRID,22,,-4.25438035284,10,24.1277899488
GRID,24,,-8.37949351148,10,23.0224692093
GRID,26,,-12.25,10,21.2176223927
GRID,28,,-15.7482964373,10,18.7680888564
GRID,30,,-18.7680888564,10,15.7482964373
GRID,32,,-21.2176223927,10,12.25
GRID,34,,-23.0224692093,10,8.37949351148
GRID,36,,-24.1277899488,10,4.25438035284
GRID,38,,-24.5,10,3.00038465791e-15
GRID,40,,-24.1277899488,10,-4.25438035284
GRID,42,,-23.0224692093,10,-8.37949351148
GRID,44,,-21.2176223927,10,-12.25
GRID,46,,-18.7680888564,10,-15.7482964373
GRID,48,,-15.7482964373,10,-18.7680888564
GRID,50,,-12.25,10,-21.2176223927
GRID,52,,-8.37949351148,10,-23.0224692093
GRID,54,,-4.25438035284,10,-24.1277899488
GRID,56,,-4.50057698687e-15,10,-24.5
GRID,58,,4.25438035284,10,-24.1277899488
GRID,60,,8.37949351148,10,-23.0224692093
GRID,62,,12.25,10,-21.2176223927
GRID,64,,15.7482964373,10,-18.7680888564
GRID,66,,18.7680888564,10,-15.7482964373
GRID,68,,21.2176223927,10,-12.25
GRID,70,,23.0224692093,10,-8.37949351148
GRID,72,,24.1277899488,10,-4.25438035284
GRID,74,,0,10,0
GRID,75,,-3.7476155769e-15,10,-20.4010689967
GRID,76,,3.54260845373,10,-20.0911309177
GRID,77,,6.97757654225,10,-19.1707339923
GRID,78,,10.2005344983,10,-17.6678440155
GRID,79,,13.1135543754,10,-15.6281255386
GRID,80,,15.6281255386,10,-13.1135543754
GRID,81,,17.6678440155,10,-10.2005344983
GRID,82,,19.1707339923,10,-6.97757654225
GRID,83,,20.0911309177,10,-3.54260845373
GRID,84,,20.4010689967,10,0
GRID,85,,20.0911309177,10,3.54260845373
GRID,86,,19.1707339923,10,6.97757654225
GRID,87,,17.6678440155,10,10.2005344983
GRID,88,,15.6281255386,10,13.1135543754
GRID,89,,13.1135543754,10,15.6281255386
GRID,90,,10.2005344983,10,17.6678440155
GRID,91,,6.97757654225,10,19.1707339923
GRID,92,,3.54260845373,10,20.0911309177
GRID,93,,1.2492051923e-15,10,20.4010689967
GRID,94,,-3.54260845373,10,20.0911309177
GRID,95,,-6.97757654225,10,19.1707339923
GRID,96,,-10.2005344983,10,17.6678440155
GRID,97,,-13.1135543754,10,15.6281255386
GRID,98,,-15.6281255386,10,13.1135543754
GRID,99,,-17.6678440155,10,10.2005344983
GRID,100,,-19.1707339923,10,6.97757654225
GRID,101,,-20.0911309177,10,3.54260845373
GRID,102,,-20.4010689967,10,2.4984103846e-15
GRID,103,,-20.0911309177,10,-3.54260845373
GRID,104,,-19.1707339923,10,-6.97757654225
GRID,105,,-17.6678440155,10,-10.2005344983
GRID,106,,-15.6281255386,10,-13.1135543754
GRID,107,,-13.1135543754,10,-15.6281255386
GRID,108,,-10.2005344983,10,-17.6678440155
GRID,109,,-6.97757654225,10,-19.1707339923
GRID,110,,-3.54260845373,10,-20.0911309177
GRID,112,,-2.99465416693e-15,10,-16.3021379934
GRID,113,,2.83083655463,10,-16.0544718866
GRID,114,,5.57565957302,10,-15.3189987754
GRID,115,,8.1510689967,10,-14.1180656383
GRID,116,,10.4788123136,10,-12.4881622208
GRID,117,,12.4881622208,10,-10.4788123136
GRID,118,,14.1180656383,10,-8.1510689967
GRID,119,,15.3189987754,10,-5.57565957302
GRID,120,,16.0544718866,10,-2.83083655463
GRID,121,,16.3021379934,10,0
GRID,122,,16.0544718866,10,2.83083655463
GRID,123,,15.3189987754,10,5.57565957302
GRID,124,,14.1180656383,10,8.1510689967
GRID,125,,12.4881622208,10,10.4788123136
GRID,126,,10.4788123136,10,12.4881622208
GRID,127,,8.1510689967,10,14.1180656383
GRID,128,,5.57565957302,10,15.3189987754
GRID,129,,2.83083655463,10,16.0544718866
GRID,130,,9.98218055644e-16,10,16.3021379934
GRID,131,,-2.83083655463,10,16.0544718866
GRID,132,,-5.57565957302,10,15.3189987754
GRID,133,,-8.1510689967,10,14.1180656383
GRID,134,,-10.4788123136,10,12.4881622208
GRID,135,,-12.4881622208,10,10.4788123136
GRID,136,,-14.1180656383,10,8.1510689967
GRID,137,,-15.3189987754,10,5.57565957302
GRID,138,,-16.0544718866,10,2.83083655463
GRID,139,,-16.3021379934,10,1.99643611129e-15
GRID,140,,-16.0544718866,10,-2.83083655463
GRID,141,,-15.3189987754,10,-5.57565957302
GRID,142,,-14.1180656383,10,-8.1510689967
GRID,143,,-12.4881622208,10,-10.4788123136
GRID,144,,-10.4788123136,10,-12.4881622208
GRID,145,,-8.1510689967,10,-14.1180656383
GRID,146,,-5.57565957302,10,-15.3189987754
GRID,147,,-2.83083655463,10,-16.0544718866
GRID,149,,-2.24169275696e-15,10,-12.2032069901
GRID,150,,2.11906465552,10,-12.0178128555
GRID,151,,4.17374260378,10,-11.4672635585
GRID,152,,6.10160349505,10,-10.5682872611
GRID,153,,7.84407025167,10,-9.34819890299
GRID,154,,9.34819890299,10,-7.84407025167
GRID,155,,10.5682872611,10,-6.10160349505
GRID,156,,11.4672635585,10,-4.17374260378
GRID,157,,12.0178128555,10,-2.11906465552
GRID,158,,12.2032069901,10,0
GRID,159,,12.0178128555,10,2.11906465552
GRID,160,,11.4672635585,10,4.17374260378
GRID,161,,10.5682872611,10,6.10160349505
GRID,162,,9.34819890299,10,7.84407025167
GRID,163,,7.84407025167,10,9.34819890299
GRID,164,,6.10160349505,10,10.5682872611
GRID,165,,4.17374260378,10,11.4672635585
GRID,166,,2.11906465552,10,12.0178128555
GRID,167,,7.47230918988e-16,10,12.2032069901
GRID,168,,-2.11906465552,10,12.0178128555
GRID,169,,-4.17374260378,10,11.4672635585
GRID,170,,-6.10160349505,10,10.5682872611
GRID,171,,-7.84407025167,10,9.34819890299
GRID,172,,-9.34819890299,10,7.84407025167
GRID,173,,-10.5682872611,10,6.10160349505
GRID,174,,-11.4672635585,10,4.17374260378
GRID,175,,-12.0178128555,10,2.11906465552
GRID,176,,-12.2032069901,10,1.49446183798e-15
GRID,177,,-12.0178128555,10,-2.11906465552
GRID,178,,-11.4672635585,10,-4.17374260378
GRID,179,,-10.5682872611,10,-6.10160349505
GRID,180,,-9.34819890299,10,-7.84407025167
GRID,181,,-7.84407025167,10,-9.34819890299
GRID,182,,-6.10160349505,10,-10.5682872611
GRID,183,,-4.17374260378,10,-11.4672635585
GRID,184,,-2.11906465552,10,-12.0178128555
GRID,186,,-1.48873134699e-15,10,-8.10427598679
GRID,187,,1.40729275642,10,-7.98115382434
GRID,188,,2.77182563455,10,-7.6155283416
GRID,189,,4.0521379934,10,-7.01850888384
GRID,190,,5.20932818979,10,-6.20823558518
GRID,191,,6.20823558518,10,-5.20932818979
GRID,192,,7.01850888384,10,-4.0521379934
GRID,193,,7.6155283416,10,-2.77182563455
GRID,194,,7.98115382434,10,-1.40729275642
GRID,195,,8.10427598679,10,0
GRID,196,,7.98115382434,10,1.40729275642
GRID,197,,7.6155283416,10,2.77182563455
GRID,198,,7.01850888384,10,4.0521379934
GRID,199,,6.20823558518,10,5.20932818979
GRID,200,,5.20932818979,10,6.20823558518
GRID,201,,4.0521379934,10,7.01850888384
GRID,202,,2.77182563455,10,7.6155283416
GRID,203,,1.40729275642,10,7.98115382434
GRID,204,,4.96243782332e-16,10,8.10427598679
GRID,205,,-1.40729275642,10,7.98115382434
GRID,206,,-2.77182563455,10,7.6155283416
GRID,207,,-4.0521379934,10,7.01850888384
GRID,208,,-5.20932818979,10,6.20823558518
GRID,209,,-6.20823558518,10,5.20932818979
GRID,210,,-7.01850888384,10,4.0521379934
GRID,211,,-7.6155283416,10,2.77182563455
GRID,212,,-7.98115382434,10,1.40729275642
GRID,213,,-8.10427598679,10,9.92487564663e-16
GRID,214,,-7.98115382434,10,-1.40729275642
GRID,215,,-7.6155283416,10,-2.77182563455
GRID,216,,-7.01850888384,10,-4.0521379934
GRID,217,,-6.20823558518,10,-5.20932818979
GRID,218,,-5.20932818979,10,-6.20823558518
GRID,219,,-4.0521379934,10,-7.01850888384
GRID,220,,-2.77182563455,10,-7.6155283416
GRID,221,,-1.40729275642,10,-7.98115382434
GRID,223,,-7.35769937027e-16,10,-4.00534498349
GRID,224,,0.69552085731,10,-3.94449479323
GRID,225,,1.36990866532,10,-3.76379312469
GRID,226,,2.00267249174,10,-3.46873050662
GRID,227,,2.57458612791,10,-3.06827226738
GRID,228,,3.06827226738,10,-2.57458612791
GRID,229,,3.46873050662,10,-2.00267249174
GRID,230,,3.76379312469,10,-1.36990866532
GRID,231,,3.94449479323,10,-0.69552085731
GRID,232,,4.00534498349,10,0
GRID,233,,3.94449479323,10,0.69552085731
GRID,234,,3.76379312469,10,1.36990866532
GRID,235,,3.46873050662,10,2.00267249174
GRID,236,,3.06827226738,10,2.57458612791
GRID,237,,2.57458612791,10,3.06827226738
GRID,238,,2.00267249174,10,3.46873050662
GRID,239,,1.36990866532,10,3.76379312469
GRID,240,,0.69552085731,10,3.94449479323
GRID,241,,2.45256645676e-16,10,4.00534498349
GRID,242,,-0.69552085731,10,3.94449479323
GRID,243,,-1.36990866532,10,3.76379312469
GRID,244,,-2.00267249174,10,3.46873050662
GRID,245,,-2.57458612791,10,3.06827226738
GRID,246,,-3.06827226738,10,2.57458612791
GRID,247,,-3.46873050662,10,2.00267249174
GRID,248,,-3.76379312469,10,1.36990866532
GRID,249,,-3.94449479323,10,0.69552085731
GRID,250,,-4.00534498349,10,4.90513291351e-16
GRID,251,,-3.94449479323,10,-0.69552085731
GRID,252,,-3.76379312469,10,-1.36990866532
GRID,253,,-3.46873050662,10,-2.00267249174
GRID,254,,-3.06827226738,10,-2.57458612791
GRID,255,,-2.57458612791,10,-3.06827226738
GRID,256,,-2.00267249174,10,-3.46873050662
GRID,257,,-1.36990866532,10,-3.76379312469
GRID,258,,-0.69552085731,10,-3.94449479323
GRID,259,,24.5,28,0
GRID,260,,24.1277899488,28,4.25438035284
GRID,261,,23.0224692093,28,8.37949351148
GRID,262,,21.2176223927,28,12.25
GRID,263,,18.7680888564,28,15.7482964373
GRID,264,,15.7482964373,28,18.7680888564
GRID,265,,12.25,28,21.2176223927
GRID,266,,8.37949351148,28,23.0224692093
GRID,267,,4.25438035284,28,24.1277899488
GRID,268,,1.50019232896e-15,28,24.5
GRID,269,,-4.25438035284,28,24.1277899488
GRID,270,,-8.37949351148,28,23.0224692093
GRID,271,,-12.25,28,21.2176223927
GRID,272,,-15.7482964373,28,18.7680888564
GRID,273,,-18.7680888564,28,15.7482964373
GRID,274,,-21.2176223927,28,12.25
GRID,275,,-23.0224692093,28,8.37949351148
GRID,276,,-24.1277899488,28,4.25438035284
GRID,277,,-24.5,28,3.00038465791e-15
GRID,278,,-24.1277899488,28,-4.25438035284
GRID,279,,-23.0224692093,28,-8.37949351148
GRID,280,,-21.2176223927,28,-12.25
GRID,281,,-18.7680888564,28,-15.7482964373
GRID,282,,-15.7482964373,28,-18.7680888564
GRID,283,,-12.25,28,-21.2176223927
GRID,284,,-8.37949351148,28,-23.0224692093
GRID,285,,-4.25438035284,28,-24.1277899488
GRID,286,,-4.50057698687e-15,28,-24.5
GRID,287,,4.25438035284,28,-24.1277899488
GRID,288,,8.37949351148,28,-23.0224692093
GRID,289,,12.25,28,-21.2176223927
GRID,290,,15.7482964373,28,-18.7680888564
GRID,291,,18.7680888564,28,-15.7482964373
GRID,292,,21.2176223927,28,-12.25
GRID,293,,23.0224692093,28,-8.37949351148
GRID,294,,24.1277899488,28,-4.25438035284
GRID,295,,0,28,0
GRID,296,,-3.7476155769e-15,28,-20.4010689967
GRID,297,,3.54260845373,28,-20.0911309177
GRID,298,,6.97757654225,28,-19.1707339923
GRID,299,,10.2005344983,28,-17.6678440155
GRID,300,,13.1135543754,28,-15.6281255386
GRID,301,,15.6281255386,28,-13.1135543754
GRID,302,,17.6678440155,28,-10.2005344983
GRID,303,,19.1707339923,28,-6.97757654225
GRID,304,,20.0911309177,28,-3.54260845373
GRID,305,,20.4010689967,28,0
GRID,306,,20.0911309177,28,3.54260845373
GRID,307,,19.1707339923,28,6.97757654225
GRID,308,,17.6678440155,28,10.2005344983
GRID,309,,15.6281255386,28,13.1135543754
GRID,310,,13.1135543754,28,15.6281255386
GRID,311,,10.2005344983,28,17.6678440155
GRID,312,,6.97757654225,28,19.1707339923
GRID,313,,3.54260845373,28,20.0911309177
GRID,314,,1.2492051923e-15,28,20.4010689967
GRID,315,,-3.54260845373,28,20.0911309177
GRID,316,,-6.97757654225,28,19.1707339923
GRID,317,,-10.2005344983,28,17.6678440155
GRID,318,,-13.1135543754,28,15.6281255386
GRID,319,,-15.6281255386,28,13.1135543754
GRID,320,,-17.6678440155,28,10.2005344983
GRID,321,,-19.1707339923,28,6.97757654225
GRID,322,,-20.0911309177,28,3.54260845373
GRID,323,,-20.4010689967,28,2.4984103846e-15
GRID,324,,-20.0911309177,28,-3.54260845373
GRID,325,,-19.1707339923,28,-6.97757654225
GRID,326,,-17.6678440155,28,-10.2005344983
GRID,327,,-15.6281255386,28,-13.1135543754
GRID,328,,-13.1135543754,28,-15.6281255386
GRID,329,,-10.2005344983,28,-17.6678440155
GRID,330,,-6.97757654225,28,-19.1707339923
GRID,331,,-3.54260845373,28,-20.0911309177
GRID,332,,-2.99465416693e-15,28,-16.3021379934
GRID,333,,2.83083655463,28,-16.0544718866
GRID,334,,5.57565957302,28,-15.3189987754
GRID,335,,8.1510689967,28,-14.1180656383
GRID,336,,10.4788123136,28,-12.4881622208
GRID,337,,12.4881622208,28,-10.4788123136
GRID,338,,14.1180656383,28,-8.1510689967
GRID,339,,15.3189987754,28,-5.57565957302
GRID,340,,16.0544718866,28,-2.83083655463
GRID,341,,16.3021379934,28,0
GRID,342,,16.0544718866,28,2.83083655463
GRID,343,,15.3189987754,28,5.57565957302
GRID,344,,14.1180656383,28,8.1510689967
GRID,345,,12.4881622208,28,10.4788123136
GRID,346,,10.4788123136,28,12.4881622208
GRID,347,,8.1510689967,28,14.1180656383
GRID,348,,5.57565957302,28,15.3189987754
GRID,349,,2.83083655463,28,16.0544718866
GRID,350,,9.98218055644e-16,28,16.3021379934
GRID,351,,-2.83083655463,28,16.0544718866
GRID,352,,-5.57565957302,28,15.3189987754
GRID,353,,-8.1510689967,28,14.1180656383
GRID,354,,-10.4788123136,28,12.4881622208
GRID,355,,-12.4881622208,28,10.4788123136
GRID,356,,-14.1180656383,28,8.1510689967
GRID,357,,-15.3189987754,28,5.57565957302
GRID,358,,-16.0544718866,28,2.83083655463
GRID,359,,-16.3021379934,28,1.99643611129e-15
GRID,360,,-16.0544718866,28,-2.83083655463
GRID,361,,-15.3189987754,28,-5.57565957302
GRID,362,,-14.1180656383,28,-8.1510689967
GRID,363,,-12.4881622208,28,-10.4788123136
GRID,364,,-10.4788123136,28,-12.4881622208
GRID,365,,-8.1510689967,28,-14.1180656383
GRID,366,,-5.57565957302,28,-15.3189987754
GRID,367,,-2.83083655463,28,-16.0544718866
GRID,368,,-2.24169275696e-15,28,-12.2032069901
GRID,369,,2.11906465552,28,-12.0178128555
GRID,370,,4.17374260378,28,-11.4672635585
GRID,371,,6.10160349505,28,-10.5682872611
GRID,372,,7.84407025167,28,-9.34819890299
GRID,373,,9.34819890299,28,-7.84407025167
GRID,374,,10.5682872611,28,-6.10160349505
GRID,375,,11.4672635585,28,-4.17374260378
GRID,376,,12.0178128555,28,-2.11906465552
GRID,377,,12.2032069901,28,0
GRID,378,,12.0178128555,28,2.11906465552
GRID,379,,11.4672635585,28,4.17374260378
GRID,380,,10.5682872611,28,6.10160349505
GRID,381,,9.34819890299,28,7.84407025167
GRID,382,,7.84407025167,28,9.34819890299
GRID,383,,6.10160349505,28,10.5682872611
GRID,384,,4.17374260378,28,11.4672635585
GRID,385,,2.11906465552,28,12.0178128555
GRID,386,,7.47230918988e-16,28,12.2032069901
GRID,387,,-2.11906465552,28,12.0178128555
GRID,388,,-4.17374260378,28,11.4672635585
GRID,389,,-6.10160349505,28,10.5682872611
GRID,390,,-7.84407025167,28,9.34819890299
GRID,391,,-9.34819890299,28,7.84407025167
GRID,392,,-10.5682872611,28,6.10160349505
GRID,393,,-11.4672635585,28,4.17374260378
GRID,394,,-12.0178128555,28,2.11906465552
GRID,395,,-12.2032069901,28,1.49446183798e-15
GRID,396,,-12.0178128555,28,-2.11906465552
GRID,397,,-11.4672635585,28,-4.17374260378
GRID,398,,-10.5682872611,28,-6.10160349505
GRID,399,,-9.34819890299,28,-7.84407025167
GRID,400,,-7.84407025167,28,-9.34819890299
GRID,401,,-6.10160349505,28,-10.5682872611
GRID,402,,-4.17374260378,28,-11.4672635585
GRID,403,,-2.11906465552,28,-12.0178128555
GRID,404,,-1.48873134699e-15,28,-8.10427598679
GRID,405,,1.40729275642,28,-7.98115382434
GRID,406,,2.77182563455,28,-7.6155283416
GRID,407,,4.0521379934,28,-7.01850888384
GRID,408,,5.20932818979,28,-6.20823558518
GRID,409,,6.20823558518,28,-5.20932818979
GRID,410,,7.01850888384,28,-4.0521379934
GRID,411,,7.6155283416,28,-2.77182563455
GRID,412,,7.98115382434,28,-1.40729275642
GRID,413,,8.10427598679,28,0
GRID,414,,7.98115382434,28,1.40729275642
GRID,415,,7.6155283416,28,2.77182563455
GRID,416,,7.01850888384,28,4.0521379934
GRID,417,,6.20823558518,28,5.20932818979
GRID,418,,5.20932818979,28,6.20823558518
GRID,419,,4.0521379934,28,7.01850888384
GRID,420,,2.77182563455,28,7.6155283416
GRID,421,,1.40729275642,28,7.98115382434
GRID,422,,4.96243782332e-16,28,8.10427598679
GRID,423,,-1.40729275642,28,7.98115382434
GRID,424,,-2.77182563455,28,7.6155283416
GRID,425,,-4.0521379934,28,7.01850888384
GRID,426,,-5.20932818979,28,6.20823558518
GRID,427,,-6.20823558518,28,5.20932818979
GRID,428,,-7.01850888384,28,4.0521379934
GRID,429,,-7.6155283416,28,2.77182563455
GRID,430,,-7.98115382434,28,1.40729275642
GRID,431,,-8.10427598679,28,9.92487564663e-16
GRID,432,,-7.98115382434,28,-1.40729275642
GRID,433,,-7.6155283416,28,-2.77182563455
GRID,434,,-7.01850888384,28,-4.0521379934
GRID,435,,-6.20823558518,28,-5.20932818979
GRID,436,,-5.20932818979,28,-6.20823558518
GRID,437,,-4.0521379934,28,-7.01850888384
GRID,438,,-2.77182563455,28,-7.6155283416
GRID,439,,-1.40729275642,28,-7.98115382434
GRID,440,,-7.35769937027e-16,28,-4.00534498349
GRID,441,,0.69552085731,28,-3.94449479323
GRID,442,,1.36990866532,28,-3.76379312469
GRID,443,,2.00267249174,28,-3.46873050662
GRID,444,,2.57458612791,28,-3.06827226738
GRID,445,,3.06827226738,28,-2.57458612791
GRID,446,,3.46873050662,28,-2.00267249174
GRID,447,,3.76379312469,28,-1.36990866532
GRID,448,,3.94449479323,28,-0.69552085731
GRID,449,,4.00534498349,28,0
GRID,450,,3.94449479323,28,0.69552085731
GRID,451,,3.76379312469,28,1.36990866532
GRID,452,,3.46873050662,28,2.00267249174
GRID,453,,3.06827226738,28,2.57458612791
GRID,454,,2.57458612791,28,3.06827226738
GRID,455,,2.00267249174,28,3.46873050662
GRID,456,,1.36990866532,28,3.76379312469
GRID,457,,0.69552085731,28,3.94449479323
GRID,458,,2.45256645676e-16,28,4.00534498349
GRID,459,,-0.69552085731,28,3.94449479323
GRID,460,,-1.36990866532,28,3.76379312469
GRID,461,,-2.00267249174,28,3.46873050662
GRID,462,,-2.57458612791,28,3.06827226738
GRID,463,,-3.06827226738,28,2.57458612791
GRID,464,,-3.46873050662,28,2.00267249174
GRID,465,,-3.76379312469,28,1.36990866532
GRID,466,,-3.94449479323,28,0.69552085731
GRID,467,,-4.00534498349,28,4.90513291351e-16
GRID,468,,-3.94449479323,28,-0.69552085731
GRID,469,,-3.76379312469,28,-1.36990866532
GRID,470,,-3.46873050662,28,-2.00267249174
GRID,471,,-3.06827226738,28,-2.57458612791
GRID,472,,-2.57458612791,28,-3.06827226738
GRID,473,,-2.00267249174,28,-3.46873050662
GRID,474,,-1.36990866532,28,-3.76379312469
GRID,475,,-0.69552085731,28,-3.94449479323
GRID,477,,-4.50057698687e-15,13,-24.5
GRID,478,,4.25438035284,13,-24.1277899488
GRID,479,,-4.50057698687e-15,16,-24.5
GRID,480,,4.25438035284,16,-24.1277899488
GRID,481,,-4.50057698687e-15,19,-24.5
GRID,482,,4.25438035284,19,-24.1277899488
GRID,483,,-4.50057698687e-15,22,-24.5
GRID,484,,4.25438035284,22,-24.1277899488
GRID,485,,-4.50057698687e-15,25,-24.5
GRID,486,,4.25438035284,25,-24.1277899488
GRID,487,,8.37949351148,13,-23.0224692093
GRID,488,,8.37949351148,16,-23.0224692093
GRID,489,,8.37949351148,19,-23.0224692093
GRID,490,,8.37949351148,22,-23.0224692093
GRID,491,,8.37949351148,25,-23.0224692093
GRID,492,,12.25,13,-21.2176223927
GRID,493,,12.25,16,-21.2176223927
GRID,494,,12.25,19,-21.2176223927
GRID,495,,12.25,22,-21.2176223927
GRID,496,,12.25,25,-21.2176223927
GRID,497,,15.7482964373,13,-18.7680888564
GRID,498,,15.7482964373,16,-18.7680888564
GRID,499,,15.7482964373,19,-18.7680888564
GRID,500,,15.7482964373,22,-18.7680888564
GRID,501,,15.7482964373,25,-18.7680888564
GRID,502,,18.7680888564,13,-15.7482964373
GRID,503,,18.7680888564,16,-15.7482964373
GRID,504,,18.7680888564,19,-15.7482964373
GRID,505,,18.7680888564,22,-15.7482964373
GRID,506,,18.7680888564,25,-15.7482964373
GRID,507,,21.2176223927,13,-12.25
GRID,508,,21.2176223927,16,-12.25
GRID,509,,21.2176223927,19,-12.25
GRID,510,,21.2176223927,22,-12.25
GRID,511,,21.2176223927,25,-12.25
GRID,512,,23.0224692093,13,-8.37949351148
GRID,513,,23.0224692093,16,-8.37949351148
GRID,514,,23.0224692093,19,-8.37949351148
GRID,515,,23.0224692093,22,-8.37949351148
GRID,516,,23.0224692093,25,-8.37949351148
GRID,517,,24.1277899488,13,-4.25438035284
GRID,518,,24.1277899488,16,-4.25438035284
GRID,519,,24.1277899488,19,-4.25438035284
GRID,520,,24.1277899488,22,-4.25438035284
GRID,521,,24.1277899488,25,-4.25438035284
GRID,522,,24.5,13,0
GRID,523,,24.5,16,0
GRID,524,,24.5,19,0
GRID,525,,24.5,22,0
GRID,526,,24.5,25,0
GRID,527,,-4.25438035284,25,-24.1277899488
GRID,528,,-4.25438035284,22,-24.1277899488
GRID,529,,-4.25438035284,19,-24.1277899488
GRID,530,,-4.25438035284,16,-24.1277899488
GRID,531,,-4.25438035284,13,-24.1277899488
GRID,532,,-8.37949351148,25,-23.0224692093
GRID,533,,-8.37949351148,22,-23.0224692093
GRID,534,,-8.37949351148,19,-23.0224692093
GRID,535,,-8.37949351148,16,-23.0224692093
GRID,536,,-8.37949351148,13,-23.0224692093
GRID,537,,-12.25,25,-21.2176223927
GRID,538,,-12.25,22,-21.2176223927
GRID,539,,-12.25,19,-21.2176223927
GRID,540,,-12.25,16,-21.2176223927
GRID,541,,-12.25,13,-21.2176223927
GRID,542,,-15.7482964373,25,-18.7680888564
GRID,543,,-15.7482964373,22,-18.7680888564
GRID,544,,-15.7482964373,19,-18.7680888564
GRID,545,,-15.7482964373,16,-18.7680888564
GRID,546,,-15.7482964373,13,-18.7680888564
GRID,547,,-18.7680888564,25,-15.7482964373
GRID,548,,-18.7680888564,22,-15.7482964373
GRID,549,,-18.7680888564,19,-15.7482964373
GRID,550,,-18.7680888564,16,-15.7482964373
GRID,551,,-18.7680888564,13,-15.7482964373
GRID,552,,-21.2176223927,25,-12.25
GRID,553,,-21.2176223927,22,-12.25
GRID,554,,-21.2176223927,19,-12.25
GRID,555,,-21.2176223927,16,-12.25
GRID,556,,-21.2176223927,13,-12.25
GRID,557,,-23.0224692093,25,-8.37949351148
GRID,558,,-23.0224692093,22,-8.37949351148
GRID,559,,-23.0224692093,19,-8.37949351148
GRID,560,,-23.0224692093,16,-8.37949351148
GRID,561,,-23.0224692093,13,-8.37949351148
GRID,562,,-24.1277899488,25,-4.25438035284
GRID,563,,-24.1277899488,22,-4.25438035284
GRID,564,,-24.1277899488,19,-4.25438035284
GRID,565,,-24.1277899488,16,-4.25438035284
GRID,566,,-24.1277899488,13,-4.25438035284
GRID,567,,-24.5,25,3.00038465791e-15
GRID,568,,-24.5,22,-3.37608522346e-15
GRID,569,,-24.5,19,-3.37608522346e-15
GRID,570,,-24.5,16,9.37685453928e-15
GRID,571,,-24.5,13,3.00038465791e-15
GRID,572,,-24.1277899488,25,4.25438035284
GRID,573,,-24.1277899488,22,4.25438035284
GRID,574,,-24.1277899488,19,4.25438035284
GRID,575,,-24.1277899488,16,4.25438035284
GRID,576,,-24.1277899488,13,4.25438035284
GRID,577,,-23.0224692093,25,8.37949351148
GRID,578,,-23.0224692093,22,8.37949351148
GRID,579,,-23.0224692093,19,8.37949351148
GRID,580,,-23.0224692093,16,8.37949351148
GRID,581,,-23.0224692093,13,8.37949351148
GRID,582,,-21.2176223927,25,12.25
GRID,583,,-21.2176223927,22,12.25
GRID,584,,-21.2176223927,19,12.25
GRID,585,,-21.2176223927,16,12.25
GRID,586,,-21.2176223927,13,12.25
GRID,587,,-18.7680888564,25,15.7482964373
GRID,588,,-18.7680888564,22,15.7482964373
GRID,589,,-18.7680888564,19,15.7482964373
GRID,590,,-18.7680888564,16,15.7482964373
GRID,591,,-18.7680888564,13,15.7482964373
GRID,592,,-15.7482964373,25,18.7680888564
GRID,593,,-15.7482964373,22,18.7680888564
GRID,594,,-15.7482964373,19,18.7680888564
GRID,595,,-15.7482964373,16,18.7680888564
GRID,596,,-15.7482964373,13,18.7680888564
GRID,597,,-12.25,25,21.2176223927
GRID,598,,-12.25,22,21.2176223927
GRID,599,,-12.25,19,21.2176223927
GRID,600,,-12.25,16,21.2176223927
GRID,601,,-12.25,13,21.2176223927
GRID,602,,-8.37949351148,25,23.0224692093
GRID,603,,-8.37949351148,22,23.0224692093
GRID,604,,-8.37949351148,19,23.0224692093
GRID,605,,-8.37949351148,16,23.0224692093
GRID,606,,-8.37949351148,13,23.0224692093
GRID,607,,-4.25438035284,25,24.1277899488
GRID,608,,-4.25438035284,22,24.1277899488
GRID,609,,-4.25438035284,19,24.1277899488
GRID,610,,-4.25438035284,16,24.1277899488
GRID,611,,-4.25438035284,13,24.1277899488
GRID,612,,-1.12527474338e-14,25,24.5
GRID,613,,-1.12527474338e-14,22,24.5
GRID,614,,-1.12527474338e-14,19,24.5
GRID,615,,1.42531320917e-14,16,24.5
GRID,616,,1.42531320917e-14,13,24.5
GRID,617,,4.25438035284,25,24.1277899488
GRID,618,,4.25438035284,22,24.1277899488
GRID,619,,4.25438035284,19,24.1277899488
GRID,620,,4.25438035284,16,24.1277899488
GRID,621,,4.25438035284,13,24.1277899488
GRID,622,,8.37949351148,25,23.0224692093
GRID,623,,8.37949351148,22,23.0224692093
GRID,624,,8.37949351148,19,23.0224692093
GRID,625,,8.37949351148,16,23.0224692093
GRID,626,,8.37949351148,13,23.0224692093
GRID,627,,12.25,25,21.2176223927
GRID,628,,12.25,22,21.2176223927
GRID,629,,12.25,19,21.2176223927
GRID,630,,12.25,16,21.2176223927
GRID,631,,12.25,13,21.2176223927
GRID,632,,15.7482964373,25,18.7680888564
GRID,633,,15.7482964373,22,18.7680888564
GRID,634,,15.7482964373,19,18.7680888564
GRID,635,,15.7482964373,16,18.7680888564
GRID,636,,15.7482964373,13,18.7680888564
GRID,637,,18.7680888564,25,15.7482964373
GRID,638,,18.7680888564,22,15.7482964373
GRID,639,,18.7680888564,19,15.7482964373
GRID,640,,18.7680888564,16,15.7482964373
GRID,641,,18.7680888564,13,15.7482964373
GRID,642,,21.2176223927,25,12.25
GRID,643,,21.2176223927,22,12.25
GRID,644,,21.2176223927,19,12.25
GRID,645,,21.2176223927,16,12.25
GRID,646,,21.2176223927,13,12.25
GRID,647,,23.0224692093,25,8.37949351148
GRID,648,,23.0224692093,22,8.37949351148
GRID,649,,23.0224692093,19,8.37949351148
GRID,650,,23.0224692093,16,8.37949351148
GRID,651,,23.0224692093,13,8.37949351148
GRID,652,,24.1277899488,25,4.25438035284
GRID,653,,24.1277899488,22,4.25438035284
GRID,654,,24.1277899488,19,4.25438035284
GRID,655,,24.1277899488,16,4.25438035284
GRID,656,,24.1277899488,13,4.25438035284
GRID,657,,-20.401069,13,0
GRID,658,,-20.0911309,13,-3.5426085
GRID,659,,-20.0911309,13,3.5426085
GRID,660,,-19.170734,13,-6.9775765
GRID,661,,-19.170734,13,6.9775765
GRID,662,,-17.667844,13,-10.2005345
GRID,663,,-17.667844,13,10.2005345
GRID,664,,-16.302138,13,0
GRID,665,,-16.0544719,13,-2.8308366
GRID,666,,-16.0544719,13,2.8308366
GRID,667,,-15.6281255,13,-13.1135544
GRID,668,,-15.6281255,13,13.1135544
GRID,669,,-15.3189988,13,-5.5756596
GRID,670,,-15.3189988,13,5.5756596
GRID,671,,-14.1180656,13,-8.151069
GRID,672,,-14.1180656,13,8.151069
GRID,673,,-13.1135544,13,-15.6281255
GRID,674,,-13.1135544,13,15.6281255
GRID,675,,-12.4881622,13,-10.4788123
GRID,676,,-12.4881622,13,10.4788123
GRID,677,,-12.203207,13,0
GRID,678,,-12.0178129,13,-2.1190647
GRID,679,,-12.0178129,13,2.1190647
GRID,680,,-11.4672636,13,-4.1737426
GRID,681,,-11.4672636,13,4.1737426
GRID,682,,-10.5682873,13,-6.1016035
GRID,683,,-10.5682873,13,6.1016035
GRID,684,,-10.4788123,13,-12.4881622
GRID,685,,-10.4788123,13,12.4881622
GRID,686,,-10.2005345,13,-17.667844
GRID,687,,-10.2005345,13,17.667844
GRID,688,,-9.3481989,13,-7.8440703
GRID,689,,-9.3481989,13,7.8440703
GRID,690,,-8.151069,13,-14.1180656
GRID,691,,-8.151069,13,14.1180656
GRID,692,,-8.104276,13,0
GRID,693,,-7.9811538,13,-1.4072928
GRID,694,,-7.9811538,13,1.4072928
GRID,695,,-7.8440703,13,-9.3481989
GRID,696,,-7.8440703,13,9.3481989
GRID,697,,-7.6155283,13,-2.7718256
GRID,698,,-7.6155283,13,2.7718256
GRID,699,,-7.0185089,13,-4.052138
GRID,700,,-7.0185089,13,4.052138
GRID,701,,-6.9775765,13,-19.170734
GRID,702,,-6.9775765,13,19.170734
GRID,703,,-6.2082356,13,-5.2093282
GRID,704,,-6.2082356,13,5.2093282
GRID,705,,-6.1016035,13,-10.5682873
GRID,706,,-6.1016035,13,10.5682873
GRID,707,,-5.5756596,13,-15.3189988
GRID,708,,-5.5756596,13,15.3189988
GRID,709,,-5.2093282,13,-6.2082356
GRID,710,,-5.2093282,13,6.2082356
GRID,711,,-4.1737426,13,-11.4672636
GRID,712,,-4.1737426,13,11.4672636
GRID,713,,-4.052138,13,-7.0185089
GRID,714,,-4.052138,13,7.0185089
GRID,715,,-4.005345,13,0
GRID,716,,-3.9444948,13,-0.6955209
GRID,717,,-3.9444948,13,0.6955209
GRID,718,,-3.7637931,13,-1.3699087
GRID,719,,-3.7637931,13,1.3699087
GRID,720,,-3.5426085,13,-20.0911309
GRID,721,,-3.5426085,13,20.0911309
GRID,722,,-3.4687305,13,-2.0026725
GRID,723,,-3.4687305,13,2.0026725
GRID,724,,-3.0682723,13,-2.5745861
GRID,725,,-3.0682723,13,2.5745861
GRID,726,,-2.8308366,13,-16.0544719
GRID,727,,-2.8308366,13,16.0544719
GRID,728,,-2.7718256,13,-7.6155283
GRID,729,,-2.7718256,13,7.6155283
GRID,730,,-2.5745861,13,-3.0682723
GRID,731,,-2.5745861,13,3.0682723
GRID,732,,-2.1190647,13,-12.0178129
GRID,733,,-2.1190647,13,12.0178129
GRID,734,,-2.0026725,13,-3.4687305
GRID,735,,-2.0026725,13,3.4687305
GRID,736,,-1.4072928,13,-7.9811538
GRID,737,,-1.4072928,13,7.9811538
GRID,738,,-1.3699087,13,-3.7637931
GRID,739,,-1.3699087,13,3.7637931
GRID,740,,-0.6955209,13,-3.9444948
GRID,741,,-0.6955209,13,3.9444948
GRID,742,,-0,13,-20.401069
GRID,743,,-0,13,-16.302138
GRID,744,,-0,13,-12.203207
GRID,745,,-0,13,-8.104276
GRID,746,,-0,13,-4.005345
GRID,747,,0,13,0
GRID,748,,0,13,4.005345
GRID,749,,0,13,8.104276
GRID,750,,0,13,12.203207
GRID,751,,0,13,16.302138
GRID,752,,0,13,20.401069
GRID,753,,0.6955209,13,-3.9444948
GRID,754,,0.6955209,13,3.9444948
GRID,755,,1.3699087,13,-3.7637931
GRID,756,,1.3699087,13,3.7637931
GRID,757,,1.4072928,13,-7.9811538
GRID,758,,1.4072928,13,7.9811538
GRID,759,,2.0026725,13,-3.4687305
GRID,760,,2.0026725,13,3.4687305
GRID,761,,2.1190647,13,-12.0178129
GRID,762,,2.1190647,13,12.0178129
GRID,763,,2.5745861,13,-3.0682723
GRID,764,,2.5745861,13,3.0682723
GRID,765,,2.7718256,13,-7.6155283
GRID,766,,2.7718256,13,7.6155283
GRID,767,,2.8308366,13,-16.0544719
GRID,768,,2.8308366,13,16.0544719
GRID,769,,3.0682723,13,-2.5745861
GRID,770,,3.0682723,13,2.5745861
GRID,771,,3.4687305,13,-2.0026725
GRID,772,,3.4687305,13,2.0026725
GRID,773,,3.5426085,13,-20.0911309
GRID,774,,3.5426085,13,20.0911309
GRID,775,,3.7637931,13,-1.3699087
GRID,776,,3.7637931,13,1.3699087
GRID,777,,3.9444948,13,-0.6955209
GRID,778,,3.9444948,13,0.6955209
GRID,779,,4.005345,13,0
GRID,780,,4.052138,13,-7.0185089
GRID,781,,4.052138,13,7.0185089
GRID,782,,4.1737426,13,-11.4672636
GRID,783,,4.1737426,13,11.4672636
GRID,784,,5.2093282,13,-6.2082356
GRID,785,,5.2093282,13,6.2082356
GRID,786,,5.5756596,13,-15.3189988
GRID,787,,5.5756596,13,15.3189988
GRID,788,,6.1016035,13,-10.5682873
GRID,789,,6.1016035,13,10.5682873
GRID,790,,6.2082356,13,-5.2093282
GRID,791,,6.2082356,13,5.2093282
GRID,792,,6.9775765,13,-19.170734
GRID,793,,6.9775765,13,19.170734
GRID,794,,7.0185089,13,-4.052138
GRID,795,,7.0185089,13,4.052138
GRID,796,,7.6155283,13,-2.7718256
GRID,797,,7.6155283,13,2.7718256
GRID,798,,7.8440703,13,-9.3481989
GRID,799,,7.8440703,13,9.3481989
GRID,800,,7.9811538,13,-1.4072928
GRID,801,,7.9811538,13,1.4072928
GRID,802,,8.104276,13,0
GRID,803,,8.151069,13,-14.1180656
GRID,804,,8.151069,13,14.1180656
GRID,805,,9.3481989,13,-7.8440703
GRID,806,,9.3481989,13,7.8440703
GRID,807,,10.2005345,13,-17.667844
GRID,808,,10.2005345,13,17.667844
GRID,809,,10.4788123,13,-12.4881622
GRID,810,,10.4788123,13,12.4881622
GRID,811,,10.5682873,13,-6.1016035
GRID,812,,10.5682873,13,6.1016035
GRID,813,,11.4672636,13,-4.1737426
GRID,814,,11.4672636,13,4.1737426
GRID,815,,12.0178129,13,-2.1190647
GRID,816,,12.0178129,13,2.1190647
GRID,817,,12.203207,13,0
GRID,818,,12.4881622,13,-10.4788123
GRID,819,,12.4881622,13,10.4788123
GRID,820,,13.1135544,13,-15.6281255
GRID,821,,13.1135544,13,15.6281255
GRID,822,,14.1180656,13,-8.151069
GRID,823,,14.1180656,13,8.151069
GRID,824,,15.3189988,13,-5.5756596
GRID,825,,15.3189988,13,5.5756596
GRID,826,,15.6281255,13,-13.1135544
GRID,827,,15.6281255,13,13.1135544
GRID,828,,16.0544719,13,-2.8308366
GRID,829,,16.0544719,13,2.8308366
GRID,830,,16.302138,13,0
GRID,831,,17.667844,13,-10.2005345
GRID,832,,17.667844,13,10.2005345
GRID,833,,19.170734,13,-6.9775765
GRID,834,,19.170734,13,6.9775765
GRID,835,,20.0911309,13,-3.5426085
GRID,836,,20.0911309,13,3.5426085
GRID,837,,20.401069,13,0
GRID,838,,-20.401069,16,0
GRID,839,,-20.0911309,16,-3.5426085
GRID,840,,-20.0911309,16,3.5426085
GRID,841,,-19.170734,16,-6.9775765
GRID,842,,-19.170734,16,6.9775765
GRID,843,,-17.667844,16,-10.2005345
GRID,844,,-17.667844,16,10.2005345
GRID,845,,-16.302138,16,0
GRID,846,,-16.0544719,16,-2.8308366
GRID,847,,-16.0544719,16,2.8308366
GRID,848,,-15.6281255,16,-13.1135544
GRID,849,,-15.6281255,16,13.1135544
GRID,850,,-15.3189988,16,-5.5756596
GRID,851,,-15.3189988,16,5.5756596
GRID,852,,-14.1180656,16,-8.151069
GRID,853,,-14.1180656,16,8.151069
GRID,854,,-13.1135544,16,-15.6281255
GRID,855,,-13.1135544,16,15.6281255
GRID,856,,-12.4881622,16,-10.4788123
GRID,857,,-12.4881622,16,10.4788123
GRID,858,,-12.203207,16,0
GRID,859,,-12.0178129,16,-2.1190647
GRID,860,,-12.0178129,16,2.1190647
GRID,861,,-11.4672636,16,-4.1737426
GRID,862,,-11.4672636,16,4.1737426
GRID,863,,-10.5682873,16,-6.1016035
GRID,864,,-10.5682873,16,6.1016035
GRID,865,,-10.4788123,16,-12.4881622
GRID,866,,-10.4788123,16,12.4881622
GRID,867,,-10.2005345,16,-17.667844
GRID,868,,-10.2005345,16,17.667844
GRID,869,,-9.3481989,16,-7.8440703
GRID,870,,-9.3481989,16,7.8440703
GRID,871,,-8.151069,16,-14.1180656
GRID,872,,-8.151069,16,14.1180656
GRID,873,,-8.104276,16,0
GRID,874,,-7.9811538,16,-1.4072928
GRID,875,,-7.9811538,16,1.4072928
GRID,876,,-7.8440703,16,-9.3481989
GRID,877,,-7.8440703,16,9.3481989
GRID,878,,-7.6155283,16,-2.7718256
GRID,879,,-7.6155283,16,2.7718256
GRID,880,,-7.0185089,16,-4.052138
GRID,881,,-7.0185089,16,4.052138
GRID,882,,-6.9775765,16,-19.170734
GRID,883,,-6.9775765,16,19.170734
GRID,884,,-6.2082356,16,-5.2093282
GRID,885,,-6.2082356,16,5.2093282
GRID,886,,-6.1016035,16,-10.5682873
GRID,887,,-6.1016035,16,10.5682873
GRID,888,,-5.5756596,16,-15.3189988
GRID,889,,-5.5756596,16,15.3189988
GRID,890,,-5.2093282,16,-6.2082356
GRID,891,,-5.2093282,16,6.2082356
GRID,892,,-4.1737426,16,-11.4672636
GRID,893,,-4.1737426,16,11.4672636
GRID,894,,-4.052138,16,-7.0185089
GRID,895,,-4.052138,16,7.0185089
GRID,896,,-4.005345,16,0
GRID,897,,-3.9444948,16,-0.6955209
GRID,898,,-3.9444948,16,0.6955209
GRID,899,,-3.7637931,16,-1.3699087
GRID,900,,-3.7637931,16,1.3699087
GRID,901,,-3.5426085,16,-20.0911309
GRID,902,,-3.5426085,16,20.0911309
GRID,903,,-3.4687305,16,-2.0026725
GRID,904,,-3.4687305,16,2.0026725
GRID,905,,-3.0682723,16,-2.5745861
GRID,906,,-3.0682723,16,2.5745861
GRID,907,,-2.8308366,16,-16.0544719
GRID,908,,-2.8308366,16,16.0544719
GRID,909,,-2.7718256,16,-7.6155283
GRID,910,,-2.7718256,16,7.6155283
GRID,911,,-2.5745861,16,-3.0682723
GRID,912,,-2.5745861,16,3.0682723
GRID,913,,-2.1190647,16,-12.0178129
GRID,914,,-2.1190647,16,12.0178129
GRID,915,,-2.0026725,16,-3.4687305
GRID,916,,-2.0026725,16,3.4687305
GRID,917,,-1.4072928,16,-7.9811538
GRID,918,,-1.4072928,16,7.9811538
GRID,919,,-1.3699087,16,-3.7637931
GRID,920,,-1.3699087,16,3.7637931
GRID,921,,-0.6955209,16,-3.9444948
GRID,922,,-0.6955209,16,3.9444948
GRID,923,,-0,16,-20.401069
GRID,924,,-0,16,-16.302138
GRID,925,,-0,16,-12.203207
GRID,926,,-0,16,-8.104276
GRID,927,,-0,16,-4.005345
GRID,928,,0,16,0
GRID,929,,0,16,4.005345
GRID,930,,0,16,8.104276
GRID,931,,0,16,12.203207
GRID,932,,0,16,16.302138
GRID,933,,0,16,20.401069
GRID,934,,0.6955209,16,-3.9444948
GRID,935,,0.6955209,16,3.9444948
GRID,936,,1.3699087,16,-3.7637931
GRID,937,,1.3699087,16,3.7637931
GRID,938,,1.4072928,16,-7.9811538
GRID,939,,1.4072928,16,7.9811538
GRID,940,,2.0026725,16,-3.4687305
GRID,941,,2.0026725,16,3.4687305
GRID,942,,2.1190647,16,-12.0178129
GRID,943,,2.1190647,16,12.0178129
GRID,944,,2.5745861,16,-3.0682723
GRID,945,,2.5745861,16,3.0682723
GRID,946,,2.7718256,16,-7.6155283
GRID,947,,2.7718256,16,7.6155283
GRID,948,,2.8308366,16,-16.0544719
GRID,949,,2.8308366,16,16.0544719
GRID,950,,3.0682723,16,-2.5745861
GRID,951,,3.0682723,16,2.5745861
GRID,952,,3.4687305,16,-2.0026725
GRID,953,,3.4687305,16,2.0026725
GRID,954,,3.5426085,16,-20.0911309
GRID,955,,3.5426085,16,20.0911309
GRID,956,,3.7637931,16,-1.3699087
GRID,957,,3.7637931,16,1.3699087
GRID,958,,3.9444948,16,-0.6955209
GRID,959,,3.9444948,16,0.6955209
GRID,960,,4.005345,16,0
GRID,961,,4.052138,16,-7.0185089
GRID,962,,4.052138,16,7.0185089
GRID,963,,4.1737426,16,-11.4672636
GRID,964,,4.1737426,16,11.4672636
GRID,965,,5.2093282,16,-6.2082356
GRID,966,,5.2093282,16,6.2082356
GRID,967,,5.5756596,16,-15.3189988
GRID,968,,5.5756596,16,15.3189988
GRID,969,,6.1016035,16,-10.5682873
GRID,970,,6.1016035,16,10.5682873
GRID,971,,6.2082356,16,-5.2093282
GRID,972,,6.2082356,16,5.2093282
GRID,973,,6.9775765,16,-19.170734
GRID,974,,6.9775765,16,19.170734
GRID,975,,7.0185089,16,-4.052138
GRID,976,,7.0185089,16,4.052138
GRID,977,,7.6155283,16,-2.7718256
GRID,978,,7.6155283,16,2.7718256
GRID,979,,7.8440703,16,-9.3481989
GRID,980,,7.8440703,16,9.3481989
GRID,981,,7.9811538,16,-1.4072928
GRID,982,,7.9811538,16,1.4072928
GRID,983,,8.104276,16,0
GRID,984,,8.151069,16,-14.1180656
GRID,985,,8.151069,16,14.1180656
GRID,986,,9.3481989,16,-7.8440703
GRID,987,,9.3481989,16,7.8440703
GRID,988,,10.2005345,16,-17.667844
GRID,989,,10.2005345,16,17.667844
GRID,990,,10.4788123,16,-12.4881622
GRID,991,,10.4788123,16,12.4881622
GRID,992,,10.5682873,16,-6.1016035
GRID,993,,10.5682873,16,6.1016035
GRID,994,,11.4672636,16,-4.1737426
GRID,995,,11.4672636,16,4.1737426
GRID,996,,12.0178129,16,-2.1190647
GRID,997,,12.0178129,16,2.1190647
GRID,998,,12.203207,16,0
GRID,999,,12.4881622,16,-10.4788123
GRID,1000,,12.4881622,16,10.4788123
GRID,1001,,13.1135544,16,-15.6281255
GRID,1002,,13.1135544,16,15.6281255
GRID,1003,,14.1180656,16,-8.151069
GRID,1004,,14.1180656,16,8.151069
GRID,1005,,15.3189988,16,-5.5756596
GRID,1006,,15.3189988,16,5.5756596
GRID,1007,,15.6281255,16,-13.1135544
GRID,1008,,15.6281255,16,13.1135544
GRID,1009,,16.0544719,16,-2.8308366
GRID,1010,,16.0544719,16,2.8308366
GRID,1011,,16.302138,16,0
GRID,1012,,17.667844,16,-10.2005345
GRID,1013,,17.667844,16,10.2005345
GRID,1014,,19.170734,16,-6.9775765
GRID,1015,,19.170734,16,6.9775765
GRID,1016,,20.0911309,16,-3.5426085
GRID,1017,,20.0911309,16,3.5426085
GRID,1018,,20.401069,16,0
GRID,1019,,-20.401069,19,0
GRID,1020,,-20.0911309,19,-3.5426085
GRID,1021,,-20.0911309,19,3.5426085
GRID,1022,,-19.170734,19,-6.9775765
GRID,1023,,-19.170734,19,6.9775765
GRID,1024,,-17.667844,19,-10.2005345
GRID,1025,,-17.667844,19,10.2005345
GRID,1026,,-16.302138,19,0
GRID,1027,,-16.0544719,19,-2.8308366
GRID,1028,,-16.0544719,19,2.8308366
GRID,1029,,-15.6281255,19,-13.1135544
GRID,1030,,-15.6281255,19,13.1135544
GRID,1031,,-15.3189988,19,-5.5756596
GRID,1032,,-15.3189988,19,5.5756596
GRID,1033,,-14.1180656,19,-8.151069
GRID,1034,,-14.1180656,19,8.151069
GRID,1035,,-13.1135544,19,-15.6281255
GRID,1036,,-13.1135544,19,15.6281255
GRID,1037,,-12.4881622,19,-10.4788123
GRID,1038,,-12.4881622,19,10.4788123
GRID,1039,,-12.203207,19,0
GRID,1040,,-12.0178129,19,-2.1190647
GRID,1041,,-12.0178129,19,2.1190647
GRID,1042,,-11.4672636,19,-4.1737426
GRID,1043,,-11.4672636,19,4.1737426
GRID,1044,,-10.5682873,19,-6.1016035
GRID,1045,,-10.5682873,19,6.1016035
GRID,1046,,-10.4788123,19,-12.4881622
GRID,1047,,-10.4788123,19,12.4881622
GRID,1048,,-10.2005345,19,-17.667844
GRID,1049,,-10.2005345,19,17.667844
GRID,1050,,-9.3481989,19,-7.8440703
GRID,1051,,-9.3481989,19,7.8440703
GRID,1052,,-8.151069,19,-14.1180656
GRID,1053,,-8.151069,19,14.1180656
GRID,1054,,-8.104276,19,0
GRID,1055,,-7.9811538,19,-1.4072928
GRID,1056,,-7.9811538,19,1.4072928
GRID,1057,,-7.8440703,19,-9.3481989
GRID,1058,,-7.8440703,19,9.3481989
GRID,1059,,-7.6155283,19,-2.7718256
GRID,1060,,-7.6155283,19,2.7718256
GRID,1061,,-7.0185089,19,-4.052138
GRID,1062,,-7.0185089,19,4.052138
GRID,1063,,-6.9775765,19,-19.170734
GRID,1064,,-6.9775765,19,19.170734
GRID,1065,,-6.2082356,19,-5.2093282
GRID,1066,,-6.2082356,19,5.2093282
GRID,1067,,-6.1016035,19,-10.5682873
GRID,1068,,-6.1016035,19,10.5682873
GRID,1069,,-5.5756596,19,-15.3189988
GRID,1070,,-5.5756596,19,15.3189988
GRID,1071,,-5.2093282,19,-6.2082356
GRID,1072,,-5.2093282,19,6.2082356
GRID,1073,,-4.1737426,19,-11.4672636
GRID,1074,,-4.1737426,19,11.4672636
GRID,1075,,-4.052138,19,-7.0185089
GRID,1076,,-4.052138,19,7.0185089
GRID,1077,,-4.005345,19,0
GRID,1078,,-3.9444948,19,-0.6955209
GRID,1079,,-3.9444948,19,0.6955209
GRID,1080,,-3.7637931,19,-1.3699087
GRID,1081,,-3.7637931,19,1.3699087
GRID,1082,,-3.5426085,19,-20.0911309
GRID,1083,,-3.5426085,19,20.0911309
GRID,1084,,-3.4687305,19,-2.0026725
GRID,1085,,-3.4687305,19,2.0026725
GRID,1086,,-3.0682723,19,-2.5745861
GRID,1087,,-3.0682723,19,2.5745861
GRID,1088,,-2.8308366,19,-16.0544719
GRID,1089,,-2.8308366,19,16.0544719
GRID,1090,,-2.7718256,19,-7.6155283
GRID,1091,,-2.7718256,19,7.6155283
GRID,1092,,-2.5745861,19,-3.0682723
GRID,1093,,-2.5745861,19,3.0682723
GRID,1094,,-2.1190647,19,-12.0178129
GRID,1095,,-2.1190647,19,12.0178129
GRID,1096,,-2.0026725,19,-3.4687305
GRID,1097,,-2.0026725,19,3.4687305
GRID,1098,,-1.4072928,19,-7.9811538
GRID,1099,,-1.4072928,19,7.9811538
GRID,1100,,-1.3699087,19,-3.7637931
GRID,1101,,-1.3699087,19,3.7637931
GRID,1102,,-0.6955209,19,-3.9444948
GRID,1103,,-0.6955209,19,3.9444948
GRID,1104,,-0,19,-20.401069
GRID,1105,,-0,19,-16.302138
GRID,1106,,-0,19,-12.203207
GRID,1107,,-0,19,-8.104276
GRID,1108,,-0,19,-4.005345
GRID,1109,,0,19,0
GRID,1110,,0,19,4.005345
GRID,1111,,0,19,8.104276
GRID,1112,,0,19,12.203207
GRID,1113,,0,19,16.302138
GRID,1114,,0,19,20.401069
GRID,1115,,0.6955209,19,-3.9444948
GRID,1116,,0.6955209,19,3.9444948
GRID,1117,,1.3699087,19,-3.7637931
GRID,1118,,1.3699087,19,3.7637931
GRID,1119,,1.4072928,19,-7.9811538
GRID,1120,,1.4072928,19,7.9811538
GRID,1121,,2.0026725,19,-3.4687305
GRID,1122,,2.0026725,19,3.4687305
GRID,1123,,2.1190647,19,-12.0178129
GRID,1124,,2.1190647,19,12.0178129
GRID,1125,,2.5745861,19,-3.0682723
GRID,1126,,2.5745861,19,3.0682723
GRID,1127,,2.7718256,19,-7.6155283
GRID,1128,,2.7718256,19,7.6155283
GRID,1129,,2.8308366,19,-16.0544719
GRID,1130,,2.8308366,19,16.0544719
GRID,1131,,3.0682723,19,-2.5745861
GRID,1132,,3.0682723,19,2.5745861
GRID,1133,,3.4687305,19,-2.0026725
GRID,1134,,3.4687305,19,2.0026725
GRID,1135,,3.5426085,19,-20.0911309
GRID,1136,,3.5426085,19,20.0911309
GRID,1137,,3.7637931,19,-1.3699087
GRID,1138,,3.7637931,19,1.3699087
GRID,1139,,3.9444948,19,-0.6955209
GRID,1140,,3.9444948,19,0.6955209
GRID,1141,,4.005345,19,0
GRID,1142,,4.052138,19,-7.0185089
GRID,1143,,4.052138,19,7.0185089
GRID,1144,,4.1737426,19,-11.4672636
GRID,1145,,4.1737426,19,11.4672636
GRID,1146,,5.2093282,19,-6.2082356
GRID,1147,,5.2093282,19,6.2082356
GRID,1148,,5.5756596,19,-15.3189988
GRID,1149,,5.5756596,19,15.3189988
GRID,1150,,6.1016035,19,-10.5682873
GRID,1151,,6.1016035,19,10.5682873
GRID,1152,,6.2082356,19,-5.2093282
GRID,1153,,6.2082356,19,5.2093282
GRID,1154,,6.9775765,19,-19.170734
GRID,1155,,6.9775765,19,19.170734
GRID,1156,,7.0185089,19,-4.052138
GRID,1157,,7.0185089,19,4.052138
GRID,1158,,7.6155283,19,-2.7718256
GRID,1159,,7.6155283,19,2.7718256
GRID,1160,,7.8440703,19,-9.3481989
GRID,1161,,7.8440703,19,9.3481989
GRID,1162,,7.9811538,19,-1.4072928
GRID,1163,,7.9811538,19,1.4072928
GRID,1164,,8.104276,19,0
GRID,1165,,8.151069,19,-14.1180656
GRID,1166,,8.151069,19,14.1180656
GRID,1167,,9.3481989,19,-7.8440703
GRID,1168,,9.3481989,19,7.8440703
GRID,1169,,10.2005345,19,-17.667844
GRID,1170,,10.2005345,19,17.667844
GRID,1171,,10.4788123,19,-12.4881622
GRID,1172,,10.4788123,19,12.4881622
GRID,1173,,10.5682873,19,-6.1016035
GRID,1174,,10.5682873,19,6.1016035
GRID,1175,,11.4672636,19,-4.1737426
GRID,1176,,11.4672636,19,4.1737426
GRID,1177,,12.0178129,19,-2.1190647
GRID,1178,,12.0178129,19,2.1190647
GRID,1179,,12.203207,19,0
GRID,1180,,12.4881622,19,-10.4788123
GRID,1181,,12.4881622,19,10.4788123
GRID,1182,,13.1135544,19,-15.6281255
GRID,1183,,13.1135544,19,15.6281255
GRID,1184,,14.1180656,19,-8.151069
GRID,1185,,14.1180656,19,8.151069
GRID,1186,,15.3189988,19,-5.5756596
GRID,1187,,15.3189988,19,5.5756596
GRID,1188,,15.6281255,19,-13.1135544
GRID,1189,,15.6281255,19,13.1135544
GRID,1190,,16.0544719,19,-2.8308366
GRID,1191,,16.0544719,19,2.8308366
GRID,1192,,16.302138,19,0
GRID,1193,,17.667844,19,-10.2005345
GRID,1194,,17.667844,19,10.2005345
GRID,1195,,19.170734,19,-6.9775765
GRID,1196,,19.170734,19,6.9775765
GRID,1197,,20.0911309,19,-3.5426085
GRID,1198,,20.0911309,19,3.5426085
GRID,1199,,20.401069,19,0
GRID,1200,,-20.401069,22,0
GRID,1201,,-20.0911309,22,-3.5426085
GRID,1202,,-20.0911309,22,3.5426085
GRID,1203,,-19.170734,22,-6.9775765
GRID,1204,,-19.170734,22,6.9775765
GRID,1205,,-17.667844,22,-10.2005345
GRID,1206,,-17.667844,22,10.2005345
GRID,1207,,-16.302138,22,0
GRID,1208,,-16.0544719,22,-2.8308366
GRID,1209,,-16.0544719,22,2.8308366
GRID,1210,,-15.6281255,22,-13.1135544
GRID,1211,,-15.6281255,22,13.1135544
GRID,1212,,-15.3189988,22,-5.5756596
GRID,1213,,-15.3189988,22,5.5756596
GRID,1214,,-14.1180656,22,-8.151069
GRID,1215,,-14.1180656,22,8.151069
GRID,1216,,-13.1135544,22,-15.6281255
GRID,1217,,-13.1135544,22,15.6281255
GRID,1218,,-12.4881622,22,-10.4788123
GRID,1219,,-12.4881622,22,10.4788123
GRID,1220,,-12.203207,22,0
GRID,1221,,-12.0178129,22,-2.1190647
GRID,1222,,-12.0178129,22,2.1190647
GRID,1223,,-11.4672636,22,-4.1737426
GRID,1224,,-11.4672636,22,4.1737426
GRID,1225,,-10.5682873,22,-6.1016035
GRID,1226,,-10.5682873,22,6.1016035
GRID,1227,,-10.4788123,22,-12.4881622
GRID,1228,,-10.4788123,22,12.4881622
GRID,1229,,-10.2005345,22,-17.667844
GRID,1230,,-10.2005345,22,17.667844
GRID,1231,,-9.3481989,22,-7.8440703
GRID,1232,,-9.3481989,22,7.8440703
GRID,1233,,-8.151069,22,-14.1180656
GRID,1234,,-8.151069,22,14.1180656
GRID,1235,,-8.104276,22,0
GRID,1236,,-7.9811538,22,-1.4072928
GRID,1237,,-7.9811538,22,1.4072928
GRID,1238,,-7.8440703,22,-9.3481989
GRID,1239,,-7.8440703,22,9.3481989
GRID,1240,,-7.6155283,22,-2.7718256
GRID,1241,,-7.6155283,22,2.7718256
GRID,1242,,-7.0185089,22,-4.052138
GRID,1243,,-7.0185089,22,4.052138
GRID,1244,,-6.9775765,22,-19.170734
GRID,1245,,-6.9775765,22,19.170734
GRID,1246,,-6.2082356,22,-5.2093282
GRID,1247,,-6.2082356,22,5.2093282
GRID,1248,,-6.1016035,22,-10.5682873
GRID,1249,,-6.1016035,22,10.5682873
GRID,1250,,-5.5756596,22,-15.3189988
GRID,1251,,-5.5756596,22,15.3189988
GRID,1252,,-5.2093282,22,-6.2082356
GRID,1253,,-5.2093282,22,6.2082356
GRID,1254,,-4.1737426,22,-11.4672636
GRID,1255,,-4.1737426,22,11.4672636
GRID,1256,,-4.052138,22,-7.0185089
GRID,1257,,-4.052138,22,7.0185089
GRID,1258,,-4.005345,22,0
GRID,1259,,-3.9444948,22,-0.6955209
GRID,1260,,-3.9444948,22,0.6955209
GRID,1261,,-3.7637931,22,-1.3699087
GRID,1262,,-3.7637931,22,1.3699087
GRID,1263,,-3.5426085,22,-20.0911309
GRID,1264,,-3.5426085,22,20.0911309
GRID,1265,,-3.4687305,22,-2.0026725
GRID,1266,,-3.4687305,22,2.0026725
GRID,1267,,-3.0682723,22,-2.5745861
GRID,1268,,-3.0682723,22,2.5745861
GRID,1269,,-2.8308366,22,-16.0544719
GRID,1270,,-2.8308366,22,16.0544719
GRID,1271,,-2.7718256,22,-7.6155283
GRID,1272,,-2.7718256,22,7.6155283
GRID,1273,,-2.5745861,22,-3.0682723
GRID,1274,,-2.5745861,22,3.0682723
GRID,1275,,-2.1190647,22,-12.0178129
GRID,1276,,-2.1190647,22,12.0178129
GRID,1277,,-2.0026725,22,-3.4687305
GRID,1278,,-2.0026725,22,3.4687305
GRID,1279,,-1.4072928,22,-7.9811538
GRID,1280,,-1.4072928,22,7.9811538
GRID,1281,,-1.3699087,22,-3.7637931
GRID,1282,,-1.3699087,22,3.7637931
GRID,1283,,-0.6955209,22,-3.9444948
GRID,1284,,-0.6955209,22,3.9444948
GRID,1285,,-0,22,-20.401069
GRID,1286,,-0,22,-16.302138
GRID,1287,,-0,22,-12.203207
GRID,1288,,-0,22,-8.104276
GRID,1289,,-0,22,-4.005345
GRID,1290,,0,22,0
GRID,1291,,0,22,4.005345
GRID,1292,,0,22,8.104276
GRID,1293,,0,22,12.203207
GRID,1294,,0,22,16.302138
GRID,1295,,0,22,20.401069
GRID,1296,,0.6955209,22,-3.9444948
GRID,1297,,0.6955209,22,3.9444948
GRID,1298,,1.3699087,22,-3.7637931
GRID,1299,,1.3699087,22,3.7637931
GRID,1300,,1.4072928,22,-7.9811538
GRID,1301,,1.4072928,22,7.9811538
GRID,1302,,2.0026725,22,-3.4687305
GRID,1303,,2.0026725,22,3.4687305
GRID,1304,,2.1190647,22,-12.0178129
GRID,1305,,2.1190647,22,12.0178129
GRID,1306,,2.5745861,22,-3.0682723
GRID,1307,,2.5745861,22,3.0682723
GRID,1308,,2.7718256,22,-7.6155283
GRID,1309,,2.7718256,22,7.6155283
GRID,1310,,2.8308366,22,-16.0544719
GRID,1311,,2.8308366,22,16.0544719
GRID,1312,,3.0682723,22,-2.5745861
GRID,1313,,3.0682723,22,2.5745861
GRID,1314,,3.4687305,22,-2.0026725
GRID,1315,,3.4687305,22,2.0026725
GRID,1316,,3.5426085,22,-20.0911309
GRID,1317,,3.5426085,22,20.0911309
GRID,1318,,3.7637931,22,-1.3699087
GRID,1319,,3.7637931,22,1.3699087
GRID,1320,,3.9444948,22,-0.6955209
GRID,1321,,3.9444948,22,0.6955209
GRID,1322,,4.005345,22,0
GRID,1323,,4.052138,22,-7.0185089
GRID,1324,,4.052138,22,7.0185089
GRID,1325,,4.1737426,22,-11.4672636
GRID,1326,,4.1737426,22,11.4672636
GRID,1327,,5.2093282,22,-6.2082356
GRID,1328,,5.2093282,22,6.2082356
GRID,1329,,5.5756596,22,-15.3189988
GRID,1330,,5.5756596,22,15.3189988
GRID,1331,,6.1016035,22,-10.5682873
GRID,1332,,6.1016035,22,10.5682873
GRID,1333,,6.2082356,22,-5.2093282
GRID,1334,,6.2082356,22,5.2093282
GRID,1335,,6.9775765,22,-19.170734
GRID,1336,,6.9775765,22,19.170734
GRID,1337,,7.0185089,22,-4.052138
GRID,1338,,7.0185089,22,4.052138
GRID,1339,,7.6155283,22,-2.7718256
GRID,1340,,7.6155283,22,2.7718256
GRID,1341,,7.8440703,22,-9.3481989
GRID,1342,,7.8440703,22,9.3481989
GRID,1343,,7.9811538,22,-1.4072928
GRID,1344,,7.9811538,22,1.4072928
GRID,1345,,8.104276,22,0
GRID,1346,,8.151069,22,-14.1180656
GRID,1347,,8.151069,22,14.1180656
GRID,1348,,9.3481989,22,-7.8440703
GRID,1349,,9.3481989,22,7.8440703
GRID,1350,,10.2005345,22,-17.667844
GRID,1351,,10.2005345,22,17.667844
GRID,1352,,10.4788123,22,-12.4881622
GRID,1353,,10.4788123,22,12.4881622
GRID,1354,,10.5682873,22,-6.1016035
GRID,1355,,10.5682873,22,6.1016035
GRID,1356,,11.4672636,22,-4.1737426
GRID,1357,,11.4672636,22,4.1737426
GRID,1358,,12.0178129,22,-2.1190647
GRID,1359,,12.0178129,22,2.1190647
GRID,1360,,12.203207,22,0
GRID,1361,,12.4881622,22,-10.4788123
GRID,1362,,12.4881622,22,10.4788123
GRID,1363,,13.1135544,22,-15.6281255
GRID,1364,,13.1135544,22,15.6281255
GRID,1365,,14.1180656,22,-8.151069
GRID,1366,,14.1180656,22,8.151069
GRID,1367,,15.3189988,22,-5.5756596
GRID,1368,,15.3189988,22,5.5756596
GRID,1369,,15.6281255,22,-13.1135544
GRID,1370,,15.6281255,22,13.1135544
GRID,1371,,16.0544719,22,-2.8308366
GRID,1372,,16.0544719,22,2.8308366
GRID,1373,,16.302138,22,0
GRID,1374,,17.667844,22,-10.2005345
GRID,1375,,17.667844,22,10.2005345
GRID,1376,,19.170734,22,-6.9775765
GRID,1377,,19.170734,22,6.9775765
GRID,1378,,20.0911309,22,-3.5426085
GRID,1379,,20.0911309,22,3.5426085
GRID,1380,,20.401069,22,0
GRID,1381,,-20.401069,25,0
GRID,1382,,-20.0911309,25,-3.5426085
GRID,1383,,-20.0911309,25,3.5426085
GRID,1384,,-19.170734,25,-6.9775765
GRID,1385,,-19.170734,25,6.9775765
GRID,1386,,-17.667844,25,-10.2005345
GRID,1387,,-17.667844,25,10.2005345
GRID,1388,,-16.302138,25,0
GRID,1389,,-16.0544719,25,-2.8308366
GRID,1390,,-16.0544719,25,2.8308366
GRID,1391,,-15.6281255,25,-13.1135544
GRID,1392,,-15.6281255,25,13.1135544
GRID,1393,,-15.3189988,25,-5.5756596
GRID,1394,,-15.3189988,25,5.5756596
GRID,1395,,-14.1180656,25,-8.151069
GRID,1396,,-14.1180656,25,8.151069
GRID,1397,,-13.1135544,25,-15.6281255
GRID,1398,,-13.1135544,25,15.6281255
GRID,1399,,-12.4881622,25,-10.4788123
GRID,1400,,-12.4881622,25,10.4788123
GRID,1401,,-12.203207,25,0
GRID,1402,,-12.0178129,25,-2.1190647
GRID,1403,,-12.0178129,25,2.1190647
GRID,1404,,-11.4672636,25,-4.1737426
GRID,1405,,-11.4672636,25,4.1737426
GRID,1406,,-10.5682873,25,-6.1016035
GRID,1407,,-10.5682873,25,6.1016035
GRID,1408,,-10.4788123,25,-12.4881622
GRID,1409,,-10.4788123,25,12.4881622
GRID,1410,,-10.2005345,25,-17.667844
GRID,1411,,-10.2005345,25,17.667844
GRID,1412,,-9.3481989,25,-7.8440703
GRID,1413,,-9.3481989,25,7.8440703
GRID,1414,,-8.151069,25,-14.1180656
GRID,1415,,-8.151069,25,14.1180656
GRID,1416,,-8.104276,25,0
GRID,1417,,-7.9811538,25,-1.4072928
GRID,1418,,-7.9811538,25,1.4072928
GRID,1419,,-7.8440703,25,-9.3481989
GRID,1420,,-7.8440703,25,9.3481989
GRID,1421,,-7.6155283,25,-2.7718256
GRID,1422,,-7.6155283,25,2.7718256
GRID,1423,,-7.0185089,25,-4.052138
GRID,1424,,-7.0185089,25,4.052138
GRID,1425,,-6.9775765,25,-19.170734
GRID,1426,,-6.9775765,25,19.170734
GRID,1427,,-6.2082356,25,-5.2093282
GRID,1428,,-6.2082356,25,5.2093282
GRID,1429,,-6.1016035,25,-10.5682873
GRID,1430,,-6.1016035,25,10.5682873
GRID,1431,,-5.5756596,25,-15.3189988
GRID,1432,,-5.5756596,25,15.3189988
GRID,1433,,-5.2093282,25,-6.2082356
GRID,1434,,-5.2093282,25,6.2082356
GRID,1435,,-4.1737426,25,-11.4672636
GRID,1436,,-4.1737426,25,11.4672636
GRID,1437,,-4.052138,25,-7.0185089
GRID,1438,,-4.052138,25,7.0185089
GRID,1439,,-4.005345,25,0
GRID,1440,,-3.9444948,25,-0.6955209
GRID,1441,,-3.9444948,25,0.6955209
GRID,1442,,-3.7637931,25,-1.3699087
GRID,1443,,-3.7637931,25,1.3699087
GRID,1444,,-3.5426085,25,-20.0911309
GRID,1445,,-3.5426085,25,20.0911309
GRID,1446,,-3.4687305,25,-2.0026725
GRID,1447,,-3.4687305,25,2.0026725
GRID,1448,,-3.0682723,25,-2.5745861
GRID,1449,,-3.0682723,25,2.5745861
GRID,1450,,-2.8308366,25,-16.0544719
GRID,1451,,-2.8308366,25,16.0544719
GRID,1452,,-2.7718256,25,-7.6155283
GRID,1453,,-2.7718256,25,7.6155283
GRID,1454,,-2.5745861,25,-3.0682723
GRID,1455,,-2.5745861,25,3.0682723
GRID,1456,,-2.1190647,25,-12.0178129
GRID,1457,,-2.1190647,25,12.0178129
GRID,1458,,-2.0026725,25,-3.4687305
GRID,1459,,-2.0026725,25,3.4687305
GRID,1460,,-1.4072928,25,-7.9811538
GRID,1461,,-1.4072928,25,7.9811538
GRID,1462,,-1.3699087,25,-3.7637931
GRID,1463,,-1.3699087,25,3.7637931
GRID,1464,,-0.6955209,25,-3.9444948
GRID,1465,,-0.6955209,25,3.9444948
GRID,1466,,-0,25,-20.401069
GRID,1467,,-0,25,-16.302138
GRID,1468,,-0,25,-12.203207
GRID,1469,,-0,25,-8.104276
GRID,1470,,-0,25,-4.005345
GRID,1471,,0,25,0
GRID,1472,,0,25,4.005345
GRID,1473,,0,25,8.104276
GRID,1474,,0,25,12.203207
GRID,1475,,0,25,16.302138
GRID,1476,,0,25,20.401069
GRID,1477,,0.6955209,25,-3.9444948
GRID,1478,,0.6955209,25,3.9444948
GRID,1479,,1.3699087,25,-3.7637931
GRID,1480,,1.3699087,25,3.7637931
GRID,1481,,1.4072928,25,-7.9811538
GRID,1482,,1.4072928,25,7.9811538
GRID,1483,,2.0026725,25,-3.4687305
GRID,1484,,2.0026725,25,3.4687305
GRID,1485,,2.1190647,25,-12.0178129
GRID,1486,,2.1190647,25,12.0178129
GRID,1487,,2.5745861,25,-3.0682723
GRID,1488,,2.5745861,25,3.0682723
GRID,1489,,2.7718256,25,-7.6155283
GRID,1490,,2.7718256,25,7.6155283
GRID,1491,,2.8308366,25,-16.0544719
GRID,1492,,2.8308366,25,16.0544719
GRID,1493,,3.0682723,25,-2.5745861
GRID,1494,,3.0682723,25,2.5745861
GRID,1495,,3.4687305,25,-2.0026725
GRID,1496,,3.4687305,25,2.0026725
GRID,1497,,3.5426085,25,-20.0911309
GRID,1498,,3.5426085,25,20.0911309
GRID,1499,,3.7637931,25,-1.3699087
GRID,1500,,3.7637931,25,1.3699087
GRID,1501,,3.9444948,25,-0.6955209
GRID,1502,,3.9444948,25,0.6955209
GRID,1503,,4.005345,25,0
GRID,1504,,4.052138,25,-7.0185089
GRID,1505,,4.052138,25,7.0185089
GRID,1506,,4.1737426,25,-11.4672636
GRID,1507,,4.1737426,25,11.4672636
GRID,1508,,5.2093282,25,-6.2082356
GRID,1509,,5.2093282,25,6.2082356
GRID,1510,,5.5756596,25,-15.3189988
GRID,1511,,5.5756596,25,15.3189988
GRID,1512,,6.1016035,25,-10.5682873
GRID,1513,,6.1016035,25,10.5682873
GRID,1514,,6.2082356,25,-5.2093282
GRID,1515,,6.2082356,25,5.2093282
GRID,1516,,6.9775765,25,-19.170734
GRID,1517,,6.9775765,25,19.170734
GRID,1518,,7.0185089,25,-4.052138
GRID,1519,,7.0185089,25,4.052138
GRID,1520,,7.6155283,25,-2.7718256
GRID,1521,,7.6155283,25,2.7718256
GRID,1522,,7.8440703,25,-9.3481989
GRID,1523,,7.8440703,25,9.3481989
GRID,1524,,7.9811538,25,-1.4072928
GRID,1525,,7.9811538,25,1.4072928
GRID,1526,,8.104276,25,0
GRID,1527,,8.151069,25,-14.1180656
GRID,1528,,8.151069,25,14.1180656
GRID,1529,,9.3481989,25,-7.8440703
GRID,1530,,9.3481989,25,7.8440703
GRID,1531,,10.2005345,25,-17.667844
GRID,1532,,10.2005345,25,17.667844
GRID,1533,,10.4788123,25,-12.4881622
GRID,1534,,10.4788123,25,12.4881622
GRID,1535,,10.5682873,25,-6.1016035
GRID,1536,,10.5682873,25,6.1016035
GRID,1537,,11.4672636,25,-4.1737426
GRID,1538,,11.4672636,25,4.1737426
GRID,1539,,12.0178129,25,-2.1190647
GRID,1540,,12.0178129,25,2.1190647
GRID,1541,,12.203207,25,0
GRID,1542,,12.4881622,25,-10.4788123
GRID,1543,,12.4881622,25,10.4788123
GRID,1544,,13.1135544,25,-15.6281255
GRID,1545,,13.1135544,25,15.6281255
GRID,1546,,14.1180656,25,-8.151069
GRID,1547,,14.1180656,25,8.151069
GRID,1548,,15.3189988,25,-5.5756596
GRID,1549,,15.3189988,25,5.5756596
GRID,1550,,15.6281255,25,-13.1135544
GRID,1551,,15.6281255,25,13.1135544
GRID,1552,,16.0544719,25,-2.8308366
GRID,1553,,16.0544719,25,2.8308366
GRID,1554,,16.302138,25,0
GRID,1555,,17.667844,25,-10.2005345
GRID,1556,,17.667844,25,10.2005345
GRID,1557,,19.170734,25,-6.9775765
GRID,1558,,19.170734,25,6.9775765
GRID,1559,,20.0911309,25,-3.5426085
GRID,1560,,20.0911309,25,3.5426085
GRID,1561,,20.401069,25,0
GRID,1562,,-8.97833169132,11.5,-5.99927059002
GRID,1563,,2.94221203662,11.5,6.03425590534
GRID,1564,,-6.45349174844,11.5,1.84967569272
GRID,1565,,21.136941866,11.5,9.20235667753
GRID,1566,,-16.7148369377,11.5,-15.8766465605
GRID,1567,,0.688476520439,11.5,2.56942930299
GRID,1568,,-13.425163922,11.5,-1.64996708503
GRID,1569,,7.52498112867,11.5,5.70184548914
GRID,1570,,-5.31033120018,11.5,-0.700937885621
GRID,1571,,14.8299921148,11.5,15.8365895878
GRID,1572,,-17.3858589305,11.5,-7.58459020227
GRID,1573,,8.82465052699,11.5,11.9848089103
GRID,1574,,-13.3351172291,11.5,6.60944402746
GRID,1575,,10.7750986221,11.5,0.706354892587
GRID,1576,,-6.03425590534,11.5,2.94221203662
GRID,1577,,22.413796689,11.5,5.3921607804
GRID,1578,,12.4515165492,11.5,-5.28366856197
GRID,1579,,-5.56515832927,11.5,-3.75471289582
GRID,1580,,6.53715012848,11.5,22.1069977181
GRID,1581,,-22.9063069525,11.5,2.59899627657
GRID,1582,,2.41084120522,11.5,1.12419372618
GRID,1583,,-1.88095279921,11.5,-1.88095279921
GRID,1584,,3.98303488023,11.5,17.1548671966
GRID,1585,,-9.3677475611,11.5,-1.17545248532
GRID,1586,,4.2484127932,11.5,3.26219560157
GRID,1587,,-20.7614447048,11.5,-6.29989283649
GRID,1588,,13.7432807058,11.5,13.0734974046
GRID,1589,,-13.6347759954,11.5,-5.96682372892
GRID,1590,,6.38500065608,11.5,8.70824059154
GRID,1591,,-9.6846865839,11.5,4.77582803204
GRID,1592,,6.69692493244,11.5,0.469097592736
GRID,1593,,-22.1069977181,11.5,6.53715012848
GRID,1594,,2.56942930299,11.5,0.688476520439
GRID,1595,,8.70043359733,11.5,-3.66590207196
GRID,1596,,-18.4387789328,11.5,-4.4503405251
GRID,1597,,10.7717244729,11.5,10.2703482643
GRID,1598,,-9.8836930602,11.5,-4.3490572389
GRID,1599,,3.94535076852,11.5,5.43167225607
GRID,1600,,-2.56942930299,11.5,0.688476520439
GRID,1601,,16.8480682257,11.5,5.12802422832
GRID,1602,,4.94935064549,11.5,-2.0481355986
GRID,1603,,9.8093703401,11.5,-19.3520667989
GRID,1604,,-15.2613772458,11.5,11.2643003979
GRID,1605,,-14.4637611862,11.5,-3.50852028053
GRID,1606,,7.80016825664,11.5,7.46719912408
GRID,1607,,-6.13261010836,11.5,-2.73129076555
GRID,1608,,10.2766760036,11.5,20.6359785366
GRID,1609,,-17.1548671966,11.5,3.98303488023
GRID,1610,,12.9346917482,11.5,3.95615562205
GRID,1611,,21.1298849513,11.5,-4.92485511694
GRID,1612,,-10.4887434231,11.5,-2.56670001929
GRID,1613,,4.82861202373,11.5,4.66404996715
GRID,1614,,-19.2178517523,11.5,-12.7329436455
GRID,1615,,1.12419372618,11.5,2.41084120522
GRID,1616,,-13.1798494501,11.5,3.04121461899
GRID,1617,,9.02131523741,11.5,2.78428699913
GRID,1618,,18.1936212309,11.5,-5.36528152817
GRID,1619,,5.96682372892,11.5,-13.6347759954
GRID,1620,,-8.70824059154,11.5,6.38500065608
GRID,1621,,-6.5137256432,11.5,-1.62487975805
GRID,1622,,13.703950275,11.5,18.5379455895
GRID,1623,,-2.179000929,11.5,-1.52575286994
GRID,1624,,6.90143503533,11.5,16.2025994677
GRID,1625,,-9.20483167023,11.5,2.09939435775
GRID,1626,,5.10793874325,11.5,1.61241839286
GRID,1627,,14.2802447534,11.5,-4.1934129219
GRID,1628,,-5.43167225607,11.5,3.94535076852
GRID,1629,,23.009619649,11.5,1.41812678428
GRID,1630,,-21.136941866,11.5,-9.20235667753
GRID,1631,,1.52575286994,11.5,2.179000929
GRID,1632,,-14.0781177829,11.5,-10.5811452309
GRID,1633,,5.28366856197,11.5,12.4515165492
GRID,1634,,-5.22981390704,11.5,1.15757411317
GRID,1635,,19.3520667989,11.5,9.8093703401
GRID,1636,,10.3668682593,11.5,-3.02154429898
GRID,1637,,-20.6359785366,11.5,10.2766760036
GRID,1638,,2.64994659612,11.5,0.231840292885
GRID,1639,,-2.41084120522,11.5,-1.12419372618
GRID,1640,,9.61013860143,11.5,14.7580239458
GRID,1641,,-10.8015494641,11.5,-8.14149536005
GRID,1642,,3.66590207196,11.5,8.70043359733
GRID,1643,,-21.6640666357,11.5,1.18086949229
GRID,1644,,17.3858589305,11.5,7.58459020227
GRID,1645,,6.45349174844,11.5,-1.84967569272
GRID,1646,,-2.41084120522,11.5,1.12419372618
GRID,1647,,17.4825802663,11.5,2.12448168473
GRID,1648,,-15.7016361382,11.5,-7.97575436134
GRID,1649,,7.3655809239,11.5,11.3448506004
GRID,1650,,-7.52498112867,11.5,-5.70184548914
GRID,1651,,2.0481355986,11.5,4.94935064549
GRID,1652,,-18.8488906002,11.5,2.12448168473
GRID,1653,,13.6347759954,11.5,5.96682372892
GRID,1654,,23.009619649,11.5,-1.41812678428
GRID,1655,,-16.2025994677,11.5,6.90143503533
GRID,1656,,13.425163922,11.5,1.64996708503
GRID,1657,,-12.051205493,11.5,-6.14213836592
GRID,1658,,5.12102322971,11.5,7.93167725501
GRID,1659,,-4.2484127932,11.5,-3.26219560157
GRID,1660,,4.92485511694,11.5,21.1298849513
GRID,1661,,-14.7914742559,11.5,1.64996708503
GRID,1662,,9.8836930602,11.5,4.3490572389
GRID,1663,,2.64994659612,11.5,-0.231840292885
GRID,1664,,-12.4515165492,11.5,5.28366856197
GRID,1665,,9.3677475611,11.5,1.17545248532
GRID,1666,,-8.40077483108,11.5,-4.3085223705
GRID,1667,,2.87646553551,11.5,4.51850389297
GRID,1668,,-10.734057895,11.5,1.17545248532
GRID,1669,,6.13261010836,11.5,2.73129076555
GRID,1670,,17.5858929628,11.5,-0.943612192438
GRID,1671,,-8.70043359733,11.5,3.66590207196
GRID,1672,,5.31033120018,11.5,0.700937885621
GRID,1673,,-4.75034416919,11.5,-2.47490639174
GRID,1674,,8.51920151059,11.5,19.9536824044
GRID,1675,,-6.67664153406,11.5,0.700937885621
GRID,1676,,19.2178517523,11.5,12.7329436455
GRID,1677,,13.5077192898,11.5,-0.706354892587
GRID,1678,,-4.94935064549,11.5,2.0481355986
GRID,1679,,20.7614447048,11.5,6.29989283649
GRID,1680,,-17.3546861278,11.5,-13.0207951081
GRID,1681,,8.44306000622,11.5,16.9855478744
GRID,1682,,-23.009619649,11.5,-1.41812678428
GRID,1683,,2.179000929,11.5,1.52575286994
GRID,1684,,9.4295456002,11.5,-0.469097592736
GRID,1685,,-22.413796689,11.5,-5.3921607804
GRID,1686,,1.88095279921,11.5,1.88095279921
GRID,1687,,9.20235667753,11.5,-21.136941866
GRID,1688,,-2.179000929,11.5,1.52575286994
GRID,1689,,-21.1298849513,11.5,4.92485511694
GRID,1690,,18.4387789328,11.5,4.4503405251
GRID,1691,,-15.8046783821,11.5,-10.4883859617
GRID,1692,,6.60944402746,11.5,13.3351172291
GRID,1693,,-2.64994659612,11.5,-0.231840292885
GRID,1694,,14.0781177829,11.5,10.5811452309
GRID,1695,,5.35137192725,11.5,-0.231840292885
GRID,1696,,-18.1936212309,11.5,5.36528152817
GRID,1697,,14.4637611862,11.5,3.50852028053
GRID,1698,,-12.3915050367,11.5,-8.24382826755
GRID,1699,,4.77582803204,11.5,9.6846865839
GRID,1700,,-17.4825802663,11.5,-2.12448168473
GRID,1701,,10.8015494641,11.5,8.14149536005
GRID,1702,,-16.8480682257,11.5,-5.12802422832
GRID,1703,,9.22369382804,11.5,9.89347712924
GRID,1704,,7.97575436134,11.5,-15.7016361382
GRID,1705,,-11.3448506004,11.5,7.3655809239
GRID,1706,,-14.2802447534,11.5,4.1934129219
GRID,1707,,10.4887434231,11.5,2.56670001929
GRID,1708,,-10.3668682593,11.5,3.02154429898
GRID,1709,,6.5137256432,11.5,1.62487975805
GRID,1710,,-12.9346917482,11.5,-3.95615562205
GRID,1711,,6.42054468777,11.5,6.92192089633
GRID,1712,,6.14213836592,11.5,-12.051205493
GRID,1713,,-7.93167725501,11.5,5.12102322971
GRID,1714,,-9.02131523741,11.5,-2.78428699913
GRID,1715,,3.61739553085,11.5,3.95036466341
GRID,1716,,-4.51850389297,11.5,2.87646553551
GRID,1717,,21.5399966187,11.5,2.59899627657
GRID,1718,,-5.10793874325,11.5,-1.61241839286
GRID,1719,,11.8546962956,11.5,18.1711973066
GRID,1720,,-19.9536824044,11.5,8.51920151059
GRID,1721,,18.931445968,11.5,1.18086949229
GRID,1722,,-19.3520667989,11.5,-9.8093703401
GRID,1723,,11.2643003979,11.5,15.2613772458
GRID,1724,,-16.9855478744,11.5,8.44306000622
GRID,1725,,14.853272295,11.5,0.943612192438
GRID,1726,,-2.64994659612,11.5,0.231840292885
GRID,1727,,15.7016361382,11.5,7.97575436134
GRID,1728,,-17.5858929628,11.5,0.943612192438
GRID,1729,,12.051205493,11.5,6.14213836592
GRID,1730,,-13.5077192898,11.5,0.706354892587
GRID,1731,,8.40077483108,11.5,4.3085223705
GRID,1732,,-9.4295456002,11.5,0.469097592736
GRID,1733,,4.75034416919,11.5,2.47490639174
GRID,1734,,-5.35137192725,11.5,0.231840292885
GRID,1735,,17.3546861278,11.5,13.0207951081
GRID,1736,,-21.5399966187,11.5,-2.59899627657
GRID,1737,,15.8046783821,11.5,10.4883859617
GRID,1738,,-18.931445968,11.5,-1.18086949229
GRID,1739,,12.3915050367,11.5,8.24382826755
GRID,1740,,-14.853272295,11.5,-0.943612192438
GRID,1741,,8.97833169132,11.5,5.99927059002
GRID,1742,,-10.7750986221,11.5,-0.706354892587
GRID,1743,,5.56515832927,11.5,3.75471289582
GRID,1744,,-6.69692493244,11.5,-0.469097592736
GRID,1745,,16.7148369377,11.5,15.8766465605
GRID,1746,,-2.56942930299,11.5,-0.688476520439
GRID,1747,,12.0268429683,11.5,12.8650333455
GRID,1748,,-14.8299921148,11.5,-15.8365895878
GRID,1749,,5.36528152817,11.5,18.1936212309
GRID,1750,,-13.7432807058,11.5,-13.0734974046
GRID,1751,,4.1934129219,11.5,14.2802447534
GRID,1752,,-12.0268429683,11.5,-12.8650333455
GRID,1753,,3.04121461899,11.5,13.1798494501
GRID,1754,,-10.7717244729,11.5,-10.2703482643
GRID,1755,,3.02154429898,11.5,10.3668682593
GRID,1756,,-9.22369382804,11.5,-9.89347712924
GRID,1757,,2.09939435775,11.5,9.20483167023
GRID,1758,,-7.80016825664,11.5,-7.46719912408
GRID,1759,,1.84967569272,11.5,6.45349174844
GRID,1760,,-6.42054468777,11.5,-6.92192089633
GRID,1761,,1.15757411317,11.5,5.22981390704
GRID,1762,,-4.82861202373,11.5,-4.66404996715
GRID,1763,,2.59899627657,11.5,22.9063069525
GRID,1764,,-3.61739553085,11.5,-3.95036466341
GRID,1765,,1.18086949229,11.5,21.6640666357
GRID,1766,,-13.703950275,11.5,-18.5379455895
GRID,1767,,0.231840292885,11.5,2.64994659612
GRID,1768,,-11.8546962956,11.5,-18.1711973066
GRID,1769,,2.12448168473,11.5,18.8488906002
GRID,1770,,-1.52575286994,11.5,-2.179000929
GRID,1771,,0.943612192438,11.5,17.5858929628
GRID,1772,,-11.2643003979,11.5,-15.2613772458
GRID,1773,,1.64996708503,11.5,14.7914742559
GRID,1774,,-9.61013860143,11.5,-14.7580239458
GRID,1775,,0.706354892587,11.5,13.5077192898
GRID,1776,,-8.82465052699,11.5,-11.9848089103
GRID,1777,,1.17545248532,11.5,10.734057895
GRID,1778,,-7.3655809239,11.5,-11.3448506004
GRID,1779,,0.469097592736,11.5,9.4295456002
GRID,1780,,-6.38500065608,11.5,-8.70824059154
GRID,1781,,0.700937885621,11.5,6.67664153406
GRID,1782,,-5.12102322971,11.5,-7.93167725501
GRID,1783,,0.231840292885,11.5,5.35137192725
GRID,1784,,-3.94535076852,11.5,-5.43167225607
GRID,1785,,-1.41812678428,11.5,23.009619649
GRID,1786,,-2.87646553551,11.5,-4.51850389297
GRID,1787,,-2.59899627657,11.5,21.5399966187
GRID,1788,,-10.2766760036,11.5,-20.6359785366
GRID,1789,,-0.231840292885,11.5,2.64994659612
GRID,1790,,-8.51920151059,11.5,-19.9536824044
GRID,1791,,-1.18086949229,11.5,18.931445968
GRID,1792,,-1.12419372618,11.5,-2.41084120522
GRID,1793,,-2.12448168473,11.5,17.4825802663
GRID,1794,,-8.44306000622,11.5,-16.9855478744
GRID,1795,,-0.943612192438,11.5,14.853272295
GRID,1796,,-6.90143503533,11.5,-16.2025994677
GRID,1797,,-1.64996708503,11.5,13.425163922
GRID,1798,,-6.60944402746,11.5,-13.3351172291
GRID,1799,,-0.706354892587,11.5,10.7750986221
GRID,1800,,-5.28366856197,11.5,-12.4515165492
GRID,1801,,-1.17545248532,11.5,9.3677475611
GRID,1802,,-4.77582803204,11.5,-9.6846865839
GRID,1803,,-0.469097592736,11.5,6.69692493244
GRID,1804,,-3.66590207196,11.5,-8.70043359733
GRID,1805,,-0.700937885621,11.5,5.31033120018
GRID,1806,,-2.94221203662,11.5,-6.03425590534
GRID,1807,,-5.3921607804,11.5,22.413796689
GRID,1808,,-2.0481355986,11.5,-4.94935064549
GRID,1809,,-6.29989283649,11.5,20.7614447048
GRID,1810,,-6.53715012848,11.5,-22.1069977181
GRID,1811,,-0.688476520439,11.5,2.56942930299
GRID,1812,,-4.92485511694,11.5,-21.1298849513
GRID,1813,,-4.4503405251,11.5,18.4387789328
GRID,1814,,-0.688476520439,11.5,-2.56942930299
GRID,1815,,-5.12802422832,11.5,16.8480682257
GRID,1816,,-5.36528152817,11.5,-18.1936212309
GRID,1817,,-3.50852028053,11.5,14.4637611862
GRID,1818,,-3.98303488023,11.5,-17.1548671966
GRID,1819,,-3.95615562205,11.5,12.9346917482
GRID,1820,,-4.1934129219,11.5,-14.2802447534
GRID,1821,,-2.56670001929,11.5,10.4887434231
GRID,1822,,-3.04121461899,11.5,-13.1798494501
GRID,1823,,-2.78428699913,11.5,9.02131523741
GRID,1824,,-3.02154429898,11.5,-10.3668682593
GRID,1825,,-1.62487975805,11.5,6.5137256432
GRID,1826,,-2.09939435775,11.5,-9.20483167023
GRID,1827,,-1.61241839286,11.5,5.10793874325
GRID,1828,,-1.84967569272,11.5,-6.45349174844
GRID,1829,,-9.20235667753,11.5,21.136941866
GRID,1830,,-1.15757411317,11.5,-5.22981390704
GRID,1831,,-9.8093703401,11.5,19.3520667989
GRID,1832,,-2.59899627657,11.5,-22.9063069525
GRID,1833,,-1.12419372618,11.5,2.41084120522
GRID,1834,,-1.18086949229,11.5,-21.6640666357
GRID,1835,,-7.58459020227,11.5,17.3858589305
GRID,1836,,-0.231840292885,11.5,-2.64994659612
GRID,1837,,-7.97575436134,11.5,15.7016361382
GRID,1838,,-1.18086949229,11.5,-18.931445968
GRID,1839,,-5.96682372892,11.5,13.6347759954
GRID,1840,,-2.12448168473,11.5,-17.4825802663
GRID,1841,,-6.14213836592,11.5,12.051205493
GRID,1842,,-0.943612192438,11.5,-14.853272295
GRID,1843,,-4.3490572389,11.5,9.8836930602
GRID,1844,,-1.64996708503,11.5,-13.425163922
GRID,1845,,-4.3085223705,11.5,8.40077483108
GRID,1846,,-0.706354892587,11.5,-10.7750986221
GRID,1847,,-2.73129076555,11.5,6.13261010836
GRID,1848,,-1.17545248532,11.5,-9.3677475611
GRID,1849,,-2.47490639174,11.5,4.75034416919
GRID,1850,,-0.469097592736,11.5,-6.69692493244
GRID,1851,,-12.7329436455,11.5,19.2178517523
GRID,1852,,-0.700937885621,11.5,-5.31033120018
GRID,1853,,-13.0207951081,11.5,17.3546861278
GRID,1854,,1.41812678428,11.5,-23.009619649
GRID,1855,,-1.52575286994,11.5,2.179000929
GRID,1856,,2.59899627657,11.5,-21.5399966187
GRID,1857,,-10.4883859617,11.5,15.8046783821
GRID,1858,,0.231840292885,11.5,-2.64994659612
GRID,1859,,-10.5811452309,11.5,14.0781177829
GRID,1860,,1.18086949229,11.5,-18.931445968
GRID,1861,,-8.24382826755,11.5,12.3915050367
GRID,1862,,2.12448168473,11.5,-17.4825802663
GRID,1863,,-8.14149536005,11.5,10.8015494641
GRID,1864,,0.943612192438,11.5,-14.853272295
GRID,1865,,-5.99927059002,11.5,8.97833169132
GRID,1866,,1.64996708503,11.5,-13.425163922
GRID,1867,,-5.70184548914,11.5,7.52498112867
GRID,1868,,0.706354892587,11.5,-10.7750986221
GRID,1869,,-3.75471289582,11.5,5.56515832927
GRID,1870,,1.17545248532,11.5,-9.3677475611
GRID,1871,,-3.26219560157,11.5,4.2484127932
GRID,1872,,0.469097592736,11.5,-6.69692493244
GRID,1873,,-15.8766465605,11.5,16.7148369377
GRID,1874,,0.700937885621,11.5,-5.31033120018
GRID,1875,,-15.8365895878,11.5,14.8299921148
GRID,1876,,5.3921607804,11.5,-22.413796689
GRID,1877,,-1.88095279921,11.5,1.88095279921
GRID,1878,,6.29989283649,11.5,-20.7614447048
GRID,1879,,-13.0734974046,11.5,13.7432807058
GRID,1880,,0.688476520439,11.5,-2.56942930299
GRID,1881,,-12.8650333455,11.5,12.0268429683
GRID,1882,,4.4503405251,11.5,-18.4387789328
GRID,1883,,-10.2703482643,11.5,10.7717244729
GRID,1884,,5.12802422832,11.5,-16.8480682257
GRID,1885,,-9.89347712924,11.5,9.22369382804
GRID,1886,,3.50852028053,11.5,-14.4637611862
GRID,1887,,-7.46719912408,11.5,7.80016825664
GRID,1888,,3.95615562205,11.5,-12.9346917482
GRID,1889,,-6.92192089633,11.5,6.42054468777
GRID,1890,,2.56670001929,11.5,-10.4887434231
GRID,1891,,-4.66404996715,11.5,4.82861202373
GRID,1892,,2.78428699913,11.5,-9.02131523741
GRID,1893,,-3.95036466341,11.5,3.61739553085
GRID,1894,,1.62487975805,11.5,-6.5137256432
GRID,1895,,-18.5379455895,11.5,13.703950275
GRID,1896,,1.61241839286,11.5,-5.10793874325
GRID,1897,,-18.1711973066,11.5,11.8546962956
GRID,1898,,1.12419372618,11.5,-2.41084120522
GRID,1899,,-14.7580239458,11.5,9.61013860143
GRID,1900,,7.58459020227,11.5,-17.3858589305
GRID,1901,,-11.9848089103,11.5,8.82465052699
GRID,1902,,4.3490572389,11.5,-9.8836930602
GRID,1903,,4.3085223705,11.5,-8.40077483108
GRID,1904,,2.73129076555,11.5,-6.13261010836
GRID,1905,,2.47490639174,11.5,-4.75034416919
GRID,1906,,12.7329436455,11.5,-19.2178517523
GRID,1907,,13.0207951081,11.5,-17.3546861278
GRID,1908,,1.52575286994,11.5,-2.179000929
GRID,1909,,10.4883859617,11.5,-15.8046783821
GRID,1910,,10.5811452309,11.5,-14.0781177829
GRID,1911,,8.24382826755,11.5,-12.3915050367
GRID,1912,,8.14149536005,11.5,-10.8015494641
GRID,1913,,5.99927059002,11.5,-8.97833169132
GRID,1914,,5.70184548914,11.5,-7.52498112867
GRID,1915,,3.75471289582,11.5,-5.56515832927
GRID,1916,,3.26219560157,11.5,-4.2484127932
GRID,1917,,15.8766465605,11.5,-16.7148369377
GRID,1918,,15.8365895878,11.5,-14.8299921148
GRID,1919,,1.88095279921,11.5,-1.88095279921
GRID,1920,,13.0734974046,11.5,-13.7432807058
GRID,1921,,12.8650333455,11.5,-12.0268429683
GRID,1922,,10.2703482643,11.5,-10.7717244729
GRID,1923,,9.89347712924,11.5,-9.22369382804
GRID,1924,,7.46719912408,11.5,-7.80016825664
GRID,1925,,6.92192089633,11.5,-6.42054468777
GRID,1926,,4.66404996715,11.5,-4.82861202373
GRID,1927,,3.95036466341,11.5,-3.61739553085
GRID,1928,,18.5379455895,11.5,-13.703950275
GRID,1929,,18.1711973066,11.5,-11.8546962956
GRID,1930,,2.179000929,11.5,-1.52575286994
GRID,1931,,15.2613772458,11.5,-11.2643003979
GRID,1932,,14.7580239458,11.5,-9.61013860143
GRID,1933,,11.9848089103,11.5,-8.82465052699
GRID,1934,,11.3448506004,11.5,-7.3655809239
GRID,1935,,8.70824059154,11.5,-6.38500065608
GRID,1936,,7.93167725501,11.5,-5.12102322971
GRID,1937,,5.43167225607,11.5,-3.94535076852
GRID,1938,,4.51850389297,11.5,-2.87646553551
GRID,1939,,20.6359785366,11.5,-10.2766760036
GRID,1940,,19.9536824044,11.5,-8.51920151059
GRID,1941,,2.41084120522,11.5,-1.12419372618
GRID,1942,,16.9855478744,11.5,-8.44306000622
GRID,1943,,16.2025994677,11.5,-6.90143503533
GRID,1944,,13.3351172291,11.5,-6.60944402746
GRID,1945,,9.6846865839,11.5,-4.77582803204
GRID,1946,,6.03425590534,11.5,-2.94221203662
GRID,1947,,22.1069977181,11.5,-6.53715012848
GRID,1948,,2.56942930299,11.5,-0.688476520439
GRID,1949,,17.1548671966,11.5,-3.98303488023
GRID,1950,,13.1798494501,11.5,-3.04121461899
GRID,1951,,9.20483167023,11.5,-2.09939435775
GRID,1952,,5.22981390704,11.5,-1.15757411317
GRID,1953,,21.5399966187,11.5,-2.59899627657
GRID,1954,,18.8488906002,11.5,-2.12448168473
GRID,1955,,14.7914742559,11.5,-1.64996708503
GRID,1956,,10.734057895,11.5,-1.17545248532
GRID,1957,,6.67664153406,11.5,-0.700937885621
GRID,1958,,-8.9783317,14.5,-5.9992706
GRID,1959,,2.94221203333,14.5,6.0342559
GRID,1960,,-6.45349173333,14.5,1.8496757
GRID,1961,,21.1369418673,14.5,9.20235667049
GRID,1962,,-16.7148369312,14.5,-15.8766465646
GRID,1963,,0.688476533333,14.5,2.5694293
GRID,1964,,-13.4251639333,14.5,-1.6499671
GRID,1965,,7.52498113333,14.5,5.7018455
GRID,1966,,-5.3103312,14.5,-0.7009379
GRID,1967,,14.8299921124,14.5,15.8365895855
GRID,1968,,-17.3858589333,14.5,-7.5845902
GRID,1969,,8.82465053333,14.5,11.9848089
GRID,1970,,-13.3351172333,14.5,6.60944403333
GRID,1971,,10.7750986333,14.5,0.7063549
GRID,1972,,-6.0342559,14.5,2.94221203333
GRID,1973,,22.413796686,14.5,5.39216078811
GRID,1974,,12.4515165667,14.5,-5.28366856667
GRID,1975,,-5.56515833333,14.5,-3.7547129
GRID,1976,,6.53715012144,14.5,22.1069977194
GRID,1977,,-22.9063069496,14.5,2.59899628428
GRID,1978,,2.4108412,14.5,1.12419373333
GRID,1979,,-1.8809528,14.5,-1.8809528
GRID,1980,,3.9830349,14.5,17.1548672
GRID,1981,,-9.36774756667,14.5,-1.1754525
GRID,1982,,4.2484128,14.5,3.2621956
GRID,1983,,-20.7614447031,14.5,-6.29989283716
GRID,1984,,13.7432807,14.5,13.0734974
GRID,1985,,-13.634776,14.5,-5.96682373333
GRID,1986,,6.38500066667,14.5,8.7082406
GRID,1987,,-9.6846866,14.5,4.77582803333
GRID,1988,,6.69692493333,14.5,0.4690976
GRID,1989,,-22.1069977194,14.5,6.53715012144
GRID,1990,,2.5694293,14.5,0.688476533333
GRID,1991,,8.7004336,14.5,-3.66590206667
GRID,1992,,-18.4387789333,14.5,-4.45034053333
GRID,1993,,10.7717244667,14.5,10.2703482667
GRID,1994,,-9.88369306667,14.5,-4.34905723333
GRID,1995,,3.94535076667,14.5,5.43167226667
GRID,1996,,-2.5694293,14.5,0.688476533333
GRID,1997,,16.8480682333,14.5,5.12802423333
GRID,1998,,4.94935063333,14.5,-2.0481356
GRID,1999,,9.80937033333,14.5,-19.3520667976
GRID,2000,,-15.2613772333,14.5,11.2643004
GRID,2001,,-14.4637612,14.5,-3.5085203
GRID,2002,,7.80016826667,14.5,7.46719913333
GRID,2003,,-6.1326101,14.5,-2.73129076667
GRID,2004,,10.2766760038,14.5,20.635978534
GRID,2005,,-17.1548672,14.5,3.9830349
GRID,2006,,12.9346917667,14.5,3.95615563333
GRID,2007,,21.1298849496,14.5,-4.92485511761
GRID,2008,,-10.4887434333,14.5,-2.56670003333
GRID,2009,,4.82861203333,14.5,4.66404996667
GRID,2010,,-19.2178517497,14.5,-12.7329436458
GRID,2011,,1.12419373333,14.5,2.4108412
GRID,2012,,-13.1798494667,14.5,3.04121463333
GRID,2013,,9.02131523333,14.5,2.784287
GRID,2014,,18.1936212333,14.5,-5.36528153333
GRID,2015,,5.96682373333,14.5,-13.634776
GRID,2016,,-8.7082406,14.5,6.38500066667
GRID,2017,,-6.51372563333,14.5,-1.62487976667
GRID,2018,,13.7039502791,14.5,18.537945583
GRID,2019,,-2.17900093333,14.5,-1.52575286667
GRID,2020,,6.90143503333,14.5,16.2025994667
GRID,2021,,-9.20483166667,14.5,2.09939436667
GRID,2022,,5.10793873333,14.5,1.6124184
GRID,2023,,14.2802447667,14.5,-4.19341293333
GRID,2024,,-5.43167226667,14.5,3.94535076667
GRID,2025,,23.0096196496,14.5,1.41812678428
GRID,2026,,-21.1369418673,14.5,-9.20235667049
GRID,2027,,1.52575286667,14.5,2.17900093333
GRID,2028,,-14.0781177667,14.5,-10.5811452333
GRID,2029,,5.28366856667,14.5,12.4515165667
GRID,2030,,-5.2298139,14.5,1.15757413333
GRID,2031,,19.3520667976,14.5,9.80937033333
GRID,2032,,10.3668682667,14.5,-3.0215443
GRID,2033,,-20.635978534,14.5,10.2766760038
GRID,2034,,2.6499466,14.5,0.2318403
GRID,2035,,-2.4108412,14.5,-1.12419373333
GRID,2036,,9.6101386,14.5,14.7580239333
GRID,2037,,-10.8015494667,14.5,-8.14149536667
GRID,2038,,3.66590206667,14.5,8.7004336
GRID,2039,,-21.6640666333,14.5,1.1808695
GRID,2040,,17.3858589333,14.5,7.5845902
GRID,2041,,6.45349173333,14.5,-1.8496757
GRID,2042,,-2.4108412,14.5,1.12419373333
GRID,2043,,17.4825802667,14.5,2.1244817
GRID,2044,,-15.7016361333,14.5,-7.97575436667
GRID,2045,,7.36558093333,14.5,11.3448506
GRID,2046,,-7.52498113333,14.5,-5.7018455
GRID,2047,,2.0481356,14.5,4.94935063333
GRID,2048,,-18.8488906,14.5,2.1244817
GRID,2049,,13.634776,14.5,5.96682373333
GRID,2050,,23.0096196496,14.5,-1.41812678428
GRID,2051,,-16.2025994667,14.5,6.90143503333
GRID,2052,,13.4251639333,14.5,1.6499671
GRID,2053,,-12.0512055,14.5,-6.14213836667
GRID,2054,,5.12102323333,14.5,7.93167726667
GRID,2055,,-4.2484128,14.5,-3.2621956
GRID,2056,,4.92485511761,14.5,21.1298849496
GRID,2057,,-14.7914742667,14.5,1.6499671
GRID,2058,,9.88369306667,14.5,4.34905723333
GRID,2059,,2.6499466,14.5,-0.2318403
GRID,2060,,-12.4515165667,14.5,5.28366856667
GRID,2061,,9.36774756667,14.5,1.1754525
GRID,2062,,-8.40077483333,14.5,-4.30852236667
GRID,2063,,2.87646553333,14.5,4.5185039
GRID,2064,,-10.7340579,14.5,1.1754525
GRID,2065,,6.1326101,14.5,2.73129076667
GRID,2066,,17.5858929667,14.5,-0.9436122
GRID,2067,,-8.7004336,14.5,3.66590206667
GRID,2068,,5.3103312,14.5,0.7009379
GRID,2069,,-4.75034416667,14.5,-2.4749064
GRID,2070,,8.51920150383,14.5,19.9536824031
GRID,2071,,-6.67664153333,14.5,0.7009379
GRID,2072,,19.2178517497,14.5,12.7329436458
GRID,2073,,13.5077193,14.5,-0.7063549
GRID,2074,,-4.94935063333,14.5,2.0481356
GRID,2075,,20.7614447031,14.5,6.29989283716
GRID,2076,,-17.3546861188,14.5,-13.0207951124
GRID,2077,,8.44306,14.5,16.9855478667
GRID,2078,,-23.0096196496,14.5,-1.41812678428
GRID,2079,,2.17900093333,14.5,1.52575286667
GRID,2080,,9.4295456,14.5,-0.4690976
GRID,2081,,-22.413796686,14.5,-5.39216078811
GRID,2082,,1.8809528,14.5,1.8809528
GRID,2083,,9.20235667049,14.5,-21.1369418673
GRID,2084,,-2.17900093333,14.5,1.52575286667
GRID,2085,,-21.1298849496,14.5,4.92485511761
GRID,2086,,18.4387789333,14.5,4.45034053333
GRID,2087,,-15.8046783667,14.5,-10.4883859667
GRID,2088,,6.60944403333,14.5,13.3351172333
GRID,2089,,-2.6499466,14.5,-0.2318403
GRID,2090,,14.0781177667,14.5,10.5811452333
GRID,2091,,5.35137193333,14.5,-0.2318403
GRID,2092,,-18.1936212333,14.5,5.36528153333
GRID,2093,,14.4637612,14.5,3.5085203
GRID,2094,,-12.3915050333,14.5,-8.24382826667
GRID,2095,,4.77582803333,14.5,9.6846866
GRID,2096,,-17.4825802667,14.5,-2.1244817
GRID,2097,,10.8015494667,14.5,8.14149536667
GRID,2098,,-16.8480682333,14.5,-5.12802423333
GRID,2099,,9.22369383333,14.5,9.89347713333
GRID,2100,,7.97575436667,14.5,-15.7016361333
GRID,2101,,-11.3448506,14.5,7.36558093333
GRID,2102,,-14.2802447667,14.5,4.19341293333
GRID,2103,,10.4887434333,14.5,2.56670003333
GRID,2104,,-10.3668682667,14.5,3.0215443
GRID,2105,,6.51372563333,14.5,1.62487976667
GRID,2106,,-12.9346917667,14.5,-3.95615563333
GRID,2107,,6.4205447,14.5,6.9219209
GRID,2108,,6.14213836667,14.5,-12.0512055
GRID,2109,,-7.93167726667,14.5,5.12102323333
GRID,2110,,-9.02131523333,14.5,-2.784287
GRID,2111,,3.61739553333,14.5,3.95036466667
GRID,2112,,-4.5185039,14.5,2.87646553333
GRID,2113,,21.5399966163,14.5,2.59899628428
GRID,2114,,-5.10793873333,14.5,-1.6124184
GRID,2115,,11.8546963,14.5,18.1711972976
GRID,2116,,-19.9536824031,14.5,8.51920150383
GRID,2117,,18.9314459667,14.5,1.1808695
GRID,2118,,-19.3520667976,14.5,-9.80937033333
GRID,2119,,11.2643004,14.5,15.2613772333
GRID,2120,,-16.9855478667,14.5,8.44306
GRID,2121,,14.8532723,14.5,0.9436122
GRID,2122,,-2.6499466,14.5,0.2318403
GRID,2123,,15.7016361333,14.5,7.97575436667
GRID,2124,,-17.5858929667,14.5,0.9436122
GRID,2125,,12.0512055,14.5,6.14213836667
GRID,2126,,-13.5077193,14.5,0.7063549
GRID,2127,,8.40077483333,14.5,4.30852236667
GRID,2128,,-9.4295456,14.5,0.4690976
GRID,2129,,4.75034416667,14.5,2.4749064
GRID,2130,,-5.35137193333,14.5,0.2318403
GRID,2131,,17.3546861188,14.5,13.0207951124
GRID,2132,,-21.5399966163,14.5,-2.59899628428
GRID,2133,,15.8046783667,14.5,10.4883859667
GRID,2134,,-18.9314459667,14.5,-1.1808695
GRID,2135,,12.3915050333,14.5,8.24382826667
GRID,2136,,-14.8532723,14.5,-0.9436122
GRID,2137,,8.9783317,14.5,5.9992706
GRID,2138,,-10.7750986333,14.5,-0.7063549
GRID,2139,,5.56515833333,14.5,3.7547129
GRID,2140,,-6.69692493333,14.5,-0.4690976
GRID,2141,,16.7148369312,14.5,15.8766465646
GRID,2142,,-2.5694293,14.5,-0.688476533333
GRID,2143,,12.0268429667,14.5,12.8650333333
GRID,2144,,-14.8299921124,14.5,-15.8365895855
GRID,2145,,5.36528153333,14.5,18.1936212333
GRID,2146,,-13.7432807,14.5,-13.0734974
GRID,2147,,4.19341293333,14.5,14.2802447667
GRID,2148,,-12.0268429667,14.5,-12.8650333333
GRID,2149,,3.04121463333,14.5,13.1798494667
GRID,2150,,-10.7717244667,14.5,-10.2703482667
GRID,2151,,3.0215443,14.5,10.3668682667
GRID,2152,,-9.22369383333,14.5,-9.89347713333
GRID,2153,,2.09939436667,14.5,9.20483166667
GRID,2154,,-7.80016826667,14.5,-7.46719913333
GRID,2155,,1.8496757,14.5,6.45349173333
GRID,2156,,-6.4205447,14.5,-6.9219209
GRID,2157,,1.15757413333,14.5,5.2298139
GRID,2158,,-4.82861203333,14.5,-4.66404996667
GRID,2159,,2.59899628428,14.5,22.9063069496
GRID,2160,,-3.61739553333,14.5,-3.95036466667
GRID,2161,,1.1808695,14.5,21.6640666333
GRID,2162,,-13.7039502791,14.5,-18.537945583
GRID,2163,,0.2318403,14.5,2.6499466
GRID,2164,,-11.8546963,14.5,-18.1711972976
GRID,2165,,2.1244817,14.5,18.8488906
GRID,2166,,-1.52575286667,14.5,-2.17900093333
GRID,2167,,0.9436122,14.5,17.5858929667
GRID,2168,,-11.2643004,14.5,-15.2613772333
GRID,2169,,1.6499671,14.5,14.7914742667
GRID,2170,,-9.6101386,14.5,-14.7580239333
GRID,2171,,0.7063549,14.5,13.5077193
GRID,2172,,-8.82465053333,14.5,-11.9848089
GRID,2173,,1.1754525,14.5,10.7340579
GRID,2174,,-7.36558093333,14.5,-11.3448506
GRID,2175,,0.4690976,14.5,9.4295456
GRID,2176,,-6.38500066667,14.5,-8.7082406
GRID,2177,,0.7009379,14.5,6.67664153333
GRID,2178,,-5.12102323333,14.5,-7.93167726667
GRID,2179,,0.2318403,14.5,5.35137193333
GRID,2180,,-3.94535076667,14.5,-5.43167226667
GRID,2181,,-1.41812678428,14.5,23.0096196496
GRID,2182,,-2.87646553333,14.5,-4.5185039
GRID,2183,,-2.59899628428,14.5,21.5399966163
GRID,2184,,-10.2766760038,14.5,-20.635978534
GRID,2185,,-0.2318403,14.5,2.6499466
GRID,2186,,-8.51920150383,14.5,-19.9536824031
GRID,2187,,-1.1808695,14.5,18.9314459667
GRID,2188,,-1.12419373333,14.5,-2.4108412
GRID,2189,,-2.1244817,14.5,17.4825802667
GRID,2190,,-8.44306,14.5,-16.9855478667
GRID,2191,,-0.9436122,14.5,14.8532723
GRID,2192,,-6.90143503333,14.5,-16.2025994667
GRID,2193,,-1.6499671,14.5,13.4251639333
GRID,2194,,-6.60944403333,14.5,-13.3351172333
GRID,2195,,-0.7063549,14.5,10.7750986333
GRID,2196,,-5.28366856667,14.5,-12.4515165667
GRID,2197,,-1.1754525,14.5,9.36774756667
GRID,2198,,-4.77582803333,14.5,-9.6846866
GRID,2199,,-0.4690976,14.5,6.69692493333
GRID,2200,,-3.66590206667,14.5,-8.7004336
GRID,2201,,-0.7009379,14.5,5.3103312
GRID,2202,,-2.94221203333,14.5,-6.0342559
GRID,2203,,-5.39216078811,14.5,22.413796686
GRID,2204,,-2.0481356,14.5,-4.94935063333
GRID,2205,,-6.29989283716,14.5,20.7614447031
GRID,2206,,-6.53715012144,14.5,-22.1069977194
GRID,2207,,-0.688476533333,14.5,2.5694293
GRID,2208,,-4.92485511761,14.5,-21.1298849496
GRID,2209,,-4.45034053333,14.5,18.4387789333
GRID,2210,,-0.688476533333,14.5,-2.5694293
GRID,2211,,-5.12802423333,14.5,16.8480682333
GRID,2212,,-5.36528153333,14.5,-18.1936212333
GRID,2213,,-3.5085203,14.5,14.4637612
GRID,2214,,-3.9830349,14.5,-17.1548672
GRID,2215,,-3.95615563333,14.5,12.9346917667
GRID,2216,,-4.19341293333,14.5,-14.2802447667
GRID,2217,,-2.56670003333,14.5,10.4887434333
GRID,2218,,-3.04121463333,14.5,-13.1798494667
GRID,2219,,-2.784287,14.5,9.02131523333
GRID,2220,,-3.0215443,14.5,-10.3668682667
GRID,2221,,-1.62487976667,14.5,6.51372563333
GRID,2222,,-2.09939436667,14.5,-9.20483166667
GRID,2223,,-1.6124184,14.5,5.10793873333
GRID,2224,,-1.8496757,14.5,-6.45349173333
GRID,2225,,-9.20235667049,14.5,21.1369418673
GRID,2226,,-1.15757413333,14.5,-5.2298139
GRID,2227,,-9.80937033333,14.5,19.3520667976
GRID,2228,,-2.59899628428,14.5,-22.9063069496
GRID,2229,,-1.12419373333,14.5,2.4108412
GRID,2230,,-1.1808695,14.5,-21.6640666333
GRID,2231,,-7.5845902,14.5,17.3858589333
GRID,2232,,-0.2318403,14.5,-2.6499466
GRID,2233,,-7.97575436667,14.5,15.7016361333
GRID,2234,,-1.1808695,14.5,-18.9314459667
GRID,2235,,-5.96682373333,14.5,13.634776
GRID,2236,,-2.1244817,14.5,-17.4825802667
GRID,2237,,-6.14213836667,14.5,12.0512055
GRID,2238,,-0.9436122,14.5,-14.8532723
GRID,2239,,-4.34905723333,14.5,9.88369306667
GRID,2240,,-1.6499671,14.5,-13.4251639333
GRID,2241,,-4.30852236667,14.5,8.40077483333
GRID,2242,,-0.7063549,14.5,-10.7750986333
GRID,2243,,-2.73129076667,14.5,6.1326101
GRID,2244,,-1.1754525,14.5,-9.36774756667
GRID,2245,,-2.4749064,14.5,4.75034416667
GRID,2246,,-0.4690976,14.5,-6.69692493333
GRID,2247,,-12.7329436458,14.5,19.2178517497
GRID,2248,,-0.7009379,14.5,-5.3103312
GRID,2249,,-13.0207951124,14.5,17.3546861188
GRID,2250,,1.41812678428,14.5,-23.0096196496
GRID,2251,,-1.52575286667,14.5,2.17900093333
GRID,2252,,2.59899628428,14.5,-21.5399966163
GRID,2253,,-10.4883859667,14.5,15.8046783667
GRID,2254,,0.2318403,14.5,-2.6499466
GRID,2255,,-10.5811452333,14.5,14.0781177667
GRID,2256,,1.1808695,14.5,-18.9314459667
GRID,2257,,-8.24382826667,14.5,12.3915050333
GRID,2258,,2.1244817,14.5,-17.4825802667
GRID,2259,,-8.14149536667,14.5,10.8015494667
GRID,2260,,0.9436122,14.5,-14.8532723
GRID,2261,,-5.9992706,14.5,8.9783317
GRID,2262,,1.6499671,14.5,-13.4251639333
GRID,2263,,-5.7018455,14.5,7.52498113333
GRID,2264,,0.7063549,14.5,-10.7750986333
GRID,2265,,-3.7547129,14.5,5.56515833333
GRID,2266,,1.1754525,14.5,-9.36774756667
GRID,2267,,-3.2621956,14.5,4.2484128
GRID,2268,,0.4690976,14.5,-6.69692493333
GRID,2269,,-15.8766465646,14.5,16.7148369312
GRID,2270,,0.7009379,14.5,-5.3103312
GRID,2271,,-15.8365895855,14.5,14.8299921124
GRID,2272,,5.39216078811,14.5,-22.413796686
GRID,2273,,-1.8809528,14.5,1.8809528
GRID,2274,,6.29989283716,14.5,-20.7614447031
GRID,2275,,-13.0734974,14.5,13.7432807
GRID,2276,,0.688476533333,14.5,-2.5694293
GRID,2277,,-12.8650333333,14.5,12.0268429667
GRID,2278,,4.45034053333,14.5,-18.4387789333
GRID,2279,,-10.2703482667,14.5,10.7717244667
GRID,2280,,5.12802423333,14.5,-16.8480682333
GRID,2281,,-9.89347713333,14.5,9.22369383333
GRID,2282,,3.5085203,14.5,-14.4637612
GRID,2283,,-7.46719913333,14.5,7.80016826667
GRID,2284,,3.95615563333,14.5,-12.9346917667
GRID,2285,,-6.9219209,14.5,6.4205447
GRID,2286,,2.56670003333,14.5,-10.4887434333
GRID,2287,,-4.66404996667,14.5,4.82861203333
GRID,2288,,2.784287,14.5,-9.02131523333
GRID,2289,,-3.95036466667,14.5,3.61739553333
GRID,2290,,1.62487976667,14.5,-6.51372563333
GRID,2291,,-18.537945583,14.5,13.7039502791
GRID,2292,,1.6124184,14.5,-5.10793873333
GRID,2293,,-18.1711972976,14.5,11.8546963
GRID,2294,,1.12419373333,14.5,-2.4108412
GRID,2295,,-14.7580239333,14.5,9.6101386
GRID,2296,,7.5845902,14.5,-17.3858589333
GRID,2297,,-11.9848089,14.5,8.82465053333
GRID,2298,,4.34905723333,14.5,-9.88369306667
GRID,2299,,4.30852236667,14.5,-8.40077483333
GRID,2300,,2.73129076667,14.5,-6.1326101
GRID,2301,,2.4749064,14.5,-4.75034416667
GRID,2302,,12.7329436458,14.5,-19.2178517497
GRID,2303,,13.0207951124,14.5,-17.3546861188
GRID,2304,,1.52575286667,14.5,-2.17900093333
GRID,2305,,10.4883859667,14.5,-15.8046783667
GRID,2306,,10.5811452333,14.5,-14.0781177667
GRID,2307,,8.24382826667,14.5,-12.3915050333
GRID,2308,,8.14149536667,14.5,-10.8015494667
GRID,2309,,5.9992706,14.5,-8.9783317
GRID,2310,,5.7018455,14.5,-7.52498113333
GRID,2311,,3.7547129,14.5,-5.56515833333
GRID,2312,,3.2621956,14.5,-4.2484128
GRID,2313,,15.8766465646,14.5,-16.7148369312
GRID,2314,,15.8365895855,14.5,-14.8299921124
GRID,2315,,1.8809528,14.5,-1.8809528
GRID,2316,,13.0734974,14.5,-13.7432807
GRID,2317,,12.8650333333,14.5,-12.0268429667
GRID,2318,,10.2703482667,14.5,-10.7717244667
GRID,2319,,9.89347713333,14.5,-9.22369383333
GRID,2320,,7.46719913333,14.5,-7.80016826667
GRID,2321,,6.9219209,14.5,-6.4205447
GRID,2322,,4.66404996667,14.5,-4.82861203333
GRID,2323,,3.95036466667,14.5,-3.61739553333
GRID,2324,,18.537945583,14.5,-13.7039502791
GRID,2325,,18.1711972976,14.5,-11.8546963
GRID,2326,,2.17900093333,14.5,-1.52575286667
GRID,2327,,15.2613772333,14.5,-11.2643004
GRID,2328,,14.7580239333,14.5,-9.6101386
GRID,2329,,11.9848089,14.5,-8.82465053333
GRID,2330,,11.3448506,14.5,-7.36558093333
GRID,2331,,8.7082406,14.5,-6.38500066667
GRID,2332,,7.93167726667,14.5,-5.12102323333
GRID,2333,,5.43167226667,14.5,-3.94535076667
GRID,2334,,4.5185039,14.5,-2.87646553333
GRID,2335,,20.635978534,14.5,-10.2766760038
GRID,2336,,19.9536824031,14.5,-8.51920150383
GRID,2337,,2.4108412,14.5,-1.12419373333
GRID,2338,,16.9855478667,14.5,-8.44306
GRID,2339,,16.2025994667,14.5,-6.90143503333
GRID,2340,,13.3351172333,14.5,-6.60944403333
GRID,2341,,9.6846866,14.5,-4.77582803333
GRID,2342,,6.0342559,14.5,-2.94221203333
GRID,2343,,22.1069977194,14.5,-6.53715012144
GRID,2344,,2.5694293,14.5,-0.688476533333
GRID,2345,,17.1548672,14.5,-3.9830349
GRID,2346,,13.1798494667,14.5,-3.04121463333
GRID,2347,,9.20483166667,14.5,-2.09939436667
GRID,2348,,5.2298139,14.5,-1.15757413333
GRID,2349,,21.5399966163,14.5,-2.59899628428
GRID,2350,,18.8488906,14.5,-2.1244817
GRID,2351,,14.7914742667,14.5,-1.6499671
GRID,2352,,10.7340579,14.5,-1.1754525
GRID,2353,,6.67664153333,14.5,-0.7009379
GRID,2354,,-8.9783317,17.5,-5.9992706
GRID,2355,,2.94221203333,17.5,6.0342559
GRID,2356,,-6.45349173333,17.5,1.8496757
GRID,2357,,21.1369418673,17.5,9.20235667049
GRID,2358,,-16.7148369312,17.5,-15.8766465646
GRID,2359,,0.688476533333,17.5,2.5694293
GRID,2360,,-13.4251639333,17.5,-1.6499671
GRID,2361,,7.52498113333,17.5,5.7018455
GRID,2362,,-5.3103312,17.5,-0.7009379
GRID,2363,,14.8299921124,17.5,15.8365895855
GRID,2364,,-17.3858589333,17.5,-7.5845902
GRID,2365,,8.82465053333,17.5,11.9848089
GRID,2366,,-13.3351172333,17.5,6.60944403333
GRID,2367,,10.7750986333,17.5,0.7063549
GRID,2368,,-6.0342559,17.5,2.94221203333
GRID,2369,,22.413796686,17.5,5.39216078811
GRID,2370,,12.4515165667,17.5,-5.28366856667
GRID,2371,,-5.56515833333,17.5,-3.7547129
GRID,2372,,6.53715012144,17.5,22.1069977194
GRID,2373,,-22.9063069496,17.5,2.59899628428
GRID,2374,,2.4108412,17.5,1.12419373333
GRID,2375,,-1.8809528,17.5,-1.8809528
GRID,2376,,3.9830349,17.5,17.1548672
GRID,2377,,-9.36774756667,17.5,-1.1754525
GRID,2378,,4.2484128,17.5,3.2621956
GRID,2379,,-20.7614447031,17.5,-6.29989283716
GRID,2380,,13.7432807,17.5,13.0734974
GRID,2381,,-13.634776,17.5,-5.96682373333
GRID,2382,,6.38500066667,17.5,8.7082406
GRID,2383,,-9.6846866,17.5,4.77582803333
GRID,2384,,6.69692493333,17.5,0.4690976
GRID,2385,,-22.1069977194,17.5,6.53715012144
GRID,2386,,2.5694293,17.5,0.688476533333
GRID,2387,,8.7004336,17.5,-3.66590206667
GRID,2388,,-18.4387789333,17.5,-4.45034053333
GRID,2389,,10.7717244667,17.5,10.2703482667
GRID,2390,,-9.88369306667,17.5,-4.34905723333
GRID,2391,,3.94535076667,17.5,5.43167226667
GRID,2392,,-2.5694293,17.5,0.688476533333
GRID,2393,,16.8480682333,17.5,5.12802423333
GRID,2394,,4.94935063333,17.5,-2.0481356
GRID,2395,,9.80937033333,17.5,-19.3520667976
GRID,2396,,-15.2613772333,17.5,11.2643004
GRID,2397,,-14.4637612,17.5,-3.5085203
GRID,2398,,7.80016826667,17.5,7.46719913333
GRID,2399,,-6.1326101,17.5,-2.73129076667
GRID,2400,,10.2766760038,17.5,20.635978534
GRID,2401,,-17.1548672,17.5,3.9830349
GRID,2402,,12.9346917667,17.5,3.95615563333
GRID,2403,,21.1298849496,17.5,-4.92485511761
GRID,2404,,-10.4887434333,17.5,-2.56670003333
GRID,2405,,4.82861203333,17.5,4.66404996667
GRID,2406,,-19.2178517497,17.5,-12.7329436458
GRID,2407,,1.12419373333,17.5,2.4108412
GRID,2408,,-13.1798494667,17.5,3.04121463333
GRID,2409,,9.02131523333,17.5,2.784287
GRID,2410,,18.1936212333,17.5,-5.36528153333
GRID,2411,,5.96682373333,17.5,-13.634776
GRID,2412,,-8.7082406,17.5,6.38500066667
GRID,2413,,-6.51372563333,17.5,-1.62487976667
GRID,2414,,13.7039502791,17.5,18.537945583
GRID,2415,,-2.17900093333,17.5,-1.52575286667
GRID,2416,,6.90143503333,17.5,16.2025994667
GRID,2417,,-9.20483166667,17.5,2.09939436667
GRID,2418,,5.10793873333,17.5,1.6124184
GRID,2419,,14.2802447667,17.5,-4.19341293333
GRID,2420,,-5.43167226667,17.5,3.94535076667
GRID,2421,,23.0096196496,17.5,1.41812678428
GRID,2422,,-21.1369418673,17.5,-9.20235667049
GRID,2423,,1.52575286667,17.5,2.17900093333
GRID,2424,,-14.0781177667,17.5,-10.5811452333
GRID,2425,,5.28366856667,17.5,12.4515165667
GRID,2426,,-5.2298139,17.5,1.15757413333
GRID,2427,,19.3520667976,17.5,9.80937033333
GRID,2428,,10.3668682667,17.5,-3.0215443
GRID,2429,,-20.635978534,17.5,10.2766760038
GRID,2430,,2.6499466,17.5,0.2318403
GRID,2431,,-2.4108412,17.5,-1.12419373333
GRID,2432,,9.6101386,17.5,14.7580239333
GRID,2433,,-10.8015494667,17.5,-8.14149536667
GRID,2434,,3.66590206667,17.5,8.7004336
GRID,2435,,-21.6640666333,17.5,1.1808695
GRID,2436,,17.3858589333,17.5,7.5845902
GRID,2437,,6.45349173333,17.5,-1.8496757
GRID,2438,,-2.4108412,17.5,1.12419373333
GRID,2439,,17.4825802667,17.5,2.1244817
GRID,2440,,-15.7016361333,17.5,-7.97575436667
GRID,2441,,7.36558093333,17.5,11.3448506
GRID,2442,,-7.52498113333,17.5,-5.7018455
GRID,2443,,2.0481356,17.5,4.94935063333
GRID,2444,,-18.8488906,17.5,2.1244817
GRID,2445,,13.634776,17.5,5.96682373333
GRID,2446,,23.0096196496,17.5,-1.41812678428
GRID,2447,,-16.2025994667,17.5,6.90143503333
GRID,2448,,13.4251639333,17.5,1.6499671
GRID,2449,,-12.0512055,17.5,-6.14213836667
GRID,2450,,5.12102323333,17.5,7.93167726667
GRID,2451,,-4.2484128,17.5,-3.2621956
GRID,2452,,4.92485511761,17.5,21.1298849496
GRID,2453,,-14.7914742667,17.5,1.6499671
GRID,2454,,9.88369306667,17.5,4.34905723333
GRID,2455,,2.6499466,17.5,-0.2318403
GRID,2456,,-12.4515165667,17.5,5.28366856667
GRID,2457,,9.36774756667,17.5,1.1754525
GRID,2458,,-8.40077483333,17.5,-4.30852236667
GRID,2459,,2.87646553333,17.5,4.5185039
GRID,2460,,-10.7340579,17.5,1.1754525
GRID,2461,,6.1326101,17.5,2.73129076667
GRID,2462,,17.5858929667,17.5,-0.9436122
GRID,2463,,-8.7004336,17.5,3.66590206667
GRID,2464,,5.3103312,17.5,0.7009379
GRID,2465,,-4.75034416667,17.5,-2.4749064
GRID,2466,,8.51920150383,17.5,19.9536824031
GRID,2467,,-6.67664153333,17.5,0.7009379
GRID,2468,,19.2178517497,17.5,12.7329436458
GRID,2469,,13.5077193,17.5,-0.7063549
GRID,2470,,-4.94935063333,17.5,2.0481356
GRID,2471,,20.7614447031,17.5,6.29989283716
GRID,2472,,-17.3546861188,17.5,-13.0207951124
GRID,2473,,8.44306,17.5,16.9855478667
GRID,2474,,-23.0096196496,17.5,-1.41812678428
GRID,2475,,2.17900093333,17.5,1.52575286667
GRID,2476,,9.4295456,17.5,-0.4690976
GRID,2477,,-22.413796686,17.5,-5.39216078811
GRID,2478,,1.8809528,17.5,1.8809528
GRID,2479,,9.20235667049,17.5,-21.1369418673
GRID,2480,,-2.17900093333,17.5,1.52575286667
GRID,2481,,-21.1298849496,17.5,4.92485511761
GRID,2482,,18.4387789333,17.5,4.45034053333
GRID,2483,,-15.8046783667,17.5,-10.4883859667
GRID,2484,,6.60944403333,17.5,13.3351172333
GRID,2485,,-2.6499466,17.5,-0.2318403
GRID,2486,,14.0781177667,17.5,10.5811452333
GRID,2487,,5.35137193333,17.5,-0.2318403
GRID,2488,,-18.1936212333,17.5,5.36528153333
GRID,2489,,14.4637612,17.5,3.5085203
GRID,2490,,-12.3915050333,17.5,-8.24382826667
GRID,2491,,4.77582803333,17.5,9.6846866
GRID,2492,,-17.4825802667,17.5,-2.1244817
GRID,2493,,10.8015494667,17.5,8.14149536667
GRID,2494,,-16.8480682333,17.5,-5.12802423333
GRID,2495,,9.22369383333,17.5,9.89347713333
GRID,2496,,7.97575436667,17.5,-15.7016361333
GRID,2497,,-11.3448506,17.5,7.36558093333
GRID,2498,,-14.2802447667,17.5,4.19341293333
GRID,2499,,10.4887434333,17.5,2.56670003333
GRID,2500,,-10.3668682667,17.5,3.0215443
GRID,2501,,6.51372563333,17.5,1.62487976667
GRID,2502,,-12.9346917667,17.5,-3.95615563333
GRID,2503,,6.4205447,17.5,6.9219209
GRID,2504,,6.14213836667,17.5,-12.0512055
GRID,2505,,-7.93167726667,17.5,5.12102323333
GRID,2506,,-9.02131523333,17.5,-2.784287
GRID,2507,,3.61739553333,17.5,3.95036466667
GRID,2508,,-4.5185039,17.5,2.87646553333
GRID,2509,,21.5399966163,17.5,2.59899628428
GRID,2510,,-5.10793873333,17.5,-1.6124184
GRID,2511,,11.8546963,17.5,18.1711972976
GRID,2512,,-19.9536824031,17.5,8.51920150383
GRID,2513,,18.9314459667,17.5,1.1808695
GRID,2514,,-19.3520667976,17.5,-9.80937033333
GRID,2515,,11.2643004,17.5,15.2613772333
GRID,2516,,-16.9855478667,17.5,8.44306
GRID,2517,,14.8532723,17.5,0.9436122
GRID,2518,,-2.6499466,17.5,0.2318403
GRID,2519,,15.7016361333,17.5,7.97575436667
GRID,2520,,-17.5858929667,17.5,0.9436122
GRID,2521,,12.0512055,17.5,6.14213836667
GRID,2522,,-13.5077193,17.5,0.7063549
GRID,2523,,8.40077483333,17.5,4.30852236667
GRID,2524,,-9.4295456,17.5,0.4690976
GRID,2525,,4.75034416667,17.5,2.4749064
GRID,2526,,-5.35137193333,17.5,0.2318403
GRID,2527,,17.3546861188,17.5,13.0207951124
GRID,2528,,-21.5399966163,17.5,-2.59899628428
GRID,2529,,15.8046783667,17.5,10.4883859667
GRID,2530,,-18.9314459667,17.5,-1.1808695
GRID,2531,,12.3915050333,17.5,8.24382826667
GRID,2532,,-14.8532723,17.5,-0.9436122
GRID,2533,,8.9783317,17.5,5.9992706
GRID,2534,,-10.7750986333,17.5,-0.7063549
GRID,2535,,5.56515833333,17.5,3.7547129
GRID,2536,,-6.69692493333,17.5,-0.4690976
GRID,2537,,16.7148369312,17.5,15.8766465646
GRID,2538,,-2.5694293,17.5,-0.688476533333
GRID,2539,,12.0268429667,17.5,12.8650333333
GRID,2540,,-14.8299921124,17.5,-15.8365895855
GRID,2541,,5.36528153333,17.5,18.1936212333
GRID,2542,,-13.7432807,17.5,-13.0734974
GRID,2543,,4.19341293333,17.5,14.2802447667
GRID,2544,,-12.0268429667,17.5,-12.8650333333
GRID,2545,,3.04121463333,17.5,13.1798494667
GRID,2546,,-10.7717244667,17.5,-10.2703482667
GRID,2547,,3.0215443,17.5,10.3668682667
GRID,2548,,-9.22369383333,17.5,-9.89347713333
GRID,2549,,2.09939436667,17.5,9.20483166667
GRID,2550,,-7.80016826667,17.5,-7.46719913333
GRID,2551,,1.8496757,17.5,6.45349173333
GRID,2552,,-6.4205447,17.5,-6.9219209
GRID,2553,,1.15757413333,17.5,5.2298139
GRID,2554,,-4.82861203333,17.5,-4.66404996667
GRID,2555,,2.59899628428,17.5,22.9063069496
GRID,2556,,-3.61739553333,17.5,-3.95036466667
GRID,2557,,1.1808695,17.5,21.6640666333
GRID,2558,,-13.7039502791,17.5,-18.537945583
GRID,2559,,0.2318403,17.5,2.6499466
GRID,2560,,-11.8546963,17.5,-18.1711972976
GRID,2561,,2.1244817,17.5,18.8488906
GRID,2562,,-1.52575286667,17.5,-2.17900093333
GRID,2563,,0.9436122,17.5,17.5858929667
GRID,2564,,-11.2643004,17.5,-15.2613772333
GRID,2565,,1.6499671,17.5,14.7914742667
GRID,2566,,-9.6101386,17.5,-14.7580239333
GRID,2567,,0.7063549,17.5,13.5077193
GRID,2568,,-8.82465053333,17.5,-11.9848089
GRID,2569,,1.1754525,17.5,10.7340579
GRID,2570,,-7.36558093333,17.5,-11.3448506
GRID,2571,,0.4690976,17.5,9.4295456
GRID,2572,,-6.38500066667,17.5,-8.7082406
GRID,2573,,0.7009379,17.5,6.67664153333
GRID,2574,,-5.12102323333,17.5,-7.93167726667
GRID,2575,,0.2318403,17.5,5.35137193333
GRID,2576,,-3.94535076667,17.5,-5.43167226667
GRID,2577,,-1.41812678428,17.5,23.0096196496
GRID,2578,,-2.87646553333,17.5,-4.5185039
GRID,2579,,-2.59899628428,17.5,21.5399966163
GRID,2580,,-10.2766760038,17.5,-20.635978534
GRID,2581,,-0.2318403,17.5,2.6499466
GRID,2582,,-8.51920150383,17.5,-19.9536824031
GRID,2583,,-1.1808695,17.5,18.9314459667
GRID,2584,,-1.12419373333,17.5,-2.4108412
GRID,2585,,-2.1244817,17.5,17.4825802667
GRID,2586,,-8.44306,17.5,-16.9855478667
GRID,2587,,-0.9436122,17.5,14.8532723
GRID,2588,,-6.90143503333,17.5,-16.2025994667
GRID,2589,,-1.6499671,17.5,13.4251639333
GRID,2590,,-6.60944403333,17.5,-13.3351172333
GRID,2591,,-0.7063549,17.5,10.7750986333
GRID,2592,,-5.28366856667,17.5,-12.4515165667
GRID,2593,,-1.1754525,17.5,9.36774756667
GRID,2594,,-4.77582803333,17.5,-9.6846866
GRID,2595,,-0.4690976,17.5,6.69692493333
GRID,2596,,-3.66590206667,17.5,-8.7004336
GRID,2597,,-0.7009379,17.5,5.3103312
GRID,2598,,-2.94221203333,17.5,-6.0342559
GRID,2599,,-5.39216078811,17.5,22.413796686
GRID,2600,,-2.0481356,17.5,-4.94935063333
GRID,2601,,-6.29989283716,17.5,20.7614447031
GRID,2602,,-6.53715012144,17.5,-22.1069977194
GRID,2603,,-0.688476533333,17.5,2.5694293
GRID,2604,,-4.92485511761,17.5,-21.1298849496
GRID,2605,,-4.45034053333,17.5,18.4387789333
GRID,2606,,-0.688476533333,17.5,-2.5694293
GRID,2607,,-5.12802423333,17.5,16.8480682333
GRID,2608,,-5.36528153333,17.5,-18.1936212333
GRID,2609,,-3.5085203,17.5,14.4637612
GRID,2610,,-3.9830349,17.5,-17.1548672
GRID,2611,,-3.95615563333,17.5,12.9346917667
GRID,2612,,-4.19341293333,17.5,-14.2802447667
GRID,2613,,-2.56670003333,17.5,10.4887434333
GRID,2614,,-3.04121463333,17.5,-13.1798494667
GRID,2615,,-2.784287,17.5,9.02131523333
GRID,2616,,-3.0215443,17.5,-10.3668682667
GRID,2617,,-1.62487976667,17.5,6.51372563333
GRID,2618,,-2.09939436667,17.5,-9.20483166667
GRID,2619,,-1.6124184,17.5,5.10793873333
GRID,2620,,-1.8496757,17.5,-6.45349173333
GRID,2621,,-9.20235667049,17.5,21.1369418673
GRID,2622,,-1.15757413333,17.5,-5.2298139
GRID,2623,,-9.80937033333,17.5,19.3520667976
GRID,2624,,-2.59899628428,17.5,-22.9063069496
GRID,2625,,-1.12419373333,17.5,2.4108412
GRID,2626,,-1.1808695,17.5,-21.6640666333
GRID,2627,,-7.5845902,17.5,17.3858589333
GRID,2628,,-0.2318403,17.5,-2.6499466
GRID,2629,,-7.97575436667,17.5,15.7016361333
GRID,2630,,-1.1808695,17.5,-18.9314459667
GRID,2631,,-5.96682373333,17.5,13.634776
GRID,2632,,-2.1244817,17.5,-17.4825802667
GRID,2633,,-6.14213836667,17.5,12.0512055
GRID,2634,,-0.9436122,17.5,-14.8532723
GRID,2635,,-4.34905723333,17.5,9.88369306667
GRID,2636,,-1.6499671,17.5,-13.4251639333
GRID,2637,,-4.30852236667,17.5,8.40077483333
GRID,2638,,-0.7063549,17.5,-10.7750986333
GRID,2639,,-2.73129076667,17.5,6.1326101
GRID,2640,,-1.1754525,17.5,-9.36774756667
GRID,2641,,-2.4749064,17.5,4.75034416667
GRID,2642,,-0.4690976,17.5,-6.69692493333
GRID,2643,,-12.7329436458,17.5,19.2178517497
GRID,2644,,-0.7009379,17.5,-5.3103312
GRID,2645,,-13.0207951124,17.5,17.3546861188
GRID,2646,,1.41812678428,17.5,-23.0096196496
GRID,2647,,-1.52575286667,17.5,2.17900093333
GRID,2648,,2.59899628428,17.5,-21.5399966163
GRID,2649,,-10.4883859667,17.5,15.8046783667
GRID,2650,,0.2318403,17.5,-2.6499466
GRID,2651,,-10.5811452333,17.5,14.0781177667
GRID,2652,,1.1808695,17.5,-18.9314459667
GRID,2653,,-8.24382826667,17.5,12.3915050333
GRID,2654,,2.1244817,17.5,-17.4825802667
GRID,2655,,-8.14149536667,17.5,10.8015494667
GRID,2656,,0.9436122,17.5,-14.8532723
GRID,2657,,-5.9992706,17.5,8.9783317
GRID,2658,,1.6499671,17.5,-13.4251639333
GRID,2659,,-5.7018455,17.5,7.52498113333
GRID,2660,,0.7063549,17.5,-10.7750986333
GRID,2661,,-3.7547129,17.5,5.56515833333
GRID,2662,,1.1754525,17.5,-9.36774756667
GRID,2663,,-3.2621956,17.5,4.2484128
GRID,2664,,0.4690976,17.5,-6.69692493333
GRID,2665,,-15.8766465646,17.5,16.7148369312
GRID,2666,,0.7009379,17.5,-5.3103312
GRID,2667,,-15.8365895855,17.5,14.8299921124
GRID,2668,,5.39216078811,17.5,-22.413796686
GRID,2669,,-1.8809528,17.5,1.8809528
GRID,2670,,6.29989283716,17.5,-20.7614447031
GRID,2671,,-13.0734974,17.5,13.7432807
GRID,2672,,0.688476533333,17.5,-2.5694293
GRID,2673,,-12.8650333333,17.5,12.0268429667
GRID,2674,,4.45034053333,17.5,-18.4387789333
GRID,2675,,-10.2703482667,17.5,10.7717244667
GRID,2676,,5.12802423333,17.5,-16.8480682333
GRID,2677,,-9.89347713333,17.5,9.22369383333
GRID,2678,,3.5085203,17.5,-14.4637612
GRID,2679,,-7.46719913333,17.5,7.80016826667
GRID,2680,,3.95615563333,17.5,-12.9346917667
GRID,2681,,-6.9219209,17.5,6.4205447
GRID,2682,,2.56670003333,17.5,-10.4887434333
GRID,2683,,-4.66404996667,17.5,4.82861203333
GRID,2684,,2.784287,17.5,-9.02131523333
GRID,2685,,-3.95036466667,17.5,3.61739553333
GRID,2686,,1.62487976667,17.5,-6.51372563333
GRID,2687,,-18.537945583,17.5,13.7039502791
GRID,2688,,1.6124184,17.5,-5.10793873333
GRID,2689,,-18.1711972976,17.5,11.8546963
GRID,2690,,1.12419373333,17.5,-2.4108412
GRID,2691,,-14.7580239333,17.5,9.6101386
GRID,2692,,7.5845902,17.5,-17.3858589333
GRID,2693,,-11.9848089,17.5,8.82465053333
GRID,2694,,4.34905723333,17.5,-9.88369306667
GRID,2695,,4.30852236667,17.5,-8.40077483333
GRID,2696,,2.73129076667,17.5,-6.1326101
GRID,2697,,2.4749064,17.5,-4.75034416667
GRID,2698,,12.7329436458,17.5,-19.2178517497
GRID,2699,,13.0207951124,17.5,-17.3546861188
GRID,2700,,1.52575286667,17.5,-2.17900093333
GRID,2701,,10.4883859667,17.5,-15.8046783667
GRID,2702,,10.5811452333,17.5,-14.0781177667
GRID,2703,,8.24382826667,17.5,-12.3915050333
GRID,2704,,8.14149536667,17.5,-10.8015494667
GRID,2705,,5.9992706,17.5,-8.9783317
GRID,2706,,5.7018455,17.5,-7.52498113333
GRID,2707,,3.7547129,17.5,-5.56515833333
GRID,2708,,3.2621956,17.5,-4.2484128
GRID,2709,,15.8766465646,17.5,-16.7148369312
GRID,2710,,15.8365895855,17.5,-14.8299921124
GRID,2711,,1.8809528,17.5,-1.8809528
GRID,2712,,13.0734974,17.5,-13.7432807
GRID,2713,,12.8650333333,17.5,-12.0268429667
GRID,2714,,10.2703482667,17.5,-10.7717244667
GRID,2715,,9.89347713333,17.5,-9.22369383333
GRID,2716,,7.46719913333,17.5,-7.80016826667
GRID,2717,,6.9219209,17.5,-6.4205447
GRID,2718,,4.66404996667,17.5,-4.82861203333
GRID,2719,,3.95036466667,17.5,-3.61739553333
GRID,2720,,18.537945583,17.5,-13.7039502791
GRID,2721,,18.1711972976,17.5,-11.8546963
GRID,2722,,2.17900093333,17.5,-1.52575286667
GRID,2723,,15.2613772333,17.5,-11.2643004
GRID,2724,,14.7580239333,17.5,-9.6101386
GRID,2725,,11.9848089,17.5,-8.82465053333
GRID,2726,,11.3448506,17.5,-7.36558093333
GRID,2727,,8.7082406,17.5,-6.38500066667
GRID,2728,,7.93167726667,17.5,-5.12102323333
GRID,2729,,5.43167226667,17.5,-3.94535076667
GRID,2730,,4.5185039,17.5,-2.87646553333
GRID,2731,,20.635978534,17.5,-10.2766760038
GRID,2732,,19.9536824031,17.5,-8.51920150383
GRID,2733,,2.4108412,17.5,-1.12419373333
GRID,2734,,16.9855478667,17.5,-8.44306
GRID,2735,,16.2025994667,17.5,-6.90143503333
GRID,2736,,13.3351172333,17.5,-6.60944403333
GRID,2737,,9.6846866,17.5,-4.77582803333
GRID,2738,,6.0342559,17.5,-2.94221203333
GRID,2739,,22.1069977194,17.5,-6.53715012144
GRID,2740,,2.5694293,17.5,-0.688476533333
GRID,2741,,17.1548672,17.5,-3.9830349
GRID,2742,,13.1798494667,17.5,-3.04121463333
GRID,2743,,9.20483166667,17.5,-2.09939436667
GRID,2744,,5.2298139,17.5,-1.15757413333
GRID,2745,,21.5399966163,17.5,-2.59899628428
GRID,2746,,18.8488906,17.5,-2.1244817
GRID,2747,,14.7914742667,17.5,-1.6499671
GRID,2748,,10.7340579,17.5,-1.1754525
GRID,2749,,6.67664153333,17.5,-0.7009379
GRID,2750,,-8.9783317,20.5,-5.9992706
GRID,2751,,2.94221203333,20.5,6.0342559
GRID,2752,,-6.45349173333,20.5,1.8496757
GRID,2753,,21.1369418673,20.5,9.20235667049
GRID,2754,,-16.7148369312,20.5,-15.8766465646
GRID,2755,,0.688476533333,20.5,2.5694293
GRID,2756,,-13.4251639333,20.5,-1.6499671
GRID,2757,,7.52498113333,20.5,5.7018455
GRID,2758,,-5.3103312,20.5,-0.7009379
GRID,2759,,14.8299921124,20.5,15.8365895855
GRID,2760,,-17.3858589333,20.5,-7.5845902
GRID,2761,,8.82465053333,20.5,11.9848089
GRID,2762,,-13.3351172333,20.5,6.60944403333
GRID,2763,,10.7750986333,20.5,0.7063549
GRID,2764,,-6.0342559,20.5,2.94221203333
GRID,2765,,22.413796686,20.5,5.39216078811
GRID,2766,,12.4515165667,20.5,-5.28366856667
GRID,2767,,-5.56515833333,20.5,-3.7547129
GRID,2768,,6.53715012144,20.5,22.1069977194
GRID,2769,,-22.9063069496,20.5,2.59899628428
GRID,2770,,2.4108412,20.5,1.12419373333
GRID,2771,,-1.8809528,20.5,-1.8809528
GRID,2772,,3.9830349,20.5,17.1548672
GRID,2773,,-9.36774756667,20.5,-1.1754525
GRID,2774,,4.2484128,20.5,3.2621956
GRID,2775,,-20.7614447031,20.5,-6.29989283716
GRID,2776,,13.7432807,20.5,13.0734974
GRID,2777,,-13.634776,20.5,-5.96682373333
GRID,2778,,6.38500066667,20.5,8.7082406
GRID,2779,,-9.6846866,20.5,4.77582803333
GRID,2780,,6.69692493333,20.5,0.4690976
GRID,2781,,-22.1069977194,20.5,6.53715012144
GRID,2782,,2.5694293,20.5,0.688476533333
GRID,2783,,8.7004336,20.5,-3.66590206667
GRID,2784,,-18.4387789333,20.5,-4.45034053333
GRID,2785,,10.7717244667,20.5,10.2703482667
GRID,2786,,-9.88369306667,20.5,-4.34905723333
GRID,2787,,3.94535076667,20.5,5.43167226667
GRID,2788,,-2.5694293,20.5,0.688476533333
GRID,2789,,16.8480682333,20.5,5.12802423333
GRID,2790,,4.94935063333,20.5,-2.0481356
GRID,2791,,9.80937033333,20.5,-19.3520667976
GRID,2792,,-15.2613772333,20.5,11.2643004
GRID,2793,,-14.4637612,20.5,-3.5085203
GRID,2794,,7.80016826667,20.5,7.46719913333
GRID,2795,,-6.1326101,20.5,-2.73129076667
GRID,2796,,10.2766760038,20.5,20.635978534
GRID,2797,,-17.1548672,20.5,3.9830349
GRID,2798,,12.9346917667,20.5,3.95615563333
GRID,2799,,21.1298849496,20.5,-4.92485511761
GRID,2800,,-10.4887434333,20.5,-2.56670003333
GRID,2801,,4.82861203333,20.5,4.66404996667
GRID,2802,,-19.2178517497,20.5,-12.7329436458
GRID,2803,,1.12419373333,20.5,2.4108412
GRID,2804,,-13.1798494667,20.5,3.04121463333
GRID,2805,,9.02131523333,20.5,2.784287
GRID,2806,,18.1936212333,20.5,-5.36528153333
GRID,2807,,5.96682373333,20.5,-13.634776
GRID,2808,,-8.7082406,20.5,6.38500066667
GRID,2809,,-6.51372563333,20.5,-1.62487976667
GRID,2810,,13.7039502791,20.5,18.537945583
GRID,2811,,-2.17900093333,20.5,-1.52575286667
GRID,2812,,6.90143503333,20.5,16.2025994667
GRID,2813,,-9.20483166667,20.5,2.09939436667
GRID,2814,,5.10793873333,20.5,1.6124184
GRID,2815,,14.2802447667,20.5,-4.19341293333
GRID,2816,,-5.43167226667,20.5,3.94535076667
GRID,2817,,23.0096196496,20.5,1.41812678428
GRID,2818,,-21.1369418673,20.5,-9.20235667049
GRID,2819,,1.52575286667,20.5,2.17900093333
GRID,2820,,-14.0781177667,20.5,-10.5811452333
GRID,2821,,5.28366856667,20.5,12.4515165667
GRID,2822,,-5.2298139,20.5,1.15757413333
GRID,2823,,19.3520667976,20.5,9.80937033333
GRID,2824,,10.3668682667,20.5,-3.0215443
GRID,2825,,-20.635978534,20.5,10.2766760038
GRID,2826,,2.6499466,20.5,0.2318403
GRID,2827,,-2.4108412,20.5,-1.12419373333
GRID,2828,,9.6101386,20.5,14.7580239333
GRID,2829,,-10.8015494667,20.5,-8.14149536667
GRID,2830,,3.66590206667,20.5,8.7004336
GRID,2831,,-21.6640666333,20.5,1.1808695
GRID,2832,,17.3858589333,20.5,7.5845902
GRID,2833,,6.45349173333,20.5,-1.8496757
GRID,2834,,-2.4108412,20.5,1.12419373333
GRID,2835,,17.4825802667,20.5,2.1244817
GRID,2836,,-15.7016361333,20.5,-7.97575436667
GRID,2837,,7.36558093333,20.5,11.3448506
GRID,2838,,-7.52498113333,20.5,-5.7018455
GRID,2839,,2.0481356,20.5,4.94935063333
GRID,2840,,-18.8488906,20.5,2.1244817
GRID,2841,,13.634776,20.5,5.96682373333
GRID,2842,,23.0096196496,20.5,-1.41812678428
GRID,2843,,-16.2025994667,20.5,6.90143503333
GRID,2844,,13.4251639333,20.5,1.6499671
GRID,2845,,-12.0512055,20.5,-6.14213836667
GRID,2846,,5.12102323333,20.5,7.93167726667
GRID,2847,,-4.2484128,20.5,-3.2621956
GRID,2848,,4.92485511761,20.5,21.1298849496
GRID,2849,,-14.7914742667,20.5,1.6499671
GRID,2850,,9.88369306667,20.5,4.34905723333
GRID,2851,,2.6499466,20.5,-0.2318403
GRID,2852,,-12.4515165667,20.5,5.28366856667
GRID,2853,,9.36774756667,20.5,1.1754525
GRID,2854,,-8.40077483333,20.5,-4.30852236667
GRID,2855,,2.87646553333,20.5,4.5185039
GRID,2856,,-10.7340579,20.5,1.1754525
GRID,2857,,6.1326101,20.5,2.73129076667
GRID,2858,,17.5858929667,20.5,-0.9436122
GRID,2859,,-8.7004336,20.5,3.66590206667
GRID,2860,,5.3103312,20.5,0.7009379
GRID,2861,,-4.75034416667,20.5,-2.4749064
GRID,2862,,8.51920150383,20.5,19.9536824031
GRID,2863,,-6.67664153333,20.5,0.7009379
GRID,2864,,19.2178517497,20.5,12.7329436458
GRID,2865,,13.5077193,20.5,-0.7063549
GRID,2866,,-4.94935063333,20.5,2.0481356
GRID,2867,,20.7614447031,20.5,6.29989283716
GRID,2868,,-17.3546861188,20.5,-13.0207951124
GRID,2869,,8.44306,20.5,16.9855478667
GRID,2870,,-23.0096196496,20.5,-1.41812678428
GRID,2871,,2.17900093333,20.5,1.52575286667
GRID,2872,,9.4295456,20.5,-0.4690976
GRID,2873,,-22.413796686,20.5,-5.39216078811
GRID,2874,,1.8809528,20.5,1.8809528
GRID,2875,,9.20235667049,20.5,-21.1369418673
GRID,2876,,-2.17900093333,20.5,1.52575286667
GRID,2877,,-21.1298849496,20.5,4.92485511761
GRID,2878,,18.4387789333,20.5,4.45034053333
GRID,2879,,-15.8046783667,20.5,-10.4883859667
GRID,2880,,6.60944403333,20.5,13.3351172333
GRID,2881,,-2.6499466,20.5,-0.2318403
GRID,2882,,14.0781177667,20.5,10.5811452333
GRID,2883,,5.35137193333,20.5,-0.2318403
GRID,2884,,-18.1936212333,20.5,5.36528153333
GRID,2885,,14.4637612,20.5,3.5085203
GRID,2886,,-12.3915050333,20.5,-8.24382826667
GRID,2887,,4.77582803333,20.5,9.6846866
GRID,2888,,-17.4825802667,20.5,-2.1244817
GRID,2889,,10.8015494667,20.5,8.14149536667
GRID,2890,,-16.8480682333,20.5,-5.12802423333
GRID,2891,,9.22369383333,20.5,9.89347713333
GRID,2892,,7.97575436667,20.5,-15.7016361333
GRID,2893,,-11.3448506,20.5,7.36558093333
GRID,2894,,-14.2802447667,20.5,4.19341293333
GRID,2895,,10.4887434333,20.5,2.56670003333
GRID,2896,,-10.3668682667,20.5,3.0215443
GRID,2897,,6.51372563333,20.5,1.62487976667
GRID,2898,,-12.9346917667,20.5,-3.95615563333
GRID,2899,,6.4205447,20.5,6.9219209
GRID,2900,,6.14213836667,20.5,-12.0512055
GRID,2901,,-7.93167726667,20.5,5.12102323333
GRID,2902,,-9.02131523333,20.5,-2.784287
GRID,2903,,3.61739553333,20.5,3.95036466667
GRID,2904,,-4.5185039,20.5,2.87646553333
GRID,2905,,21.5399966163,20.5,2.59899628428
GRID,2906,,-5.10793873333,20.5,-1.6124184
GRID,2907,,11.8546963,20.5,18.1711972976
GRID,2908,,-19.9536824031,20.5,8.51920150383
GRID,2909,,18.9314459667,20.5,1.1808695
GRID,2910,,-19.3520667976,20.5,-9.80937033333
GRID,2911,,11.2643004,20.5,15.2613772333
GRID,2912,,-16.9855478667,20.5,8.44306
GRID,2913,,14.8532723,20.5,0.9436122
GRID,2914,,-2.6499466,20.5,0.2318403
GRID,2915,,15.7016361333,20.5,7.97575436667
GRID,2916,,-17.5858929667,20.5,0.9436122
GRID,2917,,12.0512055,20.5,6.14213836667
GRID,2918,,-13.5077193,20.5,0.7063549
GRID,2919,,8.40077483333,20.5,4.30852236667
GRID,2920,,-9.4295456,20.5,0.4690976
GRID,2921,,4.75034416667,20.5,2.4749064
GRID,2922,,-5.35137193333,20.5,0.2318403
GRID,2923,,17.3546861188,20.5,13.0207951124
GRID,2924,,-21.5399966163,20.5,-2.59899628428
GRID,2925,,15.8046783667,20.5,10.4883859667
GRID,2926,,-18.9314459667,20.5,-1.1808695
GRID,2927,,12.3915050333,20.5,8.24382826667
GRID,2928,,-14.8532723,20.5,-0.9436122
GRID,2929,,8.9783317,20.5,5.9992706
GRID,2930,,-10.7750986333,20.5,-0.7063549
GRID,2931,,5.56515833333,20.5,3.7547129
GRID,2932,,-6.69692493333,20.5,-0.4690976
GRID,2933,,16.7148369312,20.5,15.8766465646
GRID,2934,,-2.5694293,20.5,-0.688476533333
GRID,2935,,12.0268429667,20.5,12.8650333333
GRID,2936,,-14.8299921124,20.5,-15.8365895855
GRID,2937,,5.36528153333,20.5,18.1936212333
GRID,2938,,-13.7432807,20.5,-13.0734974
GRID,2939,,4.19341293333,20.5,14.2802447667
GRID,2940,,-12.0268429667,20.5,-12.8650333333
GRID,2941,,3.04121463333,20.5,13.1798494667
GRID,2942,,-10.7717244667,20.5,-10.2703482667
GRID,2943,,3.0215443,20.5,10.3668682667
GRID,2944,,-9.22369383333,20.5,-9.89347713333
GRID,2945,,2.09939436667,20.5,9.20483166667
GRID,2946,,-7.80016826667,20.5,-7.46719913333
GRID,2947,,1.8496757,20.5,6.45349173333
GRID,2948,,-6.4205447,20.5,-6.9219209
GRID,2949,,1.15757413333,20.5,5.2298139
GRID,2950,,-4.82861203333,20.5,-4.66404996667
GRID,2951,,2.59899628428,20.5,22.9063069496
GRID,2952,,-3.61739553333,20.5,-3.95036466667
GRID,2953,,1.1808695,20.5,21.6640666333
GRID,2954,,-13.7039502791,20.5,-18.537945583
GRID,2955,,0.2318403,20.5,2.6499466
GRID,2956,,-11.8546963,20.5,-18.1711972976
GRID,2957,,2.1244817,20.5,18.8488906
GRID,2958,,-1.52575286667,20.5,-2.17900093333
GRID,2959,,0.9436122,20.5,17.5858929667
GRID,2960,,-11.2643004,20.5,-15.2613772333
GRID,2961,,1.6499671,20.5,14.7914742667
GRID,2962,,-9.6101386,20.5,-14.7580239333
GRID,2963,,0.7063549,20.5,13.5077193
GRID,2964,,-8.82465053333,20.5,-11.9848089
GRID,2965,,1.1754525,20.5,10.7340579
GRID,2966,,-7.36558093333,20.5,-11.3448506
GRID,2967,,0.4690976,20.5,9.4295456
GRID,2968,,-6.38500066667,20.5,-8.7082406
GRID,2969,,0.7009379,20.5,6.67664153333
GRID,2970,,-5.12102323333,20.5,-7.93167726667
GRID,2971,,0.2318403,20.5,5.35137193333
GRID,2972,,-3.94535076667,20.5,-5.43167226667
GRID,2973,,-1.41812678428,20.5,23.0096196496
GRID,2974,,-2.87646553333,20.5,-4.5185039
GRID,2975,,-2.59899628428,20.5,21.5399966163
GRID,2976,,-10.2766760038,20.5,-20.635978534
GRID,2977,,-0.2318403,20.5,2.6499466
GRID,2978,,-8.51920150383,20.5,-19.9536824031
GRID,2979,,-1.1808695,20.5,18.9314459667
GRID,2980,,-1.12419373333,20.5,-2.4108412
GRID,2981,,-2.1244817,20.5,17.4825802667
GRID,2982,,-8.44306,20.5,-16.9855478667
GRID,2983,,-0.9436122,20.5,14.8532723
GRID,2984,,-6.90143503333,20.5,-16.2025994667
GRID,2985,,-1.6499671,20.5,13.4251639333
GRID,2986,,-6.60944403333,20.5,-13.3351172333
GRID,2987,,-0.7063549,20.5,10.7750986333
GRID,2988,,-5.28366856667,20.5,-12.4515165667
GRID,2989,,-1.1754525,20.5,9.36774756667
GRID,2990,,-4.77582803333,20.5,-9.6846866
GRID,2991,,-0.4690976,20.5,6.69692493333
GRID,2992,,-3.66590206667,20.5,-8.7004336
GRID,2993,,-0.7009379,20.5,5.3103312
GRID,2994,,-2.94221203333,20.5,-6.0342559
GRID,2995,,-5.39216078811,20.5,22.413796686
GRID,2996,,-2.0481356,20.5,-4.94935063333
GRID,2997,,-6.29989283716,20.5,20.7614447031
GRID,2998,,-6.53715012144,20.5,-22.1069977194
GRID,2999,,-0.688476533333,20.5,2.5694293
GRID,3000,,-4.92485511761,20.5,-21.1298849496
GRID,3001,,-4.45034053333,20.5,18.4387789333
GRID,3002,,-0.688476533333,20.5,-2.5694293
GRID,3003,,-5.12802423333,20.5,16.8480682333
GRID,3004,,-5.36528153333,20.5,-18.1936212333
GRID,3005,,-3.5085203,20.5,14.4637612
GRID,3006,,-3.9830349,20.5,-17.1548672
GRID,3007,,-3.95615563333,20.5,12.9346917667
GRID,3008,,-4.19341293333,20.5,-14.2802447667
GRID,3009,,-2.56670003333,20.5,10.4887434333
GRID,3010,,-3.04121463333,20.5,-13.1798494667
GRID,3011,,-2.784287,20.5,9.02131523333
GRID,3012,,-3.0215443,20.5,-10.3668682667
GRID,3013,,-1.62487976667,20.5,6.51372563333
GRID,3014,,-2.09939436667,20.5,-9.20483166667
GRID,3015,,-1.6124184,20.5,5.10793873333
GRID,3016,,-1.8496757,20.5,-6.45349173333
GRID,3017,,-9.20235667049,20.5,21.1369418673
GRID,3018,,-1.15757413333,20.5,-5.2298139
GRID,3019,,-9.80937033333,20.5,19.3520667976
GRID,3020,,-2.59899628428,20.5,-22.9063069496
GRID,3021,,-1.12419373333,20.5,2.4108412
GRID,3022,,-1.1808695,20.5,-21.6640666333
GRID,3023,,-7.5845902,20.5,17.3858589333
GRID,3024,,-0.2318403,20.5,-2.6499466
GRID,3025,,-7.97575436667,20.5,15.7016361333
GRID,3026,,-1.1808695,20.5,-18.9314459667
GRID,3027,,-5.96682373333,20.5,13.634776
GRID,3028,,-2.1244817,20.5,-17.4825802667
GRID,3029,,-6.14213836667,20.5,12.0512055
GRID,3030,,-0.9436122,20.5,-14.8532723
GRID,3031,,-4.34905723333,20.5,9.88369306667
GRID,3032,,-1.6499671,20.5,-13.4251639333
GRID,3033,,-4.30852236667,20.5,8.40077483333
GRID,3034,,-0.7063549,20.5,-10.7750986333
GRID,3035,,-2.73129076667,20.5,6.1326101
GRID,3036,,-1.1754525,20.5,-9.36774756667
GRID,3037,,-2.4749064,20.5,4.75034416667
GRID,3038,,-0.4690976,20.5,-6.69692493333
GRID,3039,,-12.7329436458,20.5,19.2178517497
GRID,3040,,-0.7009379,20.5,-5.3103312
GRID,3041,,-13.0207951124,20.5,17.3546861188
GRID,3042,,1.41812678428,20.5,-23.0096196496
GRID,3043,,-1.52575286667,20.5,2.17900093333
GRID,3044,,2.59899628428,20.5,-21.5399966163
GRID,3045,,-10.4883859667,20.5,15.8046783667
GRID,3046,,0.2318403,20.5,-2.6499466
GRID,3047,,-10.5811452333,20.5,14.0781177667
GRID,3048,,1.1808695,20.5,-18.9314459667
GRID,3049,,-8.24382826667,20.5,12.3915050333
GRID,3050,,2.1244817,20.5,-17.4825802667
GRID,3051,,-8.14149536667,20.5,10.8015494667
GRID,3052,,0.9436122,20.5,-14.8532723
GRID,3053,,-5.9992706,20.5,8.9783317
GRID,3054,,1.6499671,20.5,-13.4251639333
GRID,3055,,-5.7018455,20.5,7.52498113333
GRID,3056,,0.7063549,20.5,-10.7750986333
GRID,3057,,-3.7547129,20.5,5.56515833333
GRID,3058,,1.1754525,20.5,-9.36774756667
GRID,3059,,-3.2621956,20.5,4.2484128
GRID,3060,,0.4690976,20.5,-6.69692493333
GRID,3061,,-15.8766465646,20.5,16.7148369312
GRID,3062,,0.7009379,20.5,-5.3103312
GRID,3063,,-15.8365895855,20.5,14.8299921124
GRID,3064,,5.39216078811,20.5,-22.413796686
GRID,3065,,-1.8809528,20.5,1.8809528
GRID,3066,,6.29989283716,20.5,-20.7614447031
GRID,3067,,-13.0734974,20.5,13.7432807
GRID,3068,,0.688476533333,20.5,-2.5694293
GRID,3069,,-12.8650333333,20.5,12.0268429667
GRID,3070,,4.45034053333,20.5,-18.4387789333
GRID,3071,,-10.2703482667,20.5,10.7717244667
GRID,3072,,5.12802423333,20.5,-16.8480682333
GRID,3073,,-9.89347713333,20.5,9.22369383333
GRID,3074,,3.5085203,20.5,-14.4637612
GRID,3075,,-7.46719913333,20.5,7.80016826667
GRID,3076,,3.95615563333,20.5,-12.9346917667
GRID,3077,,-6.9219209,20.5,6.4205447
GRID,3078,,2.56670003333,20.5,-10.4887434333
GRID,3079,,-4.66404996667,20.5,4.82861203333
GRID,3080,,2.784287,20.5,-9.02131523333
GRID,3081,,-3.95036466667,20.5,3.61739553333
GRID,3082,,1.62487976667,20.5,-6.51372563333
GRID,3083,,-18.537945583,20.5,13.7039502791
GRID,3084,,1.6124184,20.5,-5.10793873333
GRID,3085,,-18.1711972976,20.5,11.8546963
GRID,3086,,1.12419373333,20.5,-2.4108412
GRID,3087,,-14.7580239333,20.5,9.6101386
GRID,3088,,7.5845902,20.5,-17.3858589333
GRID,3089,,-11.9848089,20.5,8.82465053333
GRID,3090,,4.34905723333,20.5,-9.88369306667
GRID,3091,,4.30852236667,20.5,-8.40077483333
GRID,3092,,2.73129076667,20.5,-6.1326101
GRID,3093,,2.4749064,20.5,-4.75034416667
GRID,3094,,12.7329436458,20.5,-19.2178517497
GRID,3095,,13.0207951124,20.5,-17.3546861188
GRID,3096,,1.52575286667,20.5,-2.17900093333
GRID,3097,,10.4883859667,20.5,-15.8046783667
GRID,3098,,10.5811452333,20.5,-14.0781177667
GRID,3099,,8.24382826667,20.5,-12.3915050333
GRID,3100,,8.14149536667,20.5,-10.8015494667
GRID,3101,,5.9992706,20.5,-8.9783317
GRID,3102,,5.7018455,20.5,-7.52498113333
GRID,3103,,3.7547129,20.5,-5.56515833333
GRID,3104,,3.2621956,20.5,-4.2484128
GRID,3105,,15.8766465646,20.5,-16.7148369312
GRID,3106,,15.8365895855,20.5,-14.8299921124
GRID,3107,,1.8809528,20.5,-1.8809528
GRID,3108,,13.0734974,20.5,-13.7432807
GRID,3109,,12.8650333333,20.5,-12.0268429667
GRID,3110,,10.2703482667,20.5,-10.7717244667
GRID,3111,,9.89347713333,20.5,-9.22369383333
GRID,3112,,7.46719913333,20.5,-7.80016826667
GRID,3113,,6.9219209,20.5,-6.4205447
GRID,3114,,4.66404996667,20.5,-4.82861203333
GRID,3115,,3.95036466667,20.5,-3.61739553333
GRID,3116,,18.537945583,20.5,-13.7039502791
GRID,3117,,18.1711972976,20.5,-11.8546963
GRID,3118,,2.17900093333,20.5,-1.52575286667
GRID,3119,,15.2613772333,20.5,-11.2643004
GRID,3120,,14.7580239333,20.5,-9.6101386
GRID,3121,,11.9848089,20.5,-8.82465053333
GRID,3122,,11.3448506,20.5,-7.36558093333
GRID,3123,,8.7082406,20.5,-6.38500066667
GRID,3124,,7.93167726667,20.5,-5.12102323333
GRID,3125,,5.43167226667,20.5,-3.94535076667
GRID,3126,,4.5185039,20.5,-2.87646553333
GRID,3127,,20.635978534,20.5,-10.2766760038
GRID,3128,,19.9536824031,20.5,-8.51920150383
GRID,3129,,2.4108412,20.5,-1.12419373333
GRID,3130,,16.9855478667,20.5,-8.44306
GRID,3131,,16.2025994667,20.5,-6.90143503333
GRID,3132,,13.3351172333,20.5,-6.60944403333
GRID,3133,,9.6846866,20.5,-4.77582803333
GRID,3134,,6.0342559,20.5,-2.94221203333
GRID,3135,,22.1069977194,20.5,-6.53715012144
GRID,3136,,2.5694293,20.5,-0.688476533333
GRID,3137,,17.1548672,20.5,-3.9830349
GRID,3138,,13.1798494667,20.5,-3.04121463333
GRID,3139,,9.20483166667,20.5,-2.09939436667
GRID,3140,,5.2298139,20.5,-1.15757413333
GRID,3141,,21.5399966163,20.5,-2.59899628428
GRID,3142,,18.8488906,20.5,-2.1244817
GRID,3143,,14.7914742667,20.5,-1.6499671
GRID,3144,,10.7340579,20.5,-1.1754525
GRID,3145,,6.67664153333,20.5,-0.7009379
GRID,3146,,-8.9783317,23.5,-5.9992706
GRID,3147,,2.94221203333,23.5,6.0342559
GRID,3148,,-6.45349173333,23.5,1.8496757
GRID,3149,,21.1369418673,23.5,9.20235667049
GRID,3150,,-16.7148369312,23.5,-15.8766465646
GRID,3151,,0.688476533333,23.5,2.5694293
GRID,3152,,-13.4251639333,23.5,-1.6499671
GRID,3153,,7.52498113333,23.5,5.7018455
GRID,3154,,-5.3103312,23.5,-0.7009379
GRID,3155,,14.8299921124,23.5,15.8365895855
GRID,3156,,-17.3858589333,23.5,-7.5845902
GRID,3157,,8.82465053333,23.5,11.9848089
GRID,3158,,-13.3351172333,23.5,6.60944403333
GRID,3159,,10.7750986333,23.5,0.7063549
GRID,3160,,-6.0342559,23.5,2.94221203333
GRID,3161,,22.413796686,23.5,5.39216078811
GRID,3162,,12.4515165667,23.5,-5.28366856667
GRID,3163,,-5.56515833333,23.5,-3.7547129
GRID,3164,,6.53715012144,23.5,22.1069977194
GRID,3165,,-22.9063069496,23.5,2.59899628428
GRID,3166,,2.4108412,23.5,1.12419373333
GRID,3167,,-1.8809528,23.5,-1.8809528
GRID,3168,,3.9830349,23.5,17.1548672
GRID,3169,,-9.36774756667,23.5,-1.1754525
GRID,3170,,4.2484128,23.5,3.2621956
GRID,3171,,-20.7614447031,23.5,-6.29989283716
GRID,3172,,13.7432807,23.5,13.0734974
GRID,3173,,-13.634776,23.5,-5.96682373333
GRID,3174,,6.38500066667,23.5,8.7082406
GRID,3175,,-9.6846866,23.5,4.77582803333
GRID,3176,,6.69692493333,23.5,0.4690976
GRID,3177,,-22.1069977194,23.5,6.53715012144
GRID,3178,,2.5694293,23.5,0.688476533333
GRID,3179,,8.7004336,23.5,-3.66590206667
GRID,3180,,-18.4387789333,23.5,-4.45034053333
GRID,3181,,10.7717244667,23.5,10.2703482667
GRID,3182,,-9.88369306667,23.5,-4.34905723333
GRID,3183,,3.94535076667,23.5,5.43167226667
GRID,3184,,-2.5694293,23.5,0.688476533333
GRID,3185,,16.8480682333,23.5,5.12802423333
GRID,3186,,4.94935063333,23.5,-2.0481356
GRID,3187,,9.80937033333,23.5,-19.3520667976
GRID,3188,,-15.2613772333,23.5,11.2643004
GRID,3189,,-14.4637612,23.5,-3.5085203
GRID,3190,,7.80016826667,23.5,7.46719913333
GRID,3191,,-6.1326101,23.5,-2.73129076667
GRID,3192,,10.2766760038,23.5,20.635978534
GRID,3193,,-17.1548672,23.5,3.9830349
GRID,3194,,12.9346917667,23.5,3.95615563333
GRID,3195,,21.1298849496,23.5,-4.92485511761
GRID,3196,,-10.4887434333,23.5,-2.56670003333
GRID,3197,,4.82861203333,23.5,4.66404996667
GRID,3198,,-19.2178517497,23.5,-12.7329436458
GRID,3199,,1.12419373333,23.5,2.4108412
GRID,3200,,-13.1798494667,23.5,3.04121463333
GRID,3201,,9.02131523333,23.5,2.784287
GRID,3202,,18.1936212333,23.5,-5.36528153333
GRID,3203,,5.96682373333,23.5,-13.634776
GRID,3204,,-8.7082406,23.5,6.38500066667
GRID,3205,,-6.51372563333,23.5,-1.62487976667
GRID,3206,,13.7039502791,23.5,18.537945583
GRID,3207,,-2.17900093333,23.5,-1.52575286667
GRID,3208,,6.90143503333,23.5,16.2025994667
GRID,3209,,-9.20483166667,23.5,2.09939436667
GRID,3210,,5.10793873333,23.5,1.6124184
GRID,3211,,14.2802447667,23.5,-4.19341293333
GRID,3212,,-5.43167226667,23.5,3.94535076667
GRID,3213,,23.0096196496,23.5,1.41812678428
GRID,3214,,-21.1369418673,23.5,-9.20235667049
GRID,3215,,1.52575286667,23.5,2.17900093333
GRID,3216,,-14.0781177667,23.5,-10.5811452333
GRID,3217,,5.28366856667,23.5,12.4515165667
GRID,3218,,-5.2298139,23.5,1.15757413333
GRID,3219,,19.3520667976,23.5,9.80937033333
GRID,3220,,10.3668682667,23.5,-3.0215443
GRID,3221,,-20.635978534,23.5,10.2766760038
GRID,3222,,2.6499466,23.5,0.2318403
GRID,3223,,-2.4108412,23.5,-1.12419373333
GRID,3224,,9.6101386,23.5,14.7580239333
GRID,3225,,-10.8015494667,23.5,-8.14149536667
GRID,3226,,3.66590206667,23.5,8.7004336
GRID,3227,,-21.6640666333,23.5,1.1808695
GRID,3228,,17.3858589333,23.5,7.5845902
GRID,3229,,6.45349173333,23.5,-1.8496757
GRID,3230,,-2.4108412,23.5,1.12419373333
GRID,3231,,17.4825802667,23.5,2.1244817
GRID,3232,,-15.7016361333,23.5,-7.97575436667
GRID,3233,,7.36558093333,23.5,11.3448506
GRID,3234,,-7.52498113333,23.5,-5.7018455
GRID,3235,,2.0481356,23.5,4.94935063333
GRID,3236,,-18.8488906,23.5,2.1244817
GRID,3237,,13.634776,23.5,5.96682373333
GRID,3238,,23.0096196496,23.5,-1.41812678428
GRID,3239,,-16.2025994667,23.5,6.90143503333
GRID,3240,,13.4251639333,23.5,1.6499671
GRID,3241,,-12.0512055,23.5,-6.14213836667
GRID,3242,,5.12102323333,23.5,7.93167726667
GRID,3243,,-4.2484128,23.5,-3.2621956
GRID,3244,,4.92485511761,23.5,21.1298849496
GRID,3245,,-14.7914742667,23.5,1.6499671
GRID,3246,,9.88369306667,23.5,4.34905723333
GRID,3247,,2.6499466,23.5,-0.2318403
GRID,3248,,-12.4515165667,23.5,5.28366856667
GRID,3249,,9.36774756667,23.5,1.1754525
GRID,3250,,-8.40077483333,23.5,-4.30852236667
GRID,3251,,2.87646553333,23.5,4.5185039
GRID,3252,,-10.7340579,23.5,1.1754525
GRID,3253,,6.1326101,23.5,2.73129076667
GRID,3254,,17.5858929667,23.5,-0.9436122
GRID,3255,,-8.7004336,23.5,3.66590206667
GRID,3256,,5.3103312,23.5,0.7009379
GRID,3257,,-4.75034416667,23.5,-2.4749064
GRID,3258,,8.51920150383,23.5,19.9536824031
GRID,3259,,-6.67664153333,23.5,0.7009379
GRID,3260,,19.2178517497,23.5,12.7329436458
GRID,3261,,13.5077193,23.5,-0.7063549
GRID,3262,,-4.94935063333,23.5,2.0481356
GRID,3263,,20.7614447031,23.5,6.29989283716
GRID,3264,,-17.3546861188,23.5,-13.0207951124
GRID,3265,,8.44306,23.5,16.9855478667
GRID,3266,,-23.0096196496,23.5,-1.41812678428
GRID,3267,,2.17900093333,23.5,1.52575286667
GRID,3268,,9.4295456,23.5,-0.4690976
GRID,3269,,-22.413796686,23.5,-5.39216078811
GRID,3270,,1.8809528,23.5,1.8809528
GRID,3271,,9.20235667049,23.5,-21.1369418673
GRID,3272,,-2.17900093333,23.5,1.52575286667
GRID,3273,,-21.1298849496,23.5,4.92485511761
GRID,3274,,18.4387789333,23.5,4.45034053333
GRID,3275,,-15.8046783667,23.5,-10.4883859667
GRID,3276,,6.60944403333,23.5,13.3351172333
GRID,3277,,-2.6499466,23.5,-0.2318403
GRID,3278,,14.0781177667,23.5,10.5811452333
GRID,3279,,5.35137193333,23.5,-0.2318403
GRID,3280,,-18.1936212333,23.5,5.36528153333
GRID,3281,,14.4637612,23.5,3.5085203
GRID,3282,,-12.3915050333,23.5,-8.24382826667
GRID,3283,,4.77582803333,23.5,9.6846866
GRID,3284,,-17.4825802667,23.5,-2.1244817
GRID,3285,,10.8015494667,23.5,8.14149536667
GRID,3286,,-16.8480682333,23.5,-5.12802423333
GRID,3287,,9.22369383333,23.5,9.89347713333
GRID,3288,,7.97575436667,23.5,-15.7016361333
GRID,3289,,-11.3448506,23.5,7.36558093333
GRID,3290,,-14.2802447667,23.5,4.19341293333
GRID,3291,,10.4887434333,23.5,2.56670003333
GRID,3292,,-10.3668682667,23.5,3.0215443
GRID,3293,,6.51372563333,23.5,1.62487976667
GRID,3294,,-12.9346917667,23.5,-3.95615563333
GRID,3295,,6.4205447,23.5,6.9219209
GRID,3296,,6.14213836667,23.5,-12.0512055
GRID,3297,,-7.93167726667,23.5,5.12102323333
GRID,3298,,-9.02131523333,23.5,-2.784287
GRID,3299,,3.61739553333,23.5,3.95036466667
GRID,3300,,-4.5185039,23.5,2.87646553333
GRID,3301,,21.5399966163,23.5,2.59899628428
GRID,3302,,-5.10793873333,23.5,-1.6124184
GRID,3303,,11.8546963,23.5,18.1711972976
GRID,3304,,-19.9536824031,23.5,8.51920150383
GRID,3305,,18.9314459667,23.5,1.1808695
GRID,3306,,-19.3520667976,23.5,-9.80937033333
GRID,3307,,11.2643004,23.5,15.2613772333
GRID,3308,,-16.9855478667,23.5,8.44306
GRID,3309,,14.8532723,23.5,0.9436122
GRID,3310,,-2.6499466,23.5,0.2318403
GRID,3311,,15.7016361333,23.5,7.97575436667
GRID,3312,,-17.5858929667,23.5,0.9436122
GRID,3313,,12.0512055,23.5,6.14213836667
GRID,3314,,-13.5077193,23.5,0.7063549
GRID,3315,,8.40077483333,23.5,4.30852236667
GRID,3316,,-9.4295456,23.5,0.4690976
GRID,3317,,4.75034416667,23.5,2.4749064
GRID,3318,,-5.35137193333,23.5,0.2318403
GRID,3319,,17.3546861188,23.5,13.0207951124
GRID,3320,,-21.5399966163,23.5,-2.59899628428
GRID,3321,,15.8046783667,23.5,10.4883859667
GRID,3322,,-18.9314459667,23.5,-1.1808695
GRID,3323,,12.3915050333,23.5,8.24382826667
GRID,3324,,-14.8532723,23.5,-0.9436122
GRID,3325,,8.9783317,23.5,5.9992706
GRID,3326,,-10.7750986333,23.5,-0.7063549
GRID,3327,,5.56515833333,23.5,3.7547129
GRID,3328,,-6.69692493333,23.5,-0.4690976
GRID,3329,,16.7148369312,23.5,15.8766465646
GRID,3330,,-2.5694293,23.5,-0.688476533333
GRID,3331,,12.0268429667,23.5,12.8650333333
GRID,3332,,-14.8299921124,23.5,-15.8365895855
GRID,3333,,5.36528153333,23.5,18.1936212333
GRID,3334,,-13.7432807,23.5,-13.0734974
GRID,3335,,4.19341293333,23.5,14.2802447667
GRID,3336,,-12.0268429667,23.5,-12.8650333333
GRID,3337,,3.04121463333,23.5,13.1798494667
GRID,3338,,-10.7717244667,23.5,-10.2703482667
GRID,3339,,3.0215443,23.5,10.3668682667
GRID,3340,,-9.22369383333,23.5,-9.89347713333
GRID,3341,,2.09939436667,23.5,9.20483166667
GRID,3342,,-7.80016826667,23.5,-7.46719913333
GRID,3343,,1.8496757,23.5,6.45349173333
GRID,3344,,-6.4205447,23.5,-6.9219209
GRID,3345,,1.15757413333,23.5,5.2298139
GRID,3346,,-4.82861203333,23.5,-4.66404996667
GRID,3347,,2.59899628428,23.5,22.9063069496
GRID,3348,,-3.61739553333,23.5,-3.95036466667
GRID,3349,,1.1808695,23.5,21.6640666333
GRID,3350,,-13.7039502791,23.5,-18.537945583
GRID,3351,,0.2318403,23.5,2.6499466
GRID,3352,,-11.8546963,23.5,-18.1711972976
GRID,3353,,2.1244817,23.5,18.8488906
GRID,3354,,-1.52575286667,23.5,-2.17900093333
GRID,3355,,0.9436122,23.5,17.5858929667
GRID,3356,,-11.2643004,23.5,-15.2613772333
GRID,3357,,1.6499671,23.5,14.7914742667
GRID,3358,,-9.6101386,23.5,-14.7580239333
GRID,3359,,0.7063549,23.5,13.5077193
GRID,3360,,-8.82465053333,23.5,-11.9848089
GRID,3361,,1.1754525,23.5,10.7340579
GRID,3362,,-7.36558093333,23.5,-11.3448506
GRID,3363,,0.4690976,23.5,9.4295456
GRID,3364,,-6.38500066667,23.5,-8.7082406
GRID,3365,,0.7009379,23.5,6.67664153333
GRID,3366,,-5.12102323333,23.5,-7.93167726667
GRID,3367,,0.2318403,23.5,5.35137193333
GRID,3368,,-3.94535076667,23.5,-5.43167226667
GRID,3369,,-1.41812678428,23.5,23.0096196496
GRID,3370,,-2.87646553333,23.5,-4.5185039
GRID,3371,,-2.59899628428,23.5,21.5399966163
GRID,3372,,-10.2766760038,23.5,-20.635978534
GRID,3373,,-0.2318403,23.5,2.6499466
GRID,3374,,-8.51920150383,23.5,-19.9536824031
GRID,3375,,-1.1808695,23.5,18.9314459667
GRID,3376,,-1.12419373333,23.5,-2.4108412
GRID,3377,,-2.1244817,23.5,17.4825802667
GRID,3378,,-8.44306,23.5,-16.9855478667
GRID,3379,,-0.9436122,23.5,14.8532723
GRID,3380,,-6.90143503333,23.5,-16.2025994667
GRID,3381,,-1.6499671,23.5,13.4251639333
GRID,3382,,-6.60944403333,23.5,-13.3351172333
GRID,3383,,-0.7063549,23.5,10.7750986333
GRID,3384,,-5.28366856667,23.5,-12.4515165667
GRID,3385,,-1.1754525,23.5,9.36774756667
GRID,3386,,-4.77582803333,23.5,-9.6846866
GRID,3387,,-0.4690976,23.5,6.69692493333
GRID,3388,,-3.66590206667,23.5,-8.7004336
GRID,3389,,-0.7009379,23.5,5.3103312
GRID,3390,,-2.94221203333,23.5,-6.0342559
GRID,3391,,-5.39216078811,23.5,22.413796686
GRID,3392,,-2.0481356,23.5,-4.94935063333
GRID,3393,,-6.29989283716,23.5,20.7614447031
GRID,3394,,-6.53715012144,23.5,-22.1069977194
GRID,3395,,-0.688476533333,23.5,2.5694293
GRID,3396,,-4.92485511761,23.5,-21.1298849496
GRID,3397,,-4.45034053333,23.5,18.4387789333
GRID,3398,,-0.688476533333,23.5,-2.5694293
GRID,3399,,-5.12802423333,23.5,16.8480682333
GRID,3400,,-5.36528153333,23.5,-18.1936212333
GRID,3401,,-3.5085203,23.5,14.4637612
GRID,3402,,-3.9830349,23.5,-17.1548672
GRID,3403,,-3.95615563333,23.5,12.9346917667
GRID,3404,,-4.19341293333,23.5,-14.2802447667
GRID,3405,,-2.56670003333,23.5,10.4887434333
GRID,3406,,-3.04121463333,23.5,-13.1798494667
GRID,3407,,-2.784287,23.5,9.02131523333
GRID,3408,,-3.0215443,23.5,-10.3668682667
GRID,3409,,-1.62487976667,23.5,6.51372563333
GRID,3410,,-2.09939436667,23.5,-9.20483166667
GRID,3411,,-1.6124184,23.5,5.10793873333
GRID,3412,,-1.8496757,23.5,-6.45349173333
GRID,3413,,-9.20235667049,23.5,21.1369418673
GRID,3414,,-1.15757413333,23.5,-5.2298139
GRID,3415,,-9.80937033333,23.5,19.3520667976
GRID,3416,,-2.59899628428,23.5,-22.9063069496
GRID,3417,,-1.12419373333,23.5,2.4108412
GRID,3418,,-1.1808695,23.5,-21.6640666333
GRID,3419,,-7.5845902,23.5,17.3858589333
GRID,3420,,-0.2318403,23.5,-2.6499466
GRID,3421,,-7.97575436667,23.5,15.7016361333
GRID,3422,,-1.1808695,23.5,-18.9314459667
GRID,3423,,-5.96682373333,23.5,13.634776
GRID,3424,,-2.1244817,23.5,-17.4825802667
GRID,3425,,-6.14213836667,23.5,12.0512055
GRID,3426,,-0.9436122,23.5,-14.8532723
GRID,3427,,-4.34905723333,23.5,9.88369306667
GRID,3428,,-1.6499671,23.5,-13.4251639333
GRID,3429,,-4.30852236667,23.5,8.40077483333
GRID,3430,,-0.7063549,23.5,-10.7750986333
GRID,3431,,-2.73129076667,23.5,6.1326101
GRID,3432,,-1.1754525,23.5,-9.36774756667
GRID,3433,,-2.4749064,23.5,4.75034416667
GRID,3434,,-0.4690976,23.5,-6.69692493333
GRID,3435,,-12.7329436458,23.5,19.2178517497
GRID,3436,,-0.7009379,23.5,-5.3103312
GRID,3437,,-13.0207951124,23.5,17.3546861188
GRID,3438,,1.41812678428,23.5,-23.0096196496
GRID,3439,,-1.52575286667,23.5,2.17900093333
GRID,3440,,2.59899628428,23.5,-21.5399966163
GRID,3441,,-10.4883859667,23.5,15.8046783667
GRID,3442,,0.2318403,23.5,-2.6499466
GRID,3443,,-10.5811452333,23.5,14.0781177667
GRID,3444,,1.1808695,23.5,-18.9314459667
GRID,3445,,-8.24382826667,23.5,12.3915050333
GRID,3446,,2.1244817,23.5,-17.4825802667
GRID,3447,,-8.14149536667,23.5,10.8015494667
GRID,3448,,0.9436122,23.5,-14.8532723
GRID,3449,,-5.9992706,23.5,8.9783317
GRID,3450,,1.6499671,23.5,-13.4251639333
GRID,3451,,-5.7018455,23.5,7.52498113333
GRID,3452,,0.7063549,23.5,-10.7750986333
GRID,3453,,-3.7547129,23.5,5.56515833333
GRID,3454,,1.1754525,23.5,-9.36774756667
GRID,3455,,-3.2621956,23.5,4.2484128
GRID,3456,,0.4690976,23.5,-6.69692493333
GRID,3457,,-15.8766465646,23.5,16.7148369312
GRID,3458,,0.7009379,23.5,-5.3103312
GRID,3459,,-15.8365895855,23.5,14.8299921124
GRID,3460,,5.39216078811,23.5,-22.413796686
GRID,3461,,-1.8809528,23.5,1.8809528
GRID,3462,,6.29989283716,23.5,-20.7614447031
GRID,3463,,-13.0734974,23.5,13.7432807
GRID,3464,,0.688476533333,23.5,-2.5694293
GRID,3465,,-12.8650333333,23.5,12.0268429667
GRID,3466,,4.45034053333,23.5,-18.4387789333
GRID,3467,,-10.2703482667,23.5,10.7717244667
GRID,3468,,5.12802423333,23.5,-16.8480682333
GRID,3469,,-9.89347713333,23.5,9.22369383333
GRID,3470,,3.5085203,23.5,-14.4637612
GRID,3471,,-7.46719913333,23.5,7.80016826667
GRID,3472,,3.95615563333,23.5,-12.9346917667
GRID,3473,,-6.9219209,23.5,6.4205447
GRID,3474,,2.56670003333,23.5,-10.4887434333
GRID,3475,,-4.66404996667,23.5,4.82861203333
GRID,3476,,2.784287,23.5,-9.02131523333
GRID,3477,,-3.95036466667,23.5,3.61739553333
GRID,3478,,1.62487976667,23.5,-6.51372563333
GRID,3479,,-18.537945583,23.5,13.7039502791
GRID,3480,,1.6124184,23.5,-5.10793873333
GRID,3481,,-18.1711972976,23.5,11.8546963
GRID,3482,,1.12419373333,23.5,-2.4108412
GRID,3483,,-14.7580239333,23.5,9.6101386
GRID,3484,,7.5845902,23.5,-17.3858589333
GRID,3485,,-11.9848089,23.5,8.82465053333
GRID,3486,,4.34905723333,23.5,-9.88369306667
GRID,3487,,4.30852236667,23.5,-8.40077483333
GRID,3488,,2.73129076667,23.5,-6.1326101
GRID,3489,,2.4749064,23.5,-4.75034416667
GRID,3490,,12.7329436458,23.5,-19.2178517497
GRID,3491,,13.0207951124,23.5,-17.3546861188
GRID,3492,,1.52575286667,23.5,-2.17900093333
GRID,3493,,10.4883859667,23.5,-15.8046783667
GRID,3494,,10.5811452333,23.5,-14.0781177667
GRID,3495,,8.24382826667,23.5,-12.3915050333
GRID,3496,,8.14149536667,23.5,-10.8015494667
GRID,3497,,5.9992706,23.5,-8.9783317
GRID,3498,,5.7018455,23.5,-7.52498113333
GRID,3499,,3.7547129,23.5,-5.56515833333
GRID,3500,,3.2621956,23.5,-4.2484128
GRID,3501,,15.8766465646,23.5,-16.7148369312
GRID,3502,,15.8365895855,23.5,-14.8299921124
GRID,3503,,1.8809528,23.5,-1.8809528
GRID,3504,,13.0734974,23.5,-13.7432807
GRID,3505,,12.8650333333,23.5,-12.0268429667
GRID,3506,,10.2703482667,23.5,-10.7717244667
GRID,3507,,9.89347713333,23.5,-9.22369383333
GRID,3508,,7.46719913333,23.5,-7.80016826667
GRID,3509,,6.9219209,23.5,-6.4205447
GRID,3510,,4.66404996667,23.5,-4.82861203333
GRID,3511,,3.95036466667,23.5,-3.61739553333
GRID,3512,,18.537945583,23.5,-13.7039502791
GRID,3513,,18.1711972976,23.5,-11.8546963
GRID,3514,,2.17900093333,23.5,-1.52575286667
GRID,3515,,15.2613772333,23.5,-11.2643004
GRID,3516,,14.7580239333,23.5,-9.6101386
GRID,3517,,11.9848089,23.5,-8.82465053333
GRID,3518,,11.3448506,23.5,-7.36558093333
GRID,3519,,8.7082406,23.5,-6.38500066667
GRID,3520,,7.93167726667,23.5,-5.12102323333
GRID,3521,,5.43167226667,23.5,-3.94535076667
GRID,3522,,4.5185039,23.5,-2.87646553333
GRID,3523,,20.635978534,23.5,-10.2766760038
GRID,3524,,19.9536824031,23.5,-8.51920150383
GRID,3525,,2.4108412,23.5,-1.12419373333
GRID,3526,,16.9855478667,23.5,-8.44306
GRID,3527,,16.2025994667,23.5,-6.90143503333
GRID,3528,,13.3351172333,23.5,-6.60944403333
GRID,3529,,9.6846866,23.5,-4.77582803333
GRID,3530,,6.0342559,23.5,-2.94221203333
GRID,3531,,22.1069977194,23.5,-6.53715012144
GRID,3532,,2.5694293,23.5,-0.688476533333
GRID,3533,,17.1548672,23.5,-3.9830349
GRID,3534,,13.1798494667,23.5,-3.04121463333
GRID,3535,,9.20483166667,23.5,-2.09939436667
GRID,3536,,5.2298139,23.5,-1.15757413333
GRID,3537,,21.5399966163,23.5,-2.59899628428
GRID,3538,,18.8488906,23.5,-2.1244817
GRID,3539,,14.7914742667,23.5,-1.6499671
GRID,3540,,10.7340579,23.5,-1.1754525
GRID,3541,,6.67664153333,23.5,-0.7009379
GRID,3542,,-8.97833169132,26.5,-5.99927059002
GRID,3543,,2.94221203662,26.5,6.03425590534
GRID,3544,,-6.45349174844,26.5,1.84967569272
GRID,3545,,21.136941866,26.5,9.20235667753
GRID,3546,,-16.7148369377,26.5,-15.8766465605
GRID,3547,,0.688476520439,26.5,2.56942930299
GRID,3548,,-13.425163922,26.5,-1.64996708503
GRID,3549,,7.52498112867,26.5,5.70184548914
GRID,3550,,-5.31033120018,26.5,-0.700937885621
GRID,3551,,14.8299921148,26.5,15.8365895878
GRID,3552,,-17.3858589305,26.5,-7.58459020227
GRID,3553,,8.82465052699,26.5,11.9848089103
GRID,3554,,-13.3351172291,26.5,6.60944402746
GRID,3555,,10.7750986221,26.5,0.706354892587
GRID,3556,,-6.03425590534,26.5,2.94221203662
GRID,3557,,22.413796689,26.5,5.3921607804
GRID,3558,,12.4515165492,26.5,-5.28366856197
GRID,3559,,-5.56515832927,26.5,-3.75471289582
GRID,3560,,6.53715012848,26.5,22.1069977181
GRID,3561,,-22.9063069525,26.5,2.59899627657
GRID,3562,,2.41084120522,26.5,1.12419372618
GRID,3563,,-1.88095279921,26.5,-1.88095279921
GRID,3564,,3.98303488023,26.5,17.1548671966
GRID,3565,,-9.3677475611,26.5,-1.17545248532
GRID,3566,,4.2484127932,26.5,3.26219560157
GRID,3567,,-20.7614447048,26.5,-6.29989283649
GRID,3568,,13.7432807058,26.5,13.0734974046
GRID,3569,,-13.6347759954,26.5,-5.96682372892
GRID,3570,,6.38500065608,26.5,8.70824059154
GRID,3571,,-9.6846865839,26.5,4.77582803204
GRID,3572,,6.69692493244,26.5,0.469097592736
GRID,3573,,-22.1069977181,26.5,6.53715012848
GRID,3574,,2.56942930299,26.5,0.688476520439
GRID,3575,,8.70043359733,26.5,-3.66590207196
GRID,3576,,-18.4387789328,26.5,-4.4503405251
GRID,3577,,10.7717244729,26.5,10.2703482643
GRID,3578,,-9.8836930602,26.5,-4.3490572389
GRID,3579,,3.94535076852,26.5,5.43167225607
GRID,3580,,-2.56942930299,26.5,0.688476520439
GRID,3581,,16.8480682257,26.5,5.12802422832
GRID,3582,,4.94935064549,26.5,-2.0481355986
GRID,3583,,9.8093703401,26.5,-19.3520667989
GRID,3584,,-15.2613772458,26.5,11.2643003979
GRID,3585,,-14.4637611862,26.5,-3.50852028053
GRID,3586,,7.80016825664,26.5,7.46719912408
GRID,3587,,-6.13261010836,26.5,-2.73129076555
GRID,3588,,10.2766760036,26.5,20.6359785366
GRID,3589,,-17.1548671966,26.5,3.98303488023
GRID,3590,,12.9346917482,26.5,3.95615562205
GRID,3591,,21.1298849513,26.5,-4.92485511694
GRID,3592,,-10.4887434231,26.5,-2.56670001929
GRID,3593,,4.82861202373,26.5,4.66404996715
GRID,3594,,-19.2178517523,26.5,-12.7329436455
GRID,3595,,1.12419372618,26.5,2.41084120522
GRID,3596,,-13.1798494501,26.5,3.04121461899
GRID,3597,,9.02131523741,26.5,2.78428699913
GRID,3598,,18.1936212309,26.5,-5.36528152817
GRID,3599,,5.96682372892,26.5,-13.6347759954
GRID,3600,,-8.70824059154,26.5,6.38500065608
GRID,3601,,-6.5137256432,26.5,-1.62487975805
GRID,3602,,13.703950275,26.5,18.5379455895
GRID,3603,,-2.179000929,26.5,-1.52575286994
GRID,3604,,6.90143503533,26.5,16.2025994677
GRID,3605,,-9.20483167023,26.5,2.09939435775
GRID,3606,,5.10793874325,26.5,1.61241839286
GRID,3607,,14.2802447534,26.5,-4.1934129219
GRID,3608,,-5.43167225607,26.5,3.94535076852
GRID,3609,,23.009619649,26.5,1.41812678428
GRID,3610,,-21.136941866,26.5,-9.20235667753
GRID,3611,,1.52575286994,26.5,2.179000929
GRID,3612,,-14.0781177829,26.5,-10.5811452309
GRID,3613,,5.28366856197,26.5,12.4515165492
GRID,3614,,-5.22981390704,26.5,1.15757411317
GRID,3615,,19.3520667989,26.5,9.8093703401
GRID,3616,,10.3668682593,26.5,-3.02154429898
GRID,3617,,-20.6359785366,26.5,10.2766760036
GRID,3618,,2.64994659612,26.5,0.231840292885
GRID,3619,,-2.41084120522,26.5,-1.12419372618
GRID,3620,,9.61013860143,26.5,14.7580239458
GRID,3621,,-10.8015494641,26.5,-8.14149536005
GRID,3622,,3.66590207196,26.5,8.70043359733
GRID,3623,,-21.6640666357,26.5,1.18086949229
GRID,3624,,17.3858589305,26.5,7.58459020227
GRID,3625,,6.45349174844,26.5,-1.84967569272
GRID,3626,,-2.41084120522,26.5,1.12419372618
GRID,3627,,17.4825802663,26.5,2.12448168473
GRID,3628,,-15.7016361382,26.5,-7.97575436134
GRID,3629,,7.3655809239,26.5,11.3448506004
GRID,3630,,-7.52498112867,26.5,-5.70184548914
GRID,3631,,2.0481355986,26.5,4.94935064549
GRID,3632,,-18.8488906002,26.5,2.12448168473
GRID,3633,,13.6347759954,26.5,5.96682372892
GRID,3634,,23.009619649,26.5,-1.41812678428
GRID,3635,,-16.2025994677,26.5,6.90143503533
GRID,3636,,13.425163922,26.5,1.64996708503
GRID,3637,,-12.051205493,26.5,-6.14213836592
GRID,3638,,5.12102322971,26.5,7.93167725501
GRID,3639,,-4.2484127932,26.5,-3.26219560157
GRID,3640,,4.92485511694,26.5,21.1298849513
GRID,3641,,-14.7914742559,26.5,1.64996708503
GRID,3642,,9.8836930602,26.5,4.3490572389
GRID,3643,,2.64994659612,26.5,-0.231840292885
GRID,3644,,-12.4515165492,26.5,5.28366856197
GRID,3645,,9.3677475611,26.5,1.17545248532
GRID,3646,,-8.40077483108,26.5,-4.3085223705
GRID,3647,,2.87646553551,26.5,4.51850389297
GRID,3648,,-10.734057895,26.5,1.17545248532
GRID,3649,,6.13261010836,26.5,2.73129076555
GRID,3650,,17.5858929628,26.5,-0.943612192438
GRID,3651,,-8.70043359733,26.5,3.66590207196
GRID,3652,,5.31033120018,26.5,0.700937885621
GRID,3653,,-4.75034416919,26.5,-2.47490639174
GRID,3654,,8.51920151059,26.5,19.9536824044
GRID,3655,,-6.67664153406,26.5,0.700937885621
GRID,3656,,19.2178517523,26.5,12.7329436455
GRID,3657,,13.5077192898,26.5,-0.706354892587
GRID,3658,,-4.94935064549,26.5,2.0481355986
GRID,3659,,20.7614447048,26.5,6.29989283649
GRID,3660,,-17.3546861278,26.5,-13.0207951081
GRID,3661,,8.44306000622,26.5,16.9855478744
GRID,3662,,-23.009619649,26.5,-1.41812678428
GRID,3663,,2.179000929,26.5,1.52575286994
GRID,3664,,9.4295456002,26.5,-0.469097592736
GRID,3665,,-22.413796689,26.5,-5.3921607804
GRID,3666,,1.88095279921,26.5,1.88095279921
GRID,3667,,9.20235667753,26.5,-21.136941866
GRID,3668,,-2.179000929,26.5,1.52575286994
GRID,3669,,-21.1298849513,26.5,4.92485511694
GRID,3670,,18.4387789328,26.5,4.4503405251
GRID,3671,,-15.8046783821,26.5,-10.4883859617
GRID,3672,,6.60944402746,26.5,13.3351172291
GRID,3673,,-2.64994659612,26.5,-0.231840292885
GRID,3674,,14.0781177829,26.5,10.5811452309
GRID,3675,,5.35137192725,26.5,-0.231840292885
GRID,3676,,-18.1936212309,26.5,5.36528152817
GRID,3677,,14.4637611862,26.5,3.50852028053
GRID,3678,,-12.3915050367,26.5,-8.24382826755
GRID,3679,,4.77582803204,26.5,9.6846865839
GRID,3680,,-17.4825802663,26.5,-2.12448168473
GRID,3681,,10.8015494641,26.5,8.14149536005
GRID,3682,,-16.8480682257,26.5,-5.12802422832
GRID,3683,,9.22369382804,26.5,9.89347712924
GRID,3684,,7.97575436134,26.5,-15.7016361382
GRID,3685,,-11.3448506004,26.5,7.3655809239
GRID,3686,,-14.2802447534,26.5,4.1934129219
GRID,3687,,10.4887434231,26.5,2.56670001929
GRID,3688,,-10.3668682593,26.5,3.02154429898
GRID,3689,,6.5137256432,26.5,1.62487975805
GRID,3690,,-12.9346917482,26.5,-3.95615562205
GRID,3691,,6.42054468777,26.5,6.92192089633
GRID,3692,,6.14213836592,26.5,-12.051205493
GRID,3693,,-7.93167725501,26.5,5.12102322971
GRID,3694,,-9.02131523741,26.5,-2.78428699913
GRID,3695,,3.61739553085,26.5,3.95036466341
GRID,3696,,-4.51850389297,26.5,2.87646553551
GRID,3697,,21.5399966187,26.5,2.59899627657
GRID,3698,,-5.10793874325,26.5,-1.61241839286
GRID,3699,,11.8546962956,26.5,18.1711973066
GRID,3700,,-19.9536824044,26.5,8.51920151059
GRID,3701,,18.931445968,26.5,1.18086949229
GRID,3702,,-19.3520667989,26.5,-9.8093703401
GRID,3703,,11.2643003979,26.5,15.2613772458
GRID,3704,,-16.9855478744,26.5,8.44306000622
GRID,3705,,14.853272295,26.5,0.943612192438
GRID,3706,,-2.64994659612,26.5,0.231840292885
GRID,3707,,15.7016361382,26.5,7.97575436134
GRID,3708,,-17.5858929628,26.5,0.943612192438
GRID,3709,,12.051205493,26.5,6.14213836592
GRID,3710,,-13.5077192898,26.5,0.706354892587
GRID,3711,,8.40077483108,26.5,4.3085223705
GRID,3712,,-9.4295456002,26.5,0.469097592736
GRID,3713,,4.75034416919,26.5,2.47490639174
GRID,3714,,-5.35137192725,26.5,0.231840292885
GRID,3715,,17.3546861278,26.5,13.0207951081
GRID,3716,,-21.5399966187,26.5,-2.59899627657
GRID,3717,,15.8046783821,26.5,10.4883859617
GRID,3718,,-18.931445968,26.5,-1.18086949229
GRID,3719,,12.3915050367,26.5,8.24382826755
GRID,3720,,-14.853272295,26.5,-0.943612192438
GRID,3721,,8.97833169132,26.5,5.99927059002
GRID,3722,,-10.7750986221,26.5,-0.706354892587
GRID,3723,,5.56515832927,26.5,3.75471289582
GRID,3724,,-6.69692493244,26.5,-0.469097592736
GRID,3725,,16.7148369377,26.5,15.8766465605
GRID,3726,,-2.56942930299,26.5,-0.688476520439
GRID,3727,,12.0268429683,26.5,12.8650333455
GRID,3728,,-14.8299921148,26.5,-15.8365895878
GRID,3729,,5.36528152817,26.5,18.1936212309
GRID,3730,,-13.7432807058,26.5,-13.0734974046
GRID,3731,,4.1934129219,26.5,14.2802447534
GRID,3732,,-12.0268429683,26.5,-12.8650333455
GRID,3733,,3.04121461899,26.5,13.1798494501
GRID,3734,,-10.7717244729,26.5,-10.2703482643
GRID,3735,,3.02154429898,26.5,10.3668682593
GRID,3736,,-9.22369382804,26.5,-9.89347712924
GRID,3737,,2.09939435775,26.5,9.20483167023
GRID,3738,,-7.80016825664,26.5,-7.46719912408
GRID,3739,,1.84967569272,26.5,6.45349174844
GRID,3740,,-6.42054468777,26.5,-6.92192089633
GRID,3741,,1.15757411317,26.5,5.22981390704
GRID,3742,,-4.82861202373,26.5,-4.66404996715
GRID,3743,,2.59899627657,26.5,22.9063069525
GRID,3744,,-3.61739553085,26.5,-3.95036466341
GRID,3745,,1.18086949229,26.5,21.6640666357
GRID,3746,,-13.703950275,26.5,-18.5379455895
GRID,3747,,0.231840292885,26.5,2.64994659612
GRID,3748,,-11.8546962956,26.5,-18.1711973066
GRID,3749,,2.12448168473,26.5,18.8488906002
GRID,3750,,-1.52575286994,26.5,-2.179000929
GRID,3751,,0.943612192438,26.5,17.5858929628
GRID,3752,,-11.2643003979,26.5,-15.2613772458
GRID,3753,,1.64996708503,26.5,14.7914742559
GRID,3754,,-9.61013860143,26.5,-14.7580239458
GRID,3755,,0.706354892587,26.5,13.5077192898
GRID,3756,,-8.82465052699,26.5,-11.9848089103
GRID,3757,,1.17545248532,26.5,10.734057895
GRID,3758,,-7.3655809239,26.5,-11.3448506004
GRID,3759,,0.469097592736,26.5,9.4295456002
GRID,3760,,-6.38500065608,26.5,-8.70824059154
GRID,3761,,0.700937885621,26.5,6.67664153406
GRID,3762,,-5.12102322971,26.5,-7.93167725501
GRID,3763,,0.231840292885,26.5,5.35137192725
GRID,3764,,-3.94535076852,26.5,-5.43167225607
GRID,3765,,-1.41812678428,26.5,23.009619649
GRID,3766,,-2.87646553551,26.5,-4.51850389297
GRID,3767,,-2.59899627657,26.5,21.5399966187
GRID,3768,,-10.2766760036,26.5,-20.6359785366
GRID,3769,,-0.231840292885,26.5,2.64994659612
GRID,3770,,-8.51920151059,26.5,-19.9536824044
GRID,3771,,-1.18086949229,26.5,18.931445968
GRID,3772,,-1.12419372618,26.5,-2.41084120522
GRID,3773,,-2.12448168473,26.5,17.4825802663
GRID,3774,,-8.44306000622,26.5,-16.9855478744
GRID,3775,,-0.943612192438,26.5,14.853272295
GRID,3776,,-6.90143503533,26.5,-16.2025994677
GRID,3777,,-1.64996708503,26.5,13.425163922
GRID,3778,,-6.60944402746,26.5,-13.3351172291
GRID,3779,,-0.706354892587,26.5,10.7750986221
GRID,3780,,-5.28366856197,26.5,-12.4515165492
GRID,3781,,-1.17545248532,26.5,9.3677475611
GRID,3782,,-4.77582803204,26.5,-9.6846865839
GRID,3783,,-0.469097592736,26.5,6.69692493244
GRID,3784,,-3.66590207196,26.5,-8.70043359733
GRID,3785,,-0.700937885621,26.5,5.31033120018
GRID,3786,,-2.94221203662,26.5,-6.03425590534
GRID,3787,,-5.3921607804,26.5,22.413796689
GRID,3788,,-2.0481355986,26.5,-4.94935064549
GRID,3789,,-6.29989283649,26.5,20.7614447048
GRID,3790,,-6.53715012848,26.5,-22.1069977181
GRID,3791,,-0.688476520439,26.5,2.56942930299
GRID,3792,,-4.92485511694,26.5,-21.1298849513
GRID,3793,,-4.4503405251,26.5,18.4387789328
GRID,3794,,-0.688476520439,26.5,-2.56942930299
GRID,3795,,-5.12802422832,26.5,16.8480682257
GRID,3796,,-5.36528152817,26.5,-18.1936212309
GRID,3797,,-3.50852028053,26.5,14.4637611862
GRID,3798,,-3.98303488023,26.5,-17.1548671966
GRID,3799,,-3.95615562205,26.5,12.9346917482
GRID,3800,,-4.1934129219,26.5,-14.2802447534
GRID,3801,,-2.56670001929,26.5,10.4887434231
GRID,3802,,-3.04121461899,26.5,-13.1798494501
GRID,3803,,-2.78428699913,26.5,9.02131523741
GRID,3804,,-3.02154429898,26.5,-10.3668682593
GRID,3805,,-1.62487975805,26.5,6.5137256432
GRID,3806,,-2.09939435775,26.5,-9.20483167023
GRID,3807,,-1.61241839286,26.5,5.10793874325
GRID,3808,,-1.84967569272,26.5,-6.45349174844
GRID,3809,,-9.20235667753,26.5,21.136941866
GRID,3810,,-1.15757411317,26.5,-5.22981390704
GRID,3811,,-9.8093703401,26.5,19.3520667989
GRID,3812,,-2.59899627657,26.5,-22.9063069525
GRID,3813,,-1.12419372618,26.5,2.41084120522
GRID,3814,,-1.18086949229,26.5,-21.6640666357
GRID,3815,,-7.58459020227,26.5,17.3858589305
GRID,3816,,-0.231840292885,26.5,-2.64994659612
GRID,3817,,-7.97575436134,26.5,15.7016361382
GRID,3818,,-1.18086949229,26.5,-18.931445968
GRID,3819,,-5.96682372892,26.5,13.6347759954
GRID,3820,,-2.12448168473,26.5,-17.4825802663
GRID,3821,,-6.14213836592,26.5,12.051205493
GRID,3822,,-0.943612192438,26.5,-14.853272295
GRID,3823,,-4.3490572389,26.5,9.8836930602
GRID,3824,,-1.64996708503,26.5,-13.425163922
GRID,3825,,-4.3085223705,26.5,8.40077483108
GRID,3826,,-0.706354892587,26.5,-10.7750986221
GRID,3827,,-2.73129076555,26.5,6.13261010836
GRID,3828,,-1.17545248532,26.5,-9.3677475611
GRID,3829,,-2.47490639174,26.5,4.75034416919
GRID,3830,,-0.469097592736,26.5,-6.69692493244
GRID,3831,,-12.7329436455,26.5,19.2178517523
GRID,3832,,-0.700937885621,26.5,-5.31033120018
GRID,3833,,-13.0207951081,26.5,17.3546861278
GRID,3834,,1.41812678428,26.5,-23.009619649
GRID,3835,,-1.52575286994,26.5,2.179000929
GRID,3836,,2.59899627657,26.5,-21.5399966187
GRID,3837,,-10.4883859617,26.5,15.8046783821
GRID,3838,,0.231840292885,26.5,-2.64994659612
GRID,3839,,-10.5811452309,26.5,14.0781177829
GRID,3840,,1.18086949229,26.5,-18.931445968
GRID,3841,,-8.24382826755,26.5,12.3915050367
GRID,3842,,2.12448168473,26.5,-17.4825802663
GRID,3843,,-8.14149536005,26.5,10.8015494641
GRID,3844,,0.943612192438,26.5,-14.853272295
GRID,3845,,-5.99927059002,26.5,8.97833169132
GRID,3846,,1.64996708503,26.5,-13.425163922
GRID,3847,,-5.70184548914,26.5,7.52498112867
GRID,3848,,0.706354892587,26.5,-10.7750986221
GRID,3849,,-3.75471289582,26.5,5.56515832927
GRID,3850,,1.17545248532,26.5,-9.3677475611
GRID,3851,,-3.26219560157,26.5,4.2484127932
GRID,3852,,0.469097592736,26.5,-6.69692493244
GRID,3853,,-15.8766465605,26.5,16.7148369377
GRID,3854,,0.700937885621,26.5,-5.31033120018
GRID,3855,,-15.8365895878,26.5,14.8299921148
GRID,3856,,5.3921607804,26.5,-22.413796689
GRID,3857,,-1.88095279921,26.5,1.88095279921
GRID,3858,,6.29989283649,26.5,-20.7614447048
GRID,3859,,-13.0734974046,26.5,13.7432807058
GRID,3860,,0.688476520439,26.5,-2.56942930299
GRID,3861,,-12.8650333455,26.5,12.0268429683
GRID,3862,,4.4503405251,26.5,-18.4387789328
GRID,3863,,-10.2703482643,26.5,10.7717244729
GRID,3864,,5.12802422832,26.5,-16.8480682257
GRID,3865,,-9.89347712924,26.5,9.22369382804
GRID,3866,,3.50852028053,26.5,-14.4637611862
GRID,3867,,-7.46719912408,26.5,7.80016825664
GRID,3868,,3.95615562205,26.5,-12.9346917482
GRID,3869,,-6.92192089633,26.5,6.42054468777
GRID,3870,,2.56670001929,26.5,-10.4887434231
GRID,3871,,-4.66404996715,26.5,4.82861202373
GRID,3872,,2.78428699913,26.5,-9.02131523741
GRID,3873,,-3.95036466341,26.5,3.61739553085
GRID,3874,,1.62487975805,26.5,-6.5137256432
GRID,3875,,-18.5379455895,26.5,13.703950275
GRID,3876,,1.61241839286,26.5,-5.10793874325
GRID,3877,,-18.1711973066,26.5,11.8546962956
GRID,3878,,1.12419372618,26.5,-2.41084120522
GRID,3879,,-14.7580239458,26.5,9.61013860143
GRID,3880,,7.58459020227,26.5,-17.3858589305
GRID,3881,,-11.9848089103,26.5,8.82465052699
GRID,3882,,4.3490572389,26.5,-9.8836930602
GRID,3883,,4.3085223705,26.5,-8.40077483108
GRID,3884,,2.73129076555,26.5,-6.13261010836
GRID,3885,,2.47490639174,26.5,-4.75034416919
GRID,3886,,12.7329436455,26.5,-19.2178517523
GRID,3887,,13.0207951081,26.5,-17.3546861278
GRID,3888,,1.52575286994,26.5,-2.179000929
GRID,3889,,10.4883859617,26.5,-15.8046783821
GRID,3890,,10.5811452309,26.5,-14.0781177829
GRID,3891,,8.24382826755,26.5,-12.3915050367
GRID,3892,,8.14149536005,26.5,-10.8015494641
GRID,3893,,5.99927059002,26.5,-8.97833169132
GRID,3894,,5.70184548914,26.5,-7.52498112867
GRID,3895,,3.75471289582,26.5,-5.56515832927
GRID,3896,,3.26219560157,26.5,-4.2484127932
GRID,3897,,15.8766465605,26.5,-16.7148369377
GRID,3898,,15.8365895878,26.5,-14.8299921148
GRID,3899,,1.88095279921,26.5,-1.88095279921
GRID,3900,,13.0734974046,26.5,-13.7432807058
GRID,3901,,12.8650333455,26.5,-12.0268429683
GRID,3902,,10.2703482643,26.5,-10.7717244729
GRID,3903,,9.89347712924,26.5,-9.22369382804
GRID,3904,,7.46719912408,26.5,-7.80016825664
GRID,3905,,6.92192089633,26.5,-6.42054468777
GRID,3906,,4.66404996715,26.5,-4.82861202373
GRID,3907,,3.95036466341,26.5,-3.61739553085
GRID,3908,,18.5379455895,26.5,-13.703950275
GRID,3909,,18.1711973066,26.5,-11.8546962956
GRID,3910,,2.179000929,26.5,-1.52575286994
GRID,3911,,15.2613772458,26.5,-11.2643003979
GRID,3912,,14.7580239458,26.5,-9.61013860143
GRID,3913,,11.9848089103,26.5,-8.82465052699
GRID,3914,,11.3448506004,26.5,-7.3655809239
GRID,3915,,8.70824059154,26.5,-6.38500065608
GRID,3916,,7.93167725501,26.5,-5.12102322971
GRID,3917,,5.43167225607,26.5,-3.94535076852
GRID,3918,,4.51850389297,26.5,-2.87646553551
GRID,3919,,20.6359785366,26.5,-10.2766760036
GRID,3920,,19.9536824044,26.5,-8.51920151059
GRID,3921,,2.41084120522,26.5,-1.12419372618
GRID,3922,,16.9855478744,26.5,-8.44306000622
GRID,3923,,16.2025994677,26.5,-6.90143503533
GRID,3924,,13.3351172291,26.5,-6.60944402746
GRID,3925,,9.6846865839,26.5,-4.77582803204
GRID,3926,,6.03425590534,26.5,-2.94221203662
GRID,3927,,22.1069977181,26.5,-6.53715012848
GRID,3928,,2.56942930299,26.5,-0.688476520439
GRID,3929,,17.1548671966,26.5,-3.98303488023
GRID,3930,,13.1798494501,26.5,-3.04121461899
GRID,3931,,9.20483167023,26.5,-2.09939435775
GRID,3932,,5.22981390704,26.5,-1.15757411317
GRID,3933,,21.5399966187,26.5,-2.59899627657
GRID,3934,,18.8488906002,26.5,-2.12448168473
GRID,3935,,14.7914742559,26.5,-1.64996708503
GRID,3936,,10.734057895,26.5,-1.17545248532
GRID,3937,,6.67664153406,26.5,-0.700937885621
CTRIA3,912,1,457,458,422
CTRIA3,391,1,180,179,216
CTRIA3,1107,1,404,368,403
CTRIA3,1692,1,284,537,283
CTRIA3,1855,1,600,601,606
CTRIA3,228,1,202,201,238
CTRIA3,859,1,309,310,264
CTRIA3,1965,1,646,8,6
CTRIA3,338,1,212,211,248
CTRIA3,1802,1,577,583,582
CTRIA3,175,1,8,6,86
CTRIA3,916,1,315,314,350
CTRIA3,395,1,48,46,106
CTRIA3,1859,1,270,602,607
CTRIA3,232,1,74,240,239
CTRIA3,1111,1,287,286,296
CTRIA3,1696,1,533,539,538
CTRIA3,878,1,419,418,454
CTRIA3,1984,1,653,524,525
CTRIA3,357,1,176,177,140
CTRIA3,1073,1,400,401,365
CTRIA3,1821,1,586,32,30
CTRIA3,194,1,198,199,162
CTRIA3,882,1,295,456,455
CTRIA3,1988,1,655,522,523
CTRIA3,361,1,250,251,214
CTRIA3,1825,1,587,588,593
CTRIA3,198,1,88,89,12
CTRIA3,1077,1,472,473,437
CTRIA3,897,1,384,385,349
CTRIA3,376,1,105,104,141
CTRIA3,1840,1,593,599,598
CTRIA3,213,1,127,126,163
CTRIA3,844,1,415,416,380
CTRIA3,1950,1,639,645,644
CTRIA3,323,1,137,136,173
CTRIA3,1202,1,305,304,340
CTRIA3,1787,1,276,572,577
CTRIA3,160,1,159,158,195
CTRIA3,848,1,308,309,263
CTRIA3,1954,1,641,8,646
CTRIA3,327,1,211,210,247
CTRIA3,1206,1,377,376,412
CTRIA3,1791,1,573,574,579
CTRIA3,164,1,6,4,85
CTRIA3,1043,1,434,433,469
CTRIA3,522,1,155,156,119
CTRIA3,1628,1,515,521,520
CTRIA3,914,1,314,315,269
CTRIA3,393,1,217,216,253
CTRIA3,1109,1,440,404,439
CTRIA3,1694,1,532,538,537
CTRIA3,1857,1,601,26,24
CTRIA3,230,1,18,16,91
CTRIA3,861,1,310,309,345
CTRIA3,1967,1,261,647,652
CTRIA3,340,1,38,36,101
CTRIA3,1804,1,578,584,583
CTRIA3,177,1,74,235,234
CTRIA3,918,1,351,350,386
CTRIA3,397,1,74,255,254
CTRIA3,1861,1,602,603,608
CTRIA3,234,1,128,129,92
CTRIA3,1113,1,295,441,440
CTRIA3,1698,1,534,540,539
CTRIA3,880,1,266,265,311
CTRIA3,1986,1,654,523,524
CTRIA3,359,1,213,214,177
CTRIA3,1075,1,436,437,401
CTRIA3,1823,1,273,587,592
CTRIA3,196,1,235,236,199
CTRIA3,884,1,347,348,312
CTRIA3,1990,1,656,2,522
CTRIA3,363,1,103,104,42
CTRIA3,1827,1,588,589,594
CTRIA3,200,1,89,88,125
CTRIA3,1079,1,329,330,284
CTRIA3,899,1,420,421,385
CTRIA3,378,1,142,141,178
CTRIA3,1842,1,594,600,599
CTRIA3,215,1,164,163,200
CTRIA3,846,1,451,452,416
CTRIA3,1952,1,640,646,645
CTRIA3,325,1,174,173,210
CTRIA3,1204,1,341,340,376
CTRIA3,1789,1,572,573,578
CTRIA3,162,1,196,195,232
CTRIA3,850,1,309,308,344
CTRIA3,1956,1,262,647,261
CTRIA3,329,1,36,34,100
CTRIA3,1208,1,413,412,448
CTRIA3,1793,1,574,575,580
CTRIA3,166,1,74,234,233
CTRIA3,1045,1,281,280,326
CTRIA3,524,1,192,193,156
CTRIA3,1630,1,516,294,521
CTRIA3,886,1,383,384,348
CTRIA3,365,1,104,103,140
CTRIA3,1829,1,589,590,595
CTRIA3,202,1,126,125,162
CTRIA3,1081,1,330,329,365
CTRIA3,901,1,456,457,421
CTRIA3,380,1,179,178,215
CTRIA3,1844,1,595,601,600
CTRIA3,217,1,201,200,237
CTRIA3,852,1,345,344,380
CTRIA3,1958,1,642,648,647
CTRIA3,331,1,74,249,248
CTRIA3,1795,1,575,576,581
CTRIA3,168,1,122,123,86
CTRIA3,1047,1,295,471,470
CTRIA3,526,1,229,230,193
CTRIA3,1632,1,72,522,2
CTRIA3,994,1,357,358,322
CTRIA3,473,1,77,78,62
CTRIA3,831,1,378,379,343
CTRIA3,1937,1,634,635,640
CTRIA3,310,1,99,98,135
CTRIA3,1189,1,303,304,294
CTRIA3,1774,1,566,38,571
CTRIA3,888,1,419,420,384
CTRIA3,367,1,141,140,177
CTRIA3,1831,1,590,591,596
CTRIA3,204,1,163,162,199
CTRIA3,1083,1,366,365,401
CTRIA3,1668,1,286,527,285
CTRIA3,903,1,313,314,268
CTRIA3,382,1,216,215,252
CTRIA3,1846,1,596,26,601
CTRIA3,219,1,16,14,90
CTRIA3,854,1,381,380,416
CTRIA3,1960,1,643,649,648
CTRIA3,333,1,137,138,101
CTRIA3,1797,1,576,36,34
CTRIA3,170,1,159,160,123
CTRIA3,1049,1,362,363,327
CTRIA3,528,1,82,83,72
CTRIA3,1634,1,517,523,522
CTRIA3,890,1,455,456,420
CTRIA3,369,1,178,177,214
CTRIA3,1833,1,591,30,28
CTRIA3,206,1,200,199,236
CTRIA3,1085,1,402,401,437
CTRIA3,1670,1,485,528,527
CTRIA3,905,1,314,313,349
CTRIA3,384,1,46,44,105
CTRIA3,1848,1,271,602,270
CTRIA3,221,1,74,239,238
CTRIA3,856,1,417,416,452
CTRIA3,1962,1,644,650,649
CTRIA3,335,1,174,175,138
CTRIA3,1799,1,275,577,582
CTRIA3,172,1,196,197,160
CTRIA3,1051,1,398,399,363
CTRIA3,530,1,83,82,119
CTRIA3,1636,1,518,524,523
CTRIA3,998,1,429,430,394
CTRIA3,477,1,115,114,151
CTRIA3,835,1,450,451,415
CTRIA3,1941,1,636,12,10
CTRIA3,314,1,173,172,209
CTRIA3,1193,1,340,339,375
CTRIA3,1778,1,567,573,572
CTRIA3,892,1,312,313,267
CTRIA3,371,1,215,214,251
CTRIA3,1835,1,272,592,597
CTRIA3,208,1,14,12,89
CTRIA3,1087,1,438,437,473
CTRIA3,1672,1,483,529,528
CTRIA3,907,1,350,349,385
CTRIA3,386,1,74,254,253
CTRIA3,1850,1,597,603,602
CTRIA3,223,1,127,128,91
CTRIA3,858,1,264,263,309
CTRIA3,1964,1,645,651,650
CTRIA3,337,1,211,212,175
CTRIA3,1801,1,577,578,583
CTRIA3,174,1,233,234,197
CTRIA3,1053,1,434,435,399
CTRIA3,532,1,120,119,156
CTRIA3,1638,1,519,525,524
CTRIA3,837,1,307,308,262
CTRIA3,1943,1,263,637,642
CTRIA3,316,1,210,209,246
CTRIA3,1195,1,376,375,411
CTRIA3,1780,1,568,574,573
CTRIA3,153,1,4,2,84
CTRIA3,894,1,313,312,348
CTRIA3,373,1,44,42,104
CTRIA3,1837,1,592,593,598
CTRIA3,210,1,74,238,237
CTRIA3,1089,1,285,284,330
CTRIA3,1674,1,481,530,529
CTRIA3,909,1,386,385,421
CTRIA3,388,1,142,143,106
CTRIA3,1852,1,598,604,603
CTRIA3,225,1,164,165,128
CTRIA3,860,1,295,454,453
CTRIA3,1966,1,646,6,651
CTRIA3,339,1,248,249,212
CTRIA3,1803,1,578,579,584
CTRIA3,176,1,86,87,8
CTRIA3,1055,1,470,471,435
CTRIA3,534,1,157,156,193
CTRIA3,1640,1,520,526,525
CTRIA3,839,1,308,307,343
CTRIA3,1945,1,637,638,643
CTRIA3,318,1,34,32,99
CTRIA3,1197,1,412,411,447
CTRIA3,1782,1,569,575,574
CTRIA3,155,1,74,233,232
CTRIA3,896,1,349,348,384
CTRIA3,375,1,74,253,252
CTRIA3,1839,1,593,594,599
CTRIA3,212,1,126,127,90
CTRIA3,1091,1,295,475,474
CTRIA3,1676,1,479,531,530
CTRIA3,911,1,422,421,457
CTRIA3,390,1,179,180,143
CTRIA3,1854,1,599,605,604
CTRIA3,227,1,201,202,165
CTRIA3,862,1,345,346,310
CTRIA3,1968,1,261,652,260
CTRIA3,341,1,101,102,38
CTRIA3,1805,1,579,580,585
CTRIA3,178,1,87,86,123
CTRIA3,1057,1,327,328,282
CTRIA3,536,1,194,193,230
CTRIA3,1642,1,521,259,526
CTRIA3,841,1,344,343,379
CTRIA3,1947,1,638,639,644
CTRIA3,320,1,74,248,247
CTRIA3,1199,1,305,259,294
CTRIA3,1784,1,570,576,575
CTRIA3,157,1,121,122,85
CTRIA3,898,1,385,384,420
CTRIA3,377,1,141,142,105
CTRIA3,1841,1,594,595,600
CTRIA3,214,1,163,164,127
CTRIA3,1093,1,366,367,331
CTRIA3,1678,1,477,54,531
CTRIA3,913,1,269,268,314
CTRIA3,392,1,216,217,180
CTRIA3,1856,1,600,606,605
CTRIA3,229,1,238,239,202
CTRIA3,864,1,381,382,346
CTRIA3,1970,1,647,653,652
CTRIA3,343,1,102,101,138
CTRIA3,1807,1,580,581,586
CTRIA3,180,1,124,123,160
CTRIA3,1059,1,328,327,363
CTRIA3,538,1,84,2,72
CTRIA3,843,1,380,379,415
CTRIA3,1949,1,639,640,645
CTRIA3,322,1,136,137,100
CTRIA3,1201,1,295,449,448
CTRIA3,1786,1,571,36,576
CTRIA3,159,1,158,159,122
CTRIA3,900,1,421,420,456
CTRIA3,379,1,178,179,142
CTRIA3,1843,1,595,596,601
CTRIA3,216,1,200,201,164
CTRIA3,1095,1,402,403,367
CTRIA3,1680,1,285,532,284
CTRIA3,915,1,295,459,458
CTRIA3,394,1,253,254,217
CTRIA3,1858,1,601,24,606
CTRIA3,231,1,91,92,18
CTRIA3,866,1,417,418,382
CTRIA3,1972,1,648,654,653
CTRIA3,345,1,139,138,175
CTRIA3,1809,1,581,34,32
CTRIA3,182,1,161,160,197
CTRIA3,1061,1,364,363,399
CTRIA3,540,1,74,232,231
CTRIA3,845,1,416,415,451
CTRIA3,1951,1,640,641,646
CTRIA3,324,1,173,174,137
CTRIA3,1203,1,340,341,305
CTRIA3,1788,1,276,577,275
CTRIA3,161,1,195,196,159
CTRIA3,902,1,268,267,313
CTRIA3,381,1,215,216,179
CTRIA3,1845,1,596,28,26
CTRIA3,218,1,237,238,201
CTRIA3,1097,1,438,439,403
CTRIA3,1682,1,527,533,532
CTRIA3,868,1,453,454,418
CTRIA3,1974,1,649,655,654
CTRIA3,347,1,176,175,212
CTRIA3,1811,1,274,582,587
CTRIA3,184,1,198,197,234
CTRIA3,1063,1,400,399,435
CTRIA3,542,1,120,121,84
CTRIA3,847,1,263,262,308
CTRIA3,1953,1,641,10,8
CTRIA3,326,1,210,211,174
CTRIA3,1205,1,376,377,341
CTRIA3,1790,1,572,578,577
CTRIA3,163,1,232,233,196
CTRIA3,904,1,295,458,457
CTRIA3,383,1,252,253,216
CTRIA3,1847,1,271,597,602
CTRIA3,220,1,90,91,16
CTRIA3,1099,1,474,475,439
CTRIA3,1684,1,528,534,533
CTRIA3,870,1,310,311,265
CTRIA3,1976,1,650,656,655
CTRIA3,349,1,213,212,249
CTRIA3,1813,1,582,583,588
CTRIA3,186,1,10,8,87
CTRIA3,1065,1,436,435,471
CTRIA3,544,1,157,158,121
CTRIA3,849,1,295,453,452
CTRIA3,1955,1,262,642,647
CTRIA3,328,1,247,248,211
CTRIA3,1207,1,412,413,377
CTRIA3,1792,1,573,579,578
CTRIA3,165,1,85,86,6
CTRIA3,906,1,349,350,314
CTRIA3,385,1,105,106,46
CTRIA3,1849,1,597,598,603
CTRIA3,222,1,91,90,127
CTRIA3,1101,1,331,296,286
CTRIA3,1686,1,529,535,534
CTRIA3,872,1,311,310,346
CTRIA3,1978,1,651,4,656
CTRIA3,351,1,40,38,102
CTRIA3,1815,1,583,584,589
CTRIA3,188,1,74,236,235
CTRIA3,1067,1,283,282,328
CTRIA3,546,1,194,195,158
CTRIA3,883,1,312,311,347
CTRIA3,1989,1,656,4,2
CTRIA3,362,1,42,40,103
CTRIA3,1826,1,587,593,592
CTRIA3,199,1,74,237,236
CTRIA3,993,1,322,321,357
CTRIA3,472,1,62,60,77
CTRIA3,830,1,343,342,378
CTRIA3,1936,1,633,639,638
CTRIA3,309,1,74,247,246
CTRIA3,1188,1,294,293,303
CTRIA3,1773,1,566,40,38
CTRIA3,851,1,344,345,309
CTRIA3,1957,1,642,643,648
CTRIA3,330,1,100,101,36
CTRIA3,1209,1,448,449,413
CTRIA3,1794,1,574,580,579
CTRIA3,167,1,86,85,122
CTRIA3,908,1,385,386,350
CTRIA3,387,1,106,105,142
CTRIA3,1851,1,598,599,604
CTRIA3,224,1,128,127,164
CTRIA3,1103,1,332,296,331
CTRIA3,1688,1,530,536,535
CTRIA3,874,1,347,346,382
CTRIA3,1980,1,260,526,259
CTRIA3,353,1,74,251,250
CTRIA3,1817,1,584,585,590
CTRIA3,190,1,124,125,88
CTRIA3,1069,1,295,473,472
CTRIA3,548,1,231,232,195
CTRIA3,853,1,380,381,345
CTRIA3,1959,1,643,644,649
CTRIA3,332,1,101,100,137
CTRIA3,1796,1,575,581,580
CTRIA3,169,1,123,122,159
CTRIA3,910,1,421,422,386
CTRIA3,389,1,143,142,179
CTRIA3,1853,1,599,600,605
CTRIA3,226,1,165,164,201
CTRIA3,1105,1,368,332,367
CTRIA3,1690,1,531,52,536
CTRIA3,876,1,383,382,418
CTRIA3,1982,1,652,525,526
CTRIA3,355,1,139,140,103
CTRIA3,1819,1,585,586,591
CTRIA3,192,1,161,162,125
CTRIA3,1071,1,364,365,329
CTRIA3,887,1,384,383,419
CTRIA3,366,1,140,141,104
CTRIA3,1830,1,589,595,594
CTRIA3,203,1,162,163,126
CTRIA3,997,1,394,393,429
CTRIA3,476,1,114,115,78
CTRIA3,834,1,415,414,450
CTRIA3,1940,1,635,641,640
CTRIA3,313,1,172,173,136
CTRIA3,1192,1,339,340,304
CTRIA3,1777,1,567,568,573
CTRIA3,855,1,416,417,381
CTRIA3,1961,1,644,645,650
CTRIA3,334,1,138,137,174
CTRIA3,1798,1,576,34,581
CTRIA3,171,1,160,159,196
CTRIA3,857,1,452,453,417
CTRIA3,1963,1,645,646,651
CTRIA3,336,1,175,174,211
CTRIA3,1800,1,275,582,274
CTRIA3,173,1,197,196,233
CTRIA3,889,1,420,419,455
CTRIA3,368,1,177,178,141
CTRIA3,1832,1,590,596,595
CTRIA3,205,1,199,200,163
CTRIA3,999,1,430,429,465
CTRIA3,478,1,151,152,115
CTRIA3,836,1,262,261,307
CTRIA3,1942,1,636,10,641
CTRIA3,315,1,209,210,173
CTRIA3,1194,1,375,376,340
CTRIA3,1779,1,568,569,574
CTRIA3,891,1,267,266,312
CTRIA3,370,1,214,215,178
CTRIA3,1834,1,591,28,596
CTRIA3,207,1,236,237,200
CTRIA3,838,1,295,452,451
CTRIA3,1944,1,263,642,262
CTRIA3,317,1,246,247,210
CTRIA3,1196,1,411,412,376
CTRIA3,1781,1,569,570,575
CTRIA3,154,1,84,85,4
CTRIA3,893,1,295,457,456
CTRIA3,372,1,251,252,215
CTRIA3,1836,1,272,597,271
CTRIA3,209,1,89,90,14
CTRIA3,840,1,343,344,308
CTRIA3,1946,1,637,643,642
CTRIA3,319,1,99,100,34
CTRIA3,1198,1,447,448,412
CTRIA3,1783,1,570,571,576
CTRIA3,156,1,85,84,121
CTRIA3,895,1,348,349,313
CTRIA3,374,1,104,105,44
CTRIA3,1838,1,592,598,597
CTRIA3,211,1,90,89,126
CTRIA3,842,1,379,380,344
CTRIA3,1948,1,638,644,643
CTRIA3,321,1,100,99,136
CTRIA3,1200,1,294,304,305
CTRIA3,1785,1,571,38,36
CTRIA3,158,1,122,121,158
CTRIA3,863,1,346,345,381
CTRIA3,1969,1,647,648,653
CTRIA3,342,1,74,250,249
CTRIA3,1806,1,579,585,584
CTRIA3,179,1,123,124,87
CTRIA3,865,1,382,381,417
CTRIA3,1971,1,648,649,654
CTRIA3,344,1,138,139,102
CTRIA3,1808,1,580,586,585
CTRIA3,181,1,160,161,124
CTRIA3,867,1,418,417,453
CTRIA3,1973,1,649,650,655
CTRIA3,346,1,175,176,139
CTRIA3,1810,1,581,32,586
CTRIA3,183,1,197,198,161
CTRIA3,869,1,265,264,310
CTRIA3,1975,1,650,651,656
CTRIA3,348,1,212,213,176
CTRIA3,1812,1,274,587,273
CTRIA3,185,1,234,235,198
CTRIA3,871,1,295,455,454
CTRIA3,1977,1,651,6,4
CTRIA3,350,1,249,250,213
CTRIA3,1814,1,582,588,587
CTRIA3,187,1,87,88,10
CTRIA3,873,1,346,347,311
CTRIA3,1979,1,260,652,526
CTRIA3,352,1,102,103,40
CTRIA3,1816,1,583,589,588
CTRIA3,189,1,88,87,124
CTRIA3,875,1,382,383,347
CTRIA3,1981,1,652,653,525
CTRIA3,354,1,103,102,139
CTRIA3,1818,1,584,590,589
CTRIA3,191,1,125,124,161
CTRIA3,877,1,418,419,383
CTRIA3,1983,1,653,654,524
CTRIA3,356,1,140,139,176
CTRIA3,1820,1,585,591,590
CTRIA3,193,1,162,161,198
CTRIA3,879,1,454,455,419
CTRIA3,1985,1,654,655,523
CTRIA3,358,1,177,176,213
CTRIA3,1822,1,586,30,591
CTRIA3,195,1,199,198,235
CTRIA3,881,1,311,312,266
CTRIA3,1987,1,655,656,522
CTRIA3,360,1,214,213,250
CTRIA3,1824,1,273,592,272
CTRIA3,197,1,12,10,88
CTRIA3,885,1,348,347,383
CTRIA3,364,1,74,252,251
CTRIA3,1828,1,588,594,593
CTRIA3,201,1,125,126,89
CTRIA3,917,1,350,351,315
CTRIA3,396,1,106,107,48
CTRIA3,1860,1,270,607,269
CTRIA3,233,1,92,91,128
CTRIA3,919,1,386,387,351
CTRIA3,398,1,107,106,143
CTRIA3,1862,1,602,608,607
CTRIA3,235,1,129,128,165
CTRIA3,920,1,387,386,422
CTRIA3,399,1,143,144,107
CTRIA3,1863,1,603,604,609
CTRIA3,236,1,165,166,129
CTRIA3,921,1,422,423,387
CTRIA3,400,1,144,143,180
CTRIA3,1864,1,603,609,608
CTRIA3,237,1,166,165,202
CTRIA3,922,1,423,422,458
CTRIA3,401,1,180,181,144
CTRIA3,1865,1,604,605,610
CTRIA3,238,1,202,203,166
CTRIA3,923,1,458,459,423
CTRIA3,402,1,181,180,217
CTRIA3,1866,1,604,610,609
CTRIA3,239,1,203,202,239
CTRIA3,924,1,270,269,315
CTRIA3,403,1,217,218,181
CTRIA3,1867,1,605,606,611
CTRIA3,240,1,239,240,203
CTRIA3,925,1,315,316,270
CTRIA3,404,1,218,217,254
CTRIA3,1868,1,605,611,610
CTRIA3,241,1,20,18,92
CTRIA3,926,1,295,460,459
CTRIA3,405,1,254,255,218
CTRIA3,1869,1,606,24,22
CTRIA3,242,1,92,93,20
CTRIA3,927,1,316,315,351
CTRIA3,406,1,50,48,107
CTRIA3,1870,1,606,22,611
CTRIA3,243,1,74,241,240
CTRIA3,928,1,351,352,316
CTRIA3,407,1,107,108,50
CTRIA3,1871,1,269,607,612
CTRIA3,244,1,93,92,129
CTRIA3,929,1,352,351,387
CTRIA3,408,1,74,256,255
CTRIA3,1872,1,269,612,268
CTRIA3,245,1,129,130,93
CTRIA3,930,1,387,388,352
CTRIA3,409,1,108,107,144
CTRIA3,1873,1,607,608,613
CTRIA3,246,1,130,129,166
CTRIA3,931,1,388,387,423
CTRIA3,410,1,144,145,108
CTRIA3,1874,1,607,613,612
CTRIA3,247,1,166,167,130
CTRIA3,932,1,423,424,388
CTRIA3,411,1,145,144,181
CTRIA3,1875,1,608,609,614
CTRIA3,248,1,167,166,203
CTRIA3,933,1,424,423,459
CTRIA3,412,1,181,182,145
CTRIA3,1876,1,608,614,613
CTRIA3,249,1,203,204,167
CTRIA3,934,1,459,460,424
CTRIA3,413,1,182,181,218
CTRIA3,1877,1,609,610,615
CTRIA3,250,1,204,203,240
CTRIA3,935,1,271,270,316
CTRIA3,414,1,218,219,182
CTRIA3,1878,1,609,615,614
CTRIA3,251,1,240,241,204
CTRIA3,936,1,316,317,271
CTRIA3,415,1,219,218,255
CTRIA3,1879,1,610,611,616
CTRIA3,252,1,22,20,93
CTRIA3,937,1,295,461,460
CTRIA3,416,1,255,256,219
CTRIA3,1880,1,610,616,615
CTRIA3,253,1,93,94,22
CTRIA3,938,1,317,316,352
CTRIA3,417,1,52,50,108
CTRIA3,1881,1,611,22,20
CTRIA3,254,1,74,242,241
CTRIA3,939,1,352,353,317
CTRIA3,418,1,108,109,52
CTRIA3,1882,1,611,20,616
CTRIA3,255,1,94,93,130
CTRIA3,940,1,353,352,388
CTRIA3,419,1,74,257,256
CTRIA3,1883,1,268,612,617
CTRIA3,256,1,130,131,94
CTRIA3,941,1,388,389,353
CTRIA3,420,1,109,108,145
CTRIA3,1884,1,268,617,267
CTRIA3,257,1,131,130,167
CTRIA3,942,1,389,388,424
CTRIA3,421,1,145,146,109
CTRIA3,1885,1,612,613,618
CTRIA3,258,1,167,168,131
CTRIA3,943,1,424,425,389
CTRIA3,422,1,146,145,182
CTRIA3,1886,1,612,618,617
CTRIA3,259,1,168,167,204
CTRIA3,944,1,425,424,460
CTRIA3,423,1,182,183,146
CTRIA3,1887,1,613,614,619
CTRIA3,260,1,204,205,168
CTRIA3,945,1,460,461,425
CTRIA3,424,1,183,182,219
CTRIA3,1888,1,613,619,618
CTRIA3,261,1,205,204,241
CTRIA3,946,1,272,271,317
CTRIA3,425,1,219,220,183
CTRIA3,1889,1,614,615,620
CTRIA3,262,1,241,242,205
CTRIA3,947,1,317,318,272
CTRIA3,426,1,220,219,256
CTRIA3,1890,1,614,620,619
CTRIA3,263,1,24,22,94
CTRIA3,948,1,295,462,461
CTRIA3,427,1,256,257,220
CTRIA3,1891,1,615,616,621
CTRIA3,264,1,94,95,24
CTRIA3,949,1,318,317,353
CTRIA3,428,1,54,52,109
CTRIA3,1892,1,615,621,620
CTRIA3,265,1,74,243,242
CTRIA3,950,1,353,354,318
CTRIA3,429,1,109,110,54
CTRIA3,1893,1,616,20,18
CTRIA3,266,1,95,94,131
CTRIA3,951,1,354,353,389
CTRIA3,430,1,74,258,257
CTRIA3,1894,1,616,18,621
CTRIA3,267,1,131,132,95
CTRIA3,952,1,389,390,354
CTRIA3,431,1,110,109,146
CTRIA3,1895,1,267,617,622
CTRIA3,268,1,132,131,168
CTRIA3,953,1,390,389,425
CTRIA3,432,1,146,147,110
CTRIA3,1896,1,267,622,266
CTRIA3,269,1,168,169,132
CTRIA3,954,1,425,426,390
CTRIA3,433,1,147,146,183
CTRIA3,1897,1,617,618,623
CTRIA3,270,1,169,168,205
CTRIA3,955,1,426,425,461
CTRIA3,434,1,183,184,147
CTRIA3,1898,1,617,623,622
CTRIA3,271,1,205,206,169
CTRIA3,956,1,461,462,426
CTRIA3,435,1,184,183,220
CTRIA3,1899,1,618,619,624
CTRIA3,272,1,206,205,242
CTRIA3,957,1,273,272,318
CTRIA3,436,1,220,221,184
CTRIA3,1900,1,618,624,623
CTRIA3,273,1,242,243,206
CTRIA3,958,1,318,319,273
CTRIA3,437,1,221,220,257
CTRIA3,1901,1,619,620,625
CTRIA3,274,1,26,24,95
CTRIA3,959,1,295,463,462
CTRIA3,438,1,257,258,221
CTRIA3,1902,1,619,625,624
CTRIA3,275,1,95,96,26
CTRIA3,960,1,319,318,354
CTRIA3,439,1,56,54,110
CTRIA3,1903,1,620,621,626
CTRIA3,276,1,74,244,243
CTRIA3,961,1,354,355,319
CTRIA3,440,1,110,75,56
CTRIA3,1904,1,620,626,625
CTRIA3,277,1,96,95,132
CTRIA3,962,1,355,354,390
CTRIA3,441,1,74,223,258
CTRIA3,1905,1,621,18,16
CTRIA3,278,1,132,133,96
CTRIA3,963,1,390,391,355
CTRIA3,442,1,112,75,110
CTRIA3,1906,1,621,16,626
CTRIA3,279,1,133,132,169
CTRIA3,964,1,391,390,426
CTRIA3,443,1,110,147,112
CTRIA3,1907,1,266,622,627
CTRIA3,280,1,169,170,133
CTRIA3,965,1,426,427,391
CTRIA3,444,1,149,112,147
CTRIA3,1908,1,266,627,265
CTRIA3,281,1,170,169,206
CTRIA3,966,1,427,426,462
CTRIA3,445,1,147,184,149
CTRIA3,1909,1,622,623,628
CTRIA3,282,1,206,207,170
CTRIA3,967,1,462,463,427
CTRIA3,446,1,186,149,184
CTRIA3,1910,1,622,628,627
CTRIA3,283,1,207,206,243
CTRIA3,968,1,274,273,319
CTRIA3,447,1,184,221,186
CTRIA3,1911,1,623,624,629
CTRIA3,284,1,243,244,207
CTRIA3,969,1,319,320,274
CTRIA3,448,1,223,186,221
CTRIA3,1912,1,623,629,628
CTRIA3,285,1,28,26,96
CTRIA3,970,1,295,464,463
CTRIA3,449,1,221,258,223
CTRIA3,1913,1,624,625,630
CTRIA3,286,1,96,97,28
CTRIA3,971,1,320,319,355
CTRIA3,450,1,58,56,75
CTRIA3,1914,1,624,630,629
CTRIA3,287,1,74,245,244
CTRIA3,972,1,355,356,320
CTRIA3,451,1,75,76,58
CTRIA3,1915,1,625,626,631
CTRIA3,288,1,97,96,133
CTRIA3,973,1,356,355,391
CTRIA3,452,1,74,224,223
CTRIA3,1916,1,625,631,630
CTRIA3,289,1,133,134,97
CTRIA3,974,1,391,392,356
CTRIA3,453,1,76,75,112
CTRIA3,1917,1,626,16,14
CTRIA3,290,1,134,133,170
CTRIA3,975,1,392,391,427
CTRIA3,454,1,112,113,76
CTRIA3,1918,1,626,14,631
CTRIA3,291,1,170,171,134
CTRIA3,976,1,427,428,392
CTRIA3,455,1,113,112,149
CTRIA3,1919,1,265,627,632
CTRIA3,292,1,171,170,207
CTRIA3,977,1,428,427,463
CTRIA3,456,1,149,150,113
CTRIA3,814,1,260,259,305
CTRIA3,1920,1,265,632,264
CTRIA3,293,1,207,208,171
CTRIA3,978,1,463,464,428
CTRIA3,457,1,150,149,186
CTRIA3,815,1,305,306,260
CTRIA3,1921,1,627,628,633
CTRIA3,294,1,208,207,244
CTRIA3,979,1,275,274,320
CTRIA3,458,1,186,187,150
CTRIA3,816,1,295,450,449
CTRIA3,1922,1,627,633,632
CTRIA3,295,1,244,245,208
CTRIA3,980,1,320,321,275
CTRIA3,459,1,187,186,223
CTRIA3,817,1,306,305,341
CTRIA3,1923,1,628,629,634
CTRIA3,296,1,30,28,97
CTRIA3,981,1,295,465,464
CTRIA3,460,1,223,224,187
CTRIA3,818,1,341,342,306
CTRIA3,1924,1,628,634,633
CTRIA3,297,1,97,98,30
CTRIA3,982,1,321,320,356
CTRIA3,461,1,60,58,76
CTRIA3,819,1,342,341,377
CTRIA3,1925,1,629,630,635
CTRIA3,298,1,74,246,245
CTRIA3,983,1,356,357,321
CTRIA3,462,1,76,77,60
CTRIA3,820,1,377,378,342
CTRIA3,1926,1,629,635,634
CTRIA3,299,1,98,97,134
CTRIA3,984,1,357,356,392
CTRIA3,463,1,74,225,224
CTRIA3,821,1,378,377,413
CTRIA3,1927,1,630,631,636
CTRIA3,300,1,134,135,98
CTRIA3,985,1,392,393,357
CTRIA3,464,1,77,76,113
CTRIA3,822,1,413,414,378
CTRIA3,1928,1,630,636,635
CTRIA3,301,1,135,134,171
CTRIA3,986,1,393,392,428
CTRIA3,465,1,113,114,77
CTRIA3,823,1,414,413,449
CTRIA3,1929,1,631,14,12
CTRIA3,302,1,171,172,135
CTRIA3,987,1,428,429,393
CTRIA3,466,1,114,113,150
CTRIA3,824,1,449,450,414
CTRIA3,1930,1,631,12,636
CTRIA3,303,1,172,171,208
CTRIA3,988,1,429,428,464
CTRIA3,467,1,150,151,114
CTRIA3,825,1,261,260,306
CTRIA3,1931,1,264,632,637
CTRIA3,304,1,208,209,172
CTRIA3,989,1,464,465,429
CTRIA3,468,1,151,150,187
CTRIA3,826,1,306,307,261
CTRIA3,1932,1,264,637,263
CTRIA3,305,1,209,208,245
CTRIA3,990,1,276,275,321
CTRIA3,469,1,187,188,151
CTRIA3,827,1,295,451,450
CTRIA3,1933,1,632,633,638
CTRIA3,306,1,245,246,209
CTRIA3,991,1,321,322,276
CTRIA3,470,1,188,187,224
CTRIA3,828,1,307,306,342
CTRIA3,1934,1,632,638,637
CTRIA3,307,1,32,30,98
CTRIA3,992,1,295,466,465
CTRIA3,471,1,224,225,188
CTRIA3,829,1,342,343,307
CTRIA3,1935,1,633,634,639
CTRIA3,308,1,98,99,32
CTRIA3,995,1,358,357,393
CTRIA3,474,1,74,226,225
CTRIA3,832,1,379,378,414
CTRIA3,1938,1,634,640,639
CTRIA3,311,1,135,136,99
CTRIA3,996,1,393,394,358
CTRIA3,475,1,78,77,114
CTRIA3,833,1,414,415,379
CTRIA3,1939,1,635,636,641
CTRIA3,312,1,136,135,172
CTRIA3,1000,1,465,466,430
CTRIA3,479,1,152,151,188
CTRIA3,1001,1,277,276,322
CTRIA3,480,1,188,189,152
CTRIA3,1002,1,322,323,277
CTRIA3,481,1,189,188,225
CTRIA3,1003,1,295,467,466
CTRIA3,482,1,225,226,189
CTRIA3,1004,1,323,322,358
CTRIA3,483,1,64,62,78
CTRIA3,1005,1,358,359,323
CTRIA3,484,1,78,79,64
CTRIA3,1006,1,359,358,394
CTRIA3,485,1,74,227,226
CTRIA3,1007,1,394,395,359
CTRIA3,486,1,79,78,115
CTRIA3,1008,1,395,394,430
CTRIA3,487,1,115,116,79
CTRIA3,1009,1,430,431,395
CTRIA3,488,1,116,115,152
CTRIA3,1010,1,431,430,466
CTRIA3,489,1,152,153,116
CTRIA3,1011,1,466,467,431
CTRIA3,490,1,153,152,189
CTRIA3,1012,1,278,277,323
CTRIA3,491,1,189,190,153
CTRIA3,1013,1,323,324,278
CTRIA3,492,1,190,189,226
CTRIA3,1014,1,295,468,467
CTRIA3,493,1,226,227,190
CTRIA3,1015,1,324,323,359
CTRIA3,494,1,66,64,79
CTRIA3,1016,1,359,360,324
CTRIA3,495,1,79,80,66
CTRIA3,1017,1,360,359,395
CTRIA3,496,1,74,228,227
CTRIA3,1018,1,395,396,360
CTRIA3,497,1,80,79,116
CTRIA3,1019,1,396,395,431
CTRIA3,498,1,116,117,80
CTRIA3,1020,1,431,432,396
CTRIA3,499,1,117,116,153
CTRIA3,1021,1,432,431,467
CTRIA3,500,1,153,154,117
CTRIA3,1022,1,467,468,432
CTRIA3,501,1,154,153,190
CTRIA3,1023,1,279,278,324
CTRIA3,502,1,190,191,154
CTRIA3,1024,1,324,325,279
CTRIA3,503,1,191,190,227
CTRIA3,1025,1,295,469,468
CTRIA3,504,1,227,228,191
CTRIA3,1026,1,325,324,360
CTRIA3,505,1,68,66,80
CTRIA3,1027,1,360,361,325
CTRIA3,506,1,80,81,68
CTRIA3,1028,1,361,360,396
CTRIA3,507,1,74,229,228
CTRIA3,1029,1,396,397,361
CTRIA3,508,1,81,80,117
CTRIA3,1030,1,397,396,432
CTRIA3,509,1,117,118,81
CTRIA3,1031,1,432,433,397
CTRIA3,510,1,118,117,154
CTRIA3,1032,1,433,432,468
CTRIA3,511,1,154,155,118
CTRIA3,1033,1,468,469,433
CTRIA3,512,1,155,154,191
CTRIA3,1034,1,280,279,325
CTRIA3,513,1,191,192,155
CTRIA3,1035,1,325,326,280
CTRIA3,514,1,192,191,228
CTRIA3,1036,1,295,470,469
CTRIA3,515,1,228,229,192
CTRIA3,1037,1,326,325,361
CTRIA3,516,1,70,68,81
CTRIA3,1038,1,361,362,326
CTRIA3,517,1,81,82,70
CTRIA3,1039,1,362,361,397
CTRIA3,518,1,74,230,229
CTRIA3,1040,1,397,398,362
CTRIA3,519,1,82,81,118
CTRIA3,1041,1,398,397,433
CTRIA3,520,1,118,119,82
CTRIA3,1042,1,433,434,398
CTRIA3,521,1,119,118,155
CTRIA3,1044,1,469,470,434
CTRIA3,523,1,156,155,192
CTRIA3,1046,1,326,327,281
CTRIA3,525,1,193,192,229
CTRIA3,1048,1,327,326,362
CTRIA3,527,1,72,70,82
CTRIA3,1050,1,363,362,398
CTRIA3,529,1,74,231,230
CTRIA3,1052,1,399,398,434
CTRIA3,531,1,119,120,83
CTRIA3,1054,1,435,434,470
CTRIA3,533,1,156,157,120
CTRIA3,1056,1,282,281,327
CTRIA3,535,1,193,194,157
CTRIA3,1058,1,295,472,471
CTRIA3,537,1,230,231,194
CTRIA3,1060,1,363,364,328
CTRIA3,539,1,72,83,84
CTRIA3,1062,1,399,400,364
CTRIA3,541,1,84,83,120
CTRIA3,1064,1,435,436,400
CTRIA3,543,1,121,120,157
CTRIA3,1066,1,471,472,436
CTRIA3,545,1,158,157,194
CTRIA3,1068,1,328,329,283
CTRIA3,547,1,195,194,231
CTRIA3,1070,1,329,328,364
CTRIA3,1072,1,365,364,400
CTRIA3,1074,1,401,400,436
CTRIA3,1076,1,437,436,472
CTRIA3,1078,1,284,283,329
CTRIA3,1080,1,295,474,473
CTRIA3,1082,1,365,366,330
CTRIA3,1084,1,401,402,366
CTRIA3,1086,1,437,438,402
CTRIA3,1088,1,473,474,438
CTRIA3,1090,1,330,331,285
CTRIA3,1092,1,331,330,366
CTRIA3,1094,1,367,366,402
CTRIA3,1096,1,403,402,438
CTRIA3,1098,1,439,438,474
CTRIA3,1100,1,286,285,331
CTRIA3,1102,1,295,440,475
CTRIA3,1104,1,331,367,332
CTRIA3,1106,1,367,403,368
CTRIA3,1108,1,403,439,404
CTRIA3,1110,1,439,475,440
CTRIA3,1112,1,296,297,287
CTRIA3,1114,1,297,296,332
CTRIA3,1115,1,332,333,297
CTRIA3,1116,1,333,332,368
CTRIA3,1117,1,368,369,333
CTRIA3,1118,1,369,368,404
CTRIA3,1119,1,404,405,369
CTRIA3,1120,1,405,404,440
CTRIA3,1121,1,440,441,405
CTRIA3,1122,1,288,287,297
CTRIA3,1123,1,297,298,288
CTRIA3,1124,1,295,442,441
CTRIA3,1125,1,298,297,333
CTRIA3,1126,1,333,334,298
CTRIA3,1127,1,334,333,369
CTRIA3,1128,1,369,370,334
CTRIA3,1129,1,370,369,405
CTRIA3,1130,1,405,406,370
CTRIA3,1131,1,406,405,441
CTRIA3,1132,1,441,442,406
CTRIA3,1133,1,289,288,298
CTRIA3,1134,1,298,299,289
CTRIA3,1135,1,295,443,442
CTRIA3,1136,1,299,298,334
CTRIA3,1137,1,334,335,299
CTRIA3,1138,1,335,334,370
CTRIA3,1139,1,370,371,335
CTRIA3,1140,1,371,370,406
CTRIA3,1141,1,406,407,371
CTRIA3,1142,1,407,406,442
CTRIA3,1143,1,442,443,407
CTRIA3,1144,1,290,289,299
CTRIA3,1145,1,299,300,290
CTRIA3,1146,1,295,444,443
CTRIA3,1147,1,300,299,335
CTRIA3,1148,1,335,336,300
CTRIA3,1149,1,336,335,371
CTRIA3,1150,1,371,372,336
CTRIA3,1151,1,372,371,407
CTRIA3,1152,1,407,408,372
CTRIA3,1153,1,408,407,443
CTRIA3,1154,1,443,444,408
CTRIA3,1155,1,291,290,300
CTRIA3,1156,1,300,301,291
CTRIA3,1157,1,295,445,444
CTRIA3,1158,1,301,300,336
CTRIA3,1159,1,336,337,301
CTRIA3,1160,1,337,336,372
CTRIA3,1161,1,372,373,337
CTRIA3,1162,1,373,372,408
CTRIA3,1163,1,408,409,373
CTRIA3,1164,1,409,408,444
CTRIA3,1165,1,444,445,409
CTRIA3,1166,1,292,291,301
CTRIA3,1167,1,301,302,292
CTRIA3,1168,1,295,446,445
CTRIA3,1169,1,302,301,337
CTRIA3,1170,1,337,338,302
CTRIA3,1171,1,338,337,373
CTRIA3,1172,1,373,374,338
CTRIA3,1173,1,374,373,409
CTRIA3,1174,1,409,410,374
CTRIA3,1175,1,410,409,445
CTRIA3,1176,1,445,446,410
CTRIA3,1177,1,293,292,302
CTRIA3,1178,1,302,303,293
CTRIA3,1179,1,295,447,446
CTRIA3,1180,1,303,302,338
CTRIA3,1181,1,338,339,303
CTRIA3,1182,1,339,338,374
CTRIA3,1183,1,374,375,339
CTRIA3,1184,1,375,374,410
CTRIA3,1185,1,410,411,375
CTRIA3,1186,1,411,410,446
CTRIA3,1187,1,446,447,411
CTRIA3,1190,1,295,448,447
CTRIA3,1191,1,304,303,339
CTRIA3,1535,1,56,477,478
CTRIA3,1536,1,56,478,58
CTRIA3,1537,1,477,479,480
CTRIA3,1538,1,477,480,478
CTRIA3,1539,1,479,481,482
CTRIA3,1540,1,479,482,480
CTRIA3,1541,1,481,483,484
CTRIA3,1542,1,481,484,482
CTRIA3,1543,1,483,485,486
CTRIA3,1544,1,483,486,484
CTRIA3,1545,1,485,286,287
CTRIA3,1546,1,485,287,486
CTRIA3,1547,1,58,478,487
CTRIA3,1548,1,58,487,60
CTRIA3,1549,1,478,480,488
CTRIA3,1550,1,478,488,487
CTRIA3,1551,1,480,482,489
CTRIA3,1552,1,480,489,488
CTRIA3,1553,1,482,484,490
CTRIA3,1554,1,482,490,489
CTRIA3,1555,1,484,486,491
CTRIA3,1556,1,484,491,490
CTRIA3,1557,1,486,287,288
CTRIA3,1558,1,486,288,491
CTRIA3,1559,1,60,487,492
CTRIA3,1560,1,60,492,62
CTRIA3,1561,1,487,488,493
CTRIA3,1562,1,487,493,492
CTRIA3,1563,1,488,489,494
CTRIA3,1564,1,488,494,493
CTRIA3,1565,1,489,490,495
CTRIA3,1566,1,489,495,494
CTRIA3,1567,1,490,491,496
CTRIA3,1568,1,490,496,495
CTRIA3,1569,1,491,288,289
CTRIA3,1570,1,491,289,496
CTRIA3,1571,1,62,492,497
CTRIA3,1572,1,62,497,64
CTRIA3,1573,1,492,493,498
CTRIA3,1574,1,492,498,497
CTRIA3,1575,1,493,494,499
CTRIA3,1576,1,493,499,498
CTRIA3,1577,1,494,495,500
CTRIA3,1578,1,494,500,499
CTRIA3,1579,1,495,496,501
CTRIA3,1580,1,495,501,500
CTRIA3,1581,1,496,289,290
CTRIA3,1582,1,496,290,501
CTRIA3,1583,1,64,497,502
CTRIA3,1584,1,64,502,66
CTRIA3,1585,1,497,498,503
CTRIA3,1586,1,497,503,502
CTRIA3,1587,1,498,499,504
CTRIA3,1588,1,498,504,503
CTRIA3,1589,1,499,500,505
CTRIA3,1590,1,499,505,504
CTRIA3,1591,1,500,501,506
CTRIA3,1592,1,500,506,505
CTRIA3,1593,1,501,290,291
CTRIA3,1594,1,501,291,506
CTRIA3,1595,1,66,502,507
CTRIA3,1596,1,66,507,68
CTRIA3,1597,1,502,503,508
CTRIA3,1598,1,502,508,507
CTRIA3,1599,1,503,504,509
CTRIA3,1600,1,503,509,508
CTRIA3,1601,1,504,505,510
CTRIA3,1602,1,504,510,509
CTRIA3,1603,1,505,506,511
CTRIA3,1604,1,505,511,510
CTRIA3,1605,1,506,291,292
CTRIA3,1606,1,506,292,511
CTRIA3,1607,1,68,507,512
CTRIA3,1608,1,68,512,70
CTRIA3,1609,1,507,508,513
CTRIA3,1610,1,507,513,512
CTRIA3,1611,1,508,509,514
CTRIA3,1612,1,508,514,513
CTRIA3,1613,1,509,510,515
CTRIA3,1614,1,509,515,514
CTRIA3,1615,1,510,511,516
CTRIA3,1616,1,510,516,515
CTRIA3,1617,1,511,292,293
CTRIA3,1618,1,511,293,516
CTRIA3,1619,1,70,512,517
CTRIA3,1620,1,70,517,72
CTRIA3,1621,1,512,513,518
CTRIA3,1622,1,512,518,517
CTRIA3,1623,1,513,514,519
CTRIA3,1624,1,513,519,518
CTRIA3,1625,1,514,515,520
CTRIA3,1626,1,514,520,519
CTRIA3,1627,1,515,516,521
CTRIA3,1629,1,516,293,294
CTRIA3,1631,1,72,517,522
CTRIA3,1633,1,517,518,523
CTRIA3,1635,1,518,519,524
CTRIA3,1637,1,519,520,525
CTRIA3,1639,1,520,521,526
CTRIA3,1641,1,521,294,259
CTRIA3,1667,1,286,485,527
CTRIA3,1669,1,485,483,528
CTRIA3,1671,1,483,481,529
CTRIA3,1673,1,481,479,530
CTRIA3,1675,1,479,477,531
CTRIA3,1677,1,477,56,54
CTRIA3,1679,1,285,527,532
CTRIA3,1681,1,527,528,533
CTRIA3,1683,1,528,529,534
CTRIA3,1685,1,529,530,535
CTRIA3,1687,1,530,531,536
CTRIA3,1689,1,531,54,52
CTRIA3,1691,1,284,532,537
CTRIA3,1693,1,532,533,538
CTRIA3,1695,1,533,534,539
CTRIA3,1697,1,534,535,540
CTRIA3,1699,1,535,536,541
CTRIA3,1700,1,535,541,540
CTRIA3,1701,1,536,52,50
CTRIA3,1702,1,536,50,541
CTRIA3,1703,1,283,537,542
CTRIA3,1704,1,283,542,282
CTRIA3,1705,1,537,538,543
CTRIA3,1706,1,537,543,542
CTRIA3,1707,1,538,539,544
CTRIA3,1708,1,538,544,543
CTRIA3,1709,1,539,540,545
CTRIA3,1710,1,539,545,544
CTRIA3,1711,1,540,541,546
CTRIA3,1712,1,540,546,545
CTRIA3,1713,1,541,50,48
CTRIA3,1714,1,541,48,546
CTRIA3,1715,1,282,542,547
CTRIA3,1716,1,282,547,281
CTRIA3,1717,1,542,543,548
CTRIA3,1718,1,542,548,547
CTRIA3,1719,1,543,544,549
CTRIA3,1720,1,543,549,548
CTRIA3,1721,1,544,545,550
CTRIA3,1722,1,544,550,549
CTRIA3,1723,1,545,546,551
CTRIA3,1724,1,545,551,550
CTRIA3,1725,1,546,48,46
CTRIA3,1726,1,546,46,551
CTRIA3,1727,1,281,547,552
CTRIA3,1728,1,281,552,280
CTRIA3,1729,1,547,548,553
CTRIA3,1730,1,547,553,552
CTRIA3,1731,1,548,549,554
CTRIA3,1732,1,548,554,553
CTRIA3,1733,1,549,550,555
CTRIA3,1734,1,549,555,554
CTRIA3,1735,1,550,551,556
CTRIA3,1736,1,550,556,555
CTRIA3,1737,1,551,46,44
CTRIA3,1738,1,551,44,556
CTRIA3,1739,1,280,552,557
CTRIA3,1740,1,280,557,279
CTRIA3,1741,1,552,553,558
CTRIA3,1742,1,552,558,557
CTRIA3,1743,1,553,554,559
CTRIA3,1744,1,553,559,558
CTRIA3,1745,1,554,555,560
CTRIA3,1746,1,554,560,559
CTRIA3,1747,1,555,556,561
CTRIA3,1748,1,555,561,560
CTRIA3,1749,1,556,44,42
CTRIA3,1750,1,556,42,561
CTRIA3,1751,1,279,557,562
CTRIA3,1752,1,279,562,278
CTRIA3,1753,1,557,558,563
CTRIA3,1754,1,557,563,562
CTRIA3,1755,1,558,559,564
CTRIA3,1756,1,558,564,563
CTRIA3,1757,1,559,560,565
CTRIA3,1758,1,559,565,564
CTRIA3,1759,1,560,561,566
CTRIA3,1760,1,560,566,565
CTRIA3,1761,1,561,42,40
CTRIA3,1762,1,561,40,566
CTRIA3,1763,1,278,562,567
CTRIA3,1764,1,278,567,277
CTRIA3,1765,1,562,563,568
CTRIA3,1766,1,562,568,567
CTRIA3,1767,1,563,564,569
CTRIA3,1768,1,563,569,568
CTRIA3,1769,1,564,565,570
CTRIA3,1770,1,564,570,569
CTRIA3,1771,1,565,566,571
CTRIA3,1772,1,565,571,570
CTRIA3,1775,1,277,567,572
CTRIA3,1776,1,277,572,276
CTETRA,1991,2,1562,179,180,216
CTETRA,1992,2,1562,688,682,699
CTETRA,1993,2,1562,180,179,688
CTETRA,1994,2,1562,688,179,682
CTETRA,1995,2,1562,179,216,699
CTETRA,1996,2,1562,179,699,682
CTETRA,1997,2,1562,216,180,699
CTETRA,1998,2,1562,699,180,688
CTETRA,1999,2,1563,201,202,238
CTETRA,2000,2,1563,766,781,760
CTETRA,2001,2,1563,202,201,781
CTETRA,2002,2,1563,202,781,766
CTETRA,2003,2,1563,201,238,781
CTETRA,2004,2,1563,781,238,760
CTETRA,2005,2,1563,238,202,766
CTETRA,2006,2,1563,238,766,760
CTETRA,2007,2,1564,211,212,248
CTETRA,2008,2,1564,694,698,719
CTETRA,2009,2,1564,212,211,698
CTETRA,2010,2,1564,212,698,694
CTETRA,2011,2,1564,211,248,719
CTETRA,2012,2,1564,211,719,698
CTETRA,2013,2,1564,248,212,719
CTETRA,2014,2,1564,719,212,694
CTETRA,2015,2,1565,6,8,86
CTETRA,2016,2,1565,646,651,834
CTETRA,2017,2,1565,646,8,6
CTETRA,2018,2,1565,646,6,651
CTETRA,2019,2,1565,6,86,651
CTETRA,2020,2,1565,651,86,834
CTETRA,2021,2,1565,86,8,646
CTETRA,2022,2,1565,86,646,834
CTETRA,2023,2,1566,46,48,106
CTETRA,2024,2,1566,546,551,667
CTETRA,2025,2,1566,546,48,46
CTETRA,2026,2,1566,546,46,551
CTETRA,2027,2,1566,46,106,667
CTETRA,2028,2,1566,46,667,551
CTETRA,2029,2,1566,106,48,667
CTETRA,2030,2,1566,667,48,546
CTETRA,2031,2,1567,240,74,239
CTETRA,2032,2,1567,747,754,756
CTETRA,2033,2,1567,74,240,754
CTETRA,2034,2,1567,74,754,747
CTETRA,2035,2,1567,240,239,756
CTETRA,2036,2,1567,240,756,754
CTETRA,2037,2,1567,239,74,756
CTETRA,2038,2,1567,756,74,747
CTETRA,2039,2,1568,177,176,140
CTETRA,2040,2,1568,677,678,665
CTETRA,2041,2,1568,176,177,678
CTETRA,2042,2,1568,176,678,677
CTETRA,2043,2,1568,177,140,678
CTETRA,2044,2,1568,678,140,665
CTETRA,2045,2,1568,140,176,677
CTETRA,2046,2,1568,140,677,665
CTETRA,2047,2,1569,199,198,162
CTETRA,2048,2,1569,795,791,806
CTETRA,2049,2,1569,198,199,795
CTETRA,2050,2,1569,795,199,791
CTETRA,2051,2,1569,199,162,806
CTETRA,2052,2,1569,199,806,791
CTETRA,2053,2,1569,162,198,806
CTETRA,2054,2,1569,806,198,795
CTETRA,2055,2,1570,251,250,214
CTETRA,2056,2,1570,715,716,693
CTETRA,2057,2,1570,250,251,716
CTETRA,2058,2,1570,250,716,715
CTETRA,2059,2,1570,251,214,716
CTETRA,2060,2,1570,716,214,693
CTETRA,2061,2,1570,214,250,715
CTETRA,2062,2,1570,214,715,693
CTETRA,2063,2,1571,89,88,12
CTETRA,2064,2,1571,827,821,636
CTETRA,2065,2,1571,88,89,827
CTETRA,2066,2,1571,827,89,821
CTETRA,2067,2,1571,89,12,636
CTETRA,2068,2,1571,89,636,821
CTETRA,2069,2,1571,12,88,636
CTETRA,2070,2,1571,636,88,827
CTETRA,2071,2,1572,104,105,141
CTETRA,2072,2,1572,662,660,669
CTETRA,2073,2,1572,105,104,662
CTETRA,2074,2,1572,662,104,660
CTETRA,2075,2,1572,104,141,669
CTETRA,2076,2,1572,104,669,660
CTETRA,2077,2,1572,141,105,669
CTETRA,2078,2,1572,669,105,662
CTETRA,2079,2,1573,126,127,163
CTETRA,2080,2,1573,804,810,799
CTETRA,2081,2,1573,127,126,810
CTETRA,2082,2,1573,127,810,804
CTETRA,2083,2,1573,126,163,810
CTETRA,2084,2,1573,810,163,799
CTETRA,2085,2,1573,163,127,804
CTETRA,2086,2,1573,163,804,799
CTETRA,2087,2,1574,136,137,173
CTETRA,2088,2,1574,670,672,683
CTETRA,2089,2,1574,137,136,672
CTETRA,2090,2,1574,137,672,670
CTETRA,2091,2,1574,136,173,683
CTETRA,2092,2,1574,136,683,672
CTETRA,2093,2,1574,173,137,683
CTETRA,2094,2,1574,683,137,670
CTETRA,2095,2,1575,158,159,195
CTETRA,2096,2,1575,816,817,802
CTETRA,2097,2,1575,159,158,817
CTETRA,2098,2,1575,159,817,816
CTETRA,2099,2,1575,158,195,817
CTETRA,2100,2,1575,817,195,802
CTETRA,2101,2,1575,195,159,816
CTETRA,2102,2,1575,195,816,802
CTETRA,2103,2,1576,210,211,247
CTETRA,2104,2,1576,698,700,723
CTETRA,2105,2,1576,211,210,700
CTETRA,2106,2,1576,211,700,698
CTETRA,2107,2,1576,210,247,723
CTETRA,2108,2,1576,210,723,700
CTETRA,2109,2,1576,247,211,723
CTETRA,2110,2,1576,723,211,698
CTETRA,2111,2,1577,4,6,85
CTETRA,2112,2,1577,651,656,836
CTETRA,2113,2,1577,651,4,656
CTETRA,2114,2,1577,651,6,4
CTETRA,2115,2,1577,4,85,656
CTETRA,2116,2,1577,656,85,836
CTETRA,2117,2,1577,85,6,651
CTETRA,2118,2,1577,85,651,836
CTETRA,2119,2,1578,156,155,119
CTETRA,2120,2,1578,811,813,824
CTETRA,2121,2,1578,155,156,813
CTETRA,2122,2,1578,155,813,811
CTETRA,2123,2,1578,156,119,824
CTETRA,2124,2,1578,156,824,813
CTETRA,2125,2,1578,119,155,824
CTETRA,2126,2,1578,824,155,811
CTETRA,2127,2,1579,216,217,253
CTETRA,2128,2,1579,703,699,722
CTETRA,2129,2,1579,217,216,703
CTETRA,2130,2,1579,703,216,699
CTETRA,2131,2,1579,216,253,722
CTETRA,2132,2,1579,216,722,699
CTETRA,2133,2,1579,253,217,722
CTETRA,2134,2,1579,722,217,703
CTETRA,2135,2,1580,16,18,91
CTETRA,2136,2,1580,621,626,793
CTETRA,2137,2,1580,621,18,16
CTETRA,2138,2,1580,621,16,626
CTETRA,2139,2,1580,16,91,626
CTETRA,2140,2,1580,626,91,793
CTETRA,2141,2,1580,91,18,793
CTETRA,2142,2,1580,793,18,621
CTETRA,2143,2,1581,36,38,101
CTETRA,2144,2,1581,571,576,659
CTETRA,2145,2,1581,571,36,576
CTETRA,2146,2,1581,571,38,36
CTETRA,2147,2,1581,36,101,659
CTETRA,2148,2,1581,36,659,576
CTETRA,2149,2,1581,101,38,659
CTETRA,2150,2,1581,659,38,571
CTETRA,2151,2,1582,235,74,234
CTETRA,2152,2,1582,747,772,776
CTETRA,2153,2,1582,74,235,772
CTETRA,2154,2,1582,74,772,747
CTETRA,2155,2,1582,235,234,776
CTETRA,2156,2,1582,235,776,772
CTETRA,2157,2,1582,234,74,776
CTETRA,2158,2,1582,776,74,747
CTETRA,2159,2,1583,255,74,254
CTETRA,2160,2,1583,747,730,724
CTETRA,2161,2,1583,74,255,747
CTETRA,2162,2,1583,747,255,730
CTETRA,2163,2,1583,255,254,730
CTETRA,2164,2,1583,730,254,724
CTETRA,2165,2,1583,254,74,747
CTETRA,2166,2,1583,254,747,724
CTETRA,2167,2,1584,129,128,92
CTETRA,2168,2,1584,787,768,774
CTETRA,2169,2,1584,128,129,787
CTETRA,2170,2,1584,787,129,768
CTETRA,2171,2,1584,129,92,774
CTETRA,2172,2,1584,129,774,768
CTETRA,2173,2,1584,92,128,787
CTETRA,2174,2,1584,92,787,774
CTETRA,2175,2,1585,214,213,177
CTETRA,2176,2,1585,692,693,678
CTETRA,2177,2,1585,213,214,693
CTETRA,2178,2,1585,213,693,692
CTETRA,2179,2,1585,214,177,693
CTETRA,2180,2,1585,693,177,678
CTETRA,2181,2,1585,177,213,692
CTETRA,2182,2,1585,177,692,678
CTETRA,2183,2,1586,236,235,199
CTETRA,2184,2,1586,772,770,791
CTETRA,2185,2,1586,235,236,772
CTETRA,2186,2,1586,772,236,770
CTETRA,2187,2,1586,236,199,791
CTETRA,2188,2,1586,236,791,770
CTETRA,2189,2,1586,199,235,791
CTETRA,2190,2,1586,791,235,772
CTETRA,2191,2,1587,104,103,42
CTETRA,2192,2,1587,658,660,561
CTETRA,2193,2,1587,103,104,660
CTETRA,2194,2,1587,103,660,658
CTETRA,2195,2,1587,104,42,660
CTETRA,2196,2,1587,660,42,561
CTETRA,2197,2,1587,42,103,658
CTETRA,2198,2,1587,42,658,561
CTETRA,2199,2,1588,88,89,125
CTETRA,2200,2,1588,821,827,819
CTETRA,2201,2,1588,89,88,827
CTETRA,2202,2,1588,89,827,821
CTETRA,2203,2,1588,88,125,827
CTETRA,2204,2,1588,827,125,819
CTETRA,2205,2,1588,125,89,821
CTETRA,2206,2,1588,125,821,819
CTETRA,2207,2,1589,141,142,178
CTETRA,2208,2,1589,671,669,680
CTETRA,2209,2,1589,142,141,671
CTETRA,2210,2,1589,671,141,669
CTETRA,2211,2,1589,141,178,680
CTETRA,2212,2,1589,141,680,669
CTETRA,2213,2,1589,178,142,680
CTETRA,2214,2,1589,680,142,671
CTETRA,2215,2,1590,163,164,200
CTETRA,2216,2,1590,789,799,785
CTETRA,2217,2,1590,164,163,799
CTETRA,2218,2,1590,164,799,789
CTETRA,2219,2,1590,163,200,799
CTETRA,2220,2,1590,799,200,785
CTETRA,2221,2,1590,200,164,789
CTETRA,2222,2,1590,200,789,785
CTETRA,2223,2,1591,173,174,210
CTETRA,2224,2,1591,681,683,700
CTETRA,2225,2,1591,174,173,683
CTETRA,2226,2,1591,174,683,681
CTETRA,2227,2,1591,173,210,700
CTETRA,2228,2,1591,173,700,683
CTETRA,2229,2,1591,210,174,700
CTETRA,2230,2,1591,700,174,681
CTETRA,2231,2,1592,195,196,232
CTETRA,2232,2,1592,801,802,779
CTETRA,2233,2,1592,196,195,802
CTETRA,2234,2,1592,196,802,801
CTETRA,2235,2,1592,195,232,802
CTETRA,2236,2,1592,802,232,779
CTETRA,2237,2,1592,232,196,801
CTETRA,2238,2,1592,232,801,779
CTETRA,2239,2,1593,34,36,100
CTETRA,2240,2,1593,576,581,661
CTETRA,2241,2,1593,576,36,34
CTETRA,2242,2,1593,576,34,581
CTETRA,2243,2,1593,34,100,661
CTETRA,2244,2,1593,34,661,581
CTETRA,2245,2,1593,100,36,661
CTETRA,2246,2,1593,661,36,576
CTETRA,2247,2,1594,234,74,233
CTETRA,2248,2,1594,747,776,778
CTETRA,2249,2,1594,74,234,776
CTETRA,2250,2,1594,74,776,747
CTETRA,2251,2,1594,234,233,778
CTETRA,2252,2,1594,234,778,776
CTETRA,2253,2,1594,233,74,778
CTETRA,2254,2,1594,778,74,747
CTETRA,2255,2,1595,193,192,156
CTETRA,2256,2,1595,794,796,813
CTETRA,2257,2,1595,192,193,796
CTETRA,2258,2,1595,192,796,794
CTETRA,2259,2,1595,193,156,813
CTETRA,2260,2,1595,193,813,796
CTETRA,2261,2,1595,156,192,813
CTETRA,2262,2,1595,813,192,794
CTETRA,2263,2,1596,103,104,140
CTETRA,2264,2,1596,660,658,665
CTETRA,2265,2,1596,104,103,660
CTETRA,2266,2,1596,660,103,658
CTETRA,2267,2,1596,103,140,665
CTETRA,2268,2,1596,103,665,658
CTETRA,2269,2,1596,140,104,665
CTETRA,2270,2,1596,665,104,660
CTETRA,2271,2,1597,125,126,162
CTETRA,2272,2,1597,810,819,806
CTETRA,2273,2,1597,126,125,819
CTETRA,2274,2,1597,126,819,810
CTETRA,2275,2,1597,125,162,819
CTETRA,2276,2,1597,819,162,806
CTETRA,2277,2,1597,162,126,810
CTETRA,2278,2,1597,162,810,806
CTETRA,2279,2,1598,178,179,215
CTETRA,2280,2,1598,682,680,697
CTETRA,2281,2,1598,179,178,682
CTETRA,2282,2,1598,682,178,680
CTETRA,2283,2,1598,178,215,697
CTETRA,2284,2,1598,178,697,680
CTETRA,2285,2,1598,215,179,697
CTETRA,2286,2,1598,697,179,682
CTETRA,2287,2,1599,200,201,237
CTETRA,2288,2,1599,781,785,764
CTETRA,2289,2,1599,201,200,785
CTETRA,2290,2,1599,201,785,781
CTETRA,2291,2,1599,200,237,785
CTETRA,2292,2,1599,785,237,764
CTETRA,2293,2,1599,237,201,781
CTETRA,2294,2,1599,237,781,764
CTETRA,2295,2,1600,249,74,248
CTETRA,2296,2,1600,747,717,719
CTETRA,2297,2,1600,74,249,747
CTETRA,2298,2,1600,747,249,717
CTETRA,2299,2,1600,249,248,719
CTETRA,2300,2,1600,249,719,717
CTETRA,2301,2,1600,248,74,747
CTETRA,2302,2,1600,248,747,719
CTETRA,2303,2,1601,123,122,86
CTETRA,2304,2,1601,829,825,834
CTETRA,2305,2,1601,122,123,829
CTETRA,2306,2,1601,829,123,825
CTETRA,2307,2,1601,123,86,834
CTETRA,2308,2,1601,123,834,825
CTETRA,2309,2,1601,86,122,834
CTETRA,2310,2,1601,834,122,829
CTETRA,2311,2,1602,230,229,193
CTETRA,2312,2,1602,771,775,796
CTETRA,2313,2,1602,229,230,775
CTETRA,2314,2,1602,229,775,771
CTETRA,2315,2,1602,230,193,796
CTETRA,2316,2,1602,230,796,775
CTETRA,2317,2,1602,193,229,796
CTETRA,2318,2,1602,796,229,771
CTETRA,2319,2,1603,78,77,62
CTETRA,2320,2,1603,792,807,492
CTETRA,2321,2,1603,77,78,807
CTETRA,2322,2,1603,77,807,792
CTETRA,2323,2,1603,78,62,492
CTETRA,2324,2,1603,78,492,807
CTETRA,2325,2,1603,62,77,492
CTETRA,2326,2,1603,492,77,792
CTETRA,2327,2,1604,98,99,135
CTETRA,2328,2,1604,663,668,676
CTETRA,2329,2,1604,99,98,668
CTETRA,2330,2,1604,99,668,663
CTETRA,2331,2,1604,98,135,676
CTETRA,2332,2,1604,98,676,668
CTETRA,2333,2,1604,135,99,676
CTETRA,2334,2,1604,676,99,663
CTETRA,2335,2,1605,140,141,177
CTETRA,2336,2,1605,669,665,678
CTETRA,2337,2,1605,141,140,669
CTETRA,2338,2,1605,669,140,665
CTETRA,2339,2,1605,140,177,678
CTETRA,2340,2,1605,140,678,665
CTETRA,2341,2,1605,177,141,678
CTETRA,2342,2,1605,678,141,669
CTETRA,2343,2,1606,162,163,199
CTETRA,2344,2,1606,799,806,791
CTETRA,2345,2,1606,163,162,806
CTETRA,2346,2,1606,163,806,799
CTETRA,2347,2,1606,162,199,806
CTETRA,2348,2,1606,806,199,791
CTETRA,2349,2,1606,199,163,799
CTETRA,2350,2,1606,199,799,791
CTETRA,2351,2,1607,215,216,252
CTETRA,2352,2,1607,699,697,718
CTETRA,2353,2,1607,216,215,699
CTETRA,2354,2,1607,699,215,697
CTETRA,2355,2,1607,215,252,718
CTETRA,2356,2,1607,215,718,697
CTETRA,2357,2,1607,252,216,718
CTETRA,2358,2,1607,718,216,699
CTETRA,2359,2,1608,14,16,90
CTETRA,2360,2,1608,626,631,808
CTETRA,2361,2,1608,626,16,14
CTETRA,2362,2,1608,626,14,631
CTETRA,2363,2,1608,14,90,631
CTETRA,2364,2,1608,631,90,808
CTETRA,2365,2,1608,90,16,808
CTETRA,2366,2,1608,808,16,626
CTETRA,2367,2,1609,138,137,101
CTETRA,2368,2,1609,670,666,659
CTETRA,2369,2,1609,137,138,670
CTETRA,2370,2,1609,670,138,666
CTETRA,2371,2,1609,138,101,666
CTETRA,2372,2,1609,666,101,659
CTETRA,2373,2,1609,101,137,670
CTETRA,2374,2,1609,101,670,659
CTETRA,2375,2,1610,160,159,123
CTETRA,2376,2,1610,816,814,825
CTETRA,2377,2,1610,159,160,816
CTETRA,2378,2,1610,816,160,814
CTETRA,2379,2,1610,160,123,825
CTETRA,2380,2,1610,160,825,814
CTETRA,2381,2,1610,123,159,825
CTETRA,2382,2,1610,825,159,816
CTETRA,2383,2,1611,83,82,72
CTETRA,2384,2,1611,833,835,517
CTETRA,2385,2,1611,82,83,835
CTETRA,2386,2,1611,82,835,833
CTETRA,2387,2,1611,83,72,517
CTETRA,2388,2,1611,83,517,835
CTETRA,2389,2,1611,72,82,517
CTETRA,2390,2,1611,517,82,833
CTETRA,2391,2,1612,177,178,214
CTETRA,2392,2,1612,680,678,693
CTETRA,2393,2,1612,178,177,680
CTETRA,2394,2,1612,680,177,678
CTETRA,2395,2,1612,177,214,693
CTETRA,2396,2,1612,177,693,678
CTETRA,2397,2,1612,214,178,693
CTETRA,2398,2,1612,693,178,680
CTETRA,2399,2,1613,199,200,236
CTETRA,2400,2,1613,785,791,770
CTETRA,2401,2,1613,200,199,791
CTETRA,2402,2,1613,200,791,785
CTETRA,2403,2,1613,199,236,791
CTETRA,2404,2,1613,791,236,770
CTETRA,2405,2,1613,236,200,785
CTETRA,2406,2,1613,236,785,770
CTETRA,2407,2,1614,44,46,105
CTETRA,2408,2,1614,551,556,662
CTETRA,2409,2,1614,551,46,44
CTETRA,2410,2,1614,551,44,556
CTETRA,2411,2,1614,44,105,662
CTETRA,2412,2,1614,44,662,556
CTETRA,2413,2,1614,105,46,662
CTETRA,2414,2,1614,662,46,551
CTETRA,2415,2,1615,239,74,238
CTETRA,2416,2,1615,747,756,760
CTETRA,2417,2,1615,74,239,756
CTETRA,2418,2,1615,74,756,747
CTETRA,2419,2,1615,239,238,760
CTETRA,2420,2,1615,239,760,756
CTETRA,2421,2,1615,238,74,760
CTETRA,2422,2,1615,760,74,747
CTETRA,2423,2,1616,175,174,138
CTETRA,2424,2,1616,681,679,666
CTETRA,2425,2,1616,174,175,681
CTETRA,2426,2,1616,681,175,679
CTETRA,2427,2,1616,175,138,679
CTETRA,2428,2,1616,679,138,666
CTETRA,2429,2,1616,138,174,681
CTETRA,2430,2,1616,138,681,666
CTETRA,2431,2,1617,197,196,160
CTETRA,2432,2,1617,801,797,814
CTETRA,2433,2,1617,196,197,801
CTETRA,2434,2,1617,801,197,797
CTETRA,2435,2,1617,197,160,814
CTETRA,2436,2,1617,197,814,797
CTETRA,2437,2,1617,160,196,814
CTETRA,2438,2,1617,814,196,801
CTETRA,2439,2,1618,82,83,119
CTETRA,2440,2,1618,835,833,824
CTETRA,2441,2,1618,83,82,835
CTETRA,2442,2,1618,835,82,833
CTETRA,2443,2,1618,82,119,833
CTETRA,2444,2,1618,833,119,824
CTETRA,2445,2,1618,119,83,835
CTETRA,2446,2,1618,119,835,824
CTETRA,2447,2,1619,114,115,151
CTETRA,2448,2,1619,803,786,782
CTETRA,2449,2,1619,115,114,803
CTETRA,2450,2,1619,803,114,786
CTETRA,2451,2,1619,114,151,786
CTETRA,2452,2,1619,786,151,782
CTETRA,2453,2,1619,151,115,803
CTETRA,2454,2,1619,151,803,782
CTETRA,2455,2,1620,172,173,209
CTETRA,2456,2,1620,683,689,704
CTETRA,2457,2,1620,173,172,689
CTETRA,2458,2,1620,173,689,683
CTETRA,2459,2,1620,172,209,704
CTETRA,2460,2,1620,172,704,689
CTETRA,2461,2,1620,209,173,704
CTETRA,2462,2,1620,704,173,683
CTETRA,2463,2,1621,214,215,251
CTETRA,2464,2,1621,697,693,716
CTETRA,2465,2,1621,215,214,697
CTETRA,2466,2,1621,697,214,693
CTETRA,2467,2,1621,214,251,716
CTETRA,2468,2,1621,214,716,693
CTETRA,2469,2,1621,251,215,716
CTETRA,2470,2,1621,716,215,697
CTETRA,2471,2,1622,12,14,89
CTETRA,2472,2,1622,631,636,821
CTETRA,2473,2,1622,631,14,12
CTETRA,2474,2,1622,631,12,636
CTETRA,2475,2,1622,12,89,636
CTETRA,2476,2,1622,636,89,821
CTETRA,2477,2,1622,89,14,821
CTETRA,2478,2,1622,821,14,631
CTETRA,2479,2,1623,254,74,253
CTETRA,2480,2,1623,747,724,722
CTETRA,2481,2,1623,74,254,747
CTETRA,2482,2,1623,747,254,724
CTETRA,2483,2,1623,254,253,724
CTETRA,2484,2,1623,724,253,722
CTETRA,2485,2,1623,253,74,747
CTETRA,2486,2,1623,253,747,722
CTETRA,2487,2,1624,128,127,91
CTETRA,2488,2,1624,804,787,793
CTETRA,2489,2,1624,127,128,804
CTETRA,2490,2,1624,804,128,787
CTETRA,2491,2,1624,128,91,793
CTETRA,2492,2,1624,128,793,787
CTETRA,2493,2,1624,91,127,804
CTETRA,2494,2,1624,91,804,793
CTETRA,2495,2,1625,212,211,175
CTETRA,2496,2,1625,698,694,679
CTETRA,2497,2,1625,211,212,698
CTETRA,2498,2,1625,698,212,694
CTETRA,2499,2,1625,212,175,694
CTETRA,2500,2,1625,694,175,679
CTETRA,2501,2,1625,175,211,698
CTETRA,2502,2,1625,175,698,679
CTETRA,2503,2,1626,234,233,197
CTETRA,2504,2,1626,778,776,797
CTETRA,2505,2,1626,233,234,778
CTETRA,2506,2,1626,778,234,776
CTETRA,2507,2,1626,234,197,797
CTETRA,2508,2,1626,234,797,776
CTETRA,2509,2,1626,197,233,797
CTETRA,2510,2,1626,797,233,778
CTETRA,2511,2,1627,119,120,156
CTETRA,2512,2,1627,828,824,813
CTETRA,2513,2,1627,120,119,828
CTETRA,2514,2,1627,828,119,824
CTETRA,2515,2,1627,119,156,824
CTETRA,2516,2,1627,824,156,813
CTETRA,2517,2,1627,156,120,828
CTETRA,2518,2,1627,156,828,813
CTETRA,2519,2,1628,209,210,246
CTETRA,2520,2,1628,700,704,725
CTETRA,2521,2,1628,210,209,704
CTETRA,2522,2,1628,210,704,700
CTETRA,2523,2,1628,209,246,725
CTETRA,2524,2,1628,209,725,704
CTETRA,2525,2,1628,246,210,725
CTETRA,2526,2,1628,725,210,700
CTETRA,2527,2,1629,2,4,84
CTETRA,2528,2,1629,656,522,837
CTETRA,2529,2,1629,656,2,522
CTETRA,2530,2,1629,656,4,2
CTETRA,2531,2,1629,2,84,522
CTETRA,2532,2,1629,522,84,837
CTETRA,2533,2,1629,84,4,656
CTETRA,2534,2,1629,84,656,837
CTETRA,2535,2,1630,42,44,104
CTETRA,2536,2,1630,556,561,660
CTETRA,2537,2,1630,556,44,42
CTETRA,2538,2,1630,556,42,561
CTETRA,2539,2,1630,42,104,660
CTETRA,2540,2,1630,42,660,561
CTETRA,2541,2,1630,104,44,660
CTETRA,2542,2,1630,660,44,556
CTETRA,2543,2,1631,238,74,237
CTETRA,2544,2,1631,747,760,764
CTETRA,2545,2,1631,74,238,760
CTETRA,2546,2,1631,74,760,747
CTETRA,2547,2,1631,238,237,764
CTETRA,2548,2,1631,238,764,760
CTETRA,2549,2,1631,237,74,764
CTETRA,2550,2,1631,764,74,747
CTETRA,2551,2,1632,143,142,106
CTETRA,2552,2,1632,671,675,667
CTETRA,2553,2,1632,142,143,675
CTETRA,2554,2,1632,142,675,671
CTETRA,2555,2,1632,143,106,675
CTETRA,2556,2,1632,675,106,667
CTETRA,2557,2,1632,106,142,671
CTETRA,2558,2,1632,106,671,667
CTETRA,2559,2,1633,165,164,128
CTETRA,2560,2,1633,789,783,787
CTETRA,2561,2,1633,164,165,789
CTETRA,2562,2,1633,789,165,783
CTETRA,2563,2,1633,165,128,787
CTETRA,2564,2,1633,165,787,783
CTETRA,2565,2,1633,128,164,789
CTETRA,2566,2,1633,128,789,787
CTETRA,2567,2,1634,249,248,212
CTETRA,2568,2,1634,719,717,694
CTETRA,2569,2,1634,248,249,719
CTETRA,2570,2,1634,719,249,717
CTETRA,2571,2,1634,249,212,717
CTETRA,2572,2,1634,717,212,694
CTETRA,2573,2,1634,212,248,719
CTETRA,2574,2,1634,212,719,694
CTETRA,2575,2,1635,87,86,8
CTETRA,2576,2,1635,834,832,646
CTETRA,2577,2,1635,86,87,834
CTETRA,2578,2,1635,834,87,832
CTETRA,2579,2,1635,87,8,646
CTETRA,2580,2,1635,87,646,832
CTETRA,2581,2,1635,8,86,646
CTETRA,2582,2,1635,646,86,834
CTETRA,2583,2,1636,156,157,193
CTETRA,2584,2,1636,815,813,796
CTETRA,2585,2,1636,157,156,815
CTETRA,2586,2,1636,815,156,813
CTETRA,2587,2,1636,156,193,813
CTETRA,2588,2,1636,813,193,796
CTETRA,2589,2,1636,193,157,815
CTETRA,2590,2,1636,193,815,796
CTETRA,2591,2,1637,32,34,99
CTETRA,2592,2,1637,581,586,663
CTETRA,2593,2,1637,581,34,32
CTETRA,2594,2,1637,581,32,586
CTETRA,2595,2,1637,32,99,663
CTETRA,2596,2,1637,32,663,586
CTETRA,2597,2,1637,99,34,663
CTETRA,2598,2,1637,663,34,581
CTETRA,2599,2,1638,233,74,232
CTETRA,2600,2,1638,747,778,779
CTETRA,2601,2,1638,74,233,778
CTETRA,2602,2,1638,74,778,747
CTETRA,2603,2,1638,233,232,779
CTETRA,2604,2,1638,233,779,778
CTETRA,2605,2,1638,232,74,779
CTETRA,2606,2,1638,779,74,747
CTETRA,2607,2,1639,253,74,252
CTETRA,2608,2,1639,747,722,718
CTETRA,2609,2,1639,74,253,747
CTETRA,2610,2,1639,747,253,722
CTETRA,2611,2,1639,253,252,722
CTETRA,2612,2,1639,722,252,718
CTETRA,2613,2,1639,252,74,747
CTETRA,2614,2,1639,252,747,718
CTETRA,2615,2,1640,127,126,90
CTETRA,2616,2,1640,810,804,808
CTETRA,2617,2,1640,126,127,810
CTETRA,2618,2,1640,810,127,804
CTETRA,2619,2,1640,127,90,808
CTETRA,2620,2,1640,127,808,804
CTETRA,2621,2,1640,90,126,810
CTETRA,2622,2,1640,90,810,808
CTETRA,2623,2,1641,180,179,143
CTETRA,2624,2,1641,682,688,675
CTETRA,2625,2,1641,179,180,688
CTETRA,2626,2,1641,179,688,682
CTETRA,2627,2,1641,180,143,688
CTETRA,2628,2,1641,688,143,675
CTETRA,2629,2,1641,143,179,682
CTETRA,2630,2,1641,143,682,675
CTETRA,2631,2,1642,202,201,165
CTETRA,2632,2,1642,781,766,783
CTETRA,2633,2,1642,201,202,781
CTETRA,2634,2,1642,781,202,766
CTETRA,2635,2,1642,202,165,783
CTETRA,2636,2,1642,202,783,766
CTETRA,2637,2,1642,165,201,783
CTETRA,2638,2,1642,783,201,781
CTETRA,2639,2,1643,102,101,38
CTETRA,2640,2,1643,659,657,571
CTETRA,2641,2,1643,101,102,659
CTETRA,2642,2,1643,659,102,657
CTETRA,2643,2,1643,102,38,657
CTETRA,2644,2,1643,657,38,571
CTETRA,2645,2,1643,38,101,659
CTETRA,2646,2,1643,38,659,571
CTETRA,2647,2,1644,86,87,123
CTETRA,2648,2,1644,832,834,825
CTETRA,2649,2,1644,87,86,834
CTETRA,2650,2,1644,87,834,832
CTETRA,2651,2,1644,86,123,834
CTETRA,2652,2,1644,834,123,825
CTETRA,2653,2,1644,123,87,832
CTETRA,2654,2,1644,123,832,825
CTETRA,2655,2,1645,193,194,230
CTETRA,2656,2,1645,800,796,775
CTETRA,2657,2,1645,194,193,800
CTETRA,2658,2,1645,800,193,796
CTETRA,2659,2,1645,193,230,796
CTETRA,2660,2,1645,796,230,775
CTETRA,2661,2,1645,230,194,800
CTETRA,2662,2,1645,230,800,775
CTETRA,2663,2,1646,248,74,247
CTETRA,2664,2,1646,747,719,723
CTETRA,2665,2,1646,74,248,747
CTETRA,2666,2,1646,747,248,719
CTETRA,2667,2,1646,248,247,723
CTETRA,2668,2,1646,248,723,719
CTETRA,2669,2,1646,247,74,747
CTETRA,2670,2,1646,247,747,723
CTETRA,2671,2,1647,122,121,85
CTETRA,2672,2,1647,830,829,836
CTETRA,2673,2,1647,121,122,830
CTETRA,2674,2,1647,830,122,829
CTETRA,2675,2,1647,122,85,836
CTETRA,2676,2,1647,122,836,829
CTETRA,2677,2,1647,85,121,836
CTETRA,2678,2,1647,836,121,830
CTETRA,2679,2,1648,142,141,105
CTETRA,2680,2,1648,669,671,662
CTETRA,2681,2,1648,141,142,671
CTETRA,2682,2,1648,141,671,669
CTETRA,2683,2,1648,142,105,671
CTETRA,2684,2,1648,671,105,662
CTETRA,2685,2,1648,105,141,669
CTETRA,2686,2,1648,105,669,662
CTETRA,2687,2,1649,164,163,127
CTETRA,2688,2,1649,799,789,804
CTETRA,2689,2,1649,163,164,799
CTETRA,2690,2,1649,799,164,789
CTETRA,2691,2,1649,164,127,804
CTETRA,2692,2,1649,164,804,789
CTETRA,2693,2,1649,127,163,804
CTETRA,2694,2,1649,804,163,799
CTETRA,2695,2,1650,217,216,180
CTETRA,2696,2,1650,699,703,688
CTETRA,2697,2,1650,216,217,703
CTETRA,2698,2,1650,216,703,699
CTETRA,2699,2,1650,217,180,703
CTETRA,2700,2,1650,703,180,688
CTETRA,2701,2,1650,180,216,699
CTETRA,2702,2,1650,180,699,688
CTETRA,2703,2,1651,239,238,202
CTETRA,2704,2,1651,760,756,766
CTETRA,2705,2,1651,238,239,760
CTETRA,2706,2,1651,760,239,756
CTETRA,2707,2,1651,239,202,766
CTETRA,2708,2,1651,239,766,756
CTETRA,2709,2,1651,202,238,766
CTETRA,2710,2,1651,766,238,760
CTETRA,2711,2,1652,101,102,138
CTETRA,2712,2,1652,657,659,666
CTETRA,2713,2,1652,102,101,659
CTETRA,2714,2,1652,102,659,657
CTETRA,2715,2,1652,101,138,666
CTETRA,2716,2,1652,101,666,659
CTETRA,2717,2,1652,138,102,666
CTETRA,2718,2,1652,666,102,657
CTETRA,2719,2,1653,123,124,160
CTETRA,2720,2,1653,823,825,814
CTETRA,2721,2,1653,124,123,825
CTETRA,2722,2,1653,124,825,823
CTETRA,2723,2,1653,123,160,825
CTETRA,2724,2,1653,825,160,814
CTETRA,2725,2,1653,160,124,823
CTETRA,2726,2,1653,160,823,814
CTETRA,2727,2,1654,2,84,72
CTETRA,2728,2,1654,837,522,517
CTETRA,2729,2,1654,84,2,522
CTETRA,2730,2,1654,84,522,837
CTETRA,2731,2,1654,72,522,2
CTETRA,2732,2,1654,72,517,522
CTETRA,2733,2,1654,72,84,517
CTETRA,2734,2,1654,517,84,837
CTETRA,2735,2,1655,137,136,100
CTETRA,2736,2,1655,672,670,661
CTETRA,2737,2,1655,136,137,672
CTETRA,2738,2,1655,672,137,670
CTETRA,2739,2,1655,137,100,670
CTETRA,2740,2,1655,670,100,661
CTETRA,2741,2,1655,100,136,672
CTETRA,2742,2,1655,100,672,661
CTETRA,2743,2,1656,159,158,122
CTETRA,2744,2,1656,817,816,829
CTETRA,2745,2,1656,158,159,817
CTETRA,2746,2,1656,817,159,816
CTETRA,2747,2,1656,159,122,829
CTETRA,2748,2,1656,159,829,816
CTETRA,2749,2,1656,122,158,829
CTETRA,2750,2,1656,829,158,817
CTETRA,2751,2,1657,179,178,142
CTETRA,2752,2,1657,680,682,671
CTETRA,2753,2,1657,178,179,682
CTETRA,2754,2,1657,178,682,680
CTETRA,2755,2,1657,179,142,682
CTETRA,2756,2,1657,682,142,671
CTETRA,2757,2,1657,142,178,680
CTETRA,2758,2,1657,142,680,671
CTETRA,2759,2,1658,201,200,164
CTETRA,2760,2,1658,785,781,789
CTETRA,2761,2,1658,200,201,785
CTETRA,2762,2,1658,785,201,781
CTETRA,2763,2,1658,201,164,789
CTETRA,2764,2,1658,201,789,781
CTETRA,2765,2,1658,164,200,789
CTETRA,2766,2,1658,789,200,785
CTETRA,2767,2,1659,254,253,217
CTETRA,2768,2,1659,722,724,703
CTETRA,2769,2,1659,253,254,724
CTETRA,2770,2,1659,253,724,722
CTETRA,2771,2,1659,254,217,724
CTETRA,2772,2,1659,724,217,703
CTETRA,2773,2,1659,217,253,722
CTETRA,2774,2,1659,217,722,703
CTETRA,2775,2,1660,92,91,18
CTETRA,2776,2,1660,793,774,621
CTETRA,2777,2,1660,91,92,793
CTETRA,2778,2,1660,793,92,774
CTETRA,2779,2,1660,92,18,621
CTETRA,2780,2,1660,92,621,774
CTETRA,2781,2,1660,18,91,793
CTETRA,2782,2,1660,18,793,621
CTETRA,2783,2,1661,138,139,175
CTETRA,2784,2,1661,664,666,679
CTETRA,2785,2,1661,139,138,666
CTETRA,2786,2,1661,139,666,664
CTETRA,2787,2,1661,138,175,679
CTETRA,2788,2,1661,138,679,666
CTETRA,2789,2,1661,175,139,679
CTETRA,2790,2,1661,679,139,664
CTETRA,2791,2,1662,160,161,197
CTETRA,2792,2,1662,812,814,797
CTETRA,2793,2,1662,161,160,814
CTETRA,2794,2,1662,161,814,812
CTETRA,2795,2,1662,160,197,814
CTETRA,2796,2,1662,814,197,797
CTETRA,2797,2,1662,197,161,812
CTETRA,2798,2,1662,197,812,797
CTETRA,2799,2,1663,232,74,231
CTETRA,2800,2,1663,747,779,777
CTETRA,2801,2,1663,74,232,779
CTETRA,2802,2,1663,74,779,747
CTETRA,2803,2,1663,232,231,779
CTETRA,2804,2,1663,779,231,777
CTETRA,2805,2,1663,231,74,777
CTETRA,2806,2,1663,777,74,747
CTETRA,2807,2,1664,174,173,137
CTETRA,2808,2,1664,683,681,670
CTETRA,2809,2,1664,173,174,683
CTETRA,2810,2,1664,683,174,681
CTETRA,2811,2,1664,174,137,681
CTETRA,2812,2,1664,681,137,670
CTETRA,2813,2,1664,137,173,683
CTETRA,2814,2,1664,137,683,670
CTETRA,2815,2,1665,196,195,159
CTETRA,2816,2,1665,802,801,816
CTETRA,2817,2,1665,195,196,802
CTETRA,2818,2,1665,802,196,801
CTETRA,2819,2,1665,196,159,816
CTETRA,2820,2,1665,196,816,801
CTETRA,2821,2,1665,159,195,816
CTETRA,2822,2,1665,816,195,802
CTETRA,2823,2,1666,216,215,179
CTETRA,2824,2,1666,697,699,682
CTETRA,2825,2,1666,215,216,699
CTETRA,2826,2,1666,215,699,697
CTETRA,2827,2,1666,216,179,699
CTETRA,2828,2,1666,699,179,682
CTETRA,2829,2,1666,179,215,697
CTETRA,2830,2,1666,179,697,682
CTETRA,2831,2,1667,238,237,201
CTETRA,2832,2,1667,764,760,781
CTETRA,2833,2,1667,237,238,764
CTETRA,2834,2,1667,764,238,760
CTETRA,2835,2,1667,238,201,781
CTETRA,2836,2,1667,238,781,760
CTETRA,2837,2,1667,201,237,781
CTETRA,2838,2,1667,781,237,764
CTETRA,2839,2,1668,175,176,212
CTETRA,2840,2,1668,677,679,694
CTETRA,2841,2,1668,176,175,679
CTETRA,2842,2,1668,176,679,677
CTETRA,2843,2,1668,175,212,694
CTETRA,2844,2,1668,175,694,679
CTETRA,2845,2,1668,212,176,694
CTETRA,2846,2,1668,694,176,677
CTETRA,2847,2,1669,197,198,234
CTETRA,2848,2,1669,795,797,776
CTETRA,2849,2,1669,198,197,797
CTETRA,2850,2,1669,198,797,795
CTETRA,2851,2,1669,197,234,797
CTETRA,2852,2,1669,797,234,776
CTETRA,2853,2,1669,234,198,795
CTETRA,2854,2,1669,234,795,776
CTETRA,2855,2,1670,121,120,84
CTETRA,2856,2,1670,828,830,837
CTETRA,2857,2,1670,120,121,830
CTETRA,2858,2,1670,120,830,828
CTETRA,2859,2,1670,121,84,837
CTETRA,2860,2,1670,121,837,830
CTETRA,2861,2,1670,84,120,837
CTETRA,2862,2,1670,837,120,828
CTETRA,2863,2,1671,211,210,174
CTETRA,2864,2,1671,700,698,681
CTETRA,2865,2,1671,210,211,700
CTETRA,2866,2,1671,700,211,698
CTETRA,2867,2,1671,211,174,698
CTETRA,2868,2,1671,698,174,681
CTETRA,2869,2,1671,174,210,700
CTETRA,2870,2,1671,174,700,681
CTETRA,2871,2,1672,233,232,196
CTETRA,2872,2,1672,779,778,801
CTETRA,2873,2,1672,232,233,779
CTETRA,2874,2,1672,779,233,778
CTETRA,2875,2,1672,233,196,801
CTETRA,2876,2,1672,233,801,778
CTETRA,2877,2,1672,196,232,801
CTETRA,2878,2,1672,801,232,779
CTETRA,2879,2,1673,253,252,216
CTETRA,2880,2,1673,718,722,699
CTETRA,2881,2,1673,252,253,722
CTETRA,2882,2,1673,252,722,718
CTETRA,2883,2,1673,253,216,722
CTETRA,2884,2,1673,722,216,699
CTETRA,2885,2,1673,216,252,718
CTETRA,2886,2,1673,216,718,699
CTETRA,2887,2,1674,91,90,16
CTETRA,2888,2,1674,808,793,626
CTETRA,2889,2,1674,90,91,808
CTETRA,2890,2,1674,808,91,793
CTETRA,2891,2,1674,91,16,626
CTETRA,2892,2,1674,91,626,793
CTETRA,2893,2,1674,16,90,808
CTETRA,2894,2,1674,16,808,626
CTETRA,2895,2,1675,212,213,249
CTETRA,2896,2,1675,692,694,717
CTETRA,2897,2,1675,213,212,694
CTETRA,2898,2,1675,213,694,692
CTETRA,2899,2,1675,212,249,717
CTETRA,2900,2,1675,212,717,694
CTETRA,2901,2,1675,249,213,717
CTETRA,2902,2,1675,717,213,692
CTETRA,2903,2,1676,8,10,87
CTETRA,2904,2,1676,641,646,832
CTETRA,2905,2,1676,641,8,646
CTETRA,2906,2,1676,641,10,8
CTETRA,2907,2,1676,8,87,646
CTETRA,2908,2,1676,646,87,832
CTETRA,2909,2,1676,87,10,641
CTETRA,2910,2,1676,87,641,832
CTETRA,2911,2,1677,158,157,121
CTETRA,2912,2,1677,815,817,830
CTETRA,2913,2,1677,157,158,817
CTETRA,2914,2,1677,157,817,815
CTETRA,2915,2,1677,158,121,830
CTETRA,2916,2,1677,158,830,817
CTETRA,2917,2,1677,121,157,830
CTETRA,2918,2,1677,830,157,815
CTETRA,2919,2,1678,248,247,211
CTETRA,2920,2,1678,723,719,698
CTETRA,2921,2,1678,247,248,723
CTETRA,2922,2,1678,723,248,719
CTETRA,2923,2,1678,248,211,719
CTETRA,2924,2,1678,719,211,698
CTETRA,2925,2,1678,211,247,723
CTETRA,2926,2,1678,211,723,698
CTETRA,2927,2,1679,86,85,6
CTETRA,2928,2,1679,836,834,651
CTETRA,2929,2,1679,85,86,836
CTETRA,2930,2,1679,836,86,834
CTETRA,2931,2,1679,86,6,651
CTETRA,2932,2,1679,86,651,834
CTETRA,2933,2,1679,6,85,651
CTETRA,2934,2,1679,651,85,836
CTETRA,2935,2,1680,106,105,46
CTETRA,2936,2,1680,662,667,551
CTETRA,2937,2,1680,105,106,667
CTETRA,2938,2,1680,105,667,662
CTETRA,2939,2,1680,106,46,667
CTETRA,2940,2,1680,667,46,551
CTETRA,2941,2,1680,46,105,662
CTETRA,2942,2,1680,46,662,551
CTETRA,2943,2,1681,90,91,127
CTETRA,2944,2,1681,793,808,804
CTETRA,2945,2,1681,91,90,808
CTETRA,2946,2,1681,91,808,793
CTETRA,2947,2,1681,90,127,808
CTETRA,2948,2,1681,808,127,804
CTETRA,2949,2,1681,127,91,804
CTETRA,2950,2,1681,804,91,793
CTETRA,2951,2,1682,38,40,102
CTETRA,2952,2,1682,566,571,657
CTETRA,2953,2,1682,566,38,571
CTETRA,2954,2,1682,566,40,38
CTETRA,2955,2,1682,38,102,657
CTETRA,2956,2,1682,38,657,571
CTETRA,2957,2,1682,102,40,657
CTETRA,2958,2,1682,657,40,566
CTETRA,2959,2,1683,236,74,235
CTETRA,2960,2,1683,747,770,772
CTETRA,2961,2,1683,74,236,770
CTETRA,2962,2,1683,74,770,747
CTETRA,2963,2,1683,236,235,772
CTETRA,2964,2,1683,236,772,770
CTETRA,2965,2,1683,235,74,772
CTETRA,2966,2,1683,772,74,747
CTETRA,2967,2,1684,195,194,158
CTETRA,2968,2,1684,800,802,817
CTETRA,2969,2,1684,194,195,802
CTETRA,2970,2,1684,194,802,800
CTETRA,2971,2,1684,195,158,817
CTETRA,2972,2,1684,195,817,802
CTETRA,2973,2,1684,158,194,817
CTETRA,2974,2,1684,817,194,800
CTETRA,2975,2,1685,40,42,103
CTETRA,2976,2,1685,561,566,658
CTETRA,2977,2,1685,561,42,40
CTETRA,2978,2,1685,561,40,566
CTETRA,2979,2,1685,40,103,658
CTETRA,2980,2,1685,40,658,566
CTETRA,2981,2,1685,103,42,658
CTETRA,2982,2,1685,658,42,561
CTETRA,2983,2,1686,237,74,236
CTETRA,2984,2,1686,747,764,770
CTETRA,2985,2,1686,74,237,764
CTETRA,2986,2,1686,74,764,747
CTETRA,2987,2,1686,237,236,770
CTETRA,2988,2,1686,237,770,764
CTETRA,2989,2,1686,236,74,770
CTETRA,2990,2,1686,770,74,747
CTETRA,2991,2,1687,60,62,77
CTETRA,2992,2,1687,492,487,792
CTETRA,2993,2,1687,60,487,492
CTETRA,2994,2,1687,60,492,62
CTETRA,2995,2,1687,60,77,487
CTETRA,2996,2,1687,487,77,792
CTETRA,2997,2,1687,77,62,492
CTETRA,2998,2,1687,77,492,792
CTETRA,2999,2,1688,247,74,246
CTETRA,3000,2,1688,747,723,725
CTETRA,3001,2,1688,74,247,747
CTETRA,3002,2,1688,747,247,723
CTETRA,3003,2,1688,247,246,725
CTETRA,3004,2,1688,247,725,723
CTETRA,3005,2,1688,246,74,747
CTETRA,3006,2,1688,246,747,725
CTETRA,3007,2,1689,101,100,36
CTETRA,3008,2,1689,661,659,576
CTETRA,3009,2,1689,100,101,661
CTETRA,3010,2,1689,661,101,659
CTETRA,3011,2,1689,101,36,659
CTETRA,3012,2,1689,659,36,576
CTETRA,3013,2,1689,36,100,661
CTETRA,3014,2,1689,36,661,576
CTETRA,3015,2,1690,85,86,122
CTETRA,3016,2,1690,834,836,829
CTETRA,3017,2,1690,86,85,836
CTETRA,3018,2,1690,86,836,834
CTETRA,3019,2,1690,85,122,836
CTETRA,3020,2,1690,836,122,829
CTETRA,3021,2,1690,122,86,834
CTETRA,3022,2,1690,122,834,829
CTETRA,3023,2,1691,105,106,142
CTETRA,3024,2,1691,667,662,671
CTETRA,3025,2,1691,106,105,667
CTETRA,3026,2,1691,667,105,662
CTETRA,3027,2,1691,105,142,671
CTETRA,3028,2,1691,105,671,662
CTETRA,3029,2,1691,142,106,671
CTETRA,3030,2,1691,671,106,667
CTETRA,3031,2,1692,127,128,164
CTETRA,3032,2,1692,787,804,789
CTETRA,3033,2,1692,128,127,804
CTETRA,3034,2,1692,128,804,787
CTETRA,3035,2,1692,127,164,804
CTETRA,3036,2,1692,804,164,789
CTETRA,3037,2,1692,164,128,789
CTETRA,3038,2,1692,789,128,787
CTETRA,3039,2,1693,251,74,250
CTETRA,3040,2,1693,747,716,715
CTETRA,3041,2,1693,74,251,747
CTETRA,3042,2,1693,747,251,716
CTETRA,3043,2,1693,251,250,716
CTETRA,3044,2,1693,716,250,715
CTETRA,3045,2,1693,250,74,747
CTETRA,3046,2,1693,250,747,715
CTETRA,3047,2,1694,125,124,88
CTETRA,3048,2,1694,823,819,827
CTETRA,3049,2,1694,124,125,823
CTETRA,3050,2,1694,823,125,819
CTETRA,3051,2,1694,125,88,827
CTETRA,3052,2,1694,125,827,819
CTETRA,3053,2,1694,88,124,827
CTETRA,3054,2,1694,827,124,823
CTETRA,3055,2,1695,232,231,195
CTETRA,3056,2,1695,777,779,802
CTETRA,3057,2,1695,231,232,779
CTETRA,3058,2,1695,231,779,777
CTETRA,3059,2,1695,232,195,802
CTETRA,3060,2,1695,232,802,779
CTETRA,3061,2,1695,195,231,802
CTETRA,3062,2,1695,802,231,777
CTETRA,3063,2,1696,100,101,137
CTETRA,3064,2,1696,659,661,670
CTETRA,3065,2,1696,101,100,661
CTETRA,3066,2,1696,101,661,659
CTETRA,3067,2,1696,100,137,670
CTETRA,3068,2,1696,100,670,661
CTETRA,3069,2,1696,137,101,670
CTETRA,3070,2,1696,670,101,659
CTETRA,3071,2,1697,122,123,159
CTETRA,3072,2,1697,825,829,816
CTETRA,3073,2,1697,123,122,829
CTETRA,3074,2,1697,123,829,825
CTETRA,3075,2,1697,122,159,829
CTETRA,3076,2,1697,829,159,816
CTETRA,3077,2,1697,159,123,825
CTETRA,3078,2,1697,159,825,816
CTETRA,3079,2,1698,142,143,179
CTETRA,3080,2,1698,675,671,682
CTETRA,3081,2,1698,143,142,675
CTETRA,3082,2,1698,675,142,671
CTETRA,3083,2,1698,142,179,682
CTETRA,3084,2,1698,142,682,671
CTETRA,3085,2,1698,179,143,682
CTETRA,3086,2,1698,682,143,675
CTETRA,3087,2,1699,164,165,201
CTETRA,3088,2,1699,783,789,781
CTETRA,3089,2,1699,165,164,789
CTETRA,3090,2,1699,165,789,783
CTETRA,3091,2,1699,164,201,789
CTETRA,3092,2,1699,789,201,781
CTETRA,3093,2,1699,201,165,783
CTETRA,3094,2,1699,201,783,781
CTETRA,3095,2,1700,140,139,103
CTETRA,3096,2,1700,664,665,658
CTETRA,3097,2,1700,139,140,665
CTETRA,3098,2,1700,139,665,664
CTETRA,3099,2,1700,140,103,665
CTETRA,3100,2,1700,665,103,658
CTETRA,3101,2,1700,103,139,664
CTETRA,3102,2,1700,103,664,658
CTETRA,3103,2,1701,162,161,125
CTETRA,3104,2,1701,812,806,819
CTETRA,3105,2,1701,161,162,812
CTETRA,3106,2,1701,812,162,806
CTETRA,3107,2,1701,162,125,819
CTETRA,3108,2,1701,162,819,806
CTETRA,3109,2,1701,125,161,819
CTETRA,3110,2,1701,819,161,812
CTETRA,3111,2,1702,141,140,104
CTETRA,3112,2,1702,665,669,660
CTETRA,3113,2,1702,140,141,669
CTETRA,3114,2,1702,140,669,665
CTETRA,3115,2,1702,141,104,669
CTETRA,3116,2,1702,669,104,660
CTETRA,3117,2,1702,104,140,665
CTETRA,3118,2,1702,104,665,660
CTETRA,3119,2,1703,163,162,126
CTETRA,3120,2,1703,806,799,810
CTETRA,3121,2,1703,162,163,806
CTETRA,3122,2,1703,806,163,799
CTETRA,3123,2,1703,163,126,810
CTETRA,3124,2,1703,163,810,799
CTETRA,3125,2,1703,126,162,810
CTETRA,3126,2,1703,810,162,806
CTETRA,3127,2,1704,115,114,78
CTETRA,3128,2,1704,786,803,807
CTETRA,3129,2,1704,114,115,803
CTETRA,3130,2,1704,114,803,786
CTETRA,3131,2,1704,115,78,807
CTETRA,3132,2,1704,115,807,803
CTETRA,3133,2,1704,78,114,807
CTETRA,3134,2,1704,807,114,786
CTETRA,3135,2,1705,173,172,136
CTETRA,3136,2,1705,689,683,672
CTETRA,3137,2,1705,172,173,689
CTETRA,3138,2,1705,689,173,683
CTETRA,3139,2,1705,173,136,683
CTETRA,3140,2,1705,683,136,672
CTETRA,3141,2,1705,136,172,689
CTETRA,3142,2,1705,136,689,672
CTETRA,3143,2,1706,137,138,174
CTETRA,3144,2,1706,666,670,681
CTETRA,3145,2,1706,138,137,670
CTETRA,3146,2,1706,138,670,666
CTETRA,3147,2,1706,137,174,681
CTETRA,3148,2,1706,137,681,670
CTETRA,3149,2,1706,174,138,681
CTETRA,3150,2,1706,681,138,666
CTETRA,3151,2,1707,159,160,196
CTETRA,3152,2,1707,814,816,801
CTETRA,3153,2,1707,160,159,816
CTETRA,3154,2,1707,160,816,814
CTETRA,3155,2,1707,159,196,816
CTETRA,3156,2,1707,816,196,801
CTETRA,3157,2,1707,196,160,814
CTETRA,3158,2,1707,196,814,801
CTETRA,3159,2,1708,174,175,211
CTETRA,3160,2,1708,679,681,698
CTETRA,3161,2,1708,175,174,681
CTETRA,3162,2,1708,175,681,679
CTETRA,3163,2,1708,174,211,698
CTETRA,3164,2,1708,174,698,681
CTETRA,3165,2,1708,211,175,698
CTETRA,3166,2,1708,698,175,679
CTETRA,3167,2,1709,196,197,233
CTETRA,3168,2,1709,797,801,778
CTETRA,3169,2,1709,197,196,801
CTETRA,3170,2,1709,197,801,797
CTETRA,3171,2,1709,196,233,801
CTETRA,3172,2,1709,801,233,778
CTETRA,3173,2,1709,233,197,797
CTETRA,3174,2,1709,233,797,778
CTETRA,3175,2,1710,178,177,141
CTETRA,3176,2,1710,678,680,669
CTETRA,3177,2,1710,177,178,680
CTETRA,3178,2,1710,177,680,678
CTETRA,3179,2,1710,178,141,680
CTETRA,3180,2,1710,680,141,669
CTETRA,3181,2,1710,141,177,678
CTETRA,3182,2,1710,141,678,669
CTETRA,3183,2,1711,200,199,163
CTETRA,3184,2,1711,791,785,799
CTETRA,3185,2,1711,199,200,791
CTETRA,3186,2,1711,791,200,785
CTETRA,3187,2,1711,200,163,799
CTETRA,3188,2,1711,200,799,785
CTETRA,3189,2,1711,163,199,799
CTETRA,3190,2,1711,799,199,791
CTETRA,3191,2,1712,152,151,115
CTETRA,3192,2,1712,782,788,803
CTETRA,3193,2,1712,151,152,788
CTETRA,3194,2,1712,151,788,782
CTETRA,3195,2,1712,152,115,803
CTETRA,3196,2,1712,152,803,788
CTETRA,3197,2,1712,115,151,803
CTETRA,3198,2,1712,803,151,782
CTETRA,3199,2,1713,210,209,173
CTETRA,3200,2,1713,704,700,683
CTETRA,3201,2,1713,209,210,704
CTETRA,3202,2,1713,704,210,700
CTETRA,3203,2,1713,210,173,700
CTETRA,3204,2,1713,700,173,683
CTETRA,3205,2,1713,173,209,704
CTETRA,3206,2,1713,173,704,683
CTETRA,3207,2,1714,215,214,178
CTETRA,3208,2,1714,693,697,680
CTETRA,3209,2,1714,214,215,697
CTETRA,3210,2,1714,214,697,693
CTETRA,3211,2,1714,215,178,697
CTETRA,3212,2,1714,697,178,680
CTETRA,3213,2,1714,178,214,693
CTETRA,3214,2,1714,178,693,680
CTETRA,3215,2,1715,237,236,200
CTETRA,3216,2,1715,770,764,785
CTETRA,3217,2,1715,236,237,770
CTETRA,3218,2,1715,770,237,764
CTETRA,3219,2,1715,237,200,785
CTETRA,3220,2,1715,237,785,764
CTETRA,3221,2,1715,200,236,785
CTETRA,3222,2,1715,785,236,770
CTETRA,3223,2,1716,247,246,210
CTETRA,3224,2,1716,725,723,700
CTETRA,3225,2,1716,246,247,725
CTETRA,3226,2,1716,725,247,723
CTETRA,3227,2,1716,247,210,723
CTETRA,3228,2,1716,723,210,700
CTETRA,3229,2,1716,210,246,725
CTETRA,3230,2,1716,210,725,700
CTETRA,3231,2,1717,85,84,4
CTETRA,3232,2,1717,837,836,656
CTETRA,3233,2,1717,84,85,837
CTETRA,3234,2,1717,837,85,836
CTETRA,3235,2,1717,85,4,656
CTETRA,3236,2,1717,85,656,836
CTETRA,3237,2,1717,4,84,656
CTETRA,3238,2,1717,656,84,837
CTETRA,3239,2,1718,252,251,215
CTETRA,3240,2,1718,716,718,697
CTETRA,3241,2,1718,251,252,718
CTETRA,3242,2,1718,251,718,716
CTETRA,3243,2,1718,252,215,718
CTETRA,3244,2,1718,718,215,697
CTETRA,3245,2,1718,215,251,716
CTETRA,3246,2,1718,215,716,697
CTETRA,3247,2,1719,90,89,14
CTETRA,3248,2,1719,821,808,631
CTETRA,3249,2,1719,89,90,821
CTETRA,3250,2,1719,821,90,808
CTETRA,3251,2,1719,90,14,631
CTETRA,3252,2,1719,90,631,808
CTETRA,3253,2,1719,14,89,821
CTETRA,3254,2,1719,14,821,631
CTETRA,3255,2,1720,100,99,34
CTETRA,3256,2,1720,663,661,581
CTETRA,3257,2,1720,99,100,663
CTETRA,3258,2,1720,663,100,661
CTETRA,3259,2,1720,100,34,661
CTETRA,3260,2,1720,661,34,581
CTETRA,3261,2,1720,34,99,663
CTETRA,3262,2,1720,34,663,581
CTETRA,3263,2,1721,84,85,121
CTETRA,3264,2,1721,836,837,830
CTETRA,3265,2,1721,85,84,837
CTETRA,3266,2,1721,85,837,836
CTETRA,3267,2,1721,84,121,837
CTETRA,3268,2,1721,837,121,830
CTETRA,3269,2,1721,121,85,836
CTETRA,3270,2,1721,121,836,830
CTETRA,3271,2,1722,105,104,44
CTETRA,3272,2,1722,660,662,556
CTETRA,3273,2,1722,104,105,662
CTETRA,3274,2,1722,104,662,660
CTETRA,3275,2,1722,105,44,662
CTETRA,3276,2,1722,662,44,556
CTETRA,3277,2,1722,44,104,660
CTETRA,3278,2,1722,44,660,556
CTETRA,3279,2,1723,89,90,126
CTETRA,3280,2,1723,808,821,810
CTETRA,3281,2,1723,90,89,821
CTETRA,3282,2,1723,90,821,808
CTETRA,3283,2,1723,89,126,821
CTETRA,3284,2,1723,821,126,810
CTETRA,3285,2,1723,126,90,810
CTETRA,3286,2,1723,810,90,808
CTETRA,3287,2,1724,99,100,136
CTETRA,3288,2,1724,661,663,672
CTETRA,3289,2,1724,100,99,663
CTETRA,3290,2,1724,100,663,661
CTETRA,3291,2,1724,99,136,672
CTETRA,3292,2,1724,99,672,663
CTETRA,3293,2,1724,136,100,672
CTETRA,3294,2,1724,672,100,661
CTETRA,3295,2,1725,121,122,158
CTETRA,3296,2,1725,829,830,817
CTETRA,3297,2,1725,122,121,830
CTETRA,3298,2,1725,122,830,829
CTETRA,3299,2,1725,121,158,830
CTETRA,3300,2,1725,830,158,817
CTETRA,3301,2,1725,158,122,829
CTETRA,3302,2,1725,158,829,817
CTETRA,3303,2,1726,250,74,249
CTETRA,3304,2,1726,747,715,717
CTETRA,3305,2,1726,74,250,747
CTETRA,3306,2,1726,747,250,715
CTETRA,3307,2,1726,250,249,717
CTETRA,3308,2,1726,250,717,715
CTETRA,3309,2,1726,249,74,747
CTETRA,3310,2,1726,249,747,717
CTETRA,3311,2,1727,124,123,87
CTETRA,3312,2,1727,825,823,832
CTETRA,3313,2,1727,123,124,825
CTETRA,3314,2,1727,825,124,823
CTETRA,3315,2,1727,124,87,832
CTETRA,3316,2,1727,124,832,823
CTETRA,3317,2,1727,87,123,832
CTETRA,3318,2,1727,832,123,825
CTETRA,3319,2,1728,139,138,102
CTETRA,3320,2,1728,666,664,657
CTETRA,3321,2,1728,138,139,666
CTETRA,3322,2,1728,666,139,664
CTETRA,3323,2,1728,139,102,664
CTETRA,3324,2,1728,664,102,657
CTETRA,3325,2,1728,102,138,666
CTETRA,3326,2,1728,102,666,657
CTETRA,3327,2,1729,161,160,124
CTETRA,3328,2,1729,814,812,823
CTETRA,3329,2,1729,160,161,814
CTETRA,3330,2,1729,814,161,812
CTETRA,3331,2,1729,161,124,823
CTETRA,3332,2,1729,161,823,812
CTETRA,3333,2,1729,124,160,823
CTETRA,3334,2,1729,823,160,814
CTETRA,3335,2,1730,176,175,139
CTETRA,3336,2,1730,679,677,664
CTETRA,3337,2,1730,175,176,679
CTETRA,3338,2,1730,679,176,677
CTETRA,3339,2,1730,176,139,677
CTETRA,3340,2,1730,677,139,664
CTETRA,3341,2,1730,139,175,679
CTETRA,3342,2,1730,139,679,664
CTETRA,3343,2,1731,198,197,161
CTETRA,3344,2,1731,797,795,812
CTETRA,3345,2,1731,197,198,797
CTETRA,3346,2,1731,797,198,795
CTETRA,3347,2,1731,198,161,812
CTETRA,3348,2,1731,198,812,795
CTETRA,3349,2,1731,161,197,812
CTETRA,3350,2,1731,812,197,797
CTETRA,3351,2,1732,213,212,176
CTETRA,3352,2,1732,694,692,677
CTETRA,3353,2,1732,212,213,694
CTETRA,3354,2,1732,694,213,692
CTETRA,3355,2,1732,213,176,692
CTETRA,3356,2,1732,692,176,677
CTETRA,3357,2,1732,176,212,694
CTETRA,3358,2,1732,176,694,677
CTETRA,3359,2,1733,235,234,198
CTETRA,3360,2,1733,776,772,795
CTETRA,3361,2,1733,234,235,776
CTETRA,3362,2,1733,776,235,772
CTETRA,3363,2,1733,235,198,795
CTETRA,3364,2,1733,235,795,772
CTETRA,3365,2,1733,198,234,795
CTETRA,3366,2,1733,795,234,776
CTETRA,3367,2,1734,250,249,213
CTETRA,3368,2,1734,717,715,692
CTETRA,3369,2,1734,249,250,717
CTETRA,3370,2,1734,717,250,715
CTETRA,3371,2,1734,250,213,715
CTETRA,3372,2,1734,715,213,692
CTETRA,3373,2,1734,213,249,717
CTETRA,3374,2,1734,213,717,692
CTETRA,3375,2,1735,88,87,10
CTETRA,3376,2,1735,832,827,641
CTETRA,3377,2,1735,87,88,832
CTETRA,3378,2,1735,832,88,827
CTETRA,3379,2,1735,88,10,641
CTETRA,3380,2,1735,88,641,827
CTETRA,3381,2,1735,10,87,641
CTETRA,3382,2,1735,641,87,832
CTETRA,3383,2,1736,103,102,40
CTETRA,3384,2,1736,657,658,566
CTETRA,3385,2,1736,102,103,658
CTETRA,3386,2,1736,102,658,657
CTETRA,3387,2,1736,103,40,658
CTETRA,3388,2,1736,658,40,566
CTETRA,3389,2,1736,40,102,657
CTETRA,3390,2,1736,40,657,566
CTETRA,3391,2,1737,87,88,124
CTETRA,3392,2,1737,827,832,823
CTETRA,3393,2,1737,88,87,832
CTETRA,3394,2,1737,88,832,827
CTETRA,3395,2,1737,87,124,832
CTETRA,3396,2,1737,832,124,823
CTETRA,3397,2,1737,124,88,827
CTETRA,3398,2,1737,124,827,823
CTETRA,3399,2,1738,102,103,139
CTETRA,3400,2,1738,658,657,664
CTETRA,3401,2,1738,103,102,658
CTETRA,3402,2,1738,658,102,657
CTETRA,3403,2,1738,102,139,664
CTETRA,3404,2,1738,102,664,657
CTETRA,3405,2,1738,139,103,664
CTETRA,3406,2,1738,664,103,658
CTETRA,3407,2,1739,124,125,161
CTETRA,3408,2,1739,819,823,812
CTETRA,3409,2,1739,125,124,823
CTETRA,3410,2,1739,125,823,819
CTETRA,3411,2,1739,124,161,823
CTETRA,3412,2,1739,823,161,812
CTETRA,3413,2,1739,161,125,819
CTETRA,3414,2,1739,161,819,812
CTETRA,3415,2,1740,139,140,176
CTETRA,3416,2,1740,665,664,677
CTETRA,3417,2,1740,140,139,665
CTETRA,3418,2,1740,665,139,664
CTETRA,3419,2,1740,139,176,677
CTETRA,3420,2,1740,139,677,664
CTETRA,3421,2,1740,176,140,677
CTETRA,3422,2,1740,677,140,665
CTETRA,3423,2,1741,161,162,198
CTETRA,3424,2,1741,806,812,795
CTETRA,3425,2,1741,162,161,812
CTETRA,3426,2,1741,162,812,806
CTETRA,3427,2,1741,161,198,812
CTETRA,3428,2,1741,812,198,795
CTETRA,3429,2,1741,198,162,806
CTETRA,3430,2,1741,198,806,795
CTETRA,3431,2,1742,176,177,213
CTETRA,3432,2,1742,678,677,692
CTETRA,3433,2,1742,177,176,678
CTETRA,3434,2,1742,678,176,677
CTETRA,3435,2,1742,176,213,692
CTETRA,3436,2,1742,176,692,677
CTETRA,3437,2,1742,213,177,692
CTETRA,3438,2,1742,692,177,678
CTETRA,3439,2,1743,198,199,235
CTETRA,3440,2,1743,791,795,772
CTETRA,3441,2,1743,199,198,795
CTETRA,3442,2,1743,199,795,791
CTETRA,3443,2,1743,198,235,795
CTETRA,3444,2,1743,795,235,772
CTETRA,3445,2,1743,235,199,791
CTETRA,3446,2,1743,235,791,772
CTETRA,3447,2,1744,213,214,250
CTETRA,3448,2,1744,693,692,715
CTETRA,3449,2,1744,214,213,693
CTETRA,3450,2,1744,693,213,692
CTETRA,3451,2,1744,213,250,715
CTETRA,3452,2,1744,213,715,692
CTETRA,3453,2,1744,250,214,715
CTETRA,3454,2,1744,715,214,693
CTETRA,3455,2,1745,10,12,88
CTETRA,3456,2,1745,636,641,827
CTETRA,3457,2,1745,636,12,10
CTETRA,3458,2,1745,636,10,641
CTETRA,3459,2,1745,10,88,641
CTETRA,3460,2,1745,641,88,827
CTETRA,3461,2,1745,88,12,636
CTETRA,3462,2,1745,88,636,827
CTETRA,3463,2,1746,252,74,251
CTETRA,3464,2,1746,747,718,716
CTETRA,3465,2,1746,74,252,747
CTETRA,3466,2,1746,747,252,718
CTETRA,3467,2,1746,252,251,718
CTETRA,3468,2,1746,718,251,716
CTETRA,3469,2,1746,251,74,747
CTETRA,3470,2,1746,251,747,716
CTETRA,3471,2,1747,126,125,89
CTETRA,3472,2,1747,819,810,821
CTETRA,3473,2,1747,125,126,819
CTETRA,3474,2,1747,819,126,810
CTETRA,3475,2,1747,126,89,821
CTETRA,3476,2,1747,126,821,810
CTETRA,3477,2,1747,89,125,821
CTETRA,3478,2,1747,821,125,819
CTETRA,3479,2,1748,107,106,48
CTETRA,3480,2,1748,667,673,546
CTETRA,3481,2,1748,106,107,673
CTETRA,3482,2,1748,106,673,667
CTETRA,3483,2,1748,107,48,673
CTETRA,3484,2,1748,673,48,546
CTETRA,3485,2,1748,48,106,667
CTETRA,3486,2,1748,48,667,546
CTETRA,3487,2,1749,91,92,128
CTETRA,3488,2,1749,774,793,787
CTETRA,3489,2,1749,92,91,793
CTETRA,3490,2,1749,92,793,774
CTETRA,3491,2,1749,91,128,793
CTETRA,3492,2,1749,793,128,787
CTETRA,3493,2,1749,128,92,787
CTETRA,3494,2,1749,787,92,774
CTETRA,3495,2,1750,106,107,143
CTETRA,3496,2,1750,673,667,675
CTETRA,3497,2,1750,107,106,673
CTETRA,3498,2,1750,673,106,667
CTETRA,3499,2,1750,106,143,675
CTETRA,3500,2,1750,106,675,667
CTETRA,3501,2,1750,143,107,675
CTETRA,3502,2,1750,675,107,673
CTETRA,3503,2,1751,128,129,165
CTETRA,3504,2,1751,768,787,783
CTETRA,3505,2,1751,129,128,787
CTETRA,3506,2,1751,129,787,768
CTETRA,3507,2,1751,128,165,787
CTETRA,3508,2,1751,787,165,783
CTETRA,3509,2,1751,165,129,783
CTETRA,3510,2,1751,783,129,768
CTETRA,3511,2,1752,144,143,107
CTETRA,3512,2,1752,675,684,673
CTETRA,3513,2,1752,143,144,684
CTETRA,3514,2,1752,143,684,675
CTETRA,3515,2,1752,144,107,684
CTETRA,3516,2,1752,684,107,673
CTETRA,3517,2,1752,107,143,675
CTETRA,3518,2,1752,107,675,673
CTETRA,3519,2,1753,166,165,129
CTETRA,3520,2,1753,783,762,768
CTETRA,3521,2,1753,165,166,783
CTETRA,3522,2,1753,783,166,762
CTETRA,3523,2,1753,166,129,768
CTETRA,3524,2,1753,166,768,762
CTETRA,3525,2,1753,129,165,783
CTETRA,3526,2,1753,129,783,768
CTETRA,3527,2,1754,143,144,180
CTETRA,3528,2,1754,684,675,688
CTETRA,3529,2,1754,144,143,684
CTETRA,3530,2,1754,684,143,675
CTETRA,3531,2,1754,143,180,688
CTETRA,3532,2,1754,143,688,675
CTETRA,3533,2,1754,180,144,688
CTETRA,3534,2,1754,688,144,684
CTETRA,3535,2,1755,165,166,202
CTETRA,3536,2,1755,762,783,766
CTETRA,3537,2,1755,166,165,783
CTETRA,3538,2,1755,166,783,762
CTETRA,3539,2,1755,165,202,783
CTETRA,3540,2,1755,783,202,766
CTETRA,3541,2,1755,202,166,766
CTETRA,3542,2,1755,766,166,762
CTETRA,3543,2,1756,181,180,144
CTETRA,3544,2,1756,688,695,684
CTETRA,3545,2,1756,180,181,695
CTETRA,3546,2,1756,180,695,688
CTETRA,3547,2,1756,181,144,695
CTETRA,3548,2,1756,695,144,684
CTETRA,3549,2,1756,144,180,688
CTETRA,3550,2,1756,144,688,684
CTETRA,3551,2,1757,203,202,166
CTETRA,3552,2,1757,766,758,762
CTETRA,3553,2,1757,202,203,766
CTETRA,3554,2,1757,766,203,758
CTETRA,3555,2,1757,203,166,762
CTETRA,3556,2,1757,203,762,758
CTETRA,3557,2,1757,166,202,766
CTETRA,3558,2,1757,166,766,762
CTETRA,3559,2,1758,180,181,217
CTETRA,3560,2,1758,695,688,703
CTETRA,3561,2,1758,181,180,695
CTETRA,3562,2,1758,695,180,688
CTETRA,3563,2,1758,180,217,703
CTETRA,3564,2,1758,180,703,688
CTETRA,3565,2,1758,217,181,703
CTETRA,3566,2,1758,703,181,695
CTETRA,3567,2,1759,202,203,239
CTETRA,3568,2,1759,758,766,756
CTETRA,3569,2,1759,203,202,766
CTETRA,3570,2,1759,203,766,758
CTETRA,3571,2,1759,202,239,766
CTETRA,3572,2,1759,766,239,756
CTETRA,3573,2,1759,239,203,758
CTETRA,3574,2,1759,239,758,756
CTETRA,3575,2,1760,218,217,181
CTETRA,3576,2,1760,703,709,695
CTETRA,3577,2,1760,217,218,709
CTETRA,3578,2,1760,217,709,703
CTETRA,3579,2,1760,218,181,709
CTETRA,3580,2,1760,709,181,695
CTETRA,3581,2,1760,181,217,703
CTETRA,3582,2,1760,181,703,695
CTETRA,3583,2,1761,240,239,203
CTETRA,3584,2,1761,756,754,758
CTETRA,3585,2,1761,239,240,756
CTETRA,3586,2,1761,756,240,754
CTETRA,3587,2,1761,240,203,758
CTETRA,3588,2,1761,240,758,754
CTETRA,3589,2,1761,203,239,758
CTETRA,3590,2,1761,758,239,756
CTETRA,3591,2,1762,217,218,254
CTETRA,3592,2,1762,709,703,724
CTETRA,3593,2,1762,218,217,709
CTETRA,3594,2,1762,709,217,703
CTETRA,3595,2,1762,217,254,724
CTETRA,3596,2,1762,217,724,703
CTETRA,3597,2,1762,254,218,724
CTETRA,3598,2,1762,724,218,709
CTETRA,3599,2,1763,18,20,92
CTETRA,3600,2,1763,616,621,774
CTETRA,3601,2,1763,616,20,18
CTETRA,3602,2,1763,616,18,621
CTETRA,3603,2,1763,18,92,621
CTETRA,3604,2,1763,621,92,774
CTETRA,3605,2,1763,92,20,774
CTETRA,3606,2,1763,774,20,616
CTETRA,3607,2,1764,255,254,218
CTETRA,3608,2,1764,724,730,709
CTETRA,3609,2,1764,254,255,730
CTETRA,3610,2,1764,254,730,724
CTETRA,3611,2,1764,255,218,730
CTETRA,3612,2,1764,730,218,709
CTETRA,3613,2,1764,218,254,724
CTETRA,3614,2,1764,218,724,709
CTETRA,3615,2,1765,93,92,20
CTETRA,3616,2,1765,774,752,616
CTETRA,3617,2,1765,92,93,774
CTETRA,3618,2,1765,774,93,752
CTETRA,3619,2,1765,93,20,616
CTETRA,3620,2,1765,93,616,752
CTETRA,3621,2,1765,20,92,774
CTETRA,3622,2,1765,20,774,616
CTETRA,3623,2,1766,48,50,107
CTETRA,3624,2,1766,541,546,673
CTETRA,3625,2,1766,541,50,48
CTETRA,3626,2,1766,541,48,546
CTETRA,3627,2,1766,48,107,673
CTETRA,3628,2,1766,48,673,546
CTETRA,3629,2,1766,107,50,541
CTETRA,3630,2,1766,107,541,673
CTETRA,3631,2,1767,241,74,240
CTETRA,3632,2,1767,747,748,754
CTETRA,3633,2,1767,74,241,748
CTETRA,3634,2,1767,74,748,747
CTETRA,3635,2,1767,241,240,754
CTETRA,3636,2,1767,241,754,748
CTETRA,3637,2,1767,240,74,754
CTETRA,3638,2,1767,754,74,747
CTETRA,3639,2,1768,108,107,50
CTETRA,3640,2,1768,673,686,541
CTETRA,3641,2,1768,107,108,686
CTETRA,3642,2,1768,107,686,673
CTETRA,3643,2,1768,108,50,686
CTETRA,3644,2,1768,686,50,541
CTETRA,3645,2,1768,50,107,541
CTETRA,3646,2,1768,541,107,673
CTETRA,3647,2,1769,92,93,129
CTETRA,3648,2,1769,752,774,768
CTETRA,3649,2,1769,93,92,774
CTETRA,3650,2,1769,93,774,752
CTETRA,3651,2,1769,92,129,774
CTETRA,3652,2,1769,774,129,768
CTETRA,3653,2,1769,129,93,768
CTETRA,3654,2,1769,768,93,752
CTETRA,3655,2,1770,256,74,255
CTETRA,3656,2,1770,747,734,730
CTETRA,3657,2,1770,74,256,747
CTETRA,3658,2,1770,747,256,734
CTETRA,3659,2,1770,256,255,734
CTETRA,3660,2,1770,734,255,730
CTETRA,3661,2,1770,255,74,747
CTETRA,3662,2,1770,255,747,730
CTETRA,3663,2,1771,130,129,93
CTETRA,3664,2,1771,768,751,752
CTETRA,3665,2,1771,129,130,768
CTETRA,3666,2,1771,768,130,751
CTETRA,3667,2,1771,130,93,752
CTETRA,3668,2,1771,130,752,751
CTETRA,3669,2,1771,93,129,768
CTETRA,3670,2,1771,93,768,752
CTETRA,3671,2,1772,107,108,144
CTETRA,3672,2,1772,686,673,684
CTETRA,3673,2,1772,108,107,686
CTETRA,3674,2,1772,686,107,673
CTETRA,3675,2,1772,107,144,684
CTETRA,3676,2,1772,107,684,673
CTETRA,3677,2,1772,144,108,686
CTETRA,3678,2,1772,144,686,684
CTETRA,3679,2,1773,129,130,166
CTETRA,3680,2,1773,751,768,762
CTETRA,3681,2,1773,130,129,768
CTETRA,3682,2,1773,130,768,751
CTETRA,3683,2,1773,129,166,768
CTETRA,3684,2,1773,768,166,762
CTETRA,3685,2,1773,166,130,762
CTETRA,3686,2,1773,762,130,751
CTETRA,3687,2,1774,145,144,108
CTETRA,3688,2,1774,684,690,686
CTETRA,3689,2,1774,144,145,690
CTETRA,3690,2,1774,144,690,684
CTETRA,3691,2,1774,145,108,690
CTETRA,3692,2,1774,690,108,686
CTETRA,3693,2,1774,108,144,686
CTETRA,3694,2,1774,686,144,684
CTETRA,3695,2,1775,167,166,130
CTETRA,3696,2,1775,762,750,751
CTETRA,3697,2,1775,166,167,762
CTETRA,3698,2,1775,762,167,750
CTETRA,3699,2,1775,167,130,751
CTETRA,3700,2,1775,167,751,750
CTETRA,3701,2,1775,130,166,762
CTETRA,3702,2,1775,130,762,751
CTETRA,3703,2,1776,144,145,181
CTETRA,3704,2,1776,690,684,695
CTETRA,3705,2,1776,145,144,690
CTETRA,3706,2,1776,690,144,684
CTETRA,3707,2,1776,144,181,695
CTETRA,3708,2,1776,144,695,684
CTETRA,3709,2,1776,181,145,695
CTETRA,3710,2,1776,695,145,690
CTETRA,3711,2,1777,166,167,203
CTETRA,3712,2,1777,750,762,758
CTETRA,3713,2,1777,167,166,762
CTETRA,3714,2,1777,167,762,750
CTETRA,3715,2,1777,166,203,762
CTETRA,3716,2,1777,762,203,758
CTETRA,3717,2,1777,203,167,758
CTETRA,3718,2,1777,758,167,750
CTETRA,3719,2,1778,182,181,145
CTETRA,3720,2,1778,695,705,690
CTETRA,3721,2,1778,181,182,705
CTETRA,3722,2,1778,181,705,695
CTETRA,3723,2,1778,182,145,705
CTETRA,3724,2,1778,705,145,690
CTETRA,3725,2,1778,145,181,695
CTETRA,3726,2,1778,145,695,690
CTETRA,3727,2,1779,204,203,167
CTETRA,3728,2,1779,758,749,750
CTETRA,3729,2,1779,203,204,758
CTETRA,3730,2,1779,758,204,749
CTETRA,3731,2,1779,204,167,750
CTETRA,3732,2,1779,204,750,749
CTETRA,3733,2,1779,167,203,758
CTETRA,3734,2,1779,167,758,750
CTETRA,3735,2,1780,181,182,218
CTETRA,3736,2,1780,705,695,709
CTETRA,3737,2,1780,182,181,705
CTETRA,3738,2,1780,705,181,695
CTETRA,3739,2,1780,181,218,709
CTETRA,3740,2,1780,181,709,695
CTETRA,3741,2,1780,218,182,709
CTETRA,3742,2,1780,709,182,705
CTETRA,3743,2,1781,203,204,240
CTETRA,3744,2,1781,749,758,754
CTETRA,3745,2,1781,204,203,758
CTETRA,3746,2,1781,204,758,749
CTETRA,3747,2,1781,203,240,758
CTETRA,3748,2,1781,758,240,754
CTETRA,3749,2,1781,240,204,754
CTETRA,3750,2,1781,754,204,749
CTETRA,3751,2,1782,219,218,182
CTETRA,3752,2,1782,709,713,705
CTETRA,3753,2,1782,218,219,713
CTETRA,3754,2,1782,218,713,709
CTETRA,3755,2,1782,219,182,713
CTETRA,3756,2,1782,713,182,705
CTETRA,3757,2,1782,182,218,709
CTETRA,3758,2,1782,182,709,705
CTETRA,3759,2,1783,241,240,204
CTETRA,3760,2,1783,754,748,749
CTETRA,3761,2,1783,240,241,754
CTETRA,3762,2,1783,754,241,748
CTETRA,3763,2,1783,241,204,749
CTETRA,3764,2,1783,241,749,748
CTETRA,3765,2,1783,204,240,754
CTETRA,3766,2,1783,204,754,749
CTETRA,3767,2,1784,218,219,255
CTETRA,3768,2,1784,713,709,730
CTETRA,3769,2,1784,219,218,713
CTETRA,3770,2,1784,713,218,709
CTETRA,3771,2,1784,218,255,730
CTETRA,3772,2,1784,218,730,709
CTETRA,3773,2,1784,255,219,730
CTETRA,3774,2,1784,730,219,713
CTETRA,3775,2,1785,20,22,93
CTETRA,3776,2,1785,611,616,752
CTETRA,3777,2,1785,611,22,20
CTETRA,3778,2,1785,611,20,616
CTETRA,3779,2,1785,20,93,616
CTETRA,3780,2,1785,616,93,752
CTETRA,3781,2,1785,93,22,752
CTETRA,3782,2,1785,752,22,611
CTETRA,3783,2,1786,256,255,219
CTETRA,3784,2,1786,730,734,713
CTETRA,3785,2,1786,255,256,734
CTETRA,3786,2,1786,255,734,730
CTETRA,3787,2,1786,256,219,734
CTETRA,3788,2,1786,734,219,713
CTETRA,3789,2,1786,219,255,730
CTETRA,3790,2,1786,219,730,713
CTETRA,3791,2,1787,94,93,22
CTETRA,3792,2,1787,752,721,611
CTETRA,3793,2,1787,93,94,752
CTETRA,3794,2,1787,752,94,721
CTETRA,3795,2,1787,94,22,721
CTETRA,3796,2,1787,721,22,611
CTETRA,3797,2,1787,22,93,752
CTETRA,3798,2,1787,22,752,611
CTETRA,3799,2,1788,50,52,108
CTETRA,3800,2,1788,536,541,686
CTETRA,3801,2,1788,536,52,50
CTETRA,3802,2,1788,536,50,541
CTETRA,3803,2,1788,50,108,686
CTETRA,3804,2,1788,50,686,541
CTETRA,3805,2,1788,108,52,536
CTETRA,3806,2,1788,108,536,686
CTETRA,3807,2,1789,242,74,241
CTETRA,3808,2,1789,747,741,748
CTETRA,3809,2,1789,74,242,747
CTETRA,3810,2,1789,747,242,741
CTETRA,3811,2,1789,242,241,748
CTETRA,3812,2,1789,242,748,741
CTETRA,3813,2,1789,241,74,748
CTETRA,3814,2,1789,748,74,747
CTETRA,3815,2,1790,109,108,52
CTETRA,3816,2,1790,686,701,536
CTETRA,3817,2,1790,108,109,701
CTETRA,3818,2,1790,108,701,686
CTETRA,3819,2,1790,109,52,701
CTETRA,3820,2,1790,701,52,536
CTETRA,3821,2,1790,52,108,536
CTETRA,3822,2,1790,536,108,686
CTETRA,3823,2,1791,93,94,130
CTETRA,3824,2,1791,721,752,751
CTETRA,3825,2,1791,94,93,752
CTETRA,3826,2,1791,94,752,721
CTETRA,3827,2,1791,93,130,752
CTETRA,3828,2,1791,752,130,751
CTETRA,3829,2,1791,130,94,751
CTETRA,3830,2,1791,751,94,721
CTETRA,3831,2,1792,257,74,256
CTETRA,3832,2,1792,747,738,734
CTETRA,3833,2,1792,74,257,747
CTETRA,3834,2,1792,747,257,738
CTETRA,3835,2,1792,257,256,738
CTETRA,3836,2,1792,738,256,734
CTETRA,3837,2,1792,256,74,747
CTETRA,3838,2,1792,256,747,734
CTETRA,3839,2,1793,131,130,94
CTETRA,3840,2,1793,751,727,721
CTETRA,3841,2,1793,130,131,751
CTETRA,3842,2,1793,751,131,727
CTETRA,3843,2,1793,131,94,727
CTETRA,3844,2,1793,727,94,721
CTETRA,3845,2,1793,94,130,751
CTETRA,3846,2,1793,94,751,721
CTETRA,3847,2,1794,108,109,145
CTETRA,3848,2,1794,701,686,690
CTETRA,3849,2,1794,109,108,701
CTETRA,3850,2,1794,701,108,686
CTETRA,3851,2,1794,108,145,690
CTETRA,3852,2,1794,108,690,686
CTETRA,3853,2,1794,145,109,701
CTETRA,3854,2,1794,145,701,690
CTETRA,3855,2,1795,130,131,167
CTETRA,3856,2,1795,727,751,750
CTETRA,3857,2,1795,131,130,751
CTETRA,3858,2,1795,131,751,727
CTETRA,3859,2,1795,130,167,751
CTETRA,3860,2,1795,751,167,750
CTETRA,3861,2,1795,167,131,750
CTETRA,3862,2,1795,750,131,727
CTETRA,3863,2,1796,146,145,109
CTETRA,3864,2,1796,690,707,701
CTETRA,3865,2,1796,145,146,707
CTETRA,3866,2,1796,145,707,690
CTETRA,3867,2,1796,146,109,707
CTETRA,3868,2,1796,707,109,701
CTETRA,3869,2,1796,109,145,701
CTETRA,3870,2,1796,701,145,690
CTETRA,3871,2,1797,168,167,131
CTETRA,3872,2,1797,750,733,727
CTETRA,3873,2,1797,167,168,750
CTETRA,3874,2,1797,750,168,733
CTETRA,3875,2,1797,168,131,733
CTETRA,3876,2,1797,733,131,727
CTETRA,3877,2,1797,131,167,750
CTETRA,3878,2,1797,131,750,727
CTETRA,3879,2,1798,145,146,182
CTETRA,3880,2,1798,707,690,705
CTETRA,3881,2,1798,146,145,707
CTETRA,3882,2,1798,707,145,690
CTETRA,3883,2,1798,145,182,705
CTETRA,3884,2,1798,145,705,690
CTETRA,3885,2,1798,182,146,707
CTETRA,3886,2,1798,182,707,705
CTETRA,3887,2,1799,167,168,204
CTETRA,3888,2,1799,733,750,749
CTETRA,3889,2,1799,168,167,750
CTETRA,3890,2,1799,168,750,733
CTETRA,3891,2,1799,167,204,750
CTETRA,3892,2,1799,750,204,749
CTETRA,3893,2,1799,204,168,749
CTETRA,3894,2,1799,749,168,733
CTETRA,3895,2,1800,183,182,146
CTETRA,3896,2,1800,705,711,707
CTETRA,3897,2,1800,182,183,711
CTETRA,3898,2,1800,182,711,705
CTETRA,3899,2,1800,183,146,711
CTETRA,3900,2,1800,711,146,707
CTETRA,3901,2,1800,146,182,707
CTETRA,3902,2,1800,707,182,705
CTETRA,3903,2,1801,205,204,168
CTETRA,3904,2,1801,749,737,733
CTETRA,3905,2,1801,204,205,749
CTETRA,3906,2,1801,749,205,737
CTETRA,3907,2,1801,205,168,737
CTETRA,3908,2,1801,737,168,733
CTETRA,3909,2,1801,168,204,749
CTETRA,3910,2,1801,168,749,733
CTETRA,3911,2,1802,182,183,219
CTETRA,3912,2,1802,711,705,713
CTETRA,3913,2,1802,183,182,711
CTETRA,3914,2,1802,711,182,705
CTETRA,3915,2,1802,182,219,713
CTETRA,3916,2,1802,182,713,705
CTETRA,3917,2,1802,219,183,713
CTETRA,3918,2,1802,713,183,711
CTETRA,3919,2,1803,204,205,241
CTETRA,3920,2,1803,737,749,748
CTETRA,3921,2,1803,205,204,749
CTETRA,3922,2,1803,205,749,737
CTETRA,3923,2,1803,204,241,749
CTETRA,3924,2,1803,749,241,748
CTETRA,3925,2,1803,241,205,748
CTETRA,3926,2,1803,748,205,737
CTETRA,3927,2,1804,220,219,183
CTETRA,3928,2,1804,713,728,711
CTETRA,3929,2,1804,219,220,728
CTETRA,3930,2,1804,219,728,713
CTETRA,3931,2,1804,220,183,728
CTETRA,3932,2,1804,728,183,711
CTETRA,3933,2,1804,183,219,713
CTETRA,3934,2,1804,183,713,711
CTETRA,3935,2,1805,242,241,205
CTETRA,3936,2,1805,748,741,737
CTETRA,3937,2,1805,241,242,748
CTETRA,3938,2,1805,748,242,741
CTETRA,3939,2,1805,242,205,741
CTETRA,3940,2,1805,741,205,737
CTETRA,3941,2,1805,205,241,748
CTETRA,3942,2,1805,205,748,737
CTETRA,3943,2,1806,219,220,256
CTETRA,3944,2,1806,728,713,734
CTETRA,3945,2,1806,220,219,728
CTETRA,3946,2,1806,728,219,713
CTETRA,3947,2,1806,219,256,734
CTETRA,3948,2,1806,219,734,713
CTETRA,3949,2,1806,256,220,734
CTETRA,3950,2,1806,734,220,728
CTETRA,3951,2,1807,22,24,94
CTETRA,3952,2,1807,606,611,721
CTETRA,3953,2,1807,606,24,22
CTETRA,3954,2,1807,606,22,611
CTETRA,3955,2,1807,22,94,721
CTETRA,3956,2,1807,22,721,611
CTETRA,3957,2,1807,94,24,721
CTETRA,3958,2,1807,721,24,606
CTETRA,3959,2,1808,257,256,220
CTETRA,3960,2,1808,734,738,728
CTETRA,3961,2,1808,256,257,738
CTETRA,3962,2,1808,256,738,734
CTETRA,3963,2,1808,257,220,738
CTETRA,3964,2,1808,738,220,728
CTETRA,3965,2,1808,220,256,734
CTETRA,3966,2,1808,220,734,728
CTETRA,3967,2,1809,95,94,24
CTETRA,3968,2,1809,721,702,606
CTETRA,3969,2,1809,94,95,721
CTETRA,3970,2,1809,721,95,702
CTETRA,3971,2,1809,95,24,702
CTETRA,3972,2,1809,702,24,606
CTETRA,3973,2,1809,24,94,721
CTETRA,3974,2,1809,24,721,606
CTETRA,3975,2,1810,52,54,109
CTETRA,3976,2,1810,531,536,701
CTETRA,3977,2,1810,531,52,536
CTETRA,3978,2,1810,531,54,52
CTETRA,3979,2,1810,52,109,701
CTETRA,3980,2,1810,52,701,536
CTETRA,3981,2,1810,109,54,531
CTETRA,3982,2,1810,109,531,701
CTETRA,3983,2,1811,243,74,242
CTETRA,3984,2,1811,747,739,741
CTETRA,3985,2,1811,74,243,747
CTETRA,3986,2,1811,747,243,739
CTETRA,3987,2,1811,243,242,741
CTETRA,3988,2,1811,243,741,739
CTETRA,3989,2,1811,242,74,747
CTETRA,3990,2,1811,242,747,741
CTETRA,3991,2,1812,110,109,54
CTETRA,3992,2,1812,701,720,531
CTETRA,3993,2,1812,109,110,720
CTETRA,3994,2,1812,109,720,701
CTETRA,3995,2,1812,110,54,720
CTETRA,3996,2,1812,720,54,531
CTETRA,3997,2,1812,54,109,531
CTETRA,3998,2,1812,531,109,701
CTETRA,3999,2,1813,94,95,131
CTETRA,4000,2,1813,702,721,727
CTETRA,4001,2,1813,95,94,721
CTETRA,4002,2,1813,95,721,702
CTETRA,4003,2,1813,94,131,727
CTETRA,4004,2,1813,94,727,721
CTETRA,4005,2,1813,131,95,727
CTETRA,4006,2,1813,727,95,702
CTETRA,4007,2,1814,258,74,257
CTETRA,4008,2,1814,747,740,738
CTETRA,4009,2,1814,74,258,747
CTETRA,4010,2,1814,747,258,740
CTETRA,4011,2,1814,258,257,740
CTETRA,4012,2,1814,740,257,738
CTETRA,4013,2,1814,257,74,747
CTETRA,4014,2,1814,257,747,738
CTETRA,4015,2,1815,132,131,95
CTETRA,4016,2,1815,727,708,702
CTETRA,4017,2,1815,131,132,727
CTETRA,4018,2,1815,727,132,708
CTETRA,4019,2,1815,132,95,708
CTETRA,4020,2,1815,708,95,702
CTETRA,4021,2,1815,95,131,727
CTETRA,4022,2,1815,95,727,702
CTETRA,4023,2,1816,109,110,146
CTETRA,4024,2,1816,720,701,707
CTETRA,4025,2,1816,110,109,720
CTETRA,4026,2,1816,720,109,701
CTETRA,4027,2,1816,109,146,707
CTETRA,4028,2,1816,109,707,701
CTETRA,4029,2,1816,146,110,720
CTETRA,4030,2,1816,146,720,707
CTETRA,4031,2,1817,131,132,168
CTETRA,4032,2,1817,708,727,733
CTETRA,4033,2,1817,132,131,727
CTETRA,4034,2,1817,132,727,708
CTETRA,4035,2,1817,131,168,733
CTETRA,4036,2,1817,131,733,727
CTETRA,4037,2,1817,168,132,733
CTETRA,4038,2,1817,733,132,708
CTETRA,4039,2,1818,147,146,110
CTETRA,4040,2,1818,707,726,720
CTETRA,4041,2,1818,146,147,726
CTETRA,4042,2,1818,146,726,707
CTETRA,4043,2,1818,147,110,726
CTETRA,4044,2,1818,726,110,720
CTETRA,4045,2,1818,110,146,720
CTETRA,4046,2,1818,720,146,707
CTETRA,4047,2,1819,169,168,132
CTETRA,4048,2,1819,733,712,708
CTETRA,4049,2,1819,168,169,733
CTETRA,4050,2,1819,733,169,712
CTETRA,4051,2,1819,169,132,712
CTETRA,4052,2,1819,712,132,708
CTETRA,4053,2,1819,132,168,733
CTETRA,4054,2,1819,132,733,708
CTETRA,4055,2,1820,146,147,183
CTETRA,4056,2,1820,726,707,711
CTETRA,4057,2,1820,147,146,726
CTETRA,4058,2,1820,726,146,707
CTETRA,4059,2,1820,146,183,711
CTETRA,4060,2,1820,146,711,707
CTETRA,4061,2,1820,183,147,726
CTETRA,4062,2,1820,183,726,711
CTETRA,4063,2,1821,168,169,205
CTETRA,4064,2,1821,712,733,737
CTETRA,4065,2,1821,169,168,733
CTETRA,4066,2,1821,169,733,712
CTETRA,4067,2,1821,168,205,737
CTETRA,4068,2,1821,168,737,733
CTETRA,4069,2,1821,205,169,737
CTETRA,4070,2,1821,737,169,712
CTETRA,4071,2,1822,184,183,147
CTETRA,4072,2,1822,711,732,726
CTETRA,4073,2,1822,183,184,732
CTETRA,4074,2,1822,183,732,711
CTETRA,4075,2,1822,184,147,732
CTETRA,4076,2,1822,732,147,726
CTETRA,4077,2,1822,147,183,726
CTETRA,4078,2,1822,726,183,711
CTETRA,4079,2,1823,206,205,169
CTETRA,4080,2,1823,737,729,712
CTETRA,4081,2,1823,205,206,737
CTETRA,4082,2,1823,737,206,729
CTETRA,4083,2,1823,206,169,729
CTETRA,4084,2,1823,729,169,712
CTETRA,4085,2,1823,169,205,737
CTETRA,4086,2,1823,169,737,712
CTETRA,4087,2,1824,183,184,220
CTETRA,4088,2,1824,732,711,728
CTETRA,4089,2,1824,184,183,732
CTETRA,4090,2,1824,732,183,711
CTETRA,4091,2,1824,183,220,728
CTETRA,4092,2,1824,183,728,711
CTETRA,4093,2,1824,220,184,732
CTETRA,4094,2,1824,220,732,728
CTETRA,4095,2,1825,205,206,242
CTETRA,4096,2,1825,729,737,741
CTETRA,4097,2,1825,206,205,737
CTETRA,4098,2,1825,206,737,729
CTETRA,4099,2,1825,205,242,741
CTETRA,4100,2,1825,205,741,737
CTETRA,4101,2,1825,242,206,741
CTETRA,4102,2,1825,741,206,729
CTETRA,4103,2,1826,221,220,184
CTETRA,4104,2,1826,728,736,732
CTETRA,4105,2,1826,220,221,736
CTETRA,4106,2,1826,220,736,728
CTETRA,4107,2,1826,221,184,736
CTETRA,4108,2,1826,736,184,732
CTETRA,4109,2,1826,184,220,732
CTETRA,4110,2,1826,732,220,728
CTETRA,4111,2,1827,243,242,206
CTETRA,4112,2,1827,741,739,729
CTETRA,4113,2,1827,242,243,741
CTETRA,4114,2,1827,741,243,739
CTETRA,4115,2,1827,243,206,739
CTETRA,4116,2,1827,739,206,729
CTETRA,4117,2,1827,206,242,741
CTETRA,4118,2,1827,206,741,729
CTETRA,4119,2,1828,220,221,257
CTETRA,4120,2,1828,736,728,738
CTETRA,4121,2,1828,221,220,736
CTETRA,4122,2,1828,736,220,728
CTETRA,4123,2,1828,220,257,738
CTETRA,4124,2,1828,220,738,728
CTETRA,4125,2,1828,257,221,738
CTETRA,4126,2,1828,738,221,736
CTETRA,4127,2,1829,24,26,95
CTETRA,4128,2,1829,601,606,702
CTETRA,4129,2,1829,601,26,24
CTETRA,4130,2,1829,601,24,606
CTETRA,4131,2,1829,24,95,702
CTETRA,4132,2,1829,24,702,606
CTETRA,4133,2,1829,95,26,702
CTETRA,4134,2,1829,702,26,601
CTETRA,4135,2,1830,258,257,221
CTETRA,4136,2,1830,738,740,736
CTETRA,4137,2,1830,257,258,740
CTETRA,4138,2,1830,257,740,738
CTETRA,4139,2,1830,258,221,740
CTETRA,4140,2,1830,740,221,736
CTETRA,4141,2,1830,221,257,738
CTETRA,4142,2,1830,221,738,736
CTETRA,4143,2,1831,96,95,26
CTETRA,4144,2,1831,702,687,601
CTETRA,4145,2,1831,95,96,702
CTETRA,4146,2,1831,702,96,687
CTETRA,4147,2,1831,96,26,687
CTETRA,4148,2,1831,687,26,601
CTETRA,4149,2,1831,26,95,702
CTETRA,4150,2,1831,26,702,601
CTETRA,4151,2,1832,54,56,110
CTETRA,4152,2,1832,477,531,720
CTETRA,4153,2,1832,477,54,531
CTETRA,4154,2,1832,477,56,54
CTETRA,4155,2,1832,54,110,720
CTETRA,4156,2,1832,54,720,531
CTETRA,4157,2,1832,110,56,477
CTETRA,4158,2,1832,110,477,720
CTETRA,4159,2,1833,244,74,243
CTETRA,4160,2,1833,747,735,739
CTETRA,4161,2,1833,74,244,747
CTETRA,4162,2,1833,747,244,735
CTETRA,4163,2,1833,244,243,739
CTETRA,4164,2,1833,244,739,735
CTETRA,4165,2,1833,243,74,747
CTETRA,4166,2,1833,243,747,739
CTETRA,4167,2,1834,75,110,56
CTETRA,4168,2,1834,720,742,477
CTETRA,4169,2,1834,110,75,742
CTETRA,4170,2,1834,110,742,720
CTETRA,4171,2,1834,75,56,742
CTETRA,4172,2,1834,742,56,477
CTETRA,4173,2,1834,56,110,477
CTETRA,4174,2,1834,477,110,720
CTETRA,4175,2,1835,95,96,132
CTETRA,4176,2,1835,687,702,708
CTETRA,4177,2,1835,96,95,702
CTETRA,4178,2,1835,96,702,687
CTETRA,4179,2,1835,95,132,708
CTETRA,4180,2,1835,95,708,702
CTETRA,4181,2,1835,132,96,708
CTETRA,4182,2,1835,708,96,687
CTETRA,4183,2,1836,223,74,258
CTETRA,4184,2,1836,747,746,740
CTETRA,4185,2,1836,74,223,747
CTETRA,4186,2,1836,747,223,746
CTETRA,4187,2,1836,223,258,746
CTETRA,4188,2,1836,746,258,740
CTETRA,4189,2,1836,258,74,747
CTETRA,4190,2,1836,258,747,740
CTETRA,4191,2,1837,133,132,96
CTETRA,4192,2,1837,708,691,687
CTETRA,4193,2,1837,132,133,708
CTETRA,4194,2,1837,708,133,691
CTETRA,4195,2,1837,133,96,691
CTETRA,4196,2,1837,691,96,687
CTETRA,4197,2,1837,96,132,708
CTETRA,4198,2,1837,96,708,687
CTETRA,4199,2,1838,75,112,110
CTETRA,4200,2,1838,743,742,720
CTETRA,4201,2,1838,112,75,743
CTETRA,4202,2,1838,743,75,742
CTETRA,4203,2,1838,75,110,742
CTETRA,4204,2,1838,742,110,720
CTETRA,4205,2,1838,110,112,743
CTETRA,4206,2,1838,110,743,720
CTETRA,4207,2,1839,132,133,169
CTETRA,4208,2,1839,691,708,712
CTETRA,4209,2,1839,133,132,708
CTETRA,4210,2,1839,133,708,691
CTETRA,4211,2,1839,132,169,712
CTETRA,4212,2,1839,132,712,708
CTETRA,4213,2,1839,169,133,712
CTETRA,4214,2,1839,712,133,691
CTETRA,4215,2,1840,147,110,112
CTETRA,4216,2,1840,720,726,743
CTETRA,4217,2,1840,110,147,726
CTETRA,4218,2,1840,110,726,720
CTETRA,4219,2,1840,147,112,743
CTETRA,4220,2,1840,147,743,726
CTETRA,4221,2,1840,112,110,743
CTETRA,4222,2,1840,743,110,720
CTETRA,4223,2,1841,170,169,133
CTETRA,4224,2,1841,712,706,691
CTETRA,4225,2,1841,169,170,712
CTETRA,4226,2,1841,712,170,706
CTETRA,4227,2,1841,170,133,706
CTETRA,4228,2,1841,706,133,691
CTETRA,4229,2,1841,133,169,712
CTETRA,4230,2,1841,133,712,691
CTETRA,4231,2,1842,112,149,147
CTETRA,4232,2,1842,744,743,726
CTETRA,4233,2,1842,149,112,744
CTETRA,4234,2,1842,744,112,743
CTETRA,4235,2,1842,112,147,743
CTETRA,4236,2,1842,743,147,726
CTETRA,4237,2,1842,147,149,744
CTETRA,4238,2,1842,147,744,726
CTETRA,4239,2,1843,169,170,206
CTETRA,4240,2,1843,706,712,729
CTETRA,4241,2,1843,170,169,712
CTETRA,4242,2,1843,170,712,706
CTETRA,4243,2,1843,169,206,729
CTETRA,4244,2,1843,169,729,712
CTETRA,4245,2,1843,206,170,729
CTETRA,4246,2,1843,729,170,706
CTETRA,4247,2,1844,184,147,149
CTETRA,4248,2,1844,726,732,744
CTETRA,4249,2,1844,147,184,732
CTETRA,4250,2,1844,147,732,726
CTETRA,4251,2,1844,184,149,744
CTETRA,4252,2,1844,184,744,732
CTETRA,4253,2,1844,149,147,744
CTETRA,4254,2,1844,744,147,726
CTETRA,4255,2,1845,207,206,170
CTETRA,4256,2,1845,729,714,706
CTETRA,4257,2,1845,206,207,729
CTETRA,4258,2,1845,729,207,714
CTETRA,4259,2,1845,207,170,714
CTETRA,4260,2,1845,714,170,706
CTETRA,4261,2,1845,170,206,729
CTETRA,4262,2,1845,170,729,706
CTETRA,4263,2,1846,149,186,184
CTETRA,4264,2,1846,745,744,732
CTETRA,4265,2,1846,186,149,745
CTETRA,4266,2,1846,745,149,744
CTETRA,4267,2,1846,149,184,744
CTETRA,4268,2,1846,744,184,732
CTETRA,4269,2,1846,184,186,745
CTETRA,4270,2,1846,184,745,732
CTETRA,4271,2,1847,206,207,243
CTETRA,4272,2,1847,714,729,739
CTETRA,4273,2,1847,207,206,729
CTETRA,4274,2,1847,207,729,714
CTETRA,4275,2,1847,206,243,739
CTETRA,4276,2,1847,206,739,729
CTETRA,4277,2,1847,243,207,739
CTETRA,4278,2,1847,739,207,714
CTETRA,4279,2,1848,221,184,186
CTETRA,4280,2,1848,732,736,745
CTETRA,4281,2,1848,184,221,736
CTETRA,4282,2,1848,184,736,732
CTETRA,4283,2,1848,221,186,745
CTETRA,4284,2,1848,221,745,736
CTETRA,4285,2,1848,186,184,745
CTETRA,4286,2,1848,745,184,732
CTETRA,4287,2,1849,244,243,207
CTETRA,4288,2,1849,739,735,714
CTETRA,4289,2,1849,243,244,739
CTETRA,4290,2,1849,739,244,735
CTETRA,4291,2,1849,244,207,735
CTETRA,4292,2,1849,735,207,714
CTETRA,4293,2,1849,207,243,739
CTETRA,4294,2,1849,207,739,714
CTETRA,4295,2,1850,186,223,221
CTETRA,4296,2,1850,746,745,736
CTETRA,4297,2,1850,223,186,746
CTETRA,4298,2,1850,746,186,745
CTETRA,4299,2,1850,186,221,745
CTETRA,4300,2,1850,745,221,736
CTETRA,4301,2,1850,221,223,746
CTETRA,4302,2,1850,221,746,736
CTETRA,4303,2,1851,26,28,96
CTETRA,4304,2,1851,596,601,687
CTETRA,4305,2,1851,596,26,601
CTETRA,4306,2,1851,596,28,26
CTETRA,4307,2,1851,26,96,687
CTETRA,4308,2,1851,26,687,601
CTETRA,4309,2,1851,96,28,687
CTETRA,4310,2,1851,687,28,596
CTETRA,4311,2,1852,258,221,223
CTETRA,4312,2,1852,736,740,746
CTETRA,4313,2,1852,221,258,740
CTETRA,4314,2,1852,221,740,736
CTETRA,4315,2,1852,258,223,746
CTETRA,4316,2,1852,258,746,740
CTETRA,4317,2,1852,223,221,746
CTETRA,4318,2,1852,746,221,736
CTETRA,4319,2,1853,97,96,28
CTETRA,4320,2,1853,687,674,596
CTETRA,4321,2,1853,96,97,687
CTETRA,4322,2,1853,687,97,674
CTETRA,4323,2,1853,97,28,674
CTETRA,4324,2,1853,674,28,596
CTETRA,4325,2,1853,28,96,687
CTETRA,4326,2,1853,28,687,596
CTETRA,4327,2,1854,56,58,75
CTETRA,4328,2,1854,478,477,742
CTETRA,4329,2,1854,56,477,478
CTETRA,4330,2,1854,56,478,58
CTETRA,4331,2,1854,56,75,742
CTETRA,4332,2,1854,56,742,477
CTETRA,4333,2,1854,75,58,478
CTETRA,4334,2,1854,75,478,742
CTETRA,4335,2,1855,245,74,244
CTETRA,4336,2,1855,747,731,735
CTETRA,4337,2,1855,74,245,747
CTETRA,4338,2,1855,747,245,731
CTETRA,4339,2,1855,245,244,735
CTETRA,4340,2,1855,245,735,731
CTETRA,4341,2,1855,244,74,747
CTETRA,4342,2,1855,244,747,735
CTETRA,4343,2,1856,76,75,58
CTETRA,4344,2,1856,742,773,478
CTETRA,4345,2,1856,75,76,773
CTETRA,4346,2,1856,75,773,742
CTETRA,4347,2,1856,76,58,478
CTETRA,4348,2,1856,76,478,773
CTETRA,4349,2,1856,58,75,478
CTETRA,4350,2,1856,478,75,742
CTETRA,4351,2,1857,96,97,133
CTETRA,4352,2,1857,674,687,691
CTETRA,4353,2,1857,97,96,687
CTETRA,4354,2,1857,97,687,674
CTETRA,4355,2,1857,96,133,691
CTETRA,4356,2,1857,96,691,687
CTETRA,4357,2,1857,133,97,691
CTETRA,4358,2,1857,691,97,674
CTETRA,4359,2,1858,224,74,223
CTETRA,4360,2,1858,747,753,746
CTETRA,4361,2,1858,74,224,753
CTETRA,4362,2,1858,74,753,747
CTETRA,4363,2,1858,224,223,753
CTETRA,4364,2,1858,753,223,746
CTETRA,4365,2,1858,223,74,747
CTETRA,4366,2,1858,223,747,746
CTETRA,4367,2,1859,134,133,97
CTETRA,4368,2,1859,691,685,674
CTETRA,4369,2,1859,133,134,691
CTETRA,4370,2,1859,691,134,685
CTETRA,4371,2,1859,134,97,685
CTETRA,4372,2,1859,685,97,674
CTETRA,4373,2,1859,97,133,691
CTETRA,4374,2,1859,97,691,674
CTETRA,4375,2,1860,75,76,112
CTETRA,4376,2,1860,773,742,743
CTETRA,4377,2,1860,76,75,773
CTETRA,4378,2,1860,773,75,742
CTETRA,4379,2,1860,75,112,743
CTETRA,4380,2,1860,75,743,742
CTETRA,4381,2,1860,112,76,773
CTETRA,4382,2,1860,112,773,743
CTETRA,4383,2,1861,133,134,170
CTETRA,4384,2,1861,685,691,706
CTETRA,4385,2,1861,134,133,691
CTETRA,4386,2,1861,134,691,685
CTETRA,4387,2,1861,133,170,706
CTETRA,4388,2,1861,133,706,691
CTETRA,4389,2,1861,170,134,706
CTETRA,4390,2,1861,706,134,685
CTETRA,4391,2,1862,113,112,76
CTETRA,4392,2,1862,743,767,773
CTETRA,4393,2,1862,112,113,767
CTETRA,4394,2,1862,112,767,743
CTETRA,4395,2,1862,113,76,773
CTETRA,4396,2,1862,113,773,767
CTETRA,4397,2,1862,76,112,773
CTETRA,4398,2,1862,773,112,743
CTETRA,4399,2,1863,171,170,134
CTETRA,4400,2,1863,706,696,685
CTETRA,4401,2,1863,170,171,706
CTETRA,4402,2,1863,706,171,696
CTETRA,4403,2,1863,171,134,696
CTETRA,4404,2,1863,696,134,685
CTETRA,4405,2,1863,134,170,706
CTETRA,4406,2,1863,134,706,685
CTETRA,4407,2,1864,112,113,149
CTETRA,4408,2,1864,767,743,744
CTETRA,4409,2,1864,113,112,767
CTETRA,4410,2,1864,767,112,743
CTETRA,4411,2,1864,112,149,744
CTETRA,4412,2,1864,112,744,743
CTETRA,4413,2,1864,149,113,767
CTETRA,4414,2,1864,149,767,744
CTETRA,4415,2,1865,170,171,207
CTETRA,4416,2,1865,696,706,714
CTETRA,4417,2,1865,171,170,706
CTETRA,4418,2,1865,171,706,696
CTETRA,4419,2,1865,170,207,714
CTETRA,4420,2,1865,170,714,706
CTETRA,4421,2,1865,207,171,714
CTETRA,4422,2,1865,714,171,696
CTETRA,4423,2,1866,150,149,113
CTETRA,4424,2,1866,744,761,767
CTETRA,4425,2,1866,149,150,761
CTETRA,4426,2,1866,149,761,744
CTETRA,4427,2,1866,150,113,767
CTETRA,4428,2,1866,150,767,761
CTETRA,4429,2,1866,113,149,767
CTETRA,4430,2,1866,767,149,744
CTETRA,4431,2,1867,208,207,171
CTETRA,4432,2,1867,714,710,696
CTETRA,4433,2,1867,207,208,714
CTETRA,4434,2,1867,714,208,710
CTETRA,4435,2,1867,208,171,710
CTETRA,4436,2,1867,710,171,696
CTETRA,4437,2,1867,171,207,714
CTETRA,4438,2,1867,171,714,696
CTETRA,4439,2,1868,149,150,186
CTETRA,4440,2,1868,761,744,745
CTETRA,4441,2,1868,150,149,761
CTETRA,4442,2,1868,761,149,744
CTETRA,4443,2,1868,149,186,745
CTETRA,4444,2,1868,149,745,744
CTETRA,4445,2,1868,186,150,761
CTETRA,4446,2,1868,186,761,745
CTETRA,4447,2,1869,207,208,244
CTETRA,4448,2,1869,710,714,735
CTETRA,4449,2,1869,208,207,714
CTETRA,4450,2,1869,208,714,710
CTETRA,4451,2,1869,207,244,735
CTETRA,4452,2,1869,207,735,714
CTETRA,4453,2,1869,244,208,735
CTETRA,4454,2,1869,735,208,710
CTETRA,4455,2,1870,187,186,150
CTETRA,4456,2,1870,745,757,761
CTETRA,4457,2,1870,186,187,757
CTETRA,4458,2,1870,186,757,745
CTETRA,4459,2,1870,187,150,761
CTETRA,4460,2,1870,187,761,757
CTETRA,4461,2,1870,150,186,761
CTETRA,4462,2,1870,761,186,745
CTETRA,4463,2,1871,245,244,208
CTETRA,4464,2,1871,735,731,710
CTETRA,4465,2,1871,244,245,735
CTETRA,4466,2,1871,735,245,731
CTETRA,4467,2,1871,245,208,731
CTETRA,4468,2,1871,731,208,710
CTETRA,4469,2,1871,208,244,735
CTETRA,4470,2,1871,208,735,710
CTETRA,4471,2,1872,186,187,223
CTETRA,4472,2,1872,757,745,746
CTETRA,4473,2,1872,187,186,757
CTETRA,4474,2,1872,757,186,745
CTETRA,4475,2,1872,186,223,746
CTETRA,4476,2,1872,186,746,745
CTETRA,4477,2,1872,223,187,757
CTETRA,4478,2,1872,223,757,746
CTETRA,4479,2,1873,28,30,97
CTETRA,4480,2,1873,591,596,674
CTETRA,4481,2,1873,591,30,28
CTETRA,4482,2,1873,591,28,596
CTETRA,4483,2,1873,28,97,674
CTETRA,4484,2,1873,28,674,596
CTETRA,4485,2,1873,97,30,674
CTETRA,4486,2,1873,674,30,591
CTETRA,4487,2,1874,224,223,187
CTETRA,4488,2,1874,746,753,757
CTETRA,4489,2,1874,223,224,753
CTETRA,4490,2,1874,223,753,746
CTETRA,4491,2,1874,224,187,757
CTETRA,4492,2,1874,224,757,753
CTETRA,4493,2,1874,187,223,757
CTETRA,4494,2,1874,757,223,746
CTETRA,4495,2,1875,98,97,30
CTETRA,4496,2,1875,674,668,591
CTETRA,4497,2,1875,97,98,674
CTETRA,4498,2,1875,674,98,668
CTETRA,4499,2,1875,98,30,668
CTETRA,4500,2,1875,668,30,591
CTETRA,4501,2,1875,30,97,674
CTETRA,4502,2,1875,30,674,591
CTETRA,4503,2,1876,58,60,76
CTETRA,4504,2,1876,487,478,773
CTETRA,4505,2,1876,58,478,487
CTETRA,4506,2,1876,58,487,60
CTETRA,4507,2,1876,58,76,478
CTETRA,4508,2,1876,478,76,773
CTETRA,4509,2,1876,76,60,487
CTETRA,4510,2,1876,76,487,773
CTETRA,4511,2,1877,246,74,245
CTETRA,4512,2,1877,747,725,731
CTETRA,4513,2,1877,74,246,747
CTETRA,4514,2,1877,747,246,725
CTETRA,4515,2,1877,246,245,731
CTETRA,4516,2,1877,246,731,725
CTETRA,4517,2,1877,245,74,747
CTETRA,4518,2,1877,245,747,731
CTETRA,4519,2,1878,77,76,60
CTETRA,4520,2,1878,773,792,487
CTETRA,4521,2,1878,76,77,792
CTETRA,4522,2,1878,76,792,773
CTETRA,4523,2,1878,77,60,487
CTETRA,4524,2,1878,77,487,792
CTETRA,4525,2,1878,60,76,487
CTETRA,4526,2,1878,487,76,773
CTETRA,4527,2,1879,97,98,134
CTETRA,4528,2,1879,668,674,685
CTETRA,4529,2,1879,98,97,674
CTETRA,4530,2,1879,98,674,668
CTETRA,4531,2,1879,97,134,685
CTETRA,4532,2,1879,97,685,674
CTETRA,4533,2,1879,134,98,685
CTETRA,4534,2,1879,685,98,668
CTETRA,4535,2,1880,225,74,224
CTETRA,4536,2,1880,747,755,753
CTETRA,4537,2,1880,74,225,755
CTETRA,4538,2,1880,74,755,747
CTETRA,4539,2,1880,225,224,755
CTETRA,4540,2,1880,755,224,753
CTETRA,4541,2,1880,224,74,753
CTETRA,4542,2,1880,753,74,747
CTETRA,4543,2,1881,135,134,98
CTETRA,4544,2,1881,685,676,668
CTETRA,4545,2,1881,134,135,685
CTETRA,4546,2,1881,685,135,676
CTETRA,4547,2,1881,135,98,676
CTETRA,4548,2,1881,676,98,668
CTETRA,4549,2,1881,98,134,685
CTETRA,4550,2,1881,98,685,668
CTETRA,4551,2,1882,76,77,113
CTETRA,4552,2,1882,792,773,767
CTETRA,4553,2,1882,77,76,792
CTETRA,4554,2,1882,792,76,773
CTETRA,4555,2,1882,76,113,773
CTETRA,4556,2,1882,773,113,767
CTETRA,4557,2,1882,113,77,792
CTETRA,4558,2,1882,113,792,767
CTETRA,4559,2,1883,134,135,171
CTETRA,4560,2,1883,676,685,696
CTETRA,4561,2,1883,135,134,685
CTETRA,4562,2,1883,135,685,676
CTETRA,4563,2,1883,134,171,696
CTETRA,4564,2,1883,134,696,685
CTETRA,4565,2,1883,171,135,696
CTETRA,4566,2,1883,696,135,676
CTETRA,4567,2,1884,114,113,77
CTETRA,4568,2,1884,767,786,792
CTETRA,4569,2,1884,113,114,786
CTETRA,4570,2,1884,113,786,767
CTETRA,4571,2,1884,114,77,792
CTETRA,4572,2,1884,114,792,786
CTETRA,4573,2,1884,77,113,792
CTETRA,4574,2,1884,792,113,767
CTETRA,4575,2,1885,172,171,135
CTETRA,4576,2,1885,696,689,676
CTETRA,4577,2,1885,171,172,696
CTETRA,4578,2,1885,696,172,689
CTETRA,4579,2,1885,172,135,689
CTETRA,4580,2,1885,689,135,676
CTETRA,4581,2,1885,135,171,696
CTETRA,4582,2,1885,135,696,676
CTETRA,4583,2,1886,113,114,150
CTETRA,4584,2,1886,786,767,761
CTETRA,4585,2,1886,114,113,786
CTETRA,4586,2,1886,786,113,767
CTETRA,4587,2,1886,113,150,767
CTETRA,4588,2,1886,767,150,761
CTETRA,4589,2,1886,150,114,786
CTETRA,4590,2,1886,150,786,761
CTETRA,4591,2,1887,171,172,208
CTETRA,4592,2,1887,689,696,710
CTETRA,4593,2,1887,172,171,696
CTETRA,4594,2,1887,172,696,689
CTETRA,4595,2,1887,171,208,710
CTETRA,4596,2,1887,171,710,696
CTETRA,4597,2,1887,208,172,710
CTETRA,4598,2,1887,710,172,689
CTETRA,4599,2,1888,151,150,114
CTETRA,4600,2,1888,761,782,786
CTETRA,4601,2,1888,150,151,782
CTETRA,4602,2,1888,150,782,761
CTETRA,4603,2,1888,151,114,786
CTETRA,4604,2,1888,151,786,782
CTETRA,4605,2,1888,114,150,786
CTETRA,4606,2,1888,786,150,761
CTETRA,4607,2,1889,209,208,172
CTETRA,4608,2,1889,710,704,689
CTETRA,4609,2,1889,208,209,710
CTETRA,4610,2,1889,710,209,704
CTETRA,4611,2,1889,209,172,704
CTETRA,4612,2,1889,704,172,689
CTETRA,4613,2,1889,172,208,710
CTETRA,4614,2,1889,172,710,689
CTETRA,4615,2,1890,150,151,187
CTETRA,4616,2,1890,782,761,757
CTETRA,4617,2,1890,151,150,782
CTETRA,4618,2,1890,782,150,761
CTETRA,4619,2,1890,150,187,761
CTETRA,4620,2,1890,761,187,757
CTETRA,4621,2,1890,187,151,782
CTETRA,4622,2,1890,187,782,757
CTETRA,4623,2,1891,208,209,245
CTETRA,4624,2,1891,704,710,731
CTETRA,4625,2,1891,209,208,710
CTETRA,4626,2,1891,209,710,704
CTETRA,4627,2,1891,208,245,731
CTETRA,4628,2,1891,208,731,710
CTETRA,4629,2,1891,245,209,731
CTETRA,4630,2,1891,731,209,704
CTETRA,4631,2,1892,188,187,151
CTETRA,4632,2,1892,757,765,782
CTETRA,4633,2,1892,187,188,765
CTETRA,4634,2,1892,187,765,757
CTETRA,4635,2,1892,188,151,782
CTETRA,4636,2,1892,188,782,765
CTETRA,4637,2,1892,151,187,782
CTETRA,4638,2,1892,782,187,757
CTETRA,4639,2,1893,246,245,209
CTETRA,4640,2,1893,731,725,704
CTETRA,4641,2,1893,245,246,731
CTETRA,4642,2,1893,731,246,725
CTETRA,4643,2,1893,246,209,725
CTETRA,4644,2,1893,725,209,704
CTETRA,4645,2,1893,209,245,731
CTETRA,4646,2,1893,209,731,704
CTETRA,4647,2,1894,187,188,224
CTETRA,4648,2,1894,765,757,753
CTETRA,4649,2,1894,188,187,765
CTETRA,4650,2,1894,765,187,757
CTETRA,4651,2,1894,187,224,757
CTETRA,4652,2,1894,757,224,753
CTETRA,4653,2,1894,224,188,765
CTETRA,4654,2,1894,224,765,753
CTETRA,4655,2,1895,30,32,98
CTETRA,4656,2,1895,586,591,668
CTETRA,4657,2,1895,586,32,30
CTETRA,4658,2,1895,586,30,591
CTETRA,4659,2,1895,30,98,668
CTETRA,4660,2,1895,30,668,591
CTETRA,4661,2,1895,98,32,668
CTETRA,4662,2,1895,668,32,586
CTETRA,4663,2,1896,225,224,188
CTETRA,4664,2,1896,753,755,765
CTETRA,4665,2,1896,224,225,755
CTETRA,4666,2,1896,224,755,753
CTETRA,4667,2,1896,225,188,765
CTETRA,4668,2,1896,225,765,755
CTETRA,4669,2,1896,188,224,765
CTETRA,4670,2,1896,765,224,753
CTETRA,4671,2,1897,99,98,32
CTETRA,4672,2,1897,668,663,586
CTETRA,4673,2,1897,98,99,668
CTETRA,4674,2,1897,668,99,663
CTETRA,4675,2,1897,99,32,663
CTETRA,4676,2,1897,663,32,586
CTETRA,4677,2,1897,32,98,668
CTETRA,4678,2,1897,32,668,586
CTETRA,4679,2,1898,226,74,225
CTETRA,4680,2,1898,747,759,755
CTETRA,4681,2,1898,74,226,759
CTETRA,4682,2,1898,74,759,747
CTETRA,4683,2,1898,226,225,759
CTETRA,4684,2,1898,759,225,755
CTETRA,4685,2,1898,225,74,755
CTETRA,4686,2,1898,755,74,747
CTETRA,4687,2,1899,136,135,99
CTETRA,4688,2,1899,676,672,663
CTETRA,4689,2,1899,135,136,676
CTETRA,4690,2,1899,676,136,672
CTETRA,4691,2,1899,136,99,672
CTETRA,4692,2,1899,672,99,663
CTETRA,4693,2,1899,99,135,676
CTETRA,4694,2,1899,99,676,663
CTETRA,4695,2,1900,77,78,114
CTETRA,4696,2,1900,807,792,786
CTETRA,4697,2,1900,78,77,807
CTETRA,4698,2,1900,807,77,792
CTETRA,4699,2,1900,77,114,792
CTETRA,4700,2,1900,792,114,786
CTETRA,4701,2,1900,114,78,807
CTETRA,4702,2,1900,114,807,786
CTETRA,4703,2,1901,135,136,172
CTETRA,4704,2,1901,672,676,689
CTETRA,4705,2,1901,136,135,676
CTETRA,4706,2,1901,136,676,672
CTETRA,4707,2,1901,135,172,689
CTETRA,4708,2,1901,135,689,676
CTETRA,4709,2,1901,172,136,689
CTETRA,4710,2,1901,689,136,672
CTETRA,4711,2,1902,151,152,188
CTETRA,4712,2,1902,788,782,765
CTETRA,4713,2,1902,152,151,788
CTETRA,4714,2,1902,788,151,782
CTETRA,4715,2,1902,151,188,782
CTETRA,4716,2,1902,782,188,765
CTETRA,4717,2,1902,188,152,788
CTETRA,4718,2,1902,188,788,765
CTETRA,4719,2,1903,189,188,152
CTETRA,4720,2,1903,765,780,788
CTETRA,4721,2,1903,188,189,780
CTETRA,4722,2,1903,188,780,765
CTETRA,4723,2,1903,189,152,788
CTETRA,4724,2,1903,189,788,780
CTETRA,4725,2,1903,152,188,788
CTETRA,4726,2,1903,788,188,765
CTETRA,4727,2,1904,188,189,225
CTETRA,4728,2,1904,780,765,755
CTETRA,4729,2,1904,189,188,780
CTETRA,4730,2,1904,780,188,765
CTETRA,4731,2,1904,188,225,765
CTETRA,4732,2,1904,765,225,755
CTETRA,4733,2,1904,225,189,780
CTETRA,4734,2,1904,225,780,755
CTETRA,4735,2,1905,226,225,189
CTETRA,4736,2,1905,755,759,780
CTETRA,4737,2,1905,225,226,759
CTETRA,4738,2,1905,225,759,755
CTETRA,4739,2,1905,226,189,780
CTETRA,4740,2,1905,226,780,759
CTETRA,4741,2,1905,189,225,780
CTETRA,4742,2,1905,780,225,755
CTETRA,4743,2,1906,62,64,78
CTETRA,4744,2,1906,497,492,807
CTETRA,4745,2,1906,62,492,497
CTETRA,4746,2,1906,62,497,64
CTETRA,4747,2,1906,62,78,492
CTETRA,4748,2,1906,492,78,807
CTETRA,4749,2,1906,78,64,497
CTETRA,4750,2,1906,78,497,807
CTETRA,4751,2,1907,79,78,64
CTETRA,4752,2,1907,807,820,497
CTETRA,4753,2,1907,78,79,820
CTETRA,4754,2,1907,78,820,807
CTETRA,4755,2,1907,79,64,497
CTETRA,4756,2,1907,79,497,820
CTETRA,4757,2,1907,64,78,497
CTETRA,4758,2,1907,497,78,807
CTETRA,4759,2,1908,227,74,226
CTETRA,4760,2,1908,747,763,759
CTETRA,4761,2,1908,74,227,763
CTETRA,4762,2,1908,74,763,747
CTETRA,4763,2,1908,227,226,763
CTETRA,4764,2,1908,763,226,759
CTETRA,4765,2,1908,226,74,759
CTETRA,4766,2,1908,759,74,747
CTETRA,4767,2,1909,78,79,115
CTETRA,4768,2,1909,820,807,803
CTETRA,4769,2,1909,79,78,820
CTETRA,4770,2,1909,820,78,807
CTETRA,4771,2,1909,78,115,807
CTETRA,4772,2,1909,807,115,803
CTETRA,4773,2,1909,115,79,820
CTETRA,4774,2,1909,115,820,803
CTETRA,4775,2,1910,116,115,79
CTETRA,4776,2,1910,803,809,820
CTETRA,4777,2,1910,115,116,809
CTETRA,4778,2,1910,115,809,803
CTETRA,4779,2,1910,116,79,820
CTETRA,4780,2,1910,116,820,809
CTETRA,4781,2,1910,79,115,820
CTETRA,4782,2,1910,820,115,803
CTETRA,4783,2,1911,115,116,152
CTETRA,4784,2,1911,809,803,788
CTETRA,4785,2,1911,116,115,809
CTETRA,4786,2,1911,809,115,803
CTETRA,4787,2,1911,115,152,803
CTETRA,4788,2,1911,803,152,788
CTETRA,4789,2,1911,152,116,809
CTETRA,4790,2,1911,152,809,788
CTETRA,4791,2,1912,153,152,116
CTETRA,4792,2,1912,788,798,809
CTETRA,4793,2,1912,152,153,798
CTETRA,4794,2,1912,152,798,788
CTETRA,4795,2,1912,153,116,809
CTETRA,4796,2,1912,153,809,798
CTETRA,4797,2,1912,116,152,809
CTETRA,4798,2,1912,809,152,788
CTETRA,4799,2,1913,152,153,189
CTETRA,4800,2,1913,798,788,780
CTETRA,4801,2,1913,153,152,798
CTETRA,4802,2,1913,798,152,788
CTETRA,4803,2,1913,152,189,788
CTETRA,4804,2,1913,788,189,780
CTETRA,4805,2,1913,189,153,798
CTETRA,4806,2,1913,189,798,780
CTETRA,4807,2,1914,190,189,153
CTETRA,4808,2,1914,780,784,798
CTETRA,4809,2,1914,189,190,784
CTETRA,4810,2,1914,189,784,780
CTETRA,4811,2,1914,190,153,798
CTETRA,4812,2,1914,190,798,784
CTETRA,4813,2,1914,153,189,798
CTETRA,4814,2,1914,798,189,780
CTETRA,4815,2,1915,189,190,226
CTETRA,4816,2,1915,784,780,759
CTETRA,4817,2,1915,190,189,784
CTETRA,4818,2,1915,784,189,780
CTETRA,4819,2,1915,189,226,780
CTETRA,4820,2,1915,780,226,759
CTETRA,4821,2,1915,226,190,784
CTETRA,4822,2,1915,226,784,759
CTETRA,4823,2,1916,227,226,190
CTETRA,4824,2,1916,759,763,784
CTETRA,4825,2,1916,226,227,763
CTETRA,4826,2,1916,226,763,759
CTETRA,4827,2,1916,227,190,784
CTETRA,4828,2,1916,227,784,763
CTETRA,4829,2,1916,190,226,784
CTETRA,4830,2,1916,784,226,759
CTETRA,4831,2,1917,64,66,79
CTETRA,4832,2,1917,502,497,820
CTETRA,4833,2,1917,64,497,502
CTETRA,4834,2,1917,64,502,66
CTETRA,4835,2,1917,64,79,497
CTETRA,4836,2,1917,497,79,820
CTETRA,4837,2,1917,79,66,502
CTETRA,4838,2,1917,79,502,820
CTETRA,4839,2,1918,80,79,66
CTETRA,4840,2,1918,820,826,502
CTETRA,4841,2,1918,79,80,826
CTETRA,4842,2,1918,79,826,820
CTETRA,4843,2,1918,80,66,502
CTETRA,4844,2,1918,80,502,826
CTETRA,4845,2,1918,66,79,502
CTETRA,4846,2,1918,502,79,820
CTETRA,4847,2,1919,228,74,227
CTETRA,4848,2,1919,747,769,763
CTETRA,4849,2,1919,74,228,769
CTETRA,4850,2,1919,74,769,747
CTETRA,4851,2,1919,228,227,769
CTETRA,4852,2,1919,769,227,763
CTETRA,4853,2,1919,227,74,763
CTETRA,4854,2,1919,763,74,747
CTETRA,4855,2,1920,79,80,116
CTETRA,4856,2,1920,826,820,809
CTETRA,4857,2,1920,80,79,826
CTETRA,4858,2,1920,826,79,820
CTETRA,4859,2,1920,79,116,820
CTETRA,4860,2,1920,820,116,809
CTETRA,4861,2,1920,116,80,826
CTETRA,4862,2,1920,116,826,809
CTETRA,4863,2,1921,117,116,80
CTETRA,4864,2,1921,809,818,826
CTETRA,4865,2,1921,116,117,818
CTETRA,4866,2,1921,116,818,809
CTETRA,4867,2,1921,117,80,826
CTETRA,4868,2,1921,117,826,818
CTETRA,4869,2,1921,80,116,826
CTETRA,4870,2,1921,826,116,809
CTETRA,4871,2,1922,116,117,153
CTETRA,4872,2,1922,818,809,798
CTETRA,4873,2,1922,117,116,818
CTETRA,4874,2,1922,818,116,809
CTETRA,4875,2,1922,116,153,809
CTETRA,4876,2,1922,809,153,798
CTETRA,4877,2,1922,153,117,818
CTETRA,4878,2,1922,153,818,798
CTETRA,4879,2,1923,154,153,117
CTETRA,4880,2,1923,798,805,818
CTETRA,4881,2,1923,153,154,805
CTETRA,4882,2,1923,153,805,798
CTETRA,4883,2,1923,154,117,818
CTETRA,4884,2,1923,154,818,805
CTETRA,4885,2,1923,117,153,818
CTETRA,4886,2,1923,818,153,798
CTETRA,4887,2,1924,153,154,190
CTETRA,4888,2,1924,805,798,784
CTETRA,4889,2,1924,154,153,805
CTETRA,4890,2,1924,805,153,798
CTETRA,4891,2,1924,153,190,798
CTETRA,4892,2,1924,798,190,784
CTETRA,4893,2,1924,190,154,805
CTETRA,4894,2,1924,190,805,784
CTETRA,4895,2,1925,191,190,154
CTETRA,4896,2,1925,784,790,805
CTETRA,4897,2,1925,190,191,790
CTETRA,4898,2,1925,190,790,784
CTETRA,4899,2,1925,191,154,805
CTETRA,4900,2,1925,191,805,790
CTETRA,4901,2,1925,154,190,805
CTETRA,4902,2,1925,805,190,784
CTETRA,4903,2,1926,190,191,227
CTETRA,4904,2,1926,790,784,763
CTETRA,4905,2,1926,191,190,790
CTETRA,4906,2,1926,790,190,784
CTETRA,4907,2,1926,190,227,784
CTETRA,4908,2,1926,784,227,763
CTETRA,4909,2,1926,227,191,790
CTETRA,4910,2,1926,227,790,763
CTETRA,4911,2,1927,228,227,191
CTETRA,4912,2,1927,763,769,790
CTETRA,4913,2,1927,227,228,769
CTETRA,4914,2,1927,227,769,763
CTETRA,4915,2,1927,228,191,790
CTETRA,4916,2,1927,228,790,769
CTETRA,4917,2,1927,191,227,790
CTETRA,4918,2,1927,790,227,763
CTETRA,4919,2,1928,66,68,80
CTETRA,4920,2,1928,507,502,826
CTETRA,4921,2,1928,66,502,507
CTETRA,4922,2,1928,66,507,68
CTETRA,4923,2,1928,66,80,502
CTETRA,4924,2,1928,502,80,826
CTETRA,4925,2,1928,80,68,507
CTETRA,4926,2,1928,80,507,826
CTETRA,4927,2,1929,81,80,68
CTETRA,4928,2,1929,826,831,507
CTETRA,4929,2,1929,80,81,831
CTETRA,4930,2,1929,80,831,826
CTETRA,4931,2,1929,81,68,507
CTETRA,4932,2,1929,81,507,831
CTETRA,4933,2,1929,68,80,507
CTETRA,4934,2,1929,507,80,826
CTETRA,4935,2,1930,229,74,228
CTETRA,4936,2,1930,747,771,769
CTETRA,4937,2,1930,74,229,771
CTETRA,4938,2,1930,74,771,747
CTETRA,4939,2,1930,229,228,771
CTETRA,4940,2,1930,771,228,769
CTETRA,4941,2,1930,228,74,769
CTETRA,4942,2,1930,769,74,747
CTETRA,4943,2,1931,80,81,117
CTETRA,4944,2,1931,831,826,818
CTETRA,4945,2,1931,81,80,831
CTETRA,4946,2,1931,831,80,826
CTETRA,4947,2,1931,80,117,826
CTETRA,4948,2,1931,826,117,818
CTETRA,4949,2,1931,117,81,831
CTETRA,4950,2,1931,117,831,818
CTETRA,4951,2,1932,118,117,81
CTETRA,4952,2,1932,818,822,831
CTETRA,4953,2,1932,117,118,822
CTETRA,4954,2,1932,117,822,818
CTETRA,4955,2,1932,118,81,831
CTETRA,4956,2,1932,118,831,822
CTETRA,4957,2,1932,81,117,831
CTETRA,4958,2,1932,831,117,818
CTETRA,4959,2,1933,117,118,154
CTETRA,4960,2,1933,822,818,805
CTETRA,4961,2,1933,118,117,822
CTETRA,4962,2,1933,822,117,818
CTETRA,4963,2,1933,117,154,818
CTETRA,4964,2,1933,818,154,805
CTETRA,4965,2,1933,154,118,822
CTETRA,4966,2,1933,154,822,805
CTETRA,4967,2,1934,155,154,118
CTETRA,4968,2,1934,805,811,822
CTETRA,4969,2,1934,154,155,811
CTETRA,4970,2,1934,154,811,805
CTETRA,4971,2,1934,155,118,822
CTETRA,4972,2,1934,155,822,811
CTETRA,4973,2,1934,118,154,822
CTETRA,4974,2,1934,822,154,805
CTETRA,4975,2,1935,154,155,191
CTETRA,4976,2,1935,811,805,790
CTETRA,4977,2,1935,155,154,811
CTETRA,4978,2,1935,811,154,805
CTETRA,4979,2,1935,154,191,805
CTETRA,4980,2,1935,805,191,790
CTETRA,4981,2,1935,191,155,811
CTETRA,4982,2,1935,191,811,790
CTETRA,4983,2,1936,192,191,155
CTETRA,4984,2,1936,790,794,811
CTETRA,4985,2,1936,191,192,794
CTETRA,4986,2,1936,191,794,790
CTETRA,4987,2,1936,192,155,811
CTETRA,4988,2,1936,192,811,794
CTETRA,4989,2,1936,155,191,811
CTETRA,4990,2,1936,811,191,790
CTETRA,4991,2,1937,191,192,228
CTETRA,4992,2,1937,794,790,769
CTETRA,4993,2,1937,192,191,794
CTETRA,4994,2,1937,794,191,790
CTETRA,4995,2,1937,191,228,790
CTETRA,4996,2,1937,790,228,769
CTETRA,4997,2,1937,228,192,794
CTETRA,4998,2,1937,228,794,769
CTETRA,4999,2,1938,229,228,192
CTETRA,5000,2,1938,769,771,794
CTETRA,5001,2,1938,228,229,771
CTETRA,5002,2,1938,228,771,769
CTETRA,5003,2,1938,229,192,794
CTETRA,5004,2,1938,229,794,771
CTETRA,5005,2,1938,192,228,794
CTETRA,5006,2,1938,794,228,769
CTETRA,5007,2,1939,68,70,81
CTETRA,5008,2,1939,512,507,831
CTETRA,5009,2,1939,68,507,512
CTETRA,5010,2,1939,68,512,70
CTETRA,5011,2,1939,68,81,507
CTETRA,5012,2,1939,507,81,831
CTETRA,5013,2,1939,81,70,512
CTETRA,5014,2,1939,81,512,831
CTETRA,5015,2,1940,82,81,70
CTETRA,5016,2,1940,831,833,512
CTETRA,5017,2,1940,81,82,833
CTETRA,5018,2,1940,81,833,831
CTETRA,5019,2,1940,82,70,512
CTETRA,5020,2,1940,82,512,833
CTETRA,5021,2,1940,70,81,512
CTETRA,5022,2,1940,512,81,831
CTETRA,5023,2,1941,230,74,229
CTETRA,5024,2,1941,747,775,771
CTETRA,5025,2,1941,74,230,775
CTETRA,5026,2,1941,74,775,747
CTETRA,5027,2,1941,230,229,775
CTETRA,5028,2,1941,775,229,771
CTETRA,5029,2,1941,229,74,771
CTETRA,5030,2,1941,771,74,747
CTETRA,5031,2,1942,81,82,118
CTETRA,5032,2,1942,833,831,822
CTETRA,5033,2,1942,82,81,833
CTETRA,5034,2,1942,833,81,831
CTETRA,5035,2,1942,81,118,831
CTETRA,5036,2,1942,831,118,822
CTETRA,5037,2,1942,118,82,833
CTETRA,5038,2,1942,118,833,822
CTETRA,5039,2,1943,119,118,82
CTETRA,5040,2,1943,822,824,833
CTETRA,5041,2,1943,118,119,824
CTETRA,5042,2,1943,118,824,822
CTETRA,5043,2,1943,119,82,833
CTETRA,5044,2,1943,119,833,824
CTETRA,5045,2,1943,82,118,833
CTETRA,5046,2,1943,833,118,822
CTETRA,5047,2,1944,118,119,155
CTETRA,5048,2,1944,824,822,811
CTETRA,5049,2,1944,119,118,824
CTETRA,5050,2,1944,824,118,822
CTETRA,5051,2,1944,118,155,822
CTETRA,5052,2,1944,822,155,811
CTETRA,5053,2,1944,155,119,824
CTETRA,5054,2,1944,155,824,811
CTETRA,5055,2,1945,155,156,192
CTETRA,5056,2,1945,813,811,794
CTETRA,5057,2,1945,156,155,813
CTETRA,5058,2,1945,813,155,811
CTETRA,5059,2,1945,155,192,811
CTETRA,5060,2,1945,811,192,794
CTETRA,5061,2,1945,192,156,813
CTETRA,5062,2,1945,192,813,794
CTETRA,5063,2,1946,192,193,229
CTETRA,5064,2,1946,796,794,771
CTETRA,5065,2,1946,193,192,796
CTETRA,5066,2,1946,796,192,794
CTETRA,5067,2,1946,192,229,794
CTETRA,5068,2,1946,794,229,771
CTETRA,5069,2,1946,229,193,796
CTETRA,5070,2,1946,229,796,771
CTETRA,5071,2,1947,70,72,82
CTETRA,5072,2,1947,517,512,833
CTETRA,5073,2,1947,70,512,517
CTETRA,5074,2,1947,70,517,72
CTETRA,5075,2,1947,70,82,512
CTETRA,5076,2,1947,512,82,833
CTETRA,5077,2,1947,82,72,517
CTETRA,5078,2,1947,82,517,833
CTETRA,5079,2,1948,231,74,230
CTETRA,5080,2,1948,747,777,775
CTETRA,5081,2,1948,74,231,777
CTETRA,5082,2,1948,74,777,747
CTETRA,5083,2,1948,231,230,777
CTETRA,5084,2,1948,777,230,775
CTETRA,5085,2,1948,230,74,775
CTETRA,5086,2,1948,775,74,747
CTETRA,5087,2,1949,120,119,83
CTETRA,5088,2,1949,824,828,835
CTETRA,5089,2,1949,119,120,828
CTETRA,5090,2,1949,119,828,824
CTETRA,5091,2,1949,120,83,835
CTETRA,5092,2,1949,120,835,828
CTETRA,5093,2,1949,83,119,835
CTETRA,5094,2,1949,835,119,824
CTETRA,5095,2,1950,157,156,120
CTETRA,5096,2,1950,813,815,828
CTETRA,5097,2,1950,156,157,815
CTETRA,5098,2,1950,156,815,813
CTETRA,5099,2,1950,157,120,828
CTETRA,5100,2,1950,157,828,815
CTETRA,5101,2,1950,120,156,828
CTETRA,5102,2,1950,828,156,813
CTETRA,5103,2,1951,194,193,157
CTETRA,5104,2,1951,796,800,815
CTETRA,5105,2,1951,193,194,800
CTETRA,5106,2,1951,193,800,796
CTETRA,5107,2,1951,194,157,815
CTETRA,5108,2,1951,194,815,800
CTETRA,5109,2,1951,157,193,815
CTETRA,5110,2,1951,815,193,796
CTETRA,5111,2,1952,231,230,194
CTETRA,5112,2,1952,775,777,800
CTETRA,5113,2,1952,230,231,777
CTETRA,5114,2,1952,230,777,775
CTETRA,5115,2,1952,231,194,800
CTETRA,5116,2,1952,231,800,777
CTETRA,5117,2,1952,194,230,800
CTETRA,5118,2,1952,800,230,775
CTETRA,5119,2,1953,83,72,84
CTETRA,5120,2,1953,517,835,837
CTETRA,5121,2,1953,72,83,517
CTETRA,5122,2,1953,517,83,835
CTETRA,5123,2,1953,83,84,837
CTETRA,5124,2,1953,83,837,835
CTETRA,5125,2,1953,84,72,517
CTETRA,5126,2,1953,84,517,837
CTETRA,5127,2,1954,83,84,120
CTETRA,5128,2,1954,837,835,828
CTETRA,5129,2,1954,84,83,837
CTETRA,5130,2,1954,837,83,835
CTETRA,5131,2,1954,83,120,835
CTETRA,5132,2,1954,835,120,828
CTETRA,5133,2,1954,120,84,837
CTETRA,5134,2,1954,120,837,828
CTETRA,5135,2,1955,120,121,157
CTETRA,5136,2,1955,830,828,815
CTETRA,5137,2,1955,121,120,830
CTETRA,5138,2,1955,830,120,828
CTETRA,5139,2,1955,120,157,828
CTETRA,5140,2,1955,828,157,815
CTETRA,5141,2,1955,157,121,830
CTETRA,5142,2,1955,157,830,815
CTETRA,5143,2,1956,157,158,194
CTETRA,5144,2,1956,817,815,800
CTETRA,5145,2,1956,158,157,817
CTETRA,5146,2,1956,817,157,815
CTETRA,5147,2,1956,157,194,815
CTETRA,5148,2,1956,815,194,800
CTETRA,5149,2,1956,194,158,817
CTETRA,5150,2,1956,194,817,800
CTETRA,5151,2,1957,194,195,231
CTETRA,5152,2,1957,802,800,777
CTETRA,5153,2,1957,195,194,802
CTETRA,5154,2,1957,802,194,800
CTETRA,5155,2,1957,194,231,800
CTETRA,5156,2,1957,800,231,777
CTETRA,5157,2,1957,231,195,802
CTETRA,5158,2,1957,231,802,777
CTETRA,5159,2,1958,682,688,699
CTETRA,5160,2,1958,869,863,880
CTETRA,5161,2,1958,688,682,869
CTETRA,5162,2,1958,869,682,863
CTETRA,5163,2,1958,682,699,880
CTETRA,5164,2,1958,682,880,863
CTETRA,5165,2,1958,699,688,880
CTETRA,5166,2,1958,880,688,869
CTETRA,5167,2,1959,781,766,760
CTETRA,5168,2,1959,947,962,941
CTETRA,5169,2,1959,766,781,962
CTETRA,5170,2,1959,766,962,947
CTETRA,5171,2,1959,781,760,962
CTETRA,5172,2,1959,962,760,941
CTETRA,5173,2,1959,760,766,947
CTETRA,5174,2,1959,760,947,941
CTETRA,5175,2,1960,698,694,719
CTETRA,5176,2,1960,875,879,900
CTETRA,5177,2,1960,694,698,879
CTETRA,5178,2,1960,694,879,875
CTETRA,5179,2,1960,698,719,900
CTETRA,5180,2,1960,698,900,879
CTETRA,5181,2,1960,719,694,900
CTETRA,5182,2,1960,900,694,875
CTETRA,5183,2,1961,651,646,834
CTETRA,5184,2,1961,645,650,1015
CTETRA,5185,2,1961,645,651,650
CTETRA,5186,2,1961,645,646,651
CTETRA,5187,2,1961,651,834,650
CTETRA,5188,2,1961,650,834,1015
CTETRA,5189,2,1961,834,646,645
CTETRA,5190,2,1961,834,645,1015
CTETRA,5191,2,1962,551,546,667
CTETRA,5192,2,1962,545,550,848
CTETRA,5193,2,1962,545,546,551
CTETRA,5194,2,1962,545,551,550
CTETRA,5195,2,1962,551,667,848
CTETRA,5196,2,1962,551,848,550
CTETRA,5197,2,1962,667,546,848
CTETRA,5198,2,1962,848,546,545
CTETRA,5199,2,1963,754,747,756
CTETRA,5200,2,1963,928,935,937
CTETRA,5201,2,1963,747,754,935
CTETRA,5202,2,1963,747,935,928
CTETRA,5203,2,1963,754,756,937
CTETRA,5204,2,1963,754,937,935
CTETRA,5205,2,1963,756,747,937
CTETRA,5206,2,1963,937,747,928
CTETRA,5207,2,1964,678,677,665
CTETRA,5208,2,1964,858,859,846
CTETRA,5209,2,1964,677,678,859
CTETRA,5210,2,1964,677,859,858
CTETRA,5211,2,1964,678,665,859
CTETRA,5212,2,1964,859,665,846
CTETRA,5213,2,1964,665,677,858
CTETRA,5214,2,1964,665,858,846
CTETRA,5215,2,1965,791,795,806
CTETRA,5216,2,1965,976,972,987
CTETRA,5217,2,1965,795,791,976
CTETRA,5218,2,1965,976,791,972
CTETRA,5219,2,1965,791,806,987
CTETRA,5220,2,1965,791,987,972
CTETRA,5221,2,1965,806,795,987
CTETRA,5222,2,1965,987,795,976
CTETRA,5223,2,1966,716,715,693
CTETRA,5224,2,1966,896,897,874
CTETRA,5225,2,1966,715,716,897
CTETRA,5226,2,1966,715,897,896
CTETRA,5227,2,1966,716,693,897
CTETRA,5228,2,1966,897,693,874
CTETRA,5229,2,1966,693,715,896
CTETRA,5230,2,1966,693,896,874
CTETRA,5231,2,1967,821,827,636
CTETRA,5232,2,1967,1008,1002,635
CTETRA,5233,2,1967,827,821,1008
CTETRA,5234,2,1967,1008,821,1002
CTETRA,5235,2,1967,821,636,635
CTETRA,5236,2,1967,821,635,1002
CTETRA,5237,2,1967,636,827,635
CTETRA,5238,2,1967,635,827,1008
CTETRA,5239,2,1968,660,662,669
CTETRA,5240,2,1968,843,841,850
CTETRA,5241,2,1968,662,660,843
CTETRA,5242,2,1968,843,660,841
CTETRA,5243,2,1968,660,669,850
CTETRA,5244,2,1968,660,850,841
CTETRA,5245,2,1968,669,662,850
CTETRA,5246,2,1968,850,662,843
CTETRA,5247,2,1969,810,804,799
CTETRA,5248,2,1969,985,991,980
CTETRA,5249,2,1969,804,810,991
CTETRA,5250,2,1969,804,991,985
CTETRA,5251,2,1969,810,799,991
CTETRA,5252,2,1969,991,799,980
CTETRA,5253,2,1969,799,804,985
CTETRA,5254,2,1969,799,985,980
CTETRA,5255,2,1970,672,670,683
CTETRA,5256,2,1970,851,853,864
CTETRA,5257,2,1970,670,672,853
CTETRA,5258,2,1970,670,853,851
CTETRA,5259,2,1970,672,683,864
CTETRA,5260,2,1970,672,864,853
CTETRA,5261,2,1970,683,670,864
CTETRA,5262,2,1970,864,670,851
CTETRA,5263,2,1971,817,816,802
CTETRA,5264,2,1971,997,998,983
CTETRA,5265,2,1971,816,817,998
CTETRA,5266,2,1971,816,998,997
CTETRA,5267,2,1971,817,802,998
CTETRA,5268,2,1971,998,802,983
CTETRA,5269,2,1971,802,816,997
CTETRA,5270,2,1971,802,997,983
CTETRA,5271,2,1972,700,698,723
CTETRA,5272,2,1972,879,881,904
CTETRA,5273,2,1972,698,700,881
CTETRA,5274,2,1972,698,881,879
CTETRA,5275,2,1972,700,723,904
CTETRA,5276,2,1972,700,904,881
CTETRA,5277,2,1972,723,698,904
CTETRA,5278,2,1972,904,698,879
CTETRA,5279,2,1973,656,651,836
CTETRA,5280,2,1973,650,655,1017
CTETRA,5281,2,1973,650,656,655
CTETRA,5282,2,1973,650,651,656
CTETRA,5283,2,1973,656,836,655
CTETRA,5284,2,1973,655,836,1017
CTETRA,5285,2,1973,836,651,650
CTETRA,5286,2,1973,836,650,1017
CTETRA,5287,2,1974,813,811,824
CTETRA,5288,2,1974,992,994,1005
CTETRA,5289,2,1974,811,813,994
CTETRA,5290,2,1974,811,994,992
CTETRA,5291,2,1974,813,824,1005
CTETRA,5292,2,1974,813,1005,994
CTETRA,5293,2,1974,824,811,1005
CTETRA,5294,2,1974,1005,811,992
CTETRA,5295,2,1975,699,703,722
CTETRA,5296,2,1975,884,880,903
CTETRA,5297,2,1975,703,699,884
CTETRA,5298,2,1975,884,699,880
CTETRA,5299,2,1975,699,722,903
CTETRA,5300,2,1975,699,903,880
CTETRA,5301,2,1975,722,703,903
CTETRA,5302,2,1975,903,703,884
CTETRA,5303,2,1976,626,621,793
CTETRA,5304,2,1976,620,625,974
CTETRA,5305,2,1976,620,621,626
CTETRA,5306,2,1976,620,626,625
CTETRA,5307,2,1976,626,793,625
CTETRA,5308,2,1976,625,793,974
CTETRA,5309,2,1976,793,621,974
CTETRA,5310,2,1976,974,621,620
CTETRA,5311,2,1977,576,571,659
CTETRA,5312,2,1977,570,575,840
CTETRA,5313,2,1977,570,576,575
CTETRA,5314,2,1977,570,571,576
CTETRA,5315,2,1977,576,659,840
CTETRA,5316,2,1977,576,840,575
CTETRA,5317,2,1977,659,571,840
CTETRA,5318,2,1977,840,571,570
CTETRA,5319,2,1978,772,747,776
CTETRA,5320,2,1978,928,953,957
CTETRA,5321,2,1978,747,772,953
CTETRA,5322,2,1978,747,953,928
CTETRA,5323,2,1978,772,776,957
CTETRA,5324,2,1978,772,957,953
CTETRA,5325,2,1978,776,747,957
CTETRA,5326,2,1978,957,747,928
CTETRA,5327,2,1979,730,747,724
CTETRA,5328,2,1979,928,911,905
CTETRA,5329,2,1979,747,730,928
CTETRA,5330,2,1979,928,730,911
CTETRA,5331,2,1979,730,724,911
CTETRA,5332,2,1979,911,724,905
CTETRA,5333,2,1979,724,747,928
CTETRA,5334,2,1979,724,928,905
CTETRA,5335,2,1980,768,787,774
CTETRA,5336,2,1980,968,949,955
CTETRA,5337,2,1980,787,768,968
CTETRA,5338,2,1980,968,768,949
CTETRA,5339,2,1980,768,774,955
CTETRA,5340,2,1980,768,955,949
CTETRA,5341,2,1980,774,787,968
CTETRA,5342,2,1980,774,968,955
CTETRA,5343,2,1981,693,692,678
CTETRA,5344,2,1981,873,874,859
CTETRA,5345,2,1981,692,693,874
CTETRA,5346,2,1981,692,874,873
CTETRA,5347,2,1981,693,678,874
CTETRA,5348,2,1981,874,678,859
CTETRA,5349,2,1981,678,692,873
CTETRA,5350,2,1981,678,873,859
CTETRA,5351,2,1982,770,772,791
CTETRA,5352,2,1982,953,951,972
CTETRA,5353,2,1982,772,770,953
CTETRA,5354,2,1982,953,770,951
CTETRA,5355,2,1982,770,791,972
CTETRA,5356,2,1982,770,972,951
CTETRA,5357,2,1982,791,772,972
CTETRA,5358,2,1982,972,772,953
CTETRA,5359,2,1983,660,658,561
CTETRA,5360,2,1983,839,841,560
CTETRA,5361,2,1983,658,660,841
CTETRA,5362,2,1983,658,841,839
CTETRA,5363,2,1983,660,561,841
CTETRA,5364,2,1983,841,561,560
CTETRA,5365,2,1983,561,658,839
CTETRA,5366,2,1983,561,839,560
CTETRA,5367,2,1984,827,821,819
CTETRA,5368,2,1984,1002,1008,1000
CTETRA,5369,2,1984,821,827,1008
CTETRA,5370,2,1984,821,1008,1002
CTETRA,5371,2,1984,827,819,1008
CTETRA,5372,2,1984,1008,819,1000
CTETRA,5373,2,1984,819,821,1002
CTETRA,5374,2,1984,819,1002,1000
CTETRA,5375,2,1985,669,671,680
CTETRA,5376,2,1985,852,850,861
CTETRA,5377,2,1985,671,669,852
CTETRA,5378,2,1985,852,669,850
CTETRA,5379,2,1985,669,680,861
CTETRA,5380,2,1985,669,861,850
CTETRA,5381,2,1985,680,671,861
CTETRA,5382,2,1985,861,671,852
CTETRA,5383,2,1986,799,789,785
CTETRA,5384,2,1986,970,980,966
CTETRA,5385,2,1986,789,799,980
CTETRA,5386,2,1986,789,980,970
CTETRA,5387,2,1986,799,785,980
CTETRA,5388,2,1986,980,785,966
CTETRA,5389,2,1986,785,789,970
CTETRA,5390,2,1986,785,970,966
CTETRA,5391,2,1987,683,681,700
CTETRA,5392,2,1987,862,864,881
CTETRA,5393,2,1987,681,683,864
CTETRA,5394,2,1987,681,864,862
CTETRA,5395,2,1987,683,700,881
CTETRA,5396,2,1987,683,881,864
CTETRA,5397,2,1987,700,681,881
CTETRA,5398,2,1987,881,681,862
CTETRA,5399,2,1988,802,801,779
CTETRA,5400,2,1988,982,983,960
CTETRA,5401,2,1988,801,802,983
CTETRA,5402,2,1988,801,983,982
CTETRA,5403,2,1988,802,779,983
CTETRA,5404,2,1988,983,779,960
CTETRA,5405,2,1988,779,801,982
CTETRA,5406,2,1988,779,982,960
CTETRA,5407,2,1989,581,576,661
CTETRA,5408,2,1989,575,580,842
CTETRA,5409,2,1989,575,576,581
CTETRA,5410,2,1989,575,581,580
CTETRA,5411,2,1989,581,661,842
CTETRA,5412,2,1989,581,842,580
CTETRA,5413,2,1989,661,576,842
CTETRA,5414,2,1989,842,576,575
CTETRA,5415,2,1990,776,747,778
CTETRA,5416,2,1990,928,957,959
CTETRA,5417,2,1990,747,776,957
CTETRA,5418,2,1990,747,957,928
CTETRA,5419,2,1990,776,778,959
CTETRA,5420,2,1990,776,959,957
CTETRA,5421,2,1990,778,747,959
CTETRA,5422,2,1990,959,747,928
CTETRA,5423,2,1991,796,794,813
CTETRA,5424,2,1991,975,977,994
CTETRA,5425,2,1991,794,796,977
CTETRA,5426,2,1991,794,977,975
CTETRA,5427,2,1991,796,813,994
CTETRA,5428,2,1991,796,994,977
CTETRA,5429,2,1991,813,794,994
CTETRA,5430,2,1991,994,794,975
CTETRA,5431,2,1992,658,660,665
CTETRA,5432,2,1992,841,839,846
CTETRA,5433,2,1992,660,658,841
CTETRA,5434,2,1992,841,658,839
CTETRA,5435,2,1992,658,665,846
CTETRA,5436,2,1992,658,846,839
CTETRA,5437,2,1992,665,660,846
CTETRA,5438,2,1992,846,660,841
CTETRA,5439,2,1993,819,810,806
CTETRA,5440,2,1993,991,1000,987
CTETRA,5441,2,1993,810,819,1000
CTETRA,5442,2,1993,810,1000,991
CTETRA,5443,2,1993,819,806,1000
CTETRA,5444,2,1993,1000,806,987
CTETRA,5445,2,1993,806,810,991
CTETRA,5446,2,1993,806,991,987
CTETRA,5447,2,1994,680,682,697
CTETRA,5448,2,1994,863,861,878
CTETRA,5449,2,1994,682,680,863
CTETRA,5450,2,1994,863,680,861
CTETRA,5451,2,1994,680,697,878
CTETRA,5452,2,1994,680,878,861
CTETRA,5453,2,1994,697,682,878
CTETRA,5454,2,1994,878,682,863
CTETRA,5455,2,1995,785,781,764
CTETRA,5456,2,1995,962,966,945
CTETRA,5457,2,1995,781,785,966
CTETRA,5458,2,1995,781,966,962
CTETRA,5459,2,1995,785,764,966
CTETRA,5460,2,1995,966,764,945
CTETRA,5461,2,1995,764,781,962
CTETRA,5462,2,1995,764,962,945
CTETRA,5463,2,1996,717,747,719
CTETRA,5464,2,1996,928,898,900
CTETRA,5465,2,1996,747,717,928
CTETRA,5466,2,1996,928,717,898
CTETRA,5467,2,1996,717,719,900
CTETRA,5468,2,1996,717,900,898
CTETRA,5469,2,1996,719,747,928
CTETRA,5470,2,1996,719,928,900
CTETRA,5471,2,1997,825,829,834
CTETRA,5472,2,1997,1010,1006,1015
CTETRA,5473,2,1997,829,825,1010
CTETRA,5474,2,1997,1010,825,1006
CTETRA,5475,2,1997,825,834,1015
CTETRA,5476,2,1997,825,1015,1006
CTETRA,5477,2,1997,834,829,1015
CTETRA,5478,2,1997,1015,829,1010
CTETRA,5479,2,1998,775,771,796
CTETRA,5480,2,1998,952,956,977
CTETRA,5481,2,1998,771,775,956
CTETRA,5482,2,1998,771,956,952
CTETRA,5483,2,1998,775,796,977
CTETRA,5484,2,1998,775,977,956
CTETRA,5485,2,1998,796,771,977
CTETRA,5486,2,1998,977,771,952
CTETRA,5487,2,1999,807,792,492
CTETRA,5488,2,1999,973,988,493
CTETRA,5489,2,1999,792,807,988
CTETRA,5490,2,1999,792,988,973
CTETRA,5491,2,1999,807,492,493
CTETRA,5492,2,1999,807,493,988
CTETRA,5493,2,1999,492,792,493
CTETRA,5494,2,1999,493,792,973
CTETRA,5495,2,2000,668,663,676
CTETRA,5496,2,2000,844,849,857
CTETRA,5497,2,2000,663,668,849
CTETRA,5498,2,2000,663,849,844
CTETRA,5499,2,2000,668,676,857
CTETRA,5500,2,2000,668,857,849
CTETRA,5501,2,2000,676,663,857
CTETRA,5502,2,2000,857,663,844
CTETRA,5503,2,2001,665,669,678
CTETRA,5504,2,2001,850,846,859
CTETRA,5505,2,2001,669,665,850
CTETRA,5506,2,2001,850,665,846
CTETRA,5507,2,2001,665,678,859
CTETRA,5508,2,2001,665,859,846
CTETRA,5509,2,2001,678,669,859
CTETRA,5510,2,2001,859,669,850
CTETRA,5511,2,2002,806,799,791
CTETRA,5512,2,2002,980,987,972
CTETRA,5513,2,2002,799,806,987
CTETRA,5514,2,2002,799,987,980
CTETRA,5515,2,2002,806,791,987
CTETRA,5516,2,2002,987,791,972
CTETRA,5517,2,2002,791,799,980
CTETRA,5518,2,2002,791,980,972
CTETRA,5519,2,2003,697,699,718
CTETRA,5520,2,2003,880,878,899
CTETRA,5521,2,2003,699,697,880
CTETRA,5522,2,2003,880,697,878
CTETRA,5523,2,2003,697,718,899
CTETRA,5524,2,2003,697,899,878
CTETRA,5525,2,2003,718,699,899
CTETRA,5526,2,2003,899,699,880
CTETRA,5527,2,2004,631,626,808
CTETRA,5528,2,2004,625,630,989
CTETRA,5529,2,2004,625,626,631
CTETRA,5530,2,2004,625,631,630
CTETRA,5531,2,2004,631,808,630
CTETRA,5532,2,2004,630,808,989
CTETRA,5533,2,2004,808,626,989
CTETRA,5534,2,2004,989,626,625
CTETRA,5535,2,2005,666,670,659
CTETRA,5536,2,2005,851,847,840
CTETRA,5537,2,2005,670,666,851
CTETRA,5538,2,2005,851,666,847
CTETRA,5539,2,2005,666,659,847
CTETRA,5540,2,2005,847,659,840
CTETRA,5541,2,2005,659,670,851
CTETRA,5542,2,2005,659,851,840
CTETRA,5543,2,2006,814,816,825
CTETRA,5544,2,2006,997,995,1006
CTETRA,5545,2,2006,816,814,997
CTETRA,5546,2,2006,997,814,995
CTETRA,5547,2,2006,814,825,1006
CTETRA,5548,2,2006,814,1006,995
CTETRA,5549,2,2006,825,816,1006
CTETRA,5550,2,2006,1006,816,997
CTETRA,5551,2,2007,835,833,517
CTETRA,5552,2,2007,1014,1016,518
CTETRA,5553,2,2007,833,835,1016
CTETRA,5554,2,2007,833,1016,1014
CTETRA,5555,2,2007,835,517,518
CTETRA,5556,2,2007,835,518,1016
CTETRA,5557,2,2007,517,833,518
CTETRA,5558,2,2007,518,833,1014
CTETRA,5559,2,2008,678,680,693
CTETRA,5560,2,2008,861,859,874
CTETRA,5561,2,2008,680,678,861
CTETRA,5562,2,2008,861,678,859
CTETRA,5563,2,2008,678,693,874
CTETRA,5564,2,2008,678,874,859
CTETRA,5565,2,2008,693,680,874
CTETRA,5566,2,2008,874,680,861
CTETRA,5567,2,2009,791,785,770
CTETRA,5568,2,2009,966,972,951
CTETRA,5569,2,2009,785,791,972
CTETRA,5570,2,2009,785,972,966
CTETRA,5571,2,2009,791,770,972
CTETRA,5572,2,2009,972,770,951
CTETRA,5573,2,2009,770,785,966
CTETRA,5574,2,2009,770,966,951
CTETRA,5575,2,2010,556,551,662
CTETRA,5576,2,2010,550,555,843
CTETRA,5577,2,2010,550,551,556
CTETRA,5578,2,2010,550,556,555
CTETRA,5579,2,2010,556,662,843
CTETRA,5580,2,2010,556,843,555
CTETRA,5581,2,2010,662,551,843
CTETRA,5582,2,2010,843,551,550
CTETRA,5583,2,2011,756,747,760
CTETRA,5584,2,2011,928,937,941
CTETRA,5585,2,2011,747,756,937
CTETRA,5586,2,2011,747,937,928
CTETRA,5587,2,2011,756,760,941
CTETRA,5588,2,2011,756,941,937
CTETRA,5589,2,2011,760,747,941
CTETRA,5590,2,2011,941,747,928
CTETRA,5591,2,2012,679,681,666
CTETRA,5592,2,2012,862,860,847
CTETRA,5593,2,2012,681,679,862
CTETRA,5594,2,2012,862,679,860
CTETRA,5595,2,2012,679,666,860
CTETRA,5596,2,2012,860,666,847
CTETRA,5597,2,2012,666,681,862
CTETRA,5598,2,2012,666,862,847
CTETRA,5599,2,2013,797,801,814
CTETRA,5600,2,2013,982,978,995
CTETRA,5601,2,2013,801,797,982
CTETRA,5602,2,2013,982,797,978
CTETRA,5603,2,2013,797,814,995
CTETRA,5604,2,2013,797,995,978
CTETRA,5605,2,2013,814,801,995
CTETRA,5606,2,2013,995,801,982
CTETRA,5607,2,2014,833,835,824
CTETRA,5608,2,2014,1016,1014,1005
CTETRA,5609,2,2014,835,833,1016
CTETRA,5610,2,2014,1016,833,1014
CTETRA,5611,2,2014,833,824,1014
CTETRA,5612,2,2014,1014,824,1005
CTETRA,5613,2,2014,824,835,1016
CTETRA,5614,2,2014,824,1016,1005
CTETRA,5615,2,2015,786,803,782
CTETRA,5616,2,2015,984,967,963
CTETRA,5617,2,2015,803,786,984
CTETRA,5618,2,2015,984,786,967
CTETRA,5619,2,2015,786,782,967
CTETRA,5620,2,2015,967,782,963
CTETRA,5621,2,2015,782,803,984
CTETRA,5622,2,2015,782,984,963
CTETRA,5623,2,2016,689,683,704
CTETRA,5624,2,2016,864,870,885
CTETRA,5625,2,2016,683,689,870
CTETRA,5626,2,2016,683,870,864
CTETRA,5627,2,2016,689,704,885
CTETRA,5628,2,2016,689,885,870
CTETRA,5629,2,2016,704,683,885
CTETRA,5630,2,2016,885,683,864
CTETRA,5631,2,2017,693,697,716
CTETRA,5632,2,2017,878,874,897
CTETRA,5633,2,2017,697,693,878
CTETRA,5634,2,2017,878,693,874
CTETRA,5635,2,2017,693,716,897
CTETRA,5636,2,2017,693,897,874
CTETRA,5637,2,2017,716,697,897
CTETRA,5638,2,2017,897,697,878
CTETRA,5639,2,2018,636,631,821
CTETRA,5640,2,2018,630,635,1002
CTETRA,5641,2,2018,630,631,636
CTETRA,5642,2,2018,630,636,635
CTETRA,5643,2,2018,636,821,635
CTETRA,5644,2,2018,635,821,1002
CTETRA,5645,2,2018,821,631,1002
CTETRA,5646,2,2018,1002,631,630
CTETRA,5647,2,2019,724,747,722
CTETRA,5648,2,2019,928,905,903
CTETRA,5649,2,2019,747,724,928
CTETRA,5650,2,2019,928,724,905
CTETRA,5651,2,2019,724,722,905
CTETRA,5652,2,2019,905,722,903
CTETRA,5653,2,2019,722,747,928
CTETRA,5654,2,2019,722,928,903
CTETRA,5655,2,2020,787,804,793
CTETRA,5656,2,2020,985,968,974
CTETRA,5657,2,2020,804,787,985
CTETRA,5658,2,2020,985,787,968
CTETRA,5659,2,2020,787,793,974
CTETRA,5660,2,2020,787,974,968
CTETRA,5661,2,2020,793,804,985
CTETRA,5662,2,2020,793,985,974
CTETRA,5663,2,2021,694,698,679
CTETRA,5664,2,2021,879,875,860
CTETRA,5665,2,2021,698,694,879
CTETRA,5666,2,2021,879,694,875
CTETRA,5667,2,2021,694,679,875
CTETRA,5668,2,2021,875,679,860
CTETRA,5669,2,2021,679,698,879
CTETRA,5670,2,2021,679,879,860
CTETRA,5671,2,2022,776,778,797
CTETRA,5672,2,2022,959,957,978
CTETRA,5673,2,2022,778,776,959
CTETRA,5674,2,2022,959,776,957
CTETRA,5675,2,2022,776,797,978
CTETRA,5676,2,2022,776,978,957
CTETRA,5677,2,2022,797,778,978
CTETRA,5678,2,2022,978,778,959
CTETRA,5679,2,2023,824,828,813
CTETRA,5680,2,2023,1009,1005,994
CTETRA,5681,2,2023,828,824,1009
CTETRA,5682,2,2023,1009,824,1005
CTETRA,5683,2,2023,824,813,1005
CTETRA,5684,2,2023,1005,813,994
CTETRA,5685,2,2023,813,828,1009
CTETRA,5686,2,2023,813,1009,994
CTETRA,5687,2,2024,704,700,725
CTETRA,5688,2,2024,881,885,906
CTETRA,5689,2,2024,700,704,885
CTETRA,5690,2,2024,700,885,881
CTETRA,5691,2,2024,704,725,906
CTETRA,5692,2,2024,704,906,885
CTETRA,5693,2,2024,725,700,906
CTETRA,5694,2,2024,906,700,881
CTETRA,5695,2,2025,522,656,837
CTETRA,5696,2,2025,655,523,1018
CTETRA,5697,2,2025,655,522,523
CTETRA,5698,2,2025,655,656,522
CTETRA,5699,2,2025,522,837,523
CTETRA,5700,2,2025,523,837,1018
CTETRA,5701,2,2025,837,656,655
CTETRA,5702,2,2025,837,655,1018
CTETRA,5703,2,2026,561,556,660
CTETRA,5704,2,2026,555,560,841
CTETRA,5705,2,2026,555,556,561
CTETRA,5706,2,2026,555,561,560
CTETRA,5707,2,2026,561,660,841
CTETRA,5708,2,2026,561,841,560
CTETRA,5709,2,2026,660,556,841
CTETRA,5710,2,2026,841,556,555
CTETRA,5711,2,2027,760,747,764
CTETRA,5712,2,2027,928,941,945
CTETRA,5713,2,2027,747,760,941
CTETRA,5714,2,2027,747,941,928
CTETRA,5715,2,2027,760,764,945
CTETRA,5716,2,2027,760,945,941
CTETRA,5717,2,2027,764,747,945
CTETRA,5718,2,2027,945,747,928
CTETRA,5719,2,2028,675,671,667
CTETRA,5720,2,2028,852,856,848
CTETRA,5721,2,2028,671,675,856
CTETRA,5722,2,2028,671,856,852
CTETRA,5723,2,2028,675,667,856
CTETRA,5724,2,2028,856,667,848
CTETRA,5725,2,2028,667,671,852
CTETRA,5726,2,2028,667,852,848
CTETRA,5727,2,2029,783,789,787
CTETRA,5728,2,2029,970,964,968
CTETRA,5729,2,2029,789,783,970
CTETRA,5730,2,2029,970,783,964
CTETRA,5731,2,2029,783,787,968
CTETRA,5732,2,2029,783,968,964
CTETRA,5733,2,2029,787,789,970
CTETRA,5734,2,2029,787,970,968
CTETRA,5735,2,2030,717,719,694
CTETRA,5736,2,2030,900,898,875
CTETRA,5737,2,2030,719,717,900
CTETRA,5738,2,2030,900,717,898
CTETRA,5739,2,2030,717,694,898
CTETRA,5740,2,2030,898,694,875
CTETRA,5741,2,2030,694,719,900
CTETRA,5742,2,2030,694,900,875
CTETRA,5743,2,2031,832,834,646
CTETRA,5744,2,2031,1015,1013,645
CTETRA,5745,2,2031,834,832,1015
CTETRA,5746,2,2031,1015,832,1013
CTETRA,5747,2,2031,832,646,645
CTETRA,5748,2,2031,832,645,1013
CTETRA,5749,2,2031,646,834,645
CTETRA,5750,2,2031,645,834,1015
CTETRA,5751,2,2032,813,815,796
CTETRA,5752,2,2032,996,994,977
CTETRA,5753,2,2032,815,813,996
CTETRA,5754,2,2032,996,813,994
CTETRA,5755,2,2032,813,796,994
CTETRA,5756,2,2032,994,796,977
CTETRA,5757,2,2032,796,815,996
CTETRA,5758,2,2032,796,996,977
CTETRA,5759,2,2033,586,581,663
CTETRA,5760,2,2033,580,585,844
CTETRA,5761,2,2033,580,581,586
CTETRA,5762,2,2033,580,586,585
CTETRA,5763,2,2033,586,663,844
CTETRA,5764,2,2033,586,844,585
CTETRA,5765,2,2033,663,581,844
CTETRA,5766,2,2033,844,581,580
CTETRA,5767,2,2034,778,747,779
CTETRA,5768,2,2034,928,959,960
CTETRA,5769,2,2034,747,778,959
CTETRA,5770,2,2034,747,959,928
CTETRA,5771,2,2034,778,779,960
CTETRA,5772,2,2034,778,960,959
CTETRA,5773,2,2034,779,747,960
CTETRA,5774,2,2034,960,747,928
CTETRA,5775,2,2035,722,747,718
CTETRA,5776,2,2035,928,903,899
CTETRA,5777,2,2035,747,722,928
CTETRA,5778,2,2035,928,722,903
CTETRA,5779,2,2035,722,718,903
CTETRA,5780,2,2035,903,718,899
CTETRA,5781,2,2035,718,747,928
CTETRA,5782,2,2035,718,928,899
CTETRA,5783,2,2036,804,810,808
CTETRA,5784,2,2036,991,985,989
CTETRA,5785,2,2036,810,804,991
CTETRA,5786,2,2036,991,804,985
CTETRA,5787,2,2036,804,808,989
CTETRA,5788,2,2036,804,989,985
CTETRA,5789,2,2036,808,810,991
CTETRA,5790,2,2036,808,991,989
CTETRA,5791,2,2037,688,682,675
CTETRA,5792,2,2037,863,869,856
CTETRA,5793,2,2037,682,688,869
CTETRA,5794,2,2037,682,869,863
CTETRA,5795,2,2037,688,675,869
CTETRA,5796,2,2037,869,675,856
CTETRA,5797,2,2037,675,682,863
CTETRA,5798,2,2037,675,863,856
CTETRA,5799,2,2038,766,781,783
CTETRA,5800,2,2038,962,947,964
CTETRA,5801,2,2038,781,766,962
CTETRA,5802,2,2038,962,766,947
CTETRA,5803,2,2038,766,783,964
CTETRA,5804,2,2038,766,964,947
CTETRA,5805,2,2038,783,781,964
CTETRA,5806,2,2038,964,781,962
CTETRA,5807,2,2039,657,659,571
CTETRA,5808,2,2039,840,838,570
CTETRA,5809,2,2039,659,657,840
CTETRA,5810,2,2039,840,657,838
CTETRA,5811,2,2039,657,571,838
CTETRA,5812,2,2039,838,571,570
CTETRA,5813,2,2039,571,659,840
CTETRA,5814,2,2039,571,840,570
CTETRA,5815,2,2040,834,832,825
CTETRA,5816,2,2040,1013,1015,1006
CTETRA,5817,2,2040,832,834,1015
CTETRA,5818,2,2040,832,1015,1013
CTETRA,5819,2,2040,834,825,1015
CTETRA,5820,2,2040,1015,825,1006
CTETRA,5821,2,2040,825,832,1013
CTETRA,5822,2,2040,825,1013,1006
CTETRA,5823,2,2041,796,800,775
CTETRA,5824,2,2041,981,977,956
CTETRA,5825,2,2041,800,796,981
CTETRA,5826,2,2041,981,796,977
CTETRA,5827,2,2041,796,775,977
CTETRA,5828,2,2041,977,775,956
CTETRA,5829,2,2041,775,800,981
CTETRA,5830,2,2041,775,981,956
CTETRA,5831,2,2042,719,747,723
CTETRA,5832,2,2042,928,900,904
CTETRA,5833,2,2042,747,719,928
CTETRA,5834,2,2042,928,719,900
CTETRA,5835,2,2042,719,723,904
CTETRA,5836,2,2042,719,904,900
CTETRA,5837,2,2042,723,747,928
CTETRA,5838,2,2042,723,928,904
CTETRA,5839,2,2043,829,830,836
CTETRA,5840,2,2043,1011,1010,1017
CTETRA,5841,2,2043,830,829,1011
CTETRA,5842,2,2043,1011,829,1010
CTETRA,5843,2,2043,829,836,1017
CTETRA,5844,2,2043,829,1017,1010
CTETRA,5845,2,2043,836,830,1017
CTETRA,5846,2,2043,1017,830,1011
CTETRA,5847,2,2044,671,669,662
CTETRA,5848,2,2044,850,852,843
CTETRA,5849,2,2044,669,671,852
CTETRA,5850,2,2044,669,852,850
CTETRA,5851,2,2044,671,662,852
CTETRA,5852,2,2044,852,662,843
CTETRA,5853,2,2044,662,669,850
CTETRA,5854,2,2044,662,850,843
CTETRA,5855,2,2045,789,799,804
CTETRA,5856,2,2045,980,970,985
CTETRA,5857,2,2045,799,789,980
CTETRA,5858,2,2045,980,789,970
CTETRA,5859,2,2045,789,804,985
CTETRA,5860,2,2045,789,985,970
CTETRA,5861,2,2045,804,799,985
CTETRA,5862,2,2045,985,799,980
CTETRA,5863,2,2046,703,699,688
CTETRA,5864,2,2046,880,884,869
CTETRA,5865,2,2046,699,703,884
CTETRA,5866,2,2046,699,884,880
CTETRA,5867,2,2046,703,688,884
CTETRA,5868,2,2046,884,688,869
CTETRA,5869,2,2046,688,699,880
CTETRA,5870,2,2046,688,880,869
CTETRA,5871,2,2047,756,760,766
CTETRA,5872,2,2047,941,937,947
CTETRA,5873,2,2047,760,756,941
CTETRA,5874,2,2047,941,756,937
CTETRA,5875,2,2047,756,766,947
CTETRA,5876,2,2047,756,947,937
CTETRA,5877,2,2047,766,760,947
CTETRA,5878,2,2047,947,760,941
CTETRA,5879,2,2048,659,657,666
CTETRA,5880,2,2048,838,840,847
CTETRA,5881,2,2048,657,659,840
CTETRA,5882,2,2048,657,840,838
CTETRA,5883,2,2048,659,666,847
CTETRA,5884,2,2048,659,847,840
CTETRA,5885,2,2048,666,657,847
CTETRA,5886,2,2048,847,657,838
CTETRA,5887,2,2049,825,823,814
CTETRA,5888,2,2049,1004,1006,995
CTETRA,5889,2,2049,823,825,1006
CTETRA,5890,2,2049,823,1006,1004
CTETRA,5891,2,2049,825,814,1006
CTETRA,5892,2,2049,1006,814,995
CTETRA,5893,2,2049,814,823,1004
CTETRA,5894,2,2049,814,1004,995
CTETRA,5895,2,2050,522,837,517
CTETRA,5896,2,2050,1018,523,518
CTETRA,5897,2,2050,837,522,523
CTETRA,5898,2,2050,837,523,1018
CTETRA,5899,2,2050,517,523,522
CTETRA,5900,2,2050,517,518,523
CTETRA,5901,2,2050,517,837,518
CTETRA,5902,2,2050,518,837,1018
CTETRA,5903,2,2051,670,672,661
CTETRA,5904,2,2051,853,851,842
CTETRA,5905,2,2051,672,670,853
CTETRA,5906,2,2051,853,670,851
CTETRA,5907,2,2051,670,661,851
CTETRA,5908,2,2051,851,661,842
CTETRA,5909,2,2051,661,672,853
CTETRA,5910,2,2051,661,853,842
CTETRA,5911,2,2052,816,817,829
CTETRA,5912,2,2052,998,997,1010
CTETRA,5913,2,2052,817,816,998
CTETRA,5914,2,2052,998,816,997
CTETRA,5915,2,2052,816,829,1010
CTETRA,5916,2,2052,816,1010,997
CTETRA,5917,2,2052,829,817,1010
CTETRA,5918,2,2052,1010,817,998
CTETRA,5919,2,2053,682,680,671
CTETRA,5920,2,2053,861,863,852
CTETRA,5921,2,2053,680,682,863
CTETRA,5922,2,2053,680,863,861
CTETRA,5923,2,2053,682,671,863
CTETRA,5924,2,2053,863,671,852
CTETRA,5925,2,2053,671,680,861
CTETRA,5926,2,2053,671,861,852
CTETRA,5927,2,2054,781,785,789
CTETRA,5928,2,2054,966,962,970
CTETRA,5929,2,2054,785,781,966
CTETRA,5930,2,2054,966,781,962
CTETRA,5931,2,2054,781,789,970
CTETRA,5932,2,2054,781,970,962
CTETRA,5933,2,2054,789,785,970
CTETRA,5934,2,2054,970,785,966
CTETRA,5935,2,2055,724,722,703
CTETRA,5936,2,2055,903,905,884
CTETRA,5937,2,2055,722,724,905
CTETRA,5938,2,2055,722,905,903
CTETRA,5939,2,2055,724,703,905
CTETRA,5940,2,2055,905,703,884
CTETRA,5941,2,2055,703,722,903
CTETRA,5942,2,2055,703,903,884
CTETRA,5943,2,2056,774,793,621
CTETRA,5944,2,2056,974,955,620
CTETRA,5945,2,2056,793,774,974
CTETRA,5946,2,2056,974,774,955
CTETRA,5947,2,2056,774,621,620
CTETRA,5948,2,2056,774,620,955
CTETRA,5949,2,2056,621,793,974
CTETRA,5950,2,2056,621,974,620
CTETRA,5951,2,2057,666,664,679
CTETRA,5952,2,2057,845,847,860
CTETRA,5953,2,2057,664,666,847
CTETRA,5954,2,2057,664,847,845
CTETRA,5955,2,2057,666,679,860
CTETRA,5956,2,2057,666,860,847
CTETRA,5957,2,2057,679,664,860
CTETRA,5958,2,2057,860,664,845
CTETRA,5959,2,2058,814,812,797
CTETRA,5960,2,2058,993,995,978
CTETRA,5961,2,2058,812,814,995
CTETRA,5962,2,2058,812,995,993
CTETRA,5963,2,2058,814,797,995
CTETRA,5964,2,2058,995,797,978
CTETRA,5965,2,2058,797,812,993
CTETRA,5966,2,2058,797,993,978
CTETRA,5967,2,2059,779,747,777
CTETRA,5968,2,2059,928,960,958
CTETRA,5969,2,2059,747,779,960
CTETRA,5970,2,2059,747,960,928
CTETRA,5971,2,2059,779,777,960
CTETRA,5972,2,2059,960,777,958
CTETRA,5973,2,2059,777,747,958
CTETRA,5974,2,2059,958,747,928
CTETRA,5975,2,2060,681,683,670
CTETRA,5976,2,2060,864,862,851
CTETRA,5977,2,2060,683,681,864
CTETRA,5978,2,2060,864,681,862
CTETRA,5979,2,2060,681,670,862
CTETRA,5980,2,2060,862,670,851
CTETRA,5981,2,2060,670,683,864
CTETRA,5982,2,2060,670,864,851
CTETRA,5983,2,2061,801,802,816
CTETRA,5984,2,2061,983,982,997
CTETRA,5985,2,2061,802,801,983
CTETRA,5986,2,2061,983,801,982
CTETRA,5987,2,2061,801,816,997
CTETRA,5988,2,2061,801,997,982
CTETRA,5989,2,2061,816,802,997
CTETRA,5990,2,2061,997,802,983
CTETRA,5991,2,2062,699,697,682
CTETRA,5992,2,2062,878,880,863
CTETRA,5993,2,2062,697,699,880
CTETRA,5994,2,2062,697,880,878
CTETRA,5995,2,2062,699,682,880
CTETRA,5996,2,2062,880,682,863
CTETRA,5997,2,2062,682,697,878
CTETRA,5998,2,2062,682,878,863
CTETRA,5999,2,2063,760,764,781
CTETRA,6000,2,2063,945,941,962
CTETRA,6001,2,2063,764,760,945
CTETRA,6002,2,2063,945,760,941
CTETRA,6003,2,2063,760,781,962
CTETRA,6004,2,2063,760,962,941
CTETRA,6005,2,2063,781,764,962
CTETRA,6006,2,2063,962,764,945
CTETRA,6007,2,2064,679,677,694
CTETRA,6008,2,2064,858,860,875
CTETRA,6009,2,2064,677,679,860
CTETRA,6010,2,2064,677,860,858
CTETRA,6011,2,2064,679,694,875
CTETRA,6012,2,2064,679,875,860
CTETRA,6013,2,2064,694,677,875
CTETRA,6014,2,2064,875,677,858
CTETRA,6015,2,2065,797,795,776
CTETRA,6016,2,2065,976,978,957
CTETRA,6017,2,2065,795,797,978
CTETRA,6018,2,2065,795,978,976
CTETRA,6019,2,2065,797,776,978
CTETRA,6020,2,2065,978,776,957
CTETRA,6021,2,2065,776,795,976
CTETRA,6022,2,2065,776,976,957
CTETRA,6023,2,2066,830,828,837
CTETRA,6024,2,2066,1009,1011,1018
CTETRA,6025,2,2066,828,830,1011
CTETRA,6026,2,2066,828,1011,1009
CTETRA,6027,2,2066,830,837,1018
CTETRA,6028,2,2066,830,1018,1011
CTETRA,6029,2,2066,837,828,1018
CTETRA,6030,2,2066,1018,828,1009
CTETRA,6031,2,2067,698,700,681
CTETRA,6032,2,2067,881,879,862
CTETRA,6033,2,2067,700,698,881
CTETRA,6034,2,2067,881,698,879
CTETRA,6035,2,2067,698,681,879
CTETRA,6036,2,2067,879,681,862
CTETRA,6037,2,2067,681,700,881
CTETRA,6038,2,2067,681,881,862
CTETRA,6039,2,2068,778,779,801
CTETRA,6040,2,2068,960,959,982
CTETRA,6041,2,2068,779,778,960
CTETRA,6042,2,2068,960,778,959
CTETRA,6043,2,2068,778,801,982
CTETRA,6044,2,2068,778,982,959
CTETRA,6045,2,2068,801,779,982
CTETRA,6046,2,2068,982,779,960
CTETRA,6047,2,2069,722,718,699
CTETRA,6048,2,2069,899,903,880
CTETRA,6049,2,2069,718,722,903
CTETRA,6050,2,2069,718,903,899
CTETRA,6051,2,2069,722,699,903
CTETRA,6052,2,2069,903,699,880
CTETRA,6053,2,2069,699,718,899
CTETRA,6054,2,2069,699,899,880
CTETRA,6055,2,2070,793,808,626
CTETRA,6056,2,2070,989,974,625
CTETRA,6057,2,2070,808,793,989
CTETRA,6058,2,2070,989,793,974
CTETRA,6059,2,2070,793,626,625
CTETRA,6060,2,2070,793,625,974
CTETRA,6061,2,2070,626,808,989
CTETRA,6062,2,2070,626,989,625
CTETRA,6063,2,2071,694,692,717
CTETRA,6064,2,2071,873,875,898
CTETRA,6065,2,2071,692,694,875
CTETRA,6066,2,2071,692,875,873
CTETRA,6067,2,2071,694,717,898
CTETRA,6068,2,2071,694,898,875
CTETRA,6069,2,2071,717,692,898
CTETRA,6070,2,2071,898,692,873
CTETRA,6071,2,2072,646,641,832
CTETRA,6072,2,2072,640,645,1013
CTETRA,6073,2,2072,640,646,645
CTETRA,6074,2,2072,640,641,646
CTETRA,6075,2,2072,646,832,645
CTETRA,6076,2,2072,645,832,1013
CTETRA,6077,2,2072,832,641,640
CTETRA,6078,2,2072,832,640,1013
CTETRA,6079,2,2073,817,815,830
CTETRA,6080,2,2073,996,998,1011
CTETRA,6081,2,2073,815,817,998
CTETRA,6082,2,2073,815,998,996
CTETRA,6083,2,2073,817,830,1011
CTETRA,6084,2,2073,817,1011,998
CTETRA,6085,2,2073,830,815,1011
CTETRA,6086,2,2073,1011,815,996
CTETRA,6087,2,2074,719,723,698
CTETRA,6088,2,2074,904,900,879
CTETRA,6089,2,2074,723,719,904
CTETRA,6090,2,2074,904,719,900
CTETRA,6091,2,2074,719,698,900
CTETRA,6092,2,2074,900,698,879
CTETRA,6093,2,2074,698,723,904
CTETRA,6094,2,2074,698,904,879
CTETRA,6095,2,2075,834,836,651
CTETRA,6096,2,2075,1017,1015,650
CTETRA,6097,2,2075,836,834,1017
CTETRA,6098,2,2075,1017,834,1015
CTETRA,6099,2,2075,834,651,650
CTETRA,6100,2,2075,834,650,1015
CTETRA,6101,2,2075,651,836,650
CTETRA,6102,2,2075,650,836,1017
CTETRA,6103,2,2076,667,662,551
CTETRA,6104,2,2076,843,848,550
CTETRA,6105,2,2076,662,667,848
CTETRA,6106,2,2076,662,848,843
CTETRA,6107,2,2076,667,551,848
CTETRA,6108,2,2076,848,551,550
CTETRA,6109,2,2076,551,662,843
CTETRA,6110,2,2076,551,843,550
CTETRA,6111,2,2077,808,793,804
CTETRA,6112,2,2077,974,989,985
CTETRA,6113,2,2077,793,808,989
CTETRA,6114,2,2077,793,989,974
CTETRA,6115,2,2077,808,804,989
CTETRA,6116,2,2077,989,804,985
CTETRA,6117,2,2077,804,793,985
CTETRA,6118,2,2077,985,793,974
CTETRA,6119,2,2078,571,566,657
CTETRA,6120,2,2078,565,570,838
CTETRA,6121,2,2078,565,566,571
CTETRA,6122,2,2078,565,571,570
CTETRA,6123,2,2078,571,657,838
CTETRA,6124,2,2078,571,838,570
CTETRA,6125,2,2078,657,566,838
CTETRA,6126,2,2078,838,566,565
CTETRA,6127,2,2079,770,747,772
CTETRA,6128,2,2079,928,951,953
CTETRA,6129,2,2079,747,770,951
CTETRA,6130,2,2079,747,951,928
CTETRA,6131,2,2079,770,772,953
CTETRA,6132,2,2079,770,953,951
CTETRA,6133,2,2079,772,747,953
CTETRA,6134,2,2079,953,747,928
CTETRA,6135,2,2080,802,800,817
CTETRA,6136,2,2080,981,983,998
CTETRA,6137,2,2080,800,802,983
CTETRA,6138,2,2080,800,983,981
CTETRA,6139,2,2080,802,817,998
CTETRA,6140,2,2080,802,998,983
CTETRA,6141,2,2080,817,800,998
CTETRA,6142,2,2080,998,800,981
CTETRA,6143,2,2081,566,561,658
CTETRA,6144,2,2081,560,565,839
CTETRA,6145,2,2081,560,561,566
CTETRA,6146,2,2081,560,566,565
CTETRA,6147,2,2081,566,658,839
CTETRA,6148,2,2081,566,839,565
CTETRA,6149,2,2081,658,561,839
CTETRA,6150,2,2081,839,561,560
CTETRA,6151,2,2082,764,747,770
CTETRA,6152,2,2082,928,945,951
CTETRA,6153,2,2082,747,764,945
CTETRA,6154,2,2082,747,945,928
CTETRA,6155,2,2082,764,770,951
CTETRA,6156,2,2082,764,951,945
CTETRA,6157,2,2082,770,747,951
CTETRA,6158,2,2082,951,747,928
CTETRA,6159,2,2083,487,492,792
CTETRA,6160,2,2083,493,488,973
CTETRA,6161,2,2083,487,488,493
CTETRA,6162,2,2083,487,493,492
CTETRA,6163,2,2083,487,792,488
CTETRA,6164,2,2083,488,792,973
CTETRA,6165,2,2083,792,492,493
CTETRA,6166,2,2083,792,493,973
CTETRA,6167,2,2084,723,747,725
CTETRA,6168,2,2084,928,904,906
CTETRA,6169,2,2084,747,723,928
CTETRA,6170,2,2084,928,723,904
CTETRA,6171,2,2084,723,725,906
CTETRA,6172,2,2084,723,906,904
CTETRA,6173,2,2084,725,747,928
CTETRA,6174,2,2084,725,928,906
CTETRA,6175,2,2085,659,661,576
CTETRA,6176,2,2085,842,840,575
CTETRA,6177,2,2085,661,659,842
CTETRA,6178,2,2085,842,659,840
CTETRA,6179,2,2085,659,576,840
CTETRA,6180,2,2085,840,576,575
CTETRA,6181,2,2085,576,661,842
CTETRA,6182,2,2085,576,842,575
CTETRA,6183,2,2086,836,834,829
CTETRA,6184,2,2086,1015,1017,1010
CTETRA,6185,2,2086,834,836,1017
CTETRA,6186,2,2086,834,1017,1015
CTETRA,6187,2,2086,836,829,1017
CTETRA,6188,2,2086,1017,829,1010
CTETRA,6189,2,2086,829,834,1015
CTETRA,6190,2,2086,829,1015,1010
CTETRA,6191,2,2087,662,667,671
CTETRA,6192,2,2087,848,843,852
CTETRA,6193,2,2087,667,662,848
CTETRA,6194,2,2087,848,662,843
CTETRA,6195,2,2087,662,671,852
CTETRA,6196,2,2087,662,852,843
CTETRA,6197,2,2087,671,667,852
CTETRA,6198,2,2087,852,667,848
CTETRA,6199,2,2088,804,787,789
CTETRA,6200,2,2088,968,985,970
CTETRA,6201,2,2088,787,804,985
CTETRA,6202,2,2088,787,985,968
CTETRA,6203,2,2088,804,789,985
CTETRA,6204,2,2088,985,789,970
CTETRA,6205,2,2088,789,787,970
CTETRA,6206,2,2088,970,787,968
CTETRA,6207,2,2089,716,747,715
CTETRA,6208,2,2089,928,897,896
CTETRA,6209,2,2089,747,716,928
CTETRA,6210,2,2089,928,716,897
CTETRA,6211,2,2089,716,715,897
CTETRA,6212,2,2089,897,715,896
CTETRA,6213,2,2089,715,747,928
CTETRA,6214,2,2089,715,928,896
CTETRA,6215,2,2090,819,823,827
CTETRA,6216,2,2090,1004,1000,1008
CTETRA,6217,2,2090,823,819,1004
CTETRA,6218,2,2090,1004,819,1000
CTETRA,6219,2,2090,819,827,1008
CTETRA,6220,2,2090,819,1008,1000
CTETRA,6221,2,2090,827,823,1008
CTETRA,6222,2,2090,1008,823,1004
CTETRA,6223,2,2091,779,777,802
CTETRA,6224,2,2091,958,960,983
CTETRA,6225,2,2091,777,779,960
CTETRA,6226,2,2091,777,960,958
CTETRA,6227,2,2091,779,802,983
CTETRA,6228,2,2091,779,983,960
CTETRA,6229,2,2091,802,777,983
CTETRA,6230,2,2091,983,777,958
CTETRA,6231,2,2092,661,659,670
CTETRA,6232,2,2092,840,842,851
CTETRA,6233,2,2092,659,661,842
CTETRA,6234,2,2092,659,842,840
CTETRA,6235,2,2092,661,670,851
CTETRA,6236,2,2092,661,851,842
CTETRA,6237,2,2092,670,659,851
CTETRA,6238,2,2092,851,659,840
CTETRA,6239,2,2093,829,825,816
CTETRA,6240,2,2093,1006,1010,997
CTETRA,6241,2,2093,825,829,1010
CTETRA,6242,2,2093,825,1010,1006
CTETRA,6243,2,2093,829,816,1010
CTETRA,6244,2,2093,1010,816,997
CTETRA,6245,2,2093,816,825,1006
CTETRA,6246,2,2093,816,1006,997
CTETRA,6247,2,2094,671,675,682
CTETRA,6248,2,2094,856,852,863
CTETRA,6249,2,2094,675,671,856
CTETRA,6250,2,2094,856,671,852
CTETRA,6251,2,2094,671,682,863
CTETRA,6252,2,2094,671,863,852
CTETRA,6253,2,2094,682,675,863
CTETRA,6254,2,2094,863,675,856
CTETRA,6255,2,2095,789,783,781
CTETRA,6256,2,2095,964,970,962
CTETRA,6257,2,2095,783,789,970
CTETRA,6258,2,2095,783,970,964
CTETRA,6259,2,2095,789,781,970
CTETRA,6260,2,2095,970,781,962
CTETRA,6261,2,2095,781,783,964
CTETRA,6262,2,2095,781,964,962
CTETRA,6263,2,2096,665,664,658
CTETRA,6264,2,2096,845,846,839
CTETRA,6265,2,2096,664,665,846
CTETRA,6266,2,2096,664,846,845
CTETRA,6267,2,2096,665,658,846
CTETRA,6268,2,2096,846,658,839
CTETRA,6269,2,2096,658,664,845
CTETRA,6270,2,2096,658,845,839
CTETRA,6271,2,2097,806,812,819
CTETRA,6272,2,2097,993,987,1000
CTETRA,6273,2,2097,812,806,993
CTETRA,6274,2,2097,993,806,987
CTETRA,6275,2,2097,806,819,1000
CTETRA,6276,2,2097,806,1000,987
CTETRA,6277,2,2097,819,812,1000
CTETRA,6278,2,2097,1000,812,993
CTETRA,6279,2,2098,669,665,660
CTETRA,6280,2,2098,846,850,841
CTETRA,6281,2,2098,665,669,850
CTETRA,6282,2,2098,665,850,846
CTETRA,6283,2,2098,669,660,850
CTETRA,6284,2,2098,850,660,841
CTETRA,6285,2,2098,660,665,846
CTETRA,6286,2,2098,660,846,841
CTETRA,6287,2,2099,799,806,810
CTETRA,6288,2,2099,987,980,991
CTETRA,6289,2,2099,806,799,987
CTETRA,6290,2,2099,987,799,980
CTETRA,6291,2,2099,799,810,991
CTETRA,6292,2,2099,799,991,980
CTETRA,6293,2,2099,810,806,991
CTETRA,6294,2,2099,991,806,987
CTETRA,6295,2,2100,803,786,807
CTETRA,6296,2,2100,967,984,988
CTETRA,6297,2,2100,786,803,984
CTETRA,6298,2,2100,786,984,967
CTETRA,6299,2,2100,803,807,988
CTETRA,6300,2,2100,803,988,984
CTETRA,6301,2,2100,807,786,988
CTETRA,6302,2,2100,988,786,967
CTETRA,6303,2,2101,683,689,672
CTETRA,6304,2,2101,870,864,853
CTETRA,6305,2,2101,689,683,870
CTETRA,6306,2,2101,870,683,864
CTETRA,6307,2,2101,683,672,864
CTETRA,6308,2,2101,864,672,853
CTETRA,6309,2,2101,672,689,870
CTETRA,6310,2,2101,672,870,853
CTETRA,6311,2,2102,670,666,681
CTETRA,6312,2,2102,847,851,862
CTETRA,6313,2,2102,666,670,851
CTETRA,6314,2,2102,666,851,847
CTETRA,6315,2,2102,670,681,862
CTETRA,6316,2,2102,670,862,851
CTETRA,6317,2,2102,681,666,862
CTETRA,6318,2,2102,862,666,847
CTETRA,6319,2,2103,816,814,801
CTETRA,6320,2,2103,995,997,982
CTETRA,6321,2,2103,814,816,997
CTETRA,6322,2,2103,814,997,995
CTETRA,6323,2,2103,816,801,997
CTETRA,6324,2,2103,997,801,982
CTETRA,6325,2,2103,801,814,995
CTETRA,6326,2,2103,801,995,982
CTETRA,6327,2,2104,681,679,698
CTETRA,6328,2,2104,860,862,879
CTETRA,6329,2,2104,679,681,862
CTETRA,6330,2,2104,679,862,860
CTETRA,6331,2,2104,681,698,879
CTETRA,6332,2,2104,681,879,862
CTETRA,6333,2,2104,698,679,879
CTETRA,6334,2,2104,879,679,860
CTETRA,6335,2,2105,801,797,778
CTETRA,6336,2,2105,978,982,959
CTETRA,6337,2,2105,797,801,982
CTETRA,6338,2,2105,797,982,978
CTETRA,6339,2,2105,801,778,982
CTETRA,6340,2,2105,982,778,959
CTETRA,6341,2,2105,778,797,978
CTETRA,6342,2,2105,778,978,959
CTETRA,6343,2,2106,680,678,669
CTETRA,6344,2,2106,859,861,850
CTETRA,6345,2,2106,678,680,861
CTETRA,6346,2,2106,678,861,859
CTETRA,6347,2,2106,680,669,861
CTETRA,6348,2,2106,861,669,850
CTETRA,6349,2,2106,669,678,859
CTETRA,6350,2,2106,669,859,850
CTETRA,6351,2,2107,785,791,799
CTETRA,6352,2,2107,972,966,980
CTETRA,6353,2,2107,791,785,972
CTETRA,6354,2,2107,972,785,966
CTETRA,6355,2,2107,785,799,980
CTETRA,6356,2,2107,785,980,966
CTETRA,6357,2,2107,799,791,980
CTETRA,6358,2,2107,980,791,972
CTETRA,6359,2,2108,788,782,803
CTETRA,6360,2,2108,963,969,984
CTETRA,6361,2,2108,782,788,969
CTETRA,6362,2,2108,782,969,963
CTETRA,6363,2,2108,788,803,984
CTETRA,6364,2,2108,788,984,969
CTETRA,6365,2,2108,803,782,984
CTETRA,6366,2,2108,984,782,963
CTETRA,6367,2,2109,700,704,683
CTETRA,6368,2,2109,885,881,864
CTETRA,6369,2,2109,704,700,885
CTETRA,6370,2,2109,885,700,881
CTETRA,6371,2,2109,700,683,881
CTETRA,6372,2,2109,881,683,864
CTETRA,6373,2,2109,683,704,885
CTETRA,6374,2,2109,683,885,864
CTETRA,6375,2,2110,697,693,680
CTETRA,6376,2,2110,874,878,861
CTETRA,6377,2,2110,693,697,878
CTETRA,6378,2,2110,693,878,874
CTETRA,6379,2,2110,697,680,878
CTETRA,6380,2,2110,878,680,861
CTETRA,6381,2,2110,680,693,874
CTETRA,6382,2,2110,680,874,861
CTETRA,6383,2,2111,764,770,785
CTETRA,6384,2,2111,951,945,966
CTETRA,6385,2,2111,770,764,951
CTETRA,6386,2,2111,951,764,945
CTETRA,6387,2,2111,764,785,966
CTETRA,6388,2,2111,764,966,945
CTETRA,6389,2,2111,785,770,966
CTETRA,6390,2,2111,966,770,951
CTETRA,6391,2,2112,723,725,700
CTETRA,6392,2,2112,906,904,881
CTETRA,6393,2,2112,725,723,906
CTETRA,6394,2,2112,906,723,904
CTETRA,6395,2,2112,723,700,904
CTETRA,6396,2,2112,904,700,881
CTETRA,6397,2,2112,700,725,906
CTETRA,6398,2,2112,700,906,881
CTETRA,6399,2,2113,836,837,656
CTETRA,6400,2,2113,1018,1017,655
CTETRA,6401,2,2113,837,836,1018
CTETRA,6402,2,2113,1018,836,1017
CTETRA,6403,2,2113,836,656,655
CTETRA,6404,2,2113,836,655,1017
CTETRA,6405,2,2113,656,837,655
CTETRA,6406,2,2113,655,837,1018
CTETRA,6407,2,2114,718,716,697
CTETRA,6408,2,2114,897,899,878
CTETRA,6409,2,2114,716,718,899
CTETRA,6410,2,2114,716,899,897
CTETRA,6411,2,2114,718,697,899
CTETRA,6412,2,2114,899,697,878
CTETRA,6413,2,2114,697,716,897
CTETRA,6414,2,2114,697,897,878
CTETRA,6415,2,2115,808,821,631
CTETRA,6416,2,2115,1002,989,630
CTETRA,6417,2,2115,821,808,1002
CTETRA,6418,2,2115,1002,808,989
CTETRA,6419,2,2115,808,631,630
CTETRA,6420,2,2115,808,630,989
CTETRA,6421,2,2115,631,821,1002
CTETRA,6422,2,2115,631,1002,630
CTETRA,6423,2,2116,661,663,581
CTETRA,6424,2,2116,844,842,580
CTETRA,6425,2,2116,663,661,844
CTETRA,6426,2,2116,844,661,842
CTETRA,6427,2,2116,661,581,842
CTETRA,6428,2,2116,842,581,580
CTETRA,6429,2,2116,581,663,844
CTETRA,6430,2,2116,581,844,580
CTETRA,6431,2,2117,837,836,830
CTETRA,6432,2,2117,1017,1018,1011
CTETRA,6433,2,2117,836,837,1018
CTETRA,6434,2,2117,836,1018,1017
CTETRA,6435,2,2117,837,830,1018
CTETRA,6436,2,2117,1018,830,1011
CTETRA,6437,2,2117,830,836,1017
CTETRA,6438,2,2117,830,1017,1011
CTETRA,6439,2,2118,662,660,556
CTETRA,6440,2,2118,841,843,555
CTETRA,6441,2,2118,660,662,843
CTETRA,6442,2,2118,660,843,841
CTETRA,6443,2,2118,662,556,843
CTETRA,6444,2,2118,843,556,555
CTETRA,6445,2,2118,556,660,841
CTETRA,6446,2,2118,556,841,555
CTETRA,6447,2,2119,821,808,810
CTETRA,6448,2,2119,989,1002,991
CTETRA,6449,2,2119,808,821,1002
CTETRA,6450,2,2119,808,1002,989
CTETRA,6451,2,2119,821,810,1002
CTETRA,6452,2,2119,1002,810,991
CTETRA,6453,2,2119,810,808,991
CTETRA,6454,2,2119,991,808,989
CTETRA,6455,2,2120,663,661,672
CTETRA,6456,2,2120,842,844,853
CTETRA,6457,2,2120,661,663,844
CTETRA,6458,2,2120,661,844,842
CTETRA,6459,2,2120,663,672,853
CTETRA,6460,2,2120,663,853,844
CTETRA,6461,2,2120,672,661,853
CTETRA,6462,2,2120,853,661,842
CTETRA,6463,2,2121,830,829,817
CTETRA,6464,2,2121,1010,1011,998
CTETRA,6465,2,2121,829,830,1011
CTETRA,6466,2,2121,829,1011,1010
CTETRA,6467,2,2121,830,817,1011
CTETRA,6468,2,2121,1011,817,998
CTETRA,6469,2,2121,817,829,1010
CTETRA,6470,2,2121,817,1010,998
CTETRA,6471,2,2122,715,747,717
CTETRA,6472,2,2122,928,896,898
CTETRA,6473,2,2122,747,715,928
CTETRA,6474,2,2122,928,715,896
CTETRA,6475,2,2122,715,717,898
CTETRA,6476,2,2122,715,898,896
CTETRA,6477,2,2122,717,747,928
CTETRA,6478,2,2122,717,928,898
CTETRA,6479,2,2123,823,825,832
CTETRA,6480,2,2123,1006,1004,1013
CTETRA,6481,2,2123,825,823,1006
CTETRA,6482,2,2123,1006,823,1004
CTETRA,6483,2,2123,823,832,1013
CTETRA,6484,2,2123,823,1013,1004
CTETRA,6485,2,2123,832,825,1013
CTETRA,6486,2,2123,1013,825,1006
CTETRA,6487,2,2124,664,666,657
CTETRA,6488,2,2124,847,845,838
CTETRA,6489,2,2124,666,664,847
CTETRA,6490,2,2124,847,664,845
CTETRA,6491,2,2124,664,657,845
CTETRA,6492,2,2124,845,657,838
CTETRA,6493,2,2124,657,666,847
CTETRA,6494,2,2124,657,847,838
CTETRA,6495,2,2125,812,814,823
CTETRA,6496,2,2125,995,993,1004
CTETRA,6497,2,2125,814,812,995
CTETRA,6498,2,2125,995,812,993
CTETRA,6499,2,2125,812,823,1004
CTETRA,6500,2,2125,812,1004,993
CTETRA,6501,2,2125,823,814,1004
CTETRA,6502,2,2125,1004,814,995
CTETRA,6503,2,2126,677,679,664
CTETRA,6504,2,2126,860,858,845
CTETRA,6505,2,2126,679,677,860
CTETRA,6506,2,2126,860,677,858
CTETRA,6507,2,2126,677,664,858
CTETRA,6508,2,2126,858,664,845
CTETRA,6509,2,2126,664,679,860
CTETRA,6510,2,2126,664,860,845
CTETRA,6511,2,2127,795,797,812
CTETRA,6512,2,2127,978,976,993
CTETRA,6513,2,2127,797,795,978
CTETRA,6514,2,2127,978,795,976
CTETRA,6515,2,2127,795,812,993
CTETRA,6516,2,2127,795,993,976
CTETRA,6517,2,2127,812,797,993
CTETRA,6518,2,2127,993,797,978
CTETRA,6519,2,2128,692,694,677
CTETRA,6520,2,2128,875,873,858
CTETRA,6521,2,2128,694,692,875
CTETRA,6522,2,2128,875,692,873
CTETRA,6523,2,2128,692,677,873
CTETRA,6524,2,2128,873,677,858
CTETRA,6525,2,2128,677,694,875
CTETRA,6526,2,2128,677,875,858
CTETRA,6527,2,2129,772,776,795
CTETRA,6528,2,2129,957,953,976
CTETRA,6529,2,2129,776,772,957
CTETRA,6530,2,2129,957,772,953
CTETRA,6531,2,2129,772,795,976
CTETRA,6532,2,2129,772,976,953
CTETRA,6533,2,2129,795,776,976
CTETRA,6534,2,2129,976,776,957
CTETRA,6535,2,2130,715,717,692
CTETRA,6536,2,2130,898,896,873
CTETRA,6537,2,2130,717,715,898
CTETRA,6538,2,2130,898,715,896
CTETRA,6539,2,2130,715,692,896
CTETRA,6540,2,2130,896,692,873
CTETRA,6541,2,2130,692,717,898
CTETRA,6542,2,2130,692,898,873
CTETRA,6543,2,2131,827,832,641
CTETRA,6544,2,2131,1013,1008,640
CTETRA,6545,2,2131,832,827,1013
CTETRA,6546,2,2131,1013,827,1008
CTETRA,6547,2,2131,827,641,640
CTETRA,6548,2,2131,827,640,1008
CTETRA,6549,2,2131,641,832,640
CTETRA,6550,2,2131,640,832,1013
CTETRA,6551,2,2132,658,657,566
CTETRA,6552,2,2132,838,839,565
CTETRA,6553,2,2132,657,658,839
CTETRA,6554,2,2132,657,839,838
CTETRA,6555,2,2132,658,566,839
CTETRA,6556,2,2132,839,566,565
CTETRA,6557,2,2132,566,657,838
CTETRA,6558,2,2132,566,838,565
CTETRA,6559,2,2133,832,827,823
CTETRA,6560,2,2133,1008,1013,1004
CTETRA,6561,2,2133,827,832,1013
CTETRA,6562,2,2133,827,1013,1008
CTETRA,6563,2,2133,832,823,1013
CTETRA,6564,2,2133,1013,823,1004
CTETRA,6565,2,2133,823,827,1008
CTETRA,6566,2,2133,823,1008,1004
CTETRA,6567,2,2134,657,658,664
CTETRA,6568,2,2134,839,838,845
CTETRA,6569,2,2134,658,657,839
CTETRA,6570,2,2134,839,657,838
CTETRA,6571,2,2134,657,664,845
CTETRA,6572,2,2134,657,845,838
CTETRA,6573,2,2134,664,658,845
CTETRA,6574,2,2134,845,658,839
CTETRA,6575,2,2135,823,819,812
CTETRA,6576,2,2135,1000,1004,993
CTETRA,6577,2,2135,819,823,1004
CTETRA,6578,2,2135,819,1004,1000
CTETRA,6579,2,2135,823,812,1004
CTETRA,6580,2,2135,1004,812,993
CTETRA,6581,2,2135,812,819,1000
CTETRA,6582,2,2135,812,1000,993
CTETRA,6583,2,2136,664,665,677
CTETRA,6584,2,2136,846,845,858
CTETRA,6585,2,2136,665,664,846
CTETRA,6586,2,2136,846,664,845
CTETRA,6587,2,2136,664,677,858
CTETRA,6588,2,2136,664,858,845
CTETRA,6589,2,2136,677,665,858
CTETRA,6590,2,2136,858,665,846
CTETRA,6591,2,2137,812,806,795
CTETRA,6592,2,2137,987,993,976
CTETRA,6593,2,2137,806,812,993
CTETRA,6594,2,2137,806,993,987
CTETRA,6595,2,2137,812,795,993
CTETRA,6596,2,2137,993,795,976
CTETRA,6597,2,2137,795,806,987
CTETRA,6598,2,2137,795,987,976
CTETRA,6599,2,2138,677,678,692
CTETRA,6600,2,2138,859,858,873
CTETRA,6601,2,2138,678,677,859
CTETRA,6602,2,2138,859,677,858
CTETRA,6603,2,2138,677,692,873
CTETRA,6604,2,2138,677,873,858
CTETRA,6605,2,2138,692,678,873
CTETRA,6606,2,2138,873,678,859
CTETRA,6607,2,2139,795,791,772
CTETRA,6608,2,2139,972,976,953
CTETRA,6609,2,2139,791,795,976
CTETRA,6610,2,2139,791,976,972
CTETRA,6611,2,2139,795,772,976
CTETRA,6612,2,2139,976,772,953
CTETRA,6613,2,2139,772,791,972
CTETRA,6614,2,2139,772,972,953
CTETRA,6615,2,2140,692,693,715
CTETRA,6616,2,2140,874,873,896
CTETRA,6617,2,2140,693,692,874
CTETRA,6618,2,2140,874,692,873
CTETRA,6619,2,2140,692,715,896
CTETRA,6620,2,2140,692,896,873
CTETRA,6621,2,2140,715,693,896
CTETRA,6622,2,2140,896,693,874
CTETRA,6623,2,2141,641,636,827
CTETRA,6624,2,2141,635,640,1008
CTETRA,6625,2,2141,635,641,640
CTETRA,6626,2,2141,635,636,641
CTETRA,6627,2,2141,641,827,640
CTETRA,6628,2,2141,640,827,1008
CTETRA,6629,2,2141,827,636,635
CTETRA,6630,2,2141,827,635,1008
CTETRA,6631,2,2142,718,747,716
CTETRA,6632,2,2142,928,899,897
CTETRA,6633,2,2142,747,718,928
CTETRA,6634,2,2142,928,718,899
CTETRA,6635,2,2142,718,716,899
CTETRA,6636,2,2142,899,716,897
CTETRA,6637,2,2142,716,747,928
CTETRA,6638,2,2142,716,928,897
CTETRA,6639,2,2143,810,819,821
CTETRA,6640,2,2143,1000,991,1002
CTETRA,6641,2,2143,819,810,1000
CTETRA,6642,2,2143,1000,810,991
CTETRA,6643,2,2143,810,821,1002
CTETRA,6644,2,2143,810,1002,991
CTETRA,6645,2,2143,821,819,1002
CTETRA,6646,2,2143,1002,819,1000
CTETRA,6647,2,2144,673,667,546
CTETRA,6648,2,2144,848,854,545
CTETRA,6649,2,2144,667,673,854
CTETRA,6650,2,2144,667,854,848
CTETRA,6651,2,2144,673,546,854
CTETRA,6652,2,2144,854,546,545
CTETRA,6653,2,2144,546,667,848
CTETRA,6654,2,2144,546,848,545
CTETRA,6655,2,2145,793,774,787
CTETRA,6656,2,2145,955,974,968
CTETRA,6657,2,2145,774,793,974
CTETRA,6658,2,2145,774,974,955
CTETRA,6659,2,2145,793,787,974
CTETRA,6660,2,2145,974,787,968
CTETRA,6661,2,2145,787,774,968
CTETRA,6662,2,2145,968,774,955
CTETRA,6663,2,2146,667,673,675
CTETRA,6664,2,2146,854,848,856
CTETRA,6665,2,2146,673,667,854
CTETRA,6666,2,2146,854,667,848
CTETRA,6667,2,2146,667,675,856
CTETRA,6668,2,2146,667,856,848
CTETRA,6669,2,2146,675,673,856
CTETRA,6670,2,2146,856,673,854
CTETRA,6671,2,2147,787,768,783
CTETRA,6672,2,2147,949,968,964
CTETRA,6673,2,2147,768,787,968
CTETRA,6674,2,2147,768,968,949
CTETRA,6675,2,2147,787,783,968
CTETRA,6676,2,2147,968,783,964
CTETRA,6677,2,2147,783,768,964
CTETRA,6678,2,2147,964,768,949
CTETRA,6679,2,2148,684,675,673
CTETRA,6680,2,2148,856,865,854
CTETRA,6681,2,2148,675,684,865
CTETRA,6682,2,2148,675,865,856
CTETRA,6683,2,2148,684,673,865
CTETRA,6684,2,2148,865,673,854
CTETRA,6685,2,2148,673,675,856
CTETRA,6686,2,2148,673,856,854
CTETRA,6687,2,2149,762,783,768
CTETRA,6688,2,2149,964,943,949
CTETRA,6689,2,2149,783,762,964
CTETRA,6690,2,2149,964,762,943
CTETRA,6691,2,2149,762,768,949
CTETRA,6692,2,2149,762,949,943
CTETRA,6693,2,2149,768,783,964
CTETRA,6694,2,2149,768,964,949
CTETRA,6695,2,2150,675,684,688
CTETRA,6696,2,2150,865,856,869
CTETRA,6697,2,2150,684,675,865
CTETRA,6698,2,2150,865,675,856
CTETRA,6699,2,2150,675,688,869
CTETRA,6700,2,2150,675,869,856
CTETRA,6701,2,2150,688,684,869
CTETRA,6702,2,2150,869,684,865
CTETRA,6703,2,2151,783,762,766
CTETRA,6704,2,2151,943,964,947
CTETRA,6705,2,2151,762,783,964
CTETRA,6706,2,2151,762,964,943
CTETRA,6707,2,2151,783,766,964
CTETRA,6708,2,2151,964,766,947
CTETRA,6709,2,2151,766,762,947
CTETRA,6710,2,2151,947,762,943
CTETRA,6711,2,2152,695,688,684
CTETRA,6712,2,2152,869,876,865
CTETRA,6713,2,2152,688,695,876
CTETRA,6714,2,2152,688,876,869
CTETRA,6715,2,2152,695,684,876
CTETRA,6716,2,2152,876,684,865
CTETRA,6717,2,2152,684,688,869
CTETRA,6718,2,2152,684,869,865
CTETRA,6719,2,2153,758,766,762
CTETRA,6720,2,2153,947,939,943
CTETRA,6721,2,2153,766,758,947
CTETRA,6722,2,2153,947,758,939
CTETRA,6723,2,2153,758,762,943
CTETRA,6724,2,2153,758,943,939
CTETRA,6725,2,2153,762,766,947
CTETRA,6726,2,2153,762,947,943
CTETRA,6727,2,2154,688,695,703
CTETRA,6728,2,2154,876,869,884
CTETRA,6729,2,2154,695,688,876
CTETRA,6730,2,2154,876,688,869
CTETRA,6731,2,2154,688,703,884
CTETRA,6732,2,2154,688,884,869
CTETRA,6733,2,2154,703,695,884
CTETRA,6734,2,2154,884,695,876
CTETRA,6735,2,2155,766,758,756
CTETRA,6736,2,2155,939,947,937
CTETRA,6737,2,2155,758,766,947
CTETRA,6738,2,2155,758,947,939
CTETRA,6739,2,2155,766,756,947
CTETRA,6740,2,2155,947,756,937
CTETRA,6741,2,2155,756,758,939
CTETRA,6742,2,2155,756,939,937
CTETRA,6743,2,2156,709,703,695
CTETRA,6744,2,2156,884,890,876
CTETRA,6745,2,2156,703,709,890
CTETRA,6746,2,2156,703,890,884
CTETRA,6747,2,2156,709,695,890
CTETRA,6748,2,2156,890,695,876
CTETRA,6749,2,2156,695,703,884
CTETRA,6750,2,2156,695,884,876
CTETRA,6751,2,2157,754,756,758
CTETRA,6752,2,2157,937,935,939
CTETRA,6753,2,2157,756,754,937
CTETRA,6754,2,2157,937,754,935
CTETRA,6755,2,2157,754,758,939
CTETRA,6756,2,2157,754,939,935
CTETRA,6757,2,2157,758,756,939
CTETRA,6758,2,2157,939,756,937
CTETRA,6759,2,2158,703,709,724
CTETRA,6760,2,2158,890,884,905
CTETRA,6761,2,2158,709,703,890
CTETRA,6762,2,2158,890,703,884
CTETRA,6763,2,2158,703,724,905
CTETRA,6764,2,2158,703,905,884
CTETRA,6765,2,2158,724,709,905
CTETRA,6766,2,2158,905,709,890
CTETRA,6767,2,2159,621,616,774
CTETRA,6768,2,2159,615,620,955
CTETRA,6769,2,2159,615,616,621
CTETRA,6770,2,2159,615,621,620
CTETRA,6771,2,2159,621,774,620
CTETRA,6772,2,2159,620,774,955
CTETRA,6773,2,2159,774,616,955
CTETRA,6774,2,2159,955,616,615
CTETRA,6775,2,2160,730,724,709
CTETRA,6776,2,2160,905,911,890
CTETRA,6777,2,2160,724,730,911
CTETRA,6778,2,2160,724,911,905
CTETRA,6779,2,2160,730,709,911
CTETRA,6780,2,2160,911,709,890
CTETRA,6781,2,2160,709,724,905
CTETRA,6782,2,2160,709,905,890
CTETRA,6783,2,2161,752,774,616
CTETRA,6784,2,2161,955,933,615
CTETRA,6785,2,2161,774,752,955
CTETRA,6786,2,2161,955,752,933
CTETRA,6787,2,2161,752,616,615
CTETRA,6788,2,2161,752,615,933
CTETRA,6789,2,2161,616,774,955
CTETRA,6790,2,2161,616,955,615
CTETRA,6791,2,2162,546,541,673
CTETRA,6792,2,2162,540,545,854
CTETRA,6793,2,2162,540,541,546
CTETRA,6794,2,2162,540,546,545
CTETRA,6795,2,2162,546,673,854
CTETRA,6796,2,2162,546,854,545
CTETRA,6797,2,2162,673,541,540
CTETRA,6798,2,2162,673,540,854
CTETRA,6799,2,2163,748,747,754
CTETRA,6800,2,2163,928,929,935
CTETRA,6801,2,2163,747,748,929
CTETRA,6802,2,2163,747,929,928
CTETRA,6803,2,2163,748,754,935
CTETRA,6804,2,2163,748,935,929
CTETRA,6805,2,2163,754,747,935
CTETRA,6806,2,2163,935,747,928
CTETRA,6807,2,2164,686,673,541
CTETRA,6808,2,2164,854,867,540
CTETRA,6809,2,2164,673,686,867
CTETRA,6810,2,2164,673,867,854
CTETRA,6811,2,2164,686,541,867
CTETRA,6812,2,2164,867,541,540
CTETRA,6813,2,2164,541,673,540
CTETRA,6814,2,2164,540,673,854
CTETRA,6815,2,2165,774,752,768
CTETRA,6816,2,2165,933,955,949
CTETRA,6817,2,2165,752,774,955
CTETRA,6818,2,2165,752,955,933
CTETRA,6819,2,2165,774,768,955
CTETRA,6820,2,2165,955,768,949
CTETRA,6821,2,2165,768,752,949
CTETRA,6822,2,2165,949,752,933
CTETRA,6823,2,2166,734,747,730
CTETRA,6824,2,2166,928,915,911
CTETRA,6825,2,2166,747,734,928
CTETRA,6826,2,2166,928,734,915
CTETRA,6827,2,2166,734,730,915
CTETRA,6828,2,2166,915,730,911
CTETRA,6829,2,2166,730,747,928
CTETRA,6830,2,2166,730,928,911
CTETRA,6831,2,2167,751,768,752
CTETRA,6832,2,2167,949,932,933
CTETRA,6833,2,2167,768,751,949
CTETRA,6834,2,2167,949,751,932
CTETRA,6835,2,2167,751,752,933
CTETRA,6836,2,2167,751,933,932
CTETRA,6837,2,2167,752,768,949
CTETRA,6838,2,2167,752,949,933
CTETRA,6839,2,2168,673,686,684
CTETRA,6840,2,2168,867,854,865
CTETRA,6841,2,2168,686,673,867
CTETRA,6842,2,2168,867,673,854
CTETRA,6843,2,2168,673,684,865
CTETRA,6844,2,2168,673,865,854
CTETRA,6845,2,2168,684,686,867
CTETRA,6846,2,2168,684,867,865
CTETRA,6847,2,2169,768,751,762
CTETRA,6848,2,2169,932,949,943
CTETRA,6849,2,2169,751,768,949
CTETRA,6850,2,2169,751,949,932
CTETRA,6851,2,2169,768,762,949
CTETRA,6852,2,2169,949,762,943
CTETRA,6853,2,2169,762,751,943
CTETRA,6854,2,2169,943,751,932
CTETRA,6855,2,2170,690,684,686
CTETRA,6856,2,2170,865,871,867
CTETRA,6857,2,2170,684,690,871
CTETRA,6858,2,2170,684,871,865
CTETRA,6859,2,2170,690,686,871
CTETRA,6860,2,2170,871,686,867
CTETRA,6861,2,2170,686,684,867
CTETRA,6862,2,2170,867,684,865
CTETRA,6863,2,2171,750,762,751
CTETRA,6864,2,2171,943,931,932
CTETRA,6865,2,2171,762,750,943
CTETRA,6866,2,2171,943,750,931
CTETRA,6867,2,2171,750,751,932
CTETRA,6868,2,2171,750,932,931
CTETRA,6869,2,2171,751,762,943
CTETRA,6870,2,2171,751,943,932
CTETRA,6871,2,2172,684,690,695
CTETRA,6872,2,2172,871,865,876
CTETRA,6873,2,2172,690,684,871
CTETRA,6874,2,2172,871,684,865
CTETRA,6875,2,2172,684,695,876
CTETRA,6876,2,2172,684,876,865
CTETRA,6877,2,2172,695,690,876
CTETRA,6878,2,2172,876,690,871
CTETRA,6879,2,2173,762,750,758
CTETRA,6880,2,2173,931,943,939
CTETRA,6881,2,2173,750,762,943
CTETRA,6882,2,2173,750,943,931
CTETRA,6883,2,2173,762,758,943
CTETRA,6884,2,2173,943,758,939
CTETRA,6885,2,2173,758,750,939
CTETRA,6886,2,2173,939,750,931
CTETRA,6887,2,2174,705,695,690
CTETRA,6888,2,2174,876,886,871
CTETRA,6889,2,2174,695,705,886
CTETRA,6890,2,2174,695,886,876
CTETRA,6891,2,2174,705,690,886
CTETRA,6892,2,2174,886,690,871
CTETRA,6893,2,2174,690,695,876
CTETRA,6894,2,2174,690,876,871
CTETRA,6895,2,2175,749,758,750
CTETRA,6896,2,2175,939,930,931
CTETRA,6897,2,2175,758,749,939
CTETRA,6898,2,2175,939,749,930
CTETRA,6899,2,2175,749,750,931
CTETRA,6900,2,2175,749,931,930
CTETRA,6901,2,2175,750,758,939
CTETRA,6902,2,2175,750,939,931
CTETRA,6903,2,2176,695,705,709
CTETRA,6904,2,2176,886,876,890
CTETRA,6905,2,2176,705,695,886
CTETRA,6906,2,2176,886,695,876
CTETRA,6907,2,2176,695,709,890
CTETRA,6908,2,2176,695,890,876
CTETRA,6909,2,2176,709,705,890
CTETRA,6910,2,2176,890,705,886
CTETRA,6911,2,2177,758,749,754
CTETRA,6912,2,2177,930,939,935
CTETRA,6913,2,2177,749,758,939
CTETRA,6914,2,2177,749,939,930
CTETRA,6915,2,2177,758,754,939
CTETRA,6916,2,2177,939,754,935
CTETRA,6917,2,2177,754,749,935
CTETRA,6918,2,2177,935,749,930
CTETRA,6919,2,2178,713,709,705
CTETRA,6920,2,2178,890,894,886
CTETRA,6921,2,2178,709,713,894
CTETRA,6922,2,2178,709,894,890
CTETRA,6923,2,2178,713,705,894
CTETRA,6924,2,2178,894,705,886
CTETRA,6925,2,2178,705,709,890
CTETRA,6926,2,2178,705,890,886
CTETRA,6927,2,2179,748,754,749
CTETRA,6928,2,2179,935,929,930
CTETRA,6929,2,2179,754,748,935
CTETRA,6930,2,2179,935,748,929
CTETRA,6931,2,2179,748,749,930
CTETRA,6932,2,2179,748,930,929
CTETRA,6933,2,2179,749,754,935
CTETRA,6934,2,2179,749,935,930
CTETRA,6935,2,2180,709,713,730
CTETRA,6936,2,2180,894,890,911
CTETRA,6937,2,2180,713,709,894
CTETRA,6938,2,2180,894,709,890
CTETRA,6939,2,2180,709,730,911
CTETRA,6940,2,2180,709,911,890
CTETRA,6941,2,2180,730,713,911
CTETRA,6942,2,2180,911,713,894
CTETRA,6943,2,2181,616,611,752
CTETRA,6944,2,2181,610,615,933
CTETRA,6945,2,2181,610,611,616
CTETRA,6946,2,2181,610,616,615
CTETRA,6947,2,2181,616,752,615
CTETRA,6948,2,2181,615,752,933
CTETRA,6949,2,2181,752,611,933
CTETRA,6950,2,2181,933,611,610
CTETRA,6951,2,2182,734,730,713
CTETRA,6952,2,2182,911,915,894
CTETRA,6953,2,2182,730,734,915
CTETRA,6954,2,2182,730,915,911
CTETRA,6955,2,2182,734,713,915
CTETRA,6956,2,2182,915,713,894
CTETRA,6957,2,2182,713,730,911
CTETRA,6958,2,2182,713,911,894
CTETRA,6959,2,2183,721,752,611
CTETRA,6960,2,2183,933,902,610
CTETRA,6961,2,2183,752,721,933
CTETRA,6962,2,2183,933,721,902
CTETRA,6963,2,2183,721,611,902
CTETRA,6964,2,2183,902,611,610
CTETRA,6965,2,2183,611,752,933
CTETRA,6966,2,2183,611,933,610
CTETRA,6967,2,2184,541,536,686
CTETRA,6968,2,2184,535,540,867
CTETRA,6969,2,2184,535,536,541
CTETRA,6970,2,2184,535,541,540
CTETRA,6971,2,2184,541,686,867
CTETRA,6972,2,2184,541,867,540
CTETRA,6973,2,2184,686,536,535
CTETRA,6974,2,2184,686,535,867
CTETRA,6975,2,2185,741,747,748
CTETRA,6976,2,2185,928,922,929
CTETRA,6977,2,2185,747,741,928
CTETRA,6978,2,2185,928,741,922
CTETRA,6979,2,2185,741,748,929
CTETRA,6980,2,2185,741,929,922
CTETRA,6981,2,2185,748,747,929
CTETRA,6982,2,2185,929,747,928
CTETRA,6983,2,2186,701,686,536
CTETRA,6984,2,2186,867,882,535
CTETRA,6985,2,2186,686,701,882
CTETRA,6986,2,2186,686,882,867
CTETRA,6987,2,2186,701,536,882
CTETRA,6988,2,2186,882,536,535
CTETRA,6989,2,2186,536,686,535
CTETRA,6990,2,2186,535,686,867
CTETRA,6991,2,2187,752,721,751
CTETRA,6992,2,2187,902,933,932
CTETRA,6993,2,2187,721,752,933
CTETRA,6994,2,2187,721,933,902
CTETRA,6995,2,2187,752,751,933
CTETRA,6996,2,2187,933,751,932
CTETRA,6997,2,2187,751,721,932
CTETRA,6998,2,2187,932,721,902
CTETRA,6999,2,2188,738,747,734
CTETRA,7000,2,2188,928,919,915
CTETRA,7001,2,2188,747,738,928
CTETRA,7002,2,2188,928,738,919
CTETRA,7003,2,2188,738,734,919
CTETRA,7004,2,2188,919,734,915
CTETRA,7005,2,2188,734,747,928
CTETRA,7006,2,2188,734,928,915
CTETRA,7007,2,2189,727,751,721
CTETRA,7008,2,2189,932,908,902
CTETRA,7009,2,2189,751,727,932
CTETRA,7010,2,2189,932,727,908
CTETRA,7011,2,2189,727,721,908
CTETRA,7012,2,2189,908,721,902
CTETRA,7013,2,2189,721,751,932
CTETRA,7014,2,2189,721,932,902
CTETRA,7015,2,2190,686,701,690
CTETRA,7016,2,2190,882,867,871
CTETRA,7017,2,2190,701,686,882
CTETRA,7018,2,2190,882,686,867
CTETRA,7019,2,2190,686,690,871
CTETRA,7020,2,2190,686,871,867
CTETRA,7021,2,2190,690,701,882
CTETRA,7022,2,2190,690,882,871
CTETRA,7023,2,2191,751,727,750
CTETRA,7024,2,2191,908,932,931
CTETRA,7025,2,2191,727,751,932
CTETRA,7026,2,2191,727,932,908
CTETRA,7027,2,2191,751,750,932
CTETRA,7028,2,2191,932,750,931
CTETRA,7029,2,2191,750,727,931
CTETRA,7030,2,2191,931,727,908
CTETRA,7031,2,2192,707,690,701
CTETRA,7032,2,2192,871,888,882
CTETRA,7033,2,2192,690,707,888
CTETRA,7034,2,2192,690,888,871
CTETRA,7035,2,2192,707,701,888
CTETRA,7036,2,2192,888,701,882
CTETRA,7037,2,2192,701,690,882
CTETRA,7038,2,2192,882,690,871
CTETRA,7039,2,2193,733,750,727
CTETRA,7040,2,2193,931,914,908
CTETRA,7041,2,2193,750,733,931
CTETRA,7042,2,2193,931,733,914
CTETRA,7043,2,2193,733,727,914
CTETRA,7044,2,2193,914,727,908
CTETRA,7045,2,2193,727,750,931
CTETRA,7046,2,2193,727,931,908
CTETRA,7047,2,2194,690,707,705
CTETRA,7048,2,2194,888,871,886
CTETRA,7049,2,2194,707,690,888
CTETRA,7050,2,2194,888,690,871
CTETRA,7051,2,2194,690,705,886
CTETRA,7052,2,2194,690,886,871
CTETRA,7053,2,2194,705,707,888
CTETRA,7054,2,2194,705,888,886
CTETRA,7055,2,2195,750,733,749
CTETRA,7056,2,2195,914,931,930
CTETRA,7057,2,2195,733,750,931
CTETRA,7058,2,2195,733,931,914
CTETRA,7059,2,2195,750,749,931
CTETRA,7060,2,2195,931,749,930
CTETRA,7061,2,2195,749,733,930
CTETRA,7062,2,2195,930,733,914
CTETRA,7063,2,2196,711,705,707
CTETRA,7064,2,2196,886,892,888
CTETRA,7065,2,2196,705,711,892
CTETRA,7066,2,2196,705,892,886
CTETRA,7067,2,2196,711,707,892
CTETRA,7068,2,2196,892,707,888
CTETRA,7069,2,2196,707,705,888
CTETRA,7070,2,2196,888,705,886
CTETRA,7071,2,2197,737,749,733
CTETRA,7072,2,2197,930,918,914
CTETRA,7073,2,2197,749,737,930
CTETRA,7074,2,2197,930,737,918
CTETRA,7075,2,2197,737,733,918
CTETRA,7076,2,2197,918,733,914
CTETRA,7077,2,2197,733,749,930
CTETRA,7078,2,2197,733,930,914
CTETRA,7079,2,2198,705,711,713
CTETRA,7080,2,2198,892,886,894
CTETRA,7081,2,2198,711,705,892
CTETRA,7082,2,2198,892,705,886
CTETRA,7083,2,2198,705,713,894
CTETRA,7084,2,2198,705,894,886
CTETRA,7085,2,2198,713,711,894
CTETRA,7086,2,2198,894,711,892
CTETRA,7087,2,2199,749,737,748
CTETRA,7088,2,2199,918,930,929
CTETRA,7089,2,2199,737,749,930
CTETRA,7090,2,2199,737,930,918
CTETRA,7091,2,2199,749,748,930
CTETRA,7092,2,2199,930,748,929
CTETRA,7093,2,2199,748,737,929
CTETRA,7094,2,2199,929,737,918
CTETRA,7095,2,2200,728,713,711
CTETRA,7096,2,2200,894,909,892
CTETRA,7097,2,2200,713,728,909
CTETRA,7098,2,2200,713,909,894
CTETRA,7099,2,2200,728,711,909
CTETRA,7100,2,2200,909,711,892
CTETRA,7101,2,2200,711,713,894
CTETRA,7102,2,2200,711,894,892
CTETRA,7103,2,2201,741,748,737
CTETRA,7104,2,2201,929,922,918
CTETRA,7105,2,2201,748,741,929
CTETRA,7106,2,2201,929,741,922
CTETRA,7107,2,2201,741,737,922
CTETRA,7108,2,2201,922,737,918
CTETRA,7109,2,2201,737,748,929
CTETRA,7110,2,2201,737,929,918
CTETRA,7111,2,2202,713,728,734
CTETRA,7112,2,2202,909,894,915
CTETRA,7113,2,2202,728,713,909
CTETRA,7114,2,2202,909,713,894
CTETRA,7115,2,2202,713,734,915
CTETRA,7116,2,2202,713,915,894
CTETRA,7117,2,2202,734,728,915
CTETRA,7118,2,2202,915,728,909
CTETRA,7119,2,2203,611,606,721
CTETRA,7120,2,2203,605,610,902
CTETRA,7121,2,2203,605,606,611
CTETRA,7122,2,2203,605,611,610
CTETRA,7123,2,2203,611,721,902
CTETRA,7124,2,2203,611,902,610
CTETRA,7125,2,2203,721,606,902
CTETRA,7126,2,2203,902,606,605
CTETRA,7127,2,2204,738,734,728
CTETRA,7128,2,2204,915,919,909
CTETRA,7129,2,2204,734,738,919
CTETRA,7130,2,2204,734,919,915
CTETRA,7131,2,2204,738,728,919
CTETRA,7132,2,2204,919,728,909
CTETRA,7133,2,2204,728,734,915
CTETRA,7134,2,2204,728,915,909
CTETRA,7135,2,2205,702,721,606
CTETRA,7136,2,2205,902,883,605
CTETRA,7137,2,2205,721,702,902
CTETRA,7138,2,2205,902,702,883
CTETRA,7139,2,2205,702,606,883
CTETRA,7140,2,2205,883,606,605
CTETRA,7141,2,2205,606,721,902
CTETRA,7142,2,2205,606,902,605
CTETRA,7143,2,2206,536,531,701
CTETRA,7144,2,2206,530,535,882
CTETRA,7145,2,2206,530,536,535
CTETRA,7146,2,2206,530,531,536
CTETRA,7147,2,2206,536,701,882
CTETRA,7148,2,2206,536,882,535
CTETRA,7149,2,2206,701,531,530
CTETRA,7150,2,2206,701,530,882
CTETRA,7151,2,2207,739,747,741
CTETRA,7152,2,2207,928,920,922
CTETRA,7153,2,2207,747,739,928
CTETRA,7154,2,2207,928,739,920
CTETRA,7155,2,2207,739,741,922
CTETRA,7156,2,2207,739,922,920
CTETRA,7157,2,2207,741,747,928
CTETRA,7158,2,2207,741,928,922
CTETRA,7159,2,2208,720,701,531
CTETRA,7160,2,2208,882,901,530
CTETRA,7161,2,2208,701,720,901
CTETRA,7162,2,2208,701,901,882
CTETRA,7163,2,2208,720,531,901
CTETRA,7164,2,2208,901,531,530
CTETRA,7165,2,2208,531,701,530
CTETRA,7166,2,2208,530,701,882
CTETRA,7167,2,2209,721,702,727
CTETRA,7168,2,2209,883,902,908
CTETRA,7169,2,2209,702,721,902
CTETRA,7170,2,2209,702,902,883
CTETRA,7171,2,2209,721,727,908
CTETRA,7172,2,2209,721,908,902
CTETRA,7173,2,2209,727,702,908
CTETRA,7174,2,2209,908,702,883
CTETRA,7175,2,2210,740,747,738
CTETRA,7176,2,2210,928,921,919
CTETRA,7177,2,2210,747,740,928
CTETRA,7178,2,2210,928,740,921
CTETRA,7179,2,2210,740,738,921
CTETRA,7180,2,2210,921,738,919
CTETRA,7181,2,2210,738,747,928
CTETRA,7182,2,2210,738,928,919
CTETRA,7183,2,2211,708,727,702
CTETRA,7184,2,2211,908,889,883
CTETRA,7185,2,2211,727,708,908
CTETRA,7186,2,2211,908,708,889
CTETRA,7187,2,2211,708,702,889
CTETRA,7188,2,2211,889,702,883
CTETRA,7189,2,2211,702,727,908
CTETRA,7190,2,2211,702,908,883
CTETRA,7191,2,2212,701,720,707
CTETRA,7192,2,2212,901,882,888
CTETRA,7193,2,2212,720,701,901
CTETRA,7194,2,2212,901,701,882
CTETRA,7195,2,2212,701,707,888
CTETRA,7196,2,2212,701,888,882
CTETRA,7197,2,2212,707,720,901
CTETRA,7198,2,2212,707,901,888
CTETRA,7199,2,2213,727,708,733
CTETRA,7200,2,2213,889,908,914
CTETRA,7201,2,2213,708,727,908
CTETRA,7202,2,2213,708,908,889
CTETRA,7203,2,2213,727,733,914
CTETRA,7204,2,2213,727,914,908
CTETRA,7205,2,2213,733,708,914
CTETRA,7206,2,2213,914,708,889
CTETRA,7207,2,2214,726,707,720
CTETRA,7208,2,2214,888,907,901
CTETRA,7209,2,2214,707,726,907
CTETRA,7210,2,2214,707,907,888
CTETRA,7211,2,2214,726,720,907
CTETRA,7212,2,2214,907,720,901
CTETRA,7213,2,2214,720,707,901
CTETRA,7214,2,2214,901,707,888
CTETRA,7215,2,2215,712,733,708
CTETRA,7216,2,2215,914,893,889
CTETRA,7217,2,2215,733,712,914
CTETRA,7218,2,2215,914,712,893
CTETRA,7219,2,2215,712,708,893
CTETRA,7220,2,2215,893,708,889
CTETRA,7221,2,2215,708,733,914
CTETRA,7222,2,2215,708,914,889
CTETRA,7223,2,2216,707,726,711
CTETRA,7224,2,2216,907,888,892
CTETRA,7225,2,2216,726,707,907
CTETRA,7226,2,2216,907,707,888
CTETRA,7227,2,2216,707,711,892
CTETRA,7228,2,2216,707,892,888
CTETRA,7229,2,2216,711,726,907
CTETRA,7230,2,2216,711,907,892
CTETRA,7231,2,2217,733,712,737
CTETRA,7232,2,2217,893,914,918
CTETRA,7233,2,2217,712,733,914
CTETRA,7234,2,2217,712,914,893
CTETRA,7235,2,2217,733,737,918
CTETRA,7236,2,2217,733,918,914
CTETRA,7237,2,2217,737,712,918
CTETRA,7238,2,2217,918,712,893
CTETRA,7239,2,2218,732,711,726
CTETRA,7240,2,2218,892,913,907
CTETRA,7241,2,2218,711,732,913
CTETRA,7242,2,2218,711,913,892
CTETRA,7243,2,2218,732,726,913
CTETRA,7244,2,2218,913,726,907
CTETRA,7245,2,2218,726,711,907
CTETRA,7246,2,2218,907,711,892
CTETRA,7247,2,2219,729,737,712
CTETRA,7248,2,2219,918,910,893
CTETRA,7249,2,2219,737,729,918
CTETRA,7250,2,2219,918,729,910
CTETRA,7251,2,2219,729,712,910
CTETRA,7252,2,2219,910,712,893
CTETRA,7253,2,2219,712,737,918
CTETRA,7254,2,2219,712,918,893
CTETRA,7255,2,2220,711,732,728
CTETRA,7256,2,2220,913,892,909
CTETRA,7257,2,2220,732,711,913
CTETRA,7258,2,2220,913,711,892
CTETRA,7259,2,2220,711,728,909
CTETRA,7260,2,2220,711,909,892
CTETRA,7261,2,2220,728,732,913
CTETRA,7262,2,2220,728,913,909
CTETRA,7263,2,2221,737,729,741
CTETRA,7264,2,2221,910,918,922
CTETRA,7265,2,2221,729,737,918
CTETRA,7266,2,2221,729,918,910
CTETRA,7267,2,2221,737,741,922
CTETRA,7268,2,2221,737,922,918
CTETRA,7269,2,2221,741,729,922
CTETRA,7270,2,2221,922,729,910
CTETRA,7271,2,2222,736,728,732
CTETRA,7272,2,2222,909,917,913
CTETRA,7273,2,2222,728,736,917
CTETRA,7274,2,2222,728,917,909
CTETRA,7275,2,2222,736,732,917
CTETRA,7276,2,2222,917,732,913
CTETRA,7277,2,2222,732,728,913
CTETRA,7278,2,2222,913,728,909
CTETRA,7279,2,2223,739,741,729
CTETRA,7280,2,2223,922,920,910
CTETRA,7281,2,2223,741,739,922
CTETRA,7282,2,2223,922,739,920
CTETRA,7283,2,2223,739,729,920
CTETRA,7284,2,2223,920,729,910
CTETRA,7285,2,2223,729,741,922
CTETRA,7286,2,2223,729,922,910
CTETRA,7287,2,2224,728,736,738
CTETRA,7288,2,2224,917,909,919
CTETRA,7289,2,2224,736,728,917
CTETRA,7290,2,2224,917,728,909
CTETRA,7291,2,2224,728,738,919
CTETRA,7292,2,2224,728,919,909
CTETRA,7293,2,2224,738,736,919
CTETRA,7294,2,2224,919,736,917
CTETRA,7295,2,2225,606,601,702
CTETRA,7296,2,2225,600,605,883
CTETRA,7297,2,2225,600,601,606
CTETRA,7298,2,2225,600,606,605
CTETRA,7299,2,2225,606,702,883
CTETRA,7300,2,2225,606,883,605
CTETRA,7301,2,2225,702,601,883
CTETRA,7302,2,2225,883,601,600
CTETRA,7303,2,2226,740,738,736
CTETRA,7304,2,2226,919,921,917
CTETRA,7305,2,2226,738,740,921
CTETRA,7306,2,2226,738,921,919
CTETRA,7307,2,2226,740,736,921
CTETRA,7308,2,2226,921,736,917
CTETRA,7309,2,2226,736,738,919
CTETRA,7310,2,2226,736,919,917
CTETRA,7311,2,2227,687,702,601
CTETRA,7312,2,2227,883,868,600
CTETRA,7313,2,2227,702,687,883
CTETRA,7314,2,2227,883,687,868
CTETRA,7315,2,2227,687,601,868
CTETRA,7316,2,2227,868,601,600
CTETRA,7317,2,2227,601,702,883
CTETRA,7318,2,2227,601,883,600
CTETRA,7319,2,2228,531,477,720
CTETRA,7320,2,2228,479,530,901
CTETRA,7321,2,2228,479,531,530
CTETRA,7322,2,2228,479,477,531
CTETRA,7323,2,2228,531,720,901
CTETRA,7324,2,2228,531,901,530
CTETRA,7325,2,2228,720,477,479
CTETRA,7326,2,2228,720,479,901
CTETRA,7327,2,2229,735,747,739
CTETRA,7328,2,2229,928,916,920
CTETRA,7329,2,2229,747,735,928
CTETRA,7330,2,2229,928,735,916
CTETRA,7331,2,2229,735,739,920
CTETRA,7332,2,2229,735,920,916
CTETRA,7333,2,2229,739,747,928
CTETRA,7334,2,2229,739,928,920
CTETRA,7335,2,2230,742,720,477
CTETRA,7336,2,2230,901,923,479
CTETRA,7337,2,2230,720,742,923
CTETRA,7338,2,2230,720,923,901
CTETRA,7339,2,2230,742,477,923
CTETRA,7340,2,2230,923,477,479
CTETRA,7341,2,2230,477,720,479
CTETRA,7342,2,2230,479,720,901
CTETRA,7343,2,2231,702,687,708
CTETRA,7344,2,2231,868,883,889
CTETRA,7345,2,2231,687,702,883
CTETRA,7346,2,2231,687,883,868
CTETRA,7347,2,2231,702,708,889
CTETRA,7348,2,2231,702,889,883
CTETRA,7349,2,2231,708,687,889
CTETRA,7350,2,2231,889,687,868
CTETRA,7351,2,2232,746,747,740
CTETRA,7352,2,2232,928,927,921
CTETRA,7353,2,2232,747,746,928
CTETRA,7354,2,2232,928,746,927
CTETRA,7355,2,2232,746,740,927
CTETRA,7356,2,2232,927,740,921
CTETRA,7357,2,2232,740,747,928
CTETRA,7358,2,2232,740,928,921
CTETRA,7359,2,2233,691,708,687
CTETRA,7360,2,2233,889,872,868
CTETRA,7361,2,2233,708,691,889
CTETRA,7362,2,2233,889,691,872
CTETRA,7363,2,2233,691,687,872
CTETRA,7364,2,2233,872,687,868
CTETRA,7365,2,2233,687,708,889
CTETRA,7366,2,2233,687,889,868
CTETRA,7367,2,2234,742,743,720
CTETRA,7368,2,2234,924,923,901
CTETRA,7369,2,2234,743,742,924
CTETRA,7370,2,2234,924,742,923
CTETRA,7371,2,2234,742,720,923
CTETRA,7372,2,2234,923,720,901
CTETRA,7373,2,2234,720,743,924
CTETRA,7374,2,2234,720,924,901
CTETRA,7375,2,2235,708,691,712
CTETRA,7376,2,2235,872,889,893
CTETRA,7377,2,2235,691,708,889
CTETRA,7378,2,2235,691,889,872
CTETRA,7379,2,2235,708,712,893
CTETRA,7380,2,2235,708,893,889
CTETRA,7381,2,2235,712,691,893
CTETRA,7382,2,2235,893,691,872
CTETRA,7383,2,2236,726,720,743
CTETRA,7384,2,2236,901,907,924
CTETRA,7385,2,2236,720,726,907
CTETRA,7386,2,2236,720,907,901
CTETRA,7387,2,2236,726,743,924
CTETRA,7388,2,2236,726,924,907
CTETRA,7389,2,2236,743,720,924
CTETRA,7390,2,2236,924,720,901
CTETRA,7391,2,2237,706,712,691
CTETRA,7392,2,2237,893,887,872
CTETRA,7393,2,2237,712,706,893
CTETRA,7394,2,2237,893,706,887
CTETRA,7395,2,2237,706,691,887
CTETRA,7396,2,2237,887,691,872
CTETRA,7397,2,2237,691,712,893
CTETRA,7398,2,2237,691,893,872
CTETRA,7399,2,2238,743,744,726
CTETRA,7400,2,2238,925,924,907
CTETRA,7401,2,2238,744,743,925
CTETRA,7402,2,2238,925,743,924
CTETRA,7403,2,2238,743,726,924
CTETRA,7404,2,2238,924,726,907
CTETRA,7405,2,2238,726,744,925
CTETRA,7406,2,2238,726,925,907
CTETRA,7407,2,2239,712,706,729
CTETRA,7408,2,2239,887,893,910
CTETRA,7409,2,2239,706,712,893
CTETRA,7410,2,2239,706,893,887
CTETRA,7411,2,2239,712,729,910
CTETRA,7412,2,2239,712,910,893
CTETRA,7413,2,2239,729,706,910
CTETRA,7414,2,2239,910,706,887
CTETRA,7415,2,2240,732,726,744
CTETRA,7416,2,2240,907,913,925
CTETRA,7417,2,2240,726,732,913
CTETRA,7418,2,2240,726,913,907
CTETRA,7419,2,2240,732,744,925
CTETRA,7420,2,2240,732,925,913
CTETRA,7421,2,2240,744,726,925
CTETRA,7422,2,2240,925,726,907
CTETRA,7423,2,2241,714,729,706
CTETRA,7424,2,2241,910,895,887
CTETRA,7425,2,2241,729,714,910
CTETRA,7426,2,2241,910,714,895
CTETRA,7427,2,2241,714,706,895
CTETRA,7428,2,2241,895,706,887
CTETRA,7429,2,2241,706,729,910
CTETRA,7430,2,2241,706,910,887
CTETRA,7431,2,2242,744,745,732
CTETRA,7432,2,2242,926,925,913
CTETRA,7433,2,2242,745,744,926
CTETRA,7434,2,2242,926,744,925
CTETRA,7435,2,2242,744,732,925
CTETRA,7436,2,2242,925,732,913
CTETRA,7437,2,2242,732,745,926
CTETRA,7438,2,2242,732,926,913
CTETRA,7439,2,2243,729,714,739
CTETRA,7440,2,2243,895,910,920
CTETRA,7441,2,2243,714,729,910
CTETRA,7442,2,2243,714,910,895
CTETRA,7443,2,2243,729,739,920
CTETRA,7444,2,2243,729,920,910
CTETRA,7445,2,2243,739,714,920
CTETRA,7446,2,2243,920,714,895
CTETRA,7447,2,2244,736,732,745
CTETRA,7448,2,2244,913,917,926
CTETRA,7449,2,2244,732,736,917
CTETRA,7450,2,2244,732,917,913
CTETRA,7451,2,2244,736,745,926
CTETRA,7452,2,2244,736,926,917
CTETRA,7453,2,2244,745,732,926
CTETRA,7454,2,2244,926,732,913
CTETRA,7455,2,2245,735,739,714
CTETRA,7456,2,2245,920,916,895
CTETRA,7457,2,2245,739,735,920
CTETRA,7458,2,2245,920,735,916
CTETRA,7459,2,2245,735,714,916
CTETRA,7460,2,2245,916,714,895
CTETRA,7461,2,2245,714,739,920
CTETRA,7462,2,2245,714,920,895
CTETRA,7463,2,2246,745,746,736
CTETRA,7464,2,2246,927,926,917
CTETRA,7465,2,2246,746,745,927
CTETRA,7466,2,2246,927,745,926
CTETRA,7467,2,2246,745,736,926
CTETRA,7468,2,2246,926,736,917
CTETRA,7469,2,2246,736,746,927
CTETRA,7470,2,2246,736,927,917
CTETRA,7471,2,2247,601,596,687
CTETRA,7472,2,2247,595,600,868
CTETRA,7473,2,2247,595,601,600
CTETRA,7474,2,2247,595,596,601
CTETRA,7475,2,2247,601,687,868
CTETRA,7476,2,2247,601,868,600
CTETRA,7477,2,2247,687,596,868
CTETRA,7478,2,2247,868,596,595
CTETRA,7479,2,2248,740,736,746
CTETRA,7480,2,2248,917,921,927
CTETRA,7481,2,2248,736,740,921
CTETRA,7482,2,2248,736,921,917
CTETRA,7483,2,2248,740,746,927
CTETRA,7484,2,2248,740,927,921
CTETRA,7485,2,2248,746,736,927
CTETRA,7486,2,2248,927,736,917
CTETRA,7487,2,2249,674,687,596
CTETRA,7488,2,2249,868,855,595
CTETRA,7489,2,2249,687,674,868
CTETRA,7490,2,2249,868,674,855
CTETRA,7491,2,2249,674,596,855
CTETRA,7492,2,2249,855,596,595
CTETRA,7493,2,2249,596,687,868
CTETRA,7494,2,2249,596,868,595
CTETRA,7495,2,2250,477,478,742
CTETRA,7496,2,2250,480,479,923
CTETRA,7497,2,2250,477,479,480
CTETRA,7498,2,2250,477,480,478
CTETRA,7499,2,2250,477,742,923
CTETRA,7500,2,2250,477,923,479
CTETRA,7501,2,2250,742,478,480
CTETRA,7502,2,2250,742,480,923
CTETRA,7503,2,2251,731,747,735
CTETRA,7504,2,2251,928,912,916
CTETRA,7505,2,2251,747,731,928
CTETRA,7506,2,2251,928,731,912
CTETRA,7507,2,2251,731,735,916
CTETRA,7508,2,2251,731,916,912
CTETRA,7509,2,2251,735,747,928
CTETRA,7510,2,2251,735,928,916
CTETRA,7511,2,2252,773,742,478
CTETRA,7512,2,2252,923,954,480
CTETRA,7513,2,2252,742,773,954
CTETRA,7514,2,2252,742,954,923
CTETRA,7515,2,2252,773,478,480
CTETRA,7516,2,2252,773,480,954
CTETRA,7517,2,2252,478,742,480
CTETRA,7518,2,2252,480,742,923
CTETRA,7519,2,2253,687,674,691
CTETRA,7520,2,2253,855,868,872
CTETRA,7521,2,2253,674,687,868
CTETRA,7522,2,2253,674,868,855
CTETRA,7523,2,2253,687,691,872
CTETRA,7524,2,2253,687,872,868
CTETRA,7525,2,2253,691,674,872
CTETRA,7526,2,2253,872,674,855
CTETRA,7527,2,2254,753,747,746
CTETRA,7528,2,2254,928,934,927
CTETRA,7529,2,2254,747,753,934
CTETRA,7530,2,2254,747,934,928
CTETRA,7531,2,2254,753,746,934
CTETRA,7532,2,2254,934,746,927
CTETRA,7533,2,2254,746,747,928
CTETRA,7534,2,2254,746,928,927
CTETRA,7535,2,2255,685,691,674
CTETRA,7536,2,2255,872,866,855
CTETRA,7537,2,2255,691,685,872
CTETRA,7538,2,2255,872,685,866
CTETRA,7539,2,2255,685,674,866
CTETRA,7540,2,2255,866,674,855
CTETRA,7541,2,2255,674,691,872
CTETRA,7542,2,2255,674,872,855
CTETRA,7543,2,2256,742,773,743
CTETRA,7544,2,2256,954,923,924
CTETRA,7545,2,2256,773,742,954
CTETRA,7546,2,2256,954,742,923
CTETRA,7547,2,2256,742,743,924
CTETRA,7548,2,2256,742,924,923
CTETRA,7549,2,2256,743,773,954
CTETRA,7550,2,2256,743,954,924
CTETRA,7551,2,2257,691,685,706
CTETRA,7552,2,2257,866,872,887
CTETRA,7553,2,2257,685,691,872
CTETRA,7554,2,2257,685,872,866
CTETRA,7555,2,2257,691,706,887
CTETRA,7556,2,2257,691,887,872
CTETRA,7557,2,2257,706,685,887
CTETRA,7558,2,2257,887,685,866
CTETRA,7559,2,2258,767,743,773
CTETRA,7560,2,2258,924,948,954
CTETRA,7561,2,2258,743,767,948
CTETRA,7562,2,2258,743,948,924
CTETRA,7563,2,2258,767,773,954
CTETRA,7564,2,2258,767,954,948
CTETRA,7565,2,2258,773,743,954
CTETRA,7566,2,2258,954,743,924
CTETRA,7567,2,2259,696,706,685
CTETRA,7568,2,2259,887,877,866
CTETRA,7569,2,2259,706,696,887
CTETRA,7570,2,2259,887,696,877
CTETRA,7571,2,2259,696,685,877
CTETRA,7572,2,2259,877,685,866
CTETRA,7573,2,2259,685,706,887
CTETRA,7574,2,2259,685,887,866
CTETRA,7575,2,2260,743,767,744
CTETRA,7576,2,2260,948,924,925
CTETRA,7577,2,2260,767,743,948
CTETRA,7578,2,2260,948,743,924
CTETRA,7579,2,2260,743,744,925
CTETRA,7580,2,2260,743,925,924
CTETRA,7581,2,2260,744,767,948
CTETRA,7582,2,2260,744,948,925
CTETRA,7583,2,2261,706,696,714
CTETRA,7584,2,2261,877,887,895
CTETRA,7585,2,2261,696,706,887
CTETRA,7586,2,2261,696,887,877
CTETRA,7587,2,2261,706,714,895
CTETRA,7588,2,2261,706,895,887
CTETRA,7589,2,2261,714,696,895
CTETRA,7590,2,2261,895,696,877
CTETRA,7591,2,2262,761,744,767
CTETRA,7592,2,2262,925,942,948
CTETRA,7593,2,2262,744,761,942
CTETRA,7594,2,2262,744,942,925
CTETRA,7595,2,2262,761,767,948
CTETRA,7596,2,2262,761,948,942
CTETRA,7597,2,2262,767,744,948
CTETRA,7598,2,2262,948,744,925
CTETRA,7599,2,2263,710,714,696
CTETRA,7600,2,2263,895,891,877
CTETRA,7601,2,2263,714,710,895
CTETRA,7602,2,2263,895,710,891
CTETRA,7603,2,2263,710,696,891
CTETRA,7604,2,2263,891,696,877
CTETRA,7605,2,2263,696,714,895
CTETRA,7606,2,2263,696,895,877
CTETRA,7607,2,2264,744,761,745
CTETRA,7608,2,2264,942,925,926
CTETRA,7609,2,2264,761,744,942
CTETRA,7610,2,2264,942,744,925
CTETRA,7611,2,2264,744,745,926
CTETRA,7612,2,2264,744,926,925
CTETRA,7613,2,2264,745,761,942
CTETRA,7614,2,2264,745,942,926
CTETRA,7615,2,2265,714,710,735
CTETRA,7616,2,2265,891,895,916
CTETRA,7617,2,2265,710,714,895
CTETRA,7618,2,2265,710,895,891
CTETRA,7619,2,2265,714,735,916
CTETRA,7620,2,2265,714,916,895
CTETRA,7621,2,2265,735,710,916
CTETRA,7622,2,2265,916,710,891
CTETRA,7623,2,2266,757,745,761
CTETRA,7624,2,2266,926,938,942
CTETRA,7625,2,2266,745,757,938
CTETRA,7626,2,2266,745,938,926
CTETRA,7627,2,2266,757,761,942
CTETRA,7628,2,2266,757,942,938
CTETRA,7629,2,2266,761,745,942
CTETRA,7630,2,2266,942,745,926
CTETRA,7631,2,2267,731,735,710
CTETRA,7632,2,2267,916,912,891
CTETRA,7633,2,2267,735,731,916
CTETRA,7634,2,2267,916,731,912
CTETRA,7635,2,2267,731,710,912
CTETRA,7636,2,2267,912,710,891
CTETRA,7637,2,2267,710,735,916
CTETRA,7638,2,2267,710,916,891
CTETRA,7639,2,2268,745,757,746
CTETRA,7640,2,2268,938,926,927
CTETRA,7641,2,2268,757,745,938
CTETRA,7642,2,2268,938,745,926
CTETRA,7643,2,2268,745,746,927
CTETRA,7644,2,2268,745,927,926
CTETRA,7645,2,2268,746,757,938
CTETRA,7646,2,2268,746,938,927
CTETRA,7647,2,2269,596,591,674
CTETRA,7648,2,2269,590,595,855
CTETRA,7649,2,2269,590,591,596
CTETRA,7650,2,2269,590,596,595
CTETRA,7651,2,2269,596,674,855
CTETRA,7652,2,2269,596,855,595
CTETRA,7653,2,2269,674,591,855
CTETRA,7654,2,2269,855,591,590
CTETRA,7655,2,2270,753,746,757
CTETRA,7656,2,2270,927,934,938
CTETRA,7657,2,2270,746,753,934
CTETRA,7658,2,2270,746,934,927
CTETRA,7659,2,2270,753,757,938
CTETRA,7660,2,2270,753,938,934
CTETRA,7661,2,2270,757,746,938
CTETRA,7662,2,2270,938,746,927
CTETRA,7663,2,2271,668,674,591
CTETRA,7664,2,2271,855,849,590
CTETRA,7665,2,2271,674,668,855
CTETRA,7666,2,2271,855,668,849
CTETRA,7667,2,2271,668,591,849
CTETRA,7668,2,2271,849,591,590
CTETRA,7669,2,2271,591,674,855
CTETRA,7670,2,2271,591,855,590
CTETRA,7671,2,2272,478,487,773
CTETRA,7672,2,2272,488,480,954
CTETRA,7673,2,2272,478,480,488
CTETRA,7674,2,2272,478,488,487
CTETRA,7675,2,2272,478,773,480
CTETRA,7676,2,2272,480,773,954
CTETRA,7677,2,2272,773,487,488
CTETRA,7678,2,2272,773,488,954
CTETRA,7679,2,2273,725,747,731
CTETRA,7680,2,2273,928,906,912
CTETRA,7681,2,2273,747,725,928
CTETRA,7682,2,2273,928,725,906
CTETRA,7683,2,2273,725,731,912
CTETRA,7684,2,2273,725,912,906
CTETRA,7685,2,2273,731,747,928
CTETRA,7686,2,2273,731,928,912
CTETRA,7687,2,2274,792,773,487
CTETRA,7688,2,2274,954,973,488
CTETRA,7689,2,2274,773,792,973
CTETRA,7690,2,2274,773,973,954
CTETRA,7691,2,2274,792,487,488
CTETRA,7692,2,2274,792,488,973
CTETRA,7693,2,2274,487,773,488
CTETRA,7694,2,2274,488,773,954
CTETRA,7695,2,2275,674,668,685
CTETRA,7696,2,2275,849,855,866
CTETRA,7697,2,2275,668,674,855
CTETRA,7698,2,2275,668,855,849
CTETRA,7699,2,2275,674,685,866
CTETRA,7700,2,2275,674,866,855
CTETRA,7701,2,2275,685,668,866
CTETRA,7702,2,2275,866,668,849
CTETRA,7703,2,2276,755,747,753
CTETRA,7704,2,2276,928,936,934
CTETRA,7705,2,2276,747,755,936
CTETRA,7706,2,2276,747,936,928
CTETRA,7707,2,2276,755,753,936
CTETRA,7708,2,2276,936,753,934
CTETRA,7709,2,2276,753,747,934
CTETRA,7710,2,2276,934,747,928
CTETRA,7711,2,2277,676,685,668
CTETRA,7712,2,2277,866,857,849
CTETRA,7713,2,2277,685,676,866
CTETRA,7714,2,2277,866,676,857
CTETRA,7715,2,2277,676,668,857
CTETRA,7716,2,2277,857,668,849
CTETRA,7717,2,2277,668,685,866
CTETRA,7718,2,2277,668,866,849
CTETRA,7719,2,2278,773,792,767
CTETRA,7720,2,2278,973,954,948
CTETRA,7721,2,2278,792,773,973
CTETRA,7722,2,2278,973,773,954
CTETRA,7723,2,2278,773,767,954
CTETRA,7724,2,2278,954,767,948
CTETRA,7725,2,2278,767,792,973
CTETRA,7726,2,2278,767,973,948
CTETRA,7727,2,2279,685,676,696
CTETRA,7728,2,2279,857,866,877
CTETRA,7729,2,2279,676,685,866
CTETRA,7730,2,2279,676,866,857
CTETRA,7731,2,2279,685,696,877
CTETRA,7732,2,2279,685,877,866
CTETRA,7733,2,2279,696,676,877
CTETRA,7734,2,2279,877,676,857
CTETRA,7735,2,2280,786,767,792
CTETRA,7736,2,2280,948,967,973
CTETRA,7737,2,2280,767,786,967
CTETRA,7738,2,2280,767,967,948
CTETRA,7739,2,2280,786,792,973
CTETRA,7740,2,2280,786,973,967
CTETRA,7741,2,2280,792,767,973
CTETRA,7742,2,2280,973,767,948
CTETRA,7743,2,2281,689,696,676
CTETRA,7744,2,2281,877,870,857
CTETRA,7745,2,2281,696,689,877
CTETRA,7746,2,2281,877,689,870
CTETRA,7747,2,2281,689,676,870
CTETRA,7748,2,2281,870,676,857
CTETRA,7749,2,2281,676,696,877
CTETRA,7750,2,2281,676,877,857
CTETRA,7751,2,2282,767,786,761
CTETRA,7752,2,2282,967,948,942
CTETRA,7753,2,2282,786,767,967
CTETRA,7754,2,2282,967,767,948
CTETRA,7755,2,2282,767,761,948
CTETRA,7756,2,2282,948,761,942
CTETRA,7757,2,2282,761,786,967
CTETRA,7758,2,2282,761,967,942
CTETRA,7759,2,2283,696,689,710
CTETRA,7760,2,2283,870,877,891
CTETRA,7761,2,2283,689,696,877
CTETRA,7762,2,2283,689,877,870
CTETRA,7763,2,2283,696,710,891
CTETRA,7764,2,2283,696,891,877
CTETRA,7765,2,2283,710,689,891
CTETRA,7766,2,2283,891,689,870
CTETRA,7767,2,2284,782,761,786
CTETRA,7768,2,2284,942,963,967
CTETRA,7769,2,2284,761,782,963
CTETRA,7770,2,2284,761,963,942
CTETRA,7771,2,2284,782,786,967
CTETRA,7772,2,2284,782,967,963
CTETRA,7773,2,2284,786,761,967
CTETRA,7774,2,2284,967,761,942
CTETRA,7775,2,2285,704,710,689
CTETRA,7776,2,2285,891,885,870
CTETRA,7777,2,2285,710,704,891
CTETRA,7778,2,2285,891,704,885
CTETRA,7779,2,2285,704,689,885
CTETRA,7780,2,2285,885,689,870
CTETRA,7781,2,2285,689,710,891
CTETRA,7782,2,2285,689,891,870
CTETRA,7783,2,2286,761,782,757
CTETRA,7784,2,2286,963,942,938
CTETRA,7785,2,2286,782,761,963
CTETRA,7786,2,2286,963,761,942
CTETRA,7787,2,2286,761,757,942
CTETRA,7788,2,2286,942,757,938
CTETRA,7789,2,2286,757,782,963
CTETRA,7790,2,2286,757,963,938
CTETRA,7791,2,2287,710,704,731
CTETRA,7792,2,2287,885,891,912
CTETRA,7793,2,2287,704,710,891
CTETRA,7794,2,2287,704,891,885
CTETRA,7795,2,2287,710,731,912
CTETRA,7796,2,2287,710,912,891
CTETRA,7797,2,2287,731,704,912
CTETRA,7798,2,2287,912,704,885
CTETRA,7799,2,2288,765,757,782
CTETRA,7800,2,2288,938,946,963
CTETRA,7801,2,2288,757,765,946
CTETRA,7802,2,2288,757,946,938
CTETRA,7803,2,2288,765,782,963
CTETRA,7804,2,2288,765,963,946
CTETRA,7805,2,2288,782,757,963
CTETRA,7806,2,2288,963,757,938
CTETRA,7807,2,2289,725,731,704
CTETRA,7808,2,2289,912,906,885
CTETRA,7809,2,2289,731,725,912
CTETRA,7810,2,2289,912,725,906
CTETRA,7811,2,2289,725,704,906
CTETRA,7812,2,2289,906,704,885
CTETRA,7813,2,2289,704,731,912
CTETRA,7814,2,2289,704,912,885
CTETRA,7815,2,2290,757,765,753
CTETRA,7816,2,2290,946,938,934
CTETRA,7817,2,2290,765,757,946
CTETRA,7818,2,2290,946,757,938
CTETRA,7819,2,2290,757,753,938
CTETRA,7820,2,2290,938,753,934
CTETRA,7821,2,2290,753,765,946
CTETRA,7822,2,2290,753,946,934
CTETRA,7823,2,2291,591,586,668
CTETRA,7824,2,2291,585,590,849
CTETRA,7825,2,2291,585,586,591
CTETRA,7826,2,2291,585,591,590
CTETRA,7827,2,2291,591,668,849
CTETRA,7828,2,2291,591,849,590
CTETRA,7829,2,2291,668,586,849
CTETRA,7830,2,2291,849,586,585
CTETRA,7831,2,2292,755,753,765
CTETRA,7832,2,2292,934,936,946
CTETRA,7833,2,2292,753,755,936
CTETRA,7834,2,2292,753,936,934
CTETRA,7835,2,2292,755,765,946
CTETRA,7836,2,2292,755,946,936
CTETRA,7837,2,2292,765,753,946
CTETRA,7838,2,2292,946,753,934
CTETRA,7839,2,2293,663,668,586
CTETRA,7840,2,2293,849,844,585
CTETRA,7841,2,2293,668,663,849
CTETRA,7842,2,2293,849,663,844
CTETRA,7843,2,2293,663,586,844
CTETRA,7844,2,2293,844,586,585
CTETRA,7845,2,2293,586,668,849
CTETRA,7846,2,2293,586,849,585
CTETRA,7847,2,2294,759,747,755
CTETRA,7848,2,2294,928,940,936
CTETRA,7849,2,2294,747,759,940
CTETRA,7850,2,2294,747,940,928
CTETRA,7851,2,2294,759,755,940
CTETRA,7852,2,2294,940,755,936
CTETRA,7853,2,2294,755,747,936
CTETRA,7854,2,2294,936,747,928
CTETRA,7855,2,2295,672,676,663
CTETRA,7856,2,2295,857,853,844
CTETRA,7857,2,2295,676,672,857
CTETRA,7858,2,2295,857,672,853
CTETRA,7859,2,2295,672,663,853
CTETRA,7860,2,2295,853,663,844
CTETRA,7861,2,2295,663,676,857
CTETRA,7862,2,2295,663,857,844
CTETRA,7863,2,2296,792,807,786
CTETRA,7864,2,2296,988,973,967
CTETRA,7865,2,2296,807,792,988
CTETRA,7866,2,2296,988,792,973
CTETRA,7867,2,2296,792,786,973
CTETRA,7868,2,2296,973,786,967
CTETRA,7869,2,2296,786,807,988
CTETRA,7870,2,2296,786,988,967
CTETRA,7871,2,2297,676,672,689
CTETRA,7872,2,2297,853,857,870
CTETRA,7873,2,2297,672,676,857
CTETRA,7874,2,2297,672,857,853
CTETRA,7875,2,2297,676,689,870
CTETRA,7876,2,2297,676,870,857
CTETRA,7877,2,2297,689,672,870
CTETRA,7878,2,2297,870,672,853
CTETRA,7879,2,2298,782,788,765
CTETRA,7880,2,2298,969,963,946
CTETRA,7881,2,2298,788,782,969
CTETRA,7882,2,2298,969,782,963
CTETRA,7883,2,2298,782,765,963
CTETRA,7884,2,2298,963,765,946
CTETRA,7885,2,2298,765,788,969
CTETRA,7886,2,2298,765,969,946
CTETRA,7887,2,2299,780,765,788
CTETRA,7888,2,2299,946,961,969
CTETRA,7889,2,2299,765,780,961
CTETRA,7890,2,2299,765,961,946
CTETRA,7891,2,2299,780,788,969
CTETRA,7892,2,2299,780,969,961
CTETRA,7893,2,2299,788,765,969
CTETRA,7894,2,2299,969,765,946
CTETRA,7895,2,2300,765,780,755
CTETRA,7896,2,2300,961,946,936
CTETRA,7897,2,2300,780,765,961
CTETRA,7898,2,2300,961,765,946
CTETRA,7899,2,2300,765,755,946
CTETRA,7900,2,2300,946,755,936
CTETRA,7901,2,2300,755,780,961
CTETRA,7902,2,2300,755,961,936
CTETRA,7903,2,2301,759,755,780
CTETRA,7904,2,2301,936,940,961
CTETRA,7905,2,2301,755,759,940
CTETRA,7906,2,2301,755,940,936
CTETRA,7907,2,2301,759,780,961
CTETRA,7908,2,2301,759,961,940
CTETRA,7909,2,2301,780,755,961
CTETRA,7910,2,2301,961,755,936
CTETRA,7911,2,2302,492,497,807
CTETRA,7912,2,2302,498,493,988
CTETRA,7913,2,2302,492,493,498
CTETRA,7914,2,2302,492,498,497
CTETRA,7915,2,2302,492,807,493
CTETRA,7916,2,2302,493,807,988
CTETRA,7917,2,2302,807,497,498
CTETRA,7918,2,2302,807,498,988
CTETRA,7919,2,2303,820,807,497
CTETRA,7920,2,2303,988,1001,498
CTETRA,7921,2,2303,807,820,1001
CTETRA,7922,2,2303,807,1001,988
CTETRA,7923,2,2303,820,497,498
CTETRA,7924,2,2303,820,498,1001
CTETRA,7925,2,2303,497,807,498
CTETRA,7926,2,2303,498,807,988
CTETRA,7927,2,2304,763,747,759
CTETRA,7928,2,2304,928,944,940
CTETRA,7929,2,2304,747,763,944
CTETRA,7930,2,2304,747,944,928
CTETRA,7931,2,2304,763,759,944
CTETRA,7932,2,2304,944,759,940
CTETRA,7933,2,2304,759,747,940
CTETRA,7934,2,2304,940,747,928
CTETRA,7935,2,2305,807,820,803
CTETRA,7936,2,2305,1001,988,984
CTETRA,7937,2,2305,820,807,1001
CTETRA,7938,2,2305,1001,807,988
CTETRA,7939,2,2305,807,803,988
CTETRA,7940,2,2305,988,803,984
CTETRA,7941,2,2305,803,820,1001
CTETRA,7942,2,2305,803,1001,984
CTETRA,7943,2,2306,809,803,820
CTETRA,7944,2,2306,984,990,1001
CTETRA,7945,2,2306,803,809,990
CTETRA,7946,2,2306,803,990,984
CTETRA,7947,2,2306,809,820,1001
CTETRA,7948,2,2306,809,1001,990
CTETRA,7949,2,2306,820,803,1001
CTETRA,7950,2,2306,1001,803,984
CTETRA,7951,2,2307,803,809,788
CTETRA,7952,2,2307,990,984,969
CTETRA,7953,2,2307,809,803,990
CTETRA,7954,2,2307,990,803,984
CTETRA,7955,2,2307,803,788,984
CTETRA,7956,2,2307,984,788,969
CTETRA,7957,2,2307,788,809,990
CTETRA,7958,2,2307,788,990,969
CTETRA,7959,2,2308,798,788,809
CTETRA,7960,2,2308,969,979,990
CTETRA,7961,2,2308,788,798,979
CTETRA,7962,2,2308,788,979,969
CTETRA,7963,2,2308,798,809,990
CTETRA,7964,2,2308,798,990,979
CTETRA,7965,2,2308,809,788,990
CTETRA,7966,2,2308,990,788,969
CTETRA,7967,2,2309,788,798,780
CTETRA,7968,2,2309,979,969,961
CTETRA,7969,2,2309,798,788,979
CTETRA,7970,2,2309,979,788,969
CTETRA,7971,2,2309,788,780,969
CTETRA,7972,2,2309,969,780,961
CTETRA,7973,2,2309,780,798,979
CTETRA,7974,2,2309,780,979,961
CTETRA,7975,2,2310,784,780,798
CTETRA,7976,2,2310,961,965,979
CTETRA,7977,2,2310,780,784,965
CTETRA,7978,2,2310,780,965,961
CTETRA,7979,2,2310,784,798,979
CTETRA,7980,2,2310,784,979,965
CTETRA,7981,2,2310,798,780,979
CTETRA,7982,2,2310,979,780,961
CTETRA,7983,2,2311,780,784,759
CTETRA,7984,2,2311,965,961,940
CTETRA,7985,2,2311,784,780,965
CTETRA,7986,2,2311,965,780,961
CTETRA,7987,2,2311,780,759,961
CTETRA,7988,2,2311,961,759,940
CTETRA,7989,2,2311,759,784,965
CTETRA,7990,2,2311,759,965,940
CTETRA,7991,2,2312,763,759,784
CTETRA,7992,2,2312,940,944,965
CTETRA,7993,2,2312,759,763,944
CTETRA,7994,2,2312,759,944,940
CTETRA,7995,2,2312,763,784,965
CTETRA,7996,2,2312,763,965,944
CTETRA,7997,2,2312,784,759,965
CTETRA,7998,2,2312,965,759,940
CTETRA,7999,2,2313,497,502,820
CTETRA,8000,2,2313,503,498,1001
CTETRA,8001,2,2313,497,498,503
CTETRA,8002,2,2313,497,503,502
CTETRA,8003,2,2313,497,820,498
CTETRA,8004,2,2313,498,820,1001
CTETRA,8005,2,2313,820,502,503
CTETRA,8006,2,2313,820,503,1001
CTETRA,8007,2,2314,826,820,502
CTETRA,8008,2,2314,1001,1007,503
CTETRA,8009,2,2314,820,826,1007
CTETRA,8010,2,2314,820,1007,1001
CTETRA,8011,2,2314,826,502,503
CTETRA,8012,2,2314,826,503,1007
CTETRA,8013,2,2314,502,820,503
CTETRA,8014,2,2314,503,820,1001
CTETRA,8015,2,2315,769,747,763
CTETRA,8016,2,2315,928,950,944
CTETRA,8017,2,2315,747,769,950
CTETRA,8018,2,2315,747,950,928
CTETRA,8019,2,2315,769,763,950
CTETRA,8020,2,2315,950,763,944
CTETRA,8021,2,2315,763,747,944
CTETRA,8022,2,2315,944,747,928
CTETRA,8023,2,2316,820,826,809
CTETRA,8024,2,2316,1007,1001,990
CTETRA,8025,2,2316,826,820,1007
CTETRA,8026,2,2316,1007,820,1001
CTETRA,8027,2,2316,820,809,1001
CTETRA,8028,2,2316,1001,809,990
CTETRA,8029,2,2316,809,826,1007
CTETRA,8030,2,2316,809,1007,990
CTETRA,8031,2,2317,818,809,826
CTETRA,8032,2,2317,990,999,1007
CTETRA,8033,2,2317,809,818,999
CTETRA,8034,2,2317,809,999,990
CTETRA,8035,2,2317,818,826,1007
CTETRA,8036,2,2317,818,1007,999
CTETRA,8037,2,2317,826,809,1007
CTETRA,8038,2,2317,1007,809,990
CTETRA,8039,2,2318,809,818,798
CTETRA,8040,2,2318,999,990,979
CTETRA,8041,2,2318,818,809,999
CTETRA,8042,2,2318,999,809,990
CTETRA,8043,2,2318,809,798,990
CTETRA,8044,2,2318,990,798,979
CTETRA,8045,2,2318,798,818,999
CTETRA,8046,2,2318,798,999,979
CTETRA,8047,2,2319,805,798,818
CTETRA,8048,2,2319,979,986,999
CTETRA,8049,2,2319,798,805,986
CTETRA,8050,2,2319,798,986,979
CTETRA,8051,2,2319,805,818,999
CTETRA,8052,2,2319,805,999,986
CTETRA,8053,2,2319,818,798,999
CTETRA,8054,2,2319,999,798,979
CTETRA,8055,2,2320,798,805,784
CTETRA,8056,2,2320,986,979,965
CTETRA,8057,2,2320,805,798,986
CTETRA,8058,2,2320,986,798,979
CTETRA,8059,2,2320,798,784,979
CTETRA,8060,2,2320,979,784,965
CTETRA,8061,2,2320,784,805,986
CTETRA,8062,2,2320,784,986,965
CTETRA,8063,2,2321,790,784,805
CTETRA,8064,2,2321,965,971,986
CTETRA,8065,2,2321,784,790,971
CTETRA,8066,2,2321,784,971,965
CTETRA,8067,2,2321,790,805,986
CTETRA,8068,2,2321,790,986,971
CTETRA,8069,2,2321,805,784,986
CTETRA,8070,2,2321,986,784,965
CTETRA,8071,2,2322,784,790,763
CTETRA,8072,2,2322,971,965,944
CTETRA,8073,2,2322,790,784,971
CTETRA,8074,2,2322,971,784,965
CTETRA,8075,2,2322,784,763,965
CTETRA,8076,2,2322,965,763,944
CTETRA,8077,2,2322,763,790,971
CTETRA,8078,2,2322,763,971,944
CTETRA,8079,2,2323,769,763,790
CTETRA,8080,2,2323,944,950,971
CTETRA,8081,2,2323,763,769,950
CTETRA,8082,2,2323,763,950,944
CTETRA,8083,2,2323,769,790,971
CTETRA,8084,2,2323,769,971,950
CTETRA,8085,2,2323,790,763,971
CTETRA,8086,2,2323,971,763,944
CTETRA,8087,2,2324,502,507,826
CTETRA,8088,2,2324,508,503,1007
CTETRA,8089,2,2324,502,503,508
CTETRA,8090,2,2324,502,508,507
CTETRA,8091,2,2324,502,826,503
CTETRA,8092,2,2324,503,826,1007
CTETRA,8093,2,2324,826,507,508
CTETRA,8094,2,2324,826,508,1007
CTETRA,8095,2,2325,831,826,507
CTETRA,8096,2,2325,1007,1012,508
CTETRA,8097,2,2325,826,831,1012
CTETRA,8098,2,2325,826,1012,1007
CTETRA,8099,2,2325,831,507,508
CTETRA,8100,2,2325,831,508,1012
CTETRA,8101,2,2325,507,826,508
CTETRA,8102,2,2325,508,826,1007
CTETRA,8103,2,2326,771,747,769
CTETRA,8104,2,2326,928,952,950
CTETRA,8105,2,2326,747,771,952
CTETRA,8106,2,2326,747,952,928
CTETRA,8107,2,2326,771,769,952
CTETRA,8108,2,2326,952,769,950
CTETRA,8109,2,2326,769,747,950
CTETRA,8110,2,2326,950,747,928
CTETRA,8111,2,2327,826,831,818
CTETRA,8112,2,2327,1012,1007,999
CTETRA,8113,2,2327,831,826,1012
CTETRA,8114,2,2327,1012,826,1007
CTETRA,8115,2,2327,826,818,1007
CTETRA,8116,2,2327,1007,818,999
CTETRA,8117,2,2327,818,831,1012
CTETRA,8118,2,2327,818,1012,999
CTETRA,8119,2,2328,822,818,831
CTETRA,8120,2,2328,999,1003,1012
CTETRA,8121,2,2328,818,822,1003
CTETRA,8122,2,2328,818,1003,999
CTETRA,8123,2,2328,822,831,1012
CTETRA,8124,2,2328,822,1012,1003
CTETRA,8125,2,2328,831,818,1012
CTETRA,8126,2,2328,1012,818,999
CTETRA,8127,2,2329,818,822,805
CTETRA,8128,2,2329,1003,999,986
CTETRA,8129,2,2329,822,818,1003
CTETRA,8130,2,2329,1003,818,999
CTETRA,8131,2,2329,818,805,999
CTETRA,8132,2,2329,999,805,986
CTETRA,8133,2,2329,805,822,1003
CTETRA,8134,2,2329,805,1003,986
CTETRA,8135,2,2330,811,805,822
CTETRA,8136,2,2330,986,992,1003
CTETRA,8137,2,2330,805,811,992
CTETRA,8138,2,2330,805,992,986
CTETRA,8139,2,2330,811,822,1003
CTETRA,8140,2,2330,811,1003,992
CTETRA,8141,2,2330,822,805,1003
CTETRA,8142,2,2330,1003,805,986
CTETRA,8143,2,2331,805,811,790
CTETRA,8144,2,2331,992,986,971
CTETRA,8145,2,2331,811,805,992
CTETRA,8146,2,2331,992,805,986
CTETRA,8147,2,2331,805,790,986
CTETRA,8148,2,2331,986,790,971
CTETRA,8149,2,2331,790,811,992
CTETRA,8150,2,2331,790,992,971
CTETRA,8151,2,2332,794,790,811
CTETRA,8152,2,2332,971,975,992
CTETRA,8153,2,2332,790,794,975
CTETRA,8154,2,2332,790,975,971
CTETRA,8155,2,2332,794,811,992
CTETRA,8156,2,2332,794,992,975
CTETRA,8157,2,2332,811,790,992
CTETRA,8158,2,2332,992,790,971
CTETRA,8159,2,2333,790,794,769
CTETRA,8160,2,2333,975,971,950
CTETRA,8161,2,2333,794,790,975
CTETRA,8162,2,2333,975,790,971
CTETRA,8163,2,2333,790,769,971
CTETRA,8164,2,2333,971,769,950
CTETRA,8165,2,2333,769,794,975
CTETRA,8166,2,2333,769,975,950
CTETRA,8167,2,2334,771,769,794
CTETRA,8168,2,2334,950,952,975
CTETRA,8169,2,2334,769,771,952
CTETRA,8170,2,2334,769,952,950
CTETRA,8171,2,2334,771,794,975
CTETRA,8172,2,2334,771,975,952
CTETRA,8173,2,2334,794,769,975
CTETRA,8174,2,2334,975,769,950
CTETRA,8175,2,2335,507,512,831
CTETRA,8176,2,2335,513,508,1012
CTETRA,8177,2,2335,507,508,513
CTETRA,8178,2,2335,507,513,512
CTETRA,8179,2,2335,507,831,508
CTETRA,8180,2,2335,508,831,1012
CTETRA,8181,2,2335,831,512,513
CTETRA,8182,2,2335,831,513,1012
CTETRA,8183,2,2336,833,831,512
CTETRA,8184,2,2336,1012,1014,513
CTETRA,8185,2,2336,831,833,1014
CTETRA,8186,2,2336,831,1014,1012
CTETRA,8187,2,2336,833,512,513
CTETRA,8188,2,2336,833,513,1014
CTETRA,8189,2,2336,512,831,513
CTETRA,8190,2,2336,513,831,1012
CTETRA,8191,2,2337,775,747,771
CTETRA,8192,2,2337,928,956,952
CTETRA,8193,2,2337,747,775,956
CTETRA,8194,2,2337,747,956,928
CTETRA,8195,2,2337,775,771,956
CTETRA,8196,2,2337,956,771,952
CTETRA,8197,2,2337,771,747,952
CTETRA,8198,2,2337,952,747,928
CTETRA,8199,2,2338,831,833,822
CTETRA,8200,2,2338,1014,1012,1003
CTETRA,8201,2,2338,833,831,1014
CTETRA,8202,2,2338,1014,831,1012
CTETRA,8203,2,2338,831,822,1012
CTETRA,8204,2,2338,1012,822,1003
CTETRA,8205,2,2338,822,833,1014
CTETRA,8206,2,2338,822,1014,1003
CTETRA,8207,2,2339,824,822,833
CTETRA,8208,2,2339,1003,1005,1014
CTETRA,8209,2,2339,822,824,1005
CTETRA,8210,2,2339,822,1005,1003
CTETRA,8211,2,2339,824,833,1014
CTETRA,8212,2,2339,824,1014,1005
CTETRA,8213,2,2339,833,822,1014
CTETRA,8214,2,2339,1014,822,1003
CTETRA,8215,2,2340,822,824,811
CTETRA,8216,2,2340,1005,1003,992
CTETRA,8217,2,2340,824,822,1005
CTETRA,8218,2,2340,1005,822,1003
CTETRA,8219,2,2340,822,811,1003
CTETRA,8220,2,2340,1003,811,992
CTETRA,8221,2,2340,811,824,1005
CTETRA,8222,2,2340,811,1005,992
CTETRA,8223,2,2341,811,813,794
CTETRA,8224,2,2341,994,992,975
CTETRA,8225,2,2341,813,811,994
CTETRA,8226,2,2341,994,811,992
CTETRA,8227,2,2341,811,794,992
CTETRA,8228,2,2341,992,794,975
CTETRA,8229,2,2341,794,813,994
CTETRA,8230,2,2341,794,994,975
CTETRA,8231,2,2342,794,796,771
CTETRA,8232,2,2342,977,975,952
CTETRA,8233,2,2342,796,794,977
CTETRA,8234,2,2342,977,794,975
CTETRA,8235,2,2342,794,771,975
CTETRA,8236,2,2342,975,771,952
CTETRA,8237,2,2342,771,796,977
CTETRA,8238,2,2342,771,977,952
CTETRA,8239,2,2343,512,517,833
CTETRA,8240,2,2343,518,513,1014
CTETRA,8241,2,2343,512,513,518
CTETRA,8242,2,2343,512,518,517
CTETRA,8243,2,2343,512,833,513
CTETRA,8244,2,2343,513,833,1014
CTETRA,8245,2,2343,833,517,518
CTETRA,8246,2,2343,833,518,1014
CTETRA,8247,2,2344,777,747,775
CTETRA,8248,2,2344,928,958,956
CTETRA,8249,2,2344,747,777,958
CTETRA,8250,2,2344,747,958,928
CTETRA,8251,2,2344,777,775,958
CTETRA,8252,2,2344,958,775,956
CTETRA,8253,2,2344,775,747,956
CTETRA,8254,2,2344,956,747,928
CTETRA,8255,2,2345,828,824,835
CTETRA,8256,2,2345,1005,1009,1016
CTETRA,8257,2,2345,824,828,1009
CTETRA,8258,2,2345,824,1009,1005
CTETRA,8259,2,2345,828,835,1016
CTETRA,8260,2,2345,828,1016,1009
CTETRA,8261,2,2345,835,824,1016
CTETRA,8262,2,2345,1016,824,1005
CTETRA,8263,2,2346,815,813,828
CTETRA,8264,2,2346,994,996,1009
CTETRA,8265,2,2346,813,815,996
CTETRA,8266,2,2346,813,996,994
CTETRA,8267,2,2346,815,828,1009
CTETRA,8268,2,2346,815,1009,996
CTETRA,8269,2,2346,828,813,1009
CTETRA,8270,2,2346,1009,813,994
CTETRA,8271,2,2347,800,796,815
CTETRA,8272,2,2347,977,981,996
CTETRA,8273,2,2347,796,800,981
CTETRA,8274,2,2347,796,981,977
CTETRA,8275,2,2347,800,815,996
CTETRA,8276,2,2347,800,996,981
CTETRA,8277,2,2347,815,796,996
CTETRA,8278,2,2347,996,796,977
CTETRA,8279,2,2348,777,775,800
CTETRA,8280,2,2348,956,958,981
CTETRA,8281,2,2348,775,777,958
CTETRA,8282,2,2348,775,958,956
CTETRA,8283,2,2348,777,800,981
CTETRA,8284,2,2348,777,981,958
CTETRA,8285,2,2348,800,775,981
CTETRA,8286,2,2348,981,775,956
CTETRA,8287,2,2349,835,517,837
CTETRA,8288,2,2349,518,1016,1018
CTETRA,8289,2,2349,517,835,518
CTETRA,8290,2,2349,518,835,1016
CTETRA,8291,2,2349,835,837,1018
CTETRA,8292,2,2349,835,1018,1016
CTETRA,8293,2,2349,837,517,518
CTETRA,8294,2,2349,837,518,1018
CTETRA,8295,2,2350,835,837,828
CTETRA,8296,2,2350,1018,1016,1009
CTETRA,8297,2,2350,837,835,1018
CTETRA,8298,2,2350,1018,835,1016
CTETRA,8299,2,2350,835,828,1016
CTETRA,8300,2,2350,1016,828,1009
CTETRA,8301,2,2350,828,837,1018
CTETRA,8302,2,2350,828,1018,1009
CTETRA,8303,2,2351,828,830,815
CTETRA,8304,2,2351,1011,1009,996
CTETRA,8305,2,2351,830,828,1011
CTETRA,8306,2,2351,1011,828,1009
CTETRA,8307,2,2351,828,815,1009
CTETRA,8308,2,2351,1009,815,996
CTETRA,8309,2,2351,815,830,1011
CTETRA,8310,2,2351,815,1011,996
CTETRA,8311,2,2352,815,817,800
CTETRA,8312,2,2352,998,996,981
CTETRA,8313,2,2352,817,815,998
CTETRA,8314,2,2352,998,815,996
CTETRA,8315,2,2352,815,800,996
CTETRA,8316,2,2352,996,800,981
CTETRA,8317,2,2352,800,817,998
CTETRA,8318,2,2352,800,998,981
CTETRA,8319,2,2353,800,802,777
CTETRA,8320,2,2353,983,981,958
CTETRA,8321,2,2353,802,800,983
CTETRA,8322,2,2353,983,800,981
CTETRA,8323,2,2353,800,777,981
CTETRA,8324,2,2353,981,777,958
CTETRA,8325,2,2353,777,802,983
CTETRA,8326,2,2353,777,983,958
CTETRA,8327,2,2354,863,869,880
CTETRA,8328,2,2354,1050,1044,1061
CTETRA,8329,2,2354,869,863,1050
CTETRA,8330,2,2354,1050,863,1044
CTETRA,8331,2,2354,863,880,1061
CTETRA,8332,2,2354,863,1061,1044
CTETRA,8333,2,2354,880,869,1061
CTETRA,8334,2,2354,1061,869,1050
CTETRA,8335,2,2355,962,947,941
CTETRA,8336,2,2355,1128,1143,1122
CTETRA,8337,2,2355,947,962,1143
CTETRA,8338,2,2355,947,1143,1128
CTETRA,8339,2,2355,962,941,1143
CTETRA,8340,2,2355,1143,941,1122
CTETRA,8341,2,2355,941,947,1128
CTETRA,8342,2,2355,941,1128,1122
CTETRA,8343,2,2356,879,875,900
CTETRA,8344,2,2356,1056,1060,1081
CTETRA,8345,2,2356,875,879,1060
CTETRA,8346,2,2356,875,1060,1056
CTETRA,8347,2,2356,879,900,1081
CTETRA,8348,2,2356,879,1081,1060
CTETRA,8349,2,2356,900,875,1081
CTETRA,8350,2,2356,1081,875,1056
CTETRA,8351,2,2357,650,645,1015
CTETRA,8352,2,2357,644,649,1196
CTETRA,8353,2,2357,644,650,649
CTETRA,8354,2,2357,644,645,650
CTETRA,8355,2,2357,650,1015,649
CTETRA,8356,2,2357,649,1015,1196
CTETRA,8357,2,2357,1015,645,644
CTETRA,8358,2,2357,1015,644,1196
CTETRA,8359,2,2358,550,545,848
CTETRA,8360,2,2358,544,549,1029
CTETRA,8361,2,2358,544,545,550
CTETRA,8362,2,2358,544,550,549
CTETRA,8363,2,2358,550,848,1029
CTETRA,8364,2,2358,550,1029,549
CTETRA,8365,2,2358,848,545,1029
CTETRA,8366,2,2358,1029,545,544
CTETRA,8367,2,2359,935,928,937
CTETRA,8368,2,2359,1109,1116,1118
CTETRA,8369,2,2359,928,935,1116
CTETRA,8370,2,2359,928,1116,1109
CTETRA,8371,2,2359,935,937,1118
CTETRA,8372,2,2359,935,1118,1116
CTETRA,8373,2,2359,937,928,1118
CTETRA,8374,2,2359,1118,928,1109
CTETRA,8375,2,2360,859,858,846
CTETRA,8376,2,2360,1039,1040,1027
CTETRA,8377,2,2360,858,859,1040
CTETRA,8378,2,2360,858,1040,1039
CTETRA,8379,2,2360,859,846,1040
CTETRA,8380,2,2360,1040,846,1027
CTETRA,8381,2,2360,846,858,1039
CTETRA,8382,2,2360,846,1039,1027
CTETRA,8383,2,2361,972,976,987
CTETRA,8384,2,2361,1157,1153,1168
CTETRA,8385,2,2361,976,972,1157
CTETRA,8386,2,2361,1157,972,1153
CTETRA,8387,2,2361,972,987,1168
CTETRA,8388,2,2361,972,1168,1153
CTETRA,8389,2,2361,987,976,1168
CTETRA,8390,2,2361,1168,976,1157
CTETRA,8391,2,2362,897,896,874
CTETRA,8392,2,2362,1077,1078,1055
CTETRA,8393,2,2362,896,897,1078
CTETRA,8394,2,2362,896,1078,1077
CTETRA,8395,2,2362,897,874,1078
CTETRA,8396,2,2362,1078,874,1055
CTETRA,8397,2,2362,874,896,1077
CTETRA,8398,2,2362,874,1077,1055
CTETRA,8399,2,2363,1002,1008,635
CTETRA,8400,2,2363,1189,1183,634
CTETRA,8401,2,2363,1008,1002,1189
CTETRA,8402,2,2363,1189,1002,1183
CTETRA,8403,2,2363,1002,635,634
CTETRA,8404,2,2363,1002,634,1183
CTETRA,8405,2,2363,635,1008,634
CTETRA,8406,2,2363,634,1008,1189
CTETRA,8407,2,2364,841,843,850
CTETRA,8408,2,2364,1024,1022,1031
CTETRA,8409,2,2364,843,841,1024
CTETRA,8410,2,2364,1024,841,1022
CTETRA,8411,2,2364,841,850,1031
CTETRA,8412,2,2364,841,1031,1022
CTETRA,8413,2,2364,850,843,1031
CTETRA,8414,2,2364,1031,843,1024
CTETRA,8415,2,2365,991,985,980
CTETRA,8416,2,2365,1166,1172,1161
CTETRA,8417,2,2365,985,991,1172
CTETRA,8418,2,2365,985,1172,1166
CTETRA,8419,2,2365,991,980,1172
CTETRA,8420,2,2365,1172,980,1161
CTETRA,8421,2,2365,980,985,1166
CTETRA,8422,2,2365,980,1166,1161
CTETRA,8423,2,2366,853,851,864
CTETRA,8424,2,2366,1032,1034,1045
CTETRA,8425,2,2366,851,853,1034
CTETRA,8426,2,2366,851,1034,1032
CTETRA,8427,2,2366,853,864,1045
CTETRA,8428,2,2366,853,1045,1034
CTETRA,8429,2,2366,864,851,1045
CTETRA,8430,2,2366,1045,851,1032
CTETRA,8431,2,2367,998,997,983
CTETRA,8432,2,2367,1178,1179,1164
CTETRA,8433,2,2367,997,998,1179
CTETRA,8434,2,2367,997,1179,1178
CTETRA,8435,2,2367,998,983,1179
CTETRA,8436,2,2367,1179,983,1164
CTETRA,8437,2,2367,983,997,1178
CTETRA,8438,2,2367,983,1178,1164
CTETRA,8439,2,2368,881,879,904
CTETRA,8440,2,2368,1060,1062,1085
CTETRA,8441,2,2368,879,881,1062
CTETRA,8442,2,2368,879,1062,1060
CTETRA,8443,2,2368,881,904,1085
CTETRA,8444,2,2368,881,1085,1062
CTETRA,8445,2,2368,904,879,1085
CTETRA,8446,2,2368,1085,879,1060
CTETRA,8447,2,2369,655,650,1017
CTETRA,8448,2,2369,649,654,1198
CTETRA,8449,2,2369,649,655,654
CTETRA,8450,2,2369,649,650,655
CTETRA,8451,2,2369,655,1017,654
CTETRA,8452,2,2369,654,1017,1198
CTETRA,8453,2,2369,1017,650,649
CTETRA,8454,2,2369,1017,649,1198
CTETRA,8455,2,2370,994,992,1005
CTETRA,8456,2,2370,1173,1175,1186
CTETRA,8457,2,2370,992,994,1175
CTETRA,8458,2,2370,992,1175,1173
CTETRA,8459,2,2370,994,1005,1186
CTETRA,8460,2,2370,994,1186,1175
CTETRA,8461,2,2370,1005,992,1186
CTETRA,8462,2,2370,1186,992,1173
CTETRA,8463,2,2371,880,884,903
CTETRA,8464,2,2371,1065,1061,1084
CTETRA,8465,2,2371,884,880,1065
CTETRA,8466,2,2371,1065,880,1061
CTETRA,8467,2,2371,880,903,1084
CTETRA,8468,2,2371,880,1084,1061
CTETRA,8469,2,2371,903,884,1084
CTETRA,8470,2,2371,1084,884,1065
CTETRA,8471,2,2372,625,620,974
CTETRA,8472,2,2372,619,624,1155
CTETRA,8473,2,2372,619,620,625
CTETRA,8474,2,2372,619,625,624
CTETRA,8475,2,2372,625,974,624
CTETRA,8476,2,2372,624,974,1155
CTETRA,8477,2,2372,974,620,1155
CTETRA,8478,2,2372,1155,620,619
CTETRA,8479,2,2373,575,570,840
CTETRA,8480,2,2373,569,574,1021
CTETRA,8481,2,2373,569,575,574
CTETRA,8482,2,2373,569,570,575
CTETRA,8483,2,2373,575,840,1021
CTETRA,8484,2,2373,575,1021,574
CTETRA,8485,2,2373,840,570,1021
CTETRA,8486,2,2373,1021,570,569
CTETRA,8487,2,2374,953,928,957
CTETRA,8488,2,2374,1109,1134,1138
CTETRA,8489,2,2374,928,953,1134
CTETRA,8490,2,2374,928,1134,1109
CTETRA,8491,2,2374,953,957,1138
CTETRA,8492,2,2374,953,1138,1134
CTETRA,8493,2,2374,957,928,1138
CTETRA,8494,2,2374,1138,928,1109
CTETRA,8495,2,2375,911,928,905
CTETRA,8496,2,2375,1109,1092,1086
CTETRA,8497,2,2375,928,911,1109
CTETRA,8498,2,2375,1109,911,1092
CTETRA,8499,2,2375,911,905,1092
CTETRA,8500,2,2375,1092,905,1086
CTETRA,8501,2,2375,905,928,1109
CTETRA,8502,2,2375,905,1109,1086
CTETRA,8503,2,2376,949,968,955
CTETRA,8504,2,2376,1149,1130,1136
CTETRA,8505,2,2376,968,949,1149
CTETRA,8506,2,2376,1149,949,1130
CTETRA,8507,2,2376,949,955,1136
CTETRA,8508,2,2376,949,1136,1130
CTETRA,8509,2,2376,955,968,1149
CTETRA,8510,2,2376,955,1149,1136
CTETRA,8511,2,2377,874,873,859
CTETRA,8512,2,2377,1054,1055,1040
CTETRA,8513,2,2377,873,874,1055
CTETRA,8514,2,2377,873,1055,1054
CTETRA,8515,2,2377,874,859,1055
CTETRA,8516,2,2377,1055,859,1040
CTETRA,8517,2,2377,859,873,1054
CTETRA,8518,2,2377,859,1054,1040
CTETRA,8519,2,2378,951,953,972
CTETRA,8520,2,2378,1134,1132,1153
CTETRA,8521,2,2378,953,951,1134
CTETRA,8522,2,2378,1134,951,1132
CTETRA,8523,2,2378,951,972,1153
CTETRA,8524,2,2378,951,1153,1132
CTETRA,8525,2,2378,972,953,1153
CTETRA,8526,2,2378,1153,953,1134
CTETRA,8527,2,2379,841,839,560
CTETRA,8528,2,2379,1020,1022,559
CTETRA,8529,2,2379,839,841,1022
CTETRA,8530,2,2379,839,1022,1020
CTETRA,8531,2,2379,841,560,1022
CTETRA,8532,2,2379,1022,560,559
CTETRA,8533,2,2379,560,839,1020
CTETRA,8534,2,2379,560,1020,559
CTETRA,8535,2,2380,1008,1002,1000
CTETRA,8536,2,2380,1183,1189,1181
CTETRA,8537,2,2380,1002,1008,1189
CTETRA,8538,2,2380,1002,1189,1183
CTETRA,8539,2,2380,1008,1000,1189
CTETRA,8540,2,2380,1189,1000,1181
CTETRA,8541,2,2380,1000,1002,1183
CTETRA,8542,2,2380,1000,1183,1181
CTETRA,8543,2,2381,850,852,861
CTETRA,8544,2,2381,1033,1031,1042
CTETRA,8545,2,2381,852,850,1033
CTETRA,8546,2,2381,1033,850,1031
CTETRA,8547,2,2381,850,861,1042
CTETRA,8548,2,2381,850,1042,1031
CTETRA,8549,2,2381,861,852,1042
CTETRA,8550,2,2381,1042,852,1033
CTETRA,8551,2,2382,980,970,966
CTETRA,8552,2,2382,1151,1161,1147
CTETRA,8553,2,2382,970,980,1161
CTETRA,8554,2,2382,970,1161,1151
CTETRA,8555,2,2382,980,966,1161
CTETRA,8556,2,2382,1161,966,1147
CTETRA,8557,2,2382,966,970,1151
CTETRA,8558,2,2382,966,1151,1147
CTETRA,8559,2,2383,864,862,881
CTETRA,8560,2,2383,1043,1045,1062
CTETRA,8561,2,2383,862,864,1045
CTETRA,8562,2,2383,862,1045,1043
CTETRA,8563,2,2383,864,881,1062
CTETRA,8564,2,2383,864,1062,1045
CTETRA,8565,2,2383,881,862,1062
CTETRA,8566,2,2383,1062,862,1043
CTETRA,8567,2,2384,983,982,960
CTETRA,8568,2,2384,1163,1164,1141
CTETRA,8569,2,2384,982,983,1164
CTETRA,8570,2,2384,982,1164,1163
CTETRA,8571,2,2384,983,960,1164
CTETRA,8572,2,2384,1164,960,1141
CTETRA,8573,2,2384,960,982,1163
CTETRA,8574,2,2384,960,1163,1141
CTETRA,8575,2,2385,580,575,842
CTETRA,8576,2,2385,574,579,1023
CTETRA,8577,2,2385,574,575,580
CTETRA,8578,2,2385,574,580,579
CTETRA,8579,2,2385,580,842,1023
CTETRA,8580,2,2385,580,1023,579
CTETRA,8581,2,2385,842,575,1023
CTETRA,8582,2,2385,1023,575,574
CTETRA,8583,2,2386,957,928,959
CTETRA,8584,2,2386,1109,1138,1140
CTETRA,8585,2,2386,928,957,1138
CTETRA,8586,2,2386,928,1138,1109
CTETRA,8587,2,2386,957,959,1140
CTETRA,8588,2,2386,957,1140,1138
CTETRA,8589,2,2386,959,928,1140
CTETRA,8590,2,2386,1140,928,1109
CTETRA,8591,2,2387,977,975,994
CTETRA,8592,2,2387,1156,1158,1175
CTETRA,8593,2,2387,975,977,1158
CTETRA,8594,2,2387,975,1158,1156
CTETRA,8595,2,2387,977,994,1175
CTETRA,8596,2,2387,977,1175,1158
CTETRA,8597,2,2387,994,975,1175
CTETRA,8598,2,2387,1175,975,1156
CTETRA,8599,2,2388,839,841,846
CTETRA,8600,2,2388,1022,1020,1027
CTETRA,8601,2,2388,841,839,1022
CTETRA,8602,2,2388,1022,839,1020
CTETRA,8603,2,2388,839,846,1027
CTETRA,8604,2,2388,839,1027,1020
CTETRA,8605,2,2388,846,841,1027
CTETRA,8606,2,2388,1027,841,1022
CTETRA,8607,2,2389,1000,991,987
CTETRA,8608,2,2389,1172,1181,1168
CTETRA,8609,2,2389,991,1000,1181
CTETRA,8610,2,2389,991,1181,1172
CTETRA,8611,2,2389,1000,987,1181
CTETRA,8612,2,2389,1181,987,1168
CTETRA,8613,2,2389,987,991,1172
CTETRA,8614,2,2389,987,1172,1168
CTETRA,8615,2,2390,861,863,878
CTETRA,8616,2,2390,1044,1042,1059
CTETRA,8617,2,2390,863,861,1044
CTETRA,8618,2,2390,1044,861,1042
CTETRA,8619,2,2390,861,878,1059
CTETRA,8620,2,2390,861,1059,1042
CTETRA,8621,2,2390,878,863,1059
CTETRA,8622,2,2390,1059,863,1044
CTETRA,8623,2,2391,966,962,945
CTETRA,8624,2,2391,1143,1147,1126
CTETRA,8625,2,2391,962,966,1147
CTETRA,8626,2,2391,962,1147,1143
CTETRA,8627,2,2391,966,945,1147
CTETRA,8628,2,2391,1147,945,1126
CTETRA,8629,2,2391,945,962,1143
CTETRA,8630,2,2391,945,1143,1126
CTETRA,8631,2,2392,898,928,900
CTETRA,8632,2,2392,1109,1079,1081
CTETRA,8633,2,2392,928,898,1109
CTETRA,8634,2,2392,1109,898,1079
CTETRA,8635,2,2392,898,900,1081
CTETRA,8636,2,2392,898,1081,1079
CTETRA,8637,2,2392,900,928,1109
CTETRA,8638,2,2392,900,1109,1081
CTETRA,8639,2,2393,1006,1010,1015
CTETRA,8640,2,2393,1191,1187,1196
CTETRA,8641,2,2393,1010,1006,1191
CTETRA,8642,2,2393,1191,1006,1187
CTETRA,8643,2,2393,1006,1015,1196
CTETRA,8644,2,2393,1006,1196,1187
CTETRA,8645,2,2393,1015,1010,1196
CTETRA,8646,2,2393,1196,1010,1191
CTETRA,8647,2,2394,956,952,977
CTETRA,8648,2,2394,1133,1137,1158
CTETRA,8649,2,2394,952,956,1137
CTETRA,8650,2,2394,952,1137,1133
CTETRA,8651,2,2394,956,977,1158
CTETRA,8652,2,2394,956,1158,1137
CTETRA,8653,2,2394,977,952,1158
CTETRA,8654,2,2394,1158,952,1133
CTETRA,8655,2,2395,988,973,493
CTETRA,8656,2,2395,1154,1169,494
CTETRA,8657,2,2395,973,988,1169
CTETRA,8658,2,2395,973,1169,1154
CTETRA,8659,2,2395,988,493,494
CTETRA,8660,2,2395,988,494,1169
CTETRA,8661,2,2395,493,973,494
CTETRA,8662,2,2395,494,973,1154
CTETRA,8663,2,2396,849,844,857
CTETRA,8664,2,2396,1025,1030,1038
CTETRA,8665,2,2396,844,849,1030
CTETRA,8666,2,2396,844,1030,1025
CTETRA,8667,2,2396,849,857,1038
CTETRA,8668,2,2396,849,1038,1030
CTETRA,8669,2,2396,857,844,1038
CTETRA,8670,2,2396,1038,844,1025
CTETRA,8671,2,2397,846,850,859
CTETRA,8672,2,2397,1031,1027,1040
CTETRA,8673,2,2397,850,846,1031
CTETRA,8674,2,2397,1031,846,1027
CTETRA,8675,2,2397,846,859,1040
CTETRA,8676,2,2397,846,1040,1027
CTETRA,8677,2,2397,859,850,1040
CTETRA,8678,2,2397,1040,850,1031
CTETRA,8679,2,2398,987,980,972
CTETRA,8680,2,2398,1161,1168,1153
CTETRA,8681,2,2398,980,987,1168
CTETRA,8682,2,2398,980,1168,1161
CTETRA,8683,2,2398,987,972,1168
CTETRA,8684,2,2398,1168,972,1153
CTETRA,8685,2,2398,972,980,1161
CTETRA,8686,2,2398,972,1161,1153
CTETRA,8687,2,2399,878,880,899
CTETRA,8688,2,2399,1061,1059,1080
CTETRA,8689,2,2399,880,878,1061
CTETRA,8690,2,2399,1061,878,1059
CTETRA,8691,2,2399,878,899,1080
CTETRA,8692,2,2399,878,1080,1059
CTETRA,8693,2,2399,899,880,1080
CTETRA,8694,2,2399,1080,880,1061
CTETRA,8695,2,2400,630,625,989
CTETRA,8696,2,2400,624,629,1170
CTETRA,8697,2,2400,624,625,630
CTETRA,8698,2,2400,624,630,629
CTETRA,8699,2,2400,630,989,629
CTETRA,8700,2,2400,629,989,1170
CTETRA,8701,2,2400,989,625,1170
CTETRA,8702,2,2400,1170,625,624
CTETRA,8703,2,2401,847,851,840
CTETRA,8704,2,2401,1032,1028,1021
CTETRA,8705,2,2401,851,847,1032
CTETRA,8706,2,2401,1032,847,1028
CTETRA,8707,2,2401,847,840,1028
CTETRA,8708,2,2401,1028,840,1021
CTETRA,8709,2,2401,840,851,1032
CTETRA,8710,2,2401,840,1032,1021
CTETRA,8711,2,2402,995,997,1006
CTETRA,8712,2,2402,1178,1176,1187
CTETRA,8713,2,2402,997,995,1178
CTETRA,8714,2,2402,1178,995,1176
CTETRA,8715,2,2402,995,1006,1187
CTETRA,8716,2,2402,995,1187,1176
CTETRA,8717,2,2402,1006,997,1187
CTETRA,8718,2,2402,1187,997,1178
CTETRA,8719,2,2403,1016,1014,518
CTETRA,8720,2,2403,1195,1197,519
CTETRA,8721,2,2403,1014,1016,1197
CTETRA,8722,2,2403,1014,1197,1195
CTETRA,8723,2,2403,1016,518,519
CTETRA,8724,2,2403,1016,519,1197
CTETRA,8725,2,2403,518,1014,519
CTETRA,8726,2,2403,519,1014,1195
CTETRA,8727,2,2404,859,861,874
CTETRA,8728,2,2404,1042,1040,1055
CTETRA,8729,2,2404,861,859,1042
CTETRA,8730,2,2404,1042,859,1040
CTETRA,8731,2,2404,859,874,1055
CTETRA,8732,2,2404,859,1055,1040
CTETRA,8733,2,2404,874,861,1055
CTETRA,8734,2,2404,1055,861,1042
CTETRA,8735,2,2405,972,966,951
CTETRA,8736,2,2405,1147,1153,1132
CTETRA,8737,2,2405,966,972,1153
CTETRA,8738,2,2405,966,1153,1147
CTETRA,8739,2,2405,972,951,1153
CTETRA,8740,2,2405,1153,951,1132
CTETRA,8741,2,2405,951,966,1147
CTETRA,8742,2,2405,951,1147,1132
CTETRA,8743,2,2406,555,550,843
CTETRA,8744,2,2406,549,554,1024
CTETRA,8745,2,2406,549,550,555
CTETRA,8746,2,2406,549,555,554
CTETRA,8747,2,2406,555,843,1024
CTETRA,8748,2,2406,555,1024,554
CTETRA,8749,2,2406,843,550,1024
CTETRA,8750,2,2406,1024,550,549
CTETRA,8751,2,2407,937,928,941
CTETRA,8752,2,2407,1109,1118,1122
CTETRA,8753,2,2407,928,937,1118
CTETRA,8754,2,2407,928,1118,1109
CTETRA,8755,2,2407,937,941,1122
CTETRA,8756,2,2407,937,1122,1118
CTETRA,8757,2,2407,941,928,1122
CTETRA,8758,2,2407,1122,928,1109
CTETRA,8759,2,2408,860,862,847
CTETRA,8760,2,2408,1043,1041,1028
CTETRA,8761,2,2408,862,860,1043
CTETRA,8762,2,2408,1043,860,1041
CTETRA,8763,2,2408,860,847,1041
CTETRA,8764,2,2408,1041,847,1028
CTETRA,8765,2,2408,847,862,1043
CTETRA,8766,2,2408,847,1043,1028
CTETRA,8767,2,2409,978,982,995
CTETRA,8768,2,2409,1163,1159,1176
CTETRA,8769,2,2409,982,978,1163
CTETRA,8770,2,2409,1163,978,1159
CTETRA,8771,2,2409,978,995,1176
CTETRA,8772,2,2409,978,1176,1159
CTETRA,8773,2,2409,995,982,1176
CTETRA,8774,2,2409,1176,982,1163
CTETRA,8775,2,2410,1014,1016,1005
CTETRA,8776,2,2410,1197,1195,1186
CTETRA,8777,2,2410,1016,1014,1197
CTETRA,8778,2,2410,1197,1014,1195
CTETRA,8779,2,2410,1014,1005,1195
CTETRA,8780,2,2410,1195,1005,1186
CTETRA,8781,2,2410,1005,1016,1197
CTETRA,8782,2,2410,1005,1197,1186
CTETRA,8783,2,2411,967,984,963
CTETRA,8784,2,2411,1165,1148,1144
CTETRA,8785,2,2411,984,967,1165
CTETRA,8786,2,2411,1165,967,1148
CTETRA,8787,2,2411,967,963,1148
CTETRA,8788,2,2411,1148,963,1144
CTETRA,8789,2,2411,963,984,1165
CTETRA,8790,2,2411,963,1165,1144
CTETRA,8791,2,2412,870,864,885
CTETRA,8792,2,2412,1045,1051,1066
CTETRA,8793,2,2412,864,870,1051
CTETRA,8794,2,2412,864,1051,1045
CTETRA,8795,2,2412,870,885,1066
CTETRA,8796,2,2412,870,1066,1051
CTETRA,8797,2,2412,885,864,1066
CTETRA,8798,2,2412,1066,864,1045
CTETRA,8799,2,2413,874,878,897
CTETRA,8800,2,2413,1059,1055,1078
CTETRA,8801,2,2413,878,874,1059
CTETRA,8802,2,2413,1059,874,1055
CTETRA,8803,2,2413,874,897,1078
CTETRA,8804,2,2413,874,1078,1055
CTETRA,8805,2,2413,897,878,1078
CTETRA,8806,2,2413,1078,878,1059
CTETRA,8807,2,2414,635,630,1002
CTETRA,8808,2,2414,629,634,1183
CTETRA,8809,2,2414,629,630,635
CTETRA,8810,2,2414,629,635,634
CTETRA,8811,2,2414,635,1002,634
CTETRA,8812,2,2414,634,1002,1183
CTETRA,8813,2,2414,1002,630,1183
CTETRA,8814,2,2414,1183,630,629
CTETRA,8815,2,2415,905,928,903
CTETRA,8816,2,2415,1109,1086,1084
CTETRA,8817,2,2415,928,905,1109
CTETRA,8818,2,2415,1109,905,1086
CTETRA,8819,2,2415,905,903,1086
CTETRA,8820,2,2415,1086,903,1084
CTETRA,8821,2,2415,903,928,1109
CTETRA,8822,2,2415,903,1109,1084
CTETRA,8823,2,2416,968,985,974
CTETRA,8824,2,2416,1166,1149,1155
CTETRA,8825,2,2416,985,968,1166
CTETRA,8826,2,2416,1166,968,1149
CTETRA,8827,2,2416,968,974,1155
CTETRA,8828,2,2416,968,1155,1149
CTETRA,8829,2,2416,974,985,1166
CTETRA,8830,2,2416,974,1166,1155
CTETRA,8831,2,2417,875,879,860
CTETRA,8832,2,2417,1060,1056,1041
CTETRA,8833,2,2417,879,875,1060
CTETRA,8834,2,2417,1060,875,1056
CTETRA,8835,2,2417,875,860,1056
CTETRA,8836,2,2417,1056,860,1041
CTETRA,8837,2,2417,860,879,1060
CTETRA,8838,2,2417,860,1060,1041
CTETRA,8839,2,2418,957,959,978
CTETRA,8840,2,2418,1140,1138,1159
CTETRA,8841,2,2418,959,957,1140
CTETRA,8842,2,2418,1140,957,1138
CTETRA,8843,2,2418,957,978,1159
CTETRA,8844,2,2418,957,1159,1138
CTETRA,8845,2,2418,978,959,1159
CTETRA,8846,2,2418,1159,959,1140
CTETRA,8847,2,2419,1005,1009,994
CTETRA,8848,2,2419,1190,1186,1175
CTETRA,8849,2,2419,1009,1005,1190
CTETRA,8850,2,2419,1190,1005,1186
CTETRA,8851,2,2419,1005,994,1186
CTETRA,8852,2,2419,1186,994,1175
CTETRA,8853,2,2419,994,1009,1190
CTETRA,8854,2,2419,994,1190,1175
CTETRA,8855,2,2420,885,881,906
CTETRA,8856,2,2420,1062,1066,1087
CTETRA,8857,2,2420,881,885,1066
CTETRA,8858,2,2420,881,1066,1062
CTETRA,8859,2,2420,885,906,1087
CTETRA,8860,2,2420,885,1087,1066
CTETRA,8861,2,2420,906,881,1087
CTETRA,8862,2,2420,1087,881,1062
CTETRA,8863,2,2421,523,655,1018
CTETRA,8864,2,2421,654,524,1199
CTETRA,8865,2,2421,654,523,524
CTETRA,8866,2,2421,654,655,523
CTETRA,8867,2,2421,523,1018,524
CTETRA,8868,2,2421,524,1018,1199
CTETRA,8869,2,2421,1018,655,654
CTETRA,8870,2,2421,1018,654,1199
CTETRA,8871,2,2422,560,555,841
CTETRA,8872,2,2422,554,559,1022
CTETRA,8873,2,2422,554,555,560
CTETRA,8874,2,2422,554,560,559
CTETRA,8875,2,2422,560,841,1022
CTETRA,8876,2,2422,560,1022,559
CTETRA,8877,2,2422,841,555,1022
CTETRA,8878,2,2422,1022,555,554
CTETRA,8879,2,2423,941,928,945
CTETRA,8880,2,2423,1109,1122,1126
CTETRA,8881,2,2423,928,941,1122
CTETRA,8882,2,2423,928,1122,1109
CTETRA,8883,2,2423,941,945,1126
CTETRA,8884,2,2423,941,1126,1122
CTETRA,8885,2,2423,945,928,1126
CTETRA,8886,2,2423,1126,928,1109
CTETRA,8887,2,2424,856,852,848
CTETRA,8888,2,2424,1033,1037,1029
CTETRA,8889,2,2424,852,856,1037
CTETRA,8890,2,2424,852,1037,1033
CTETRA,8891,2,2424,856,848,1037
CTETRA,8892,2,2424,1037,848,1029
CTETRA,8893,2,2424,848,852,1033
CTETRA,8894,2,2424,848,1033,1029
CTETRA,8895,2,2425,964,970,968
CTETRA,8896,2,2425,1151,1145,1149
CTETRA,8897,2,2425,970,964,1151
CTETRA,8898,2,2425,1151,964,1145
CTETRA,8899,2,2425,964,968,1149
CTETRA,8900,2,2425,964,1149,1145
CTETRA,8901,2,2425,968,970,1151
CTETRA,8902,2,2425,968,1151,1149
CTETRA,8903,2,2426,898,900,875
CTETRA,8904,2,2426,1081,1079,1056
CTETRA,8905,2,2426,900,898,1081
CTETRA,8906,2,2426,1081,898,1079
CTETRA,8907,2,2426,898,875,1079
CTETRA,8908,2,2426,1079,875,1056
CTETRA,8909,2,2426,875,900,1081
CTETRA,8910,2,2426,875,1081,1056
CTETRA,8911,2,2427,1013,1015,645
CTETRA,8912,2,2427,1196,1194,644
CTETRA,8913,2,2427,1015,1013,1196
CTETRA,8914,2,2427,1196,1013,1194
CTETRA,8915,2,2427,1013,645,644
CTETRA,8916,2,2427,1013,644,1194
CTETRA,8917,2,2427,645,1015,644
CTETRA,8918,2,2427,644,1015,1196
CTETRA,8919,2,2428,994,996,977
CTETRA,8920,2,2428,1177,1175,1158
CTETRA,8921,2,2428,996,994,1177
CTETRA,8922,2,2428,1177,994,1175
CTETRA,8923,2,2428,994,977,1175
CTETRA,8924,2,2428,1175,977,1158
CTETRA,8925,2,2428,977,996,1177
CTETRA,8926,2,2428,977,1177,1158
CTETRA,8927,2,2429,585,580,844
CTETRA,8928,2,2429,579,584,1025
CTETRA,8929,2,2429,579,580,585
CTETRA,8930,2,2429,579,585,584
CTETRA,8931,2,2429,585,844,1025
CTETRA,8932,2,2429,585,1025,584
CTETRA,8933,2,2429,844,580,1025
CTETRA,8934,2,2429,1025,580,579
CTETRA,8935,2,2430,959,928,960
CTETRA,8936,2,2430,1109,1140,1141
CTETRA,8937,2,2430,928,959,1140
CTETRA,8938,2,2430,928,1140,1109
CTETRA,8939,2,2430,959,960,1141
CTETRA,8940,2,2430,959,1141,1140
CTETRA,8941,2,2430,960,928,1141
CTETRA,8942,2,2430,1141,928,1109
CTETRA,8943,2,2431,903,928,899
CTETRA,8944,2,2431,1109,1084,1080
CTETRA,8945,2,2431,928,903,1109
CTETRA,8946,2,2431,1109,903,1084
CTETRA,8947,2,2431,903,899,1084
CTETRA,8948,2,2431,1084,899,1080
CTETRA,8949,2,2431,899,928,1109
CTETRA,8950,2,2431,899,1109,1080
CTETRA,8951,2,2432,985,991,989
CTETRA,8952,2,2432,1172,1166,1170
CTETRA,8953,2,2432,991,985,1172
CTETRA,8954,2,2432,1172,985,1166
CTETRA,8955,2,2432,985,989,1170
CTETRA,8956,2,2432,985,1170,1166
CTETRA,8957,2,2432,989,991,1172
CTETRA,8958,2,2432,989,1172,1170
CTETRA,8959,2,2433,869,863,856
CTETRA,8960,2,2433,1044,1050,1037
CTETRA,8961,2,2433,863,869,1050
CTETRA,8962,2,2433,863,1050,1044
CTETRA,8963,2,2433,869,856,1050
CTETRA,8964,2,2433,1050,856,1037
CTETRA,8965,2,2433,856,863,1044
CTETRA,8966,2,2433,856,1044,1037
CTETRA,8967,2,2434,947,962,964
CTETRA,8968,2,2434,1143,1128,1145
CTETRA,8969,2,2434,962,947,1143
CTETRA,8970,2,2434,1143,947,1128
CTETRA,8971,2,2434,947,964,1145
CTETRA,8972,2,2434,947,1145,1128
CTETRA,8973,2,2434,964,962,1145
CTETRA,8974,2,2434,1145,962,1143
CTETRA,8975,2,2435,838,840,570
CTETRA,8976,2,2435,1021,1019,569
CTETRA,8977,2,2435,840,838,1021
CTETRA,8978,2,2435,1021,838,1019
CTETRA,8979,2,2435,838,570,1019
CTETRA,8980,2,2435,1019,570,569
CTETRA,8981,2,2435,570,840,1021
CTETRA,8982,2,2435,570,1021,569
CTETRA,8983,2,2436,1015,1013,1006
CTETRA,8984,2,2436,1194,1196,1187
CTETRA,8985,2,2436,1013,1015,1196
CTETRA,8986,2,2436,1013,1196,1194
CTETRA,8987,2,2436,1015,1006,1196
CTETRA,8988,2,2436,1196,1006,1187
CTETRA,8989,2,2436,1006,1013,1194
CTETRA,8990,2,2436,1006,1194,1187
CTETRA,8991,2,2437,977,981,956
CTETRA,8992,2,2437,1162,1158,1137
CTETRA,8993,2,2437,981,977,1162
CTETRA,8994,2,2437,1162,977,1158
CTETRA,8995,2,2437,977,956,1158
CTETRA,8996,2,2437,1158,956,1137
CTETRA,8997,2,2437,956,981,1162
CTETRA,8998,2,2437,956,1162,1137
CTETRA,8999,2,2438,900,928,904
CTETRA,9000,2,2438,1109,1081,1085
CTETRA,9001,2,2438,928,900,1109
CTETRA,9002,2,2438,1109,900,1081
CTETRA,9003,2,2438,900,904,1085
CTETRA,9004,2,2438,900,1085,1081
CTETRA,9005,2,2438,904,928,1109
CTETRA,9006,2,2438,904,1109,1085
CTETRA,9007,2,2439,1010,1011,1017
CTETRA,9008,2,2439,1192,1191,1198
CTETRA,9009,2,2439,1011,1010,1192
CTETRA,9010,2,2439,1192,1010,1191
CTETRA,9011,2,2439,1010,1017,1198
CTETRA,9012,2,2439,1010,1198,1191
CTETRA,9013,2,2439,1017,1011,1198
CTETRA,9014,2,2439,1198,1011,1192
CTETRA,9015,2,2440,852,850,843
CTETRA,9016,2,2440,1031,1033,1024
CTETRA,9017,2,2440,850,852,1033
CTETRA,9018,2,2440,850,1033,1031
CTETRA,9019,2,2440,852,843,1033
CTETRA,9020,2,2440,1033,843,1024
CTETRA,9021,2,2440,843,850,1031
CTETRA,9022,2,2440,843,1031,1024
CTETRA,9023,2,2441,970,980,985
CTETRA,9024,2,2441,1161,1151,1166
CTETRA,9025,2,2441,980,970,1161
CTETRA,9026,2,2441,1161,970,1151
CTETRA,9027,2,2441,970,985,1166
CTETRA,9028,2,2441,970,1166,1151
CTETRA,9029,2,2441,985,980,1166
CTETRA,9030,2,2441,1166,980,1161
CTETRA,9031,2,2442,884,880,869
CTETRA,9032,2,2442,1061,1065,1050
CTETRA,9033,2,2442,880,884,1065
CTETRA,9034,2,2442,880,1065,1061
CTETRA,9035,2,2442,884,869,1065
CTETRA,9036,2,2442,1065,869,1050
CTETRA,9037,2,2442,869,880,1061
CTETRA,9038,2,2442,869,1061,1050
CTETRA,9039,2,2443,937,941,947
CTETRA,9040,2,2443,1122,1118,1128
CTETRA,9041,2,2443,941,937,1122
CTETRA,9042,2,2443,1122,937,1118
CTETRA,9043,2,2443,937,947,1128
CTETRA,9044,2,2443,937,1128,1118
CTETRA,9045,2,2443,947,941,1128
CTETRA,9046,2,2443,1128,941,1122
CTETRA,9047,2,2444,840,838,847
CTETRA,9048,2,2444,1019,1021,1028
CTETRA,9049,2,2444,838,840,1021
CTETRA,9050,2,2444,838,1021,1019
CTETRA,9051,2,2444,840,847,1028
CTETRA,9052,2,2444,840,1028,1021
CTETRA,9053,2,2444,847,838,1028
CTETRA,9054,2,2444,1028,838,1019
CTETRA,9055,2,2445,1006,1004,995
CTETRA,9056,2,2445,1185,1187,1176
CTETRA,9057,2,2445,1004,1006,1187
CTETRA,9058,2,2445,1004,1187,1185
CTETRA,9059,2,2445,1006,995,1187
CTETRA,9060,2,2445,1187,995,1176
CTETRA,9061,2,2445,995,1004,1185
CTETRA,9062,2,2445,995,1185,1176
CTETRA,9063,2,2446,523,1018,518
CTETRA,9064,2,2446,1199,524,519
CTETRA,9065,2,2446,1018,523,524
CTETRA,9066,2,2446,1018,524,1199
CTETRA,9067,2,2446,518,524,523
CTETRA,9068,2,2446,518,519,524
CTETRA,9069,2,2446,518,1018,519
CTETRA,9070,2,2446,519,1018,1199
CTETRA,9071,2,2447,851,853,842
CTETRA,9072,2,2447,1034,1032,1023
CTETRA,9073,2,2447,853,851,1034
CTETRA,9074,2,2447,1034,851,1032
CTETRA,9075,2,2447,851,842,1032
CTETRA,9076,2,2447,1032,842,1023
CTETRA,9077,2,2447,842,853,1034
CTETRA,9078,2,2447,842,1034,1023
CTETRA,9079,2,2448,997,998,1010
CTETRA,9080,2,2448,1179,1178,1191
CTETRA,9081,2,2448,998,997,1179
CTETRA,9082,2,2448,1179,997,1178
CTETRA,9083,2,2448,997,1010,1191
CTETRA,9084,2,2448,997,1191,1178
CTETRA,9085,2,2448,1010,998,1191
CTETRA,9086,2,2448,1191,998,1179
CTETRA,9087,2,2449,863,861,852
CTETRA,9088,2,2449,1042,1044,1033
CTETRA,9089,2,2449,861,863,1044
CTETRA,9090,2,2449,861,1044,1042
CTETRA,9091,2,2449,863,852,1044
CTETRA,9092,2,2449,1044,852,1033
CTETRA,9093,2,2449,852,861,1042
CTETRA,9094,2,2449,852,1042,1033
CTETRA,9095,2,2450,962,966,970
CTETRA,9096,2,2450,1147,1143,1151
CTETRA,9097,2,2450,966,962,1147
CTETRA,9098,2,2450,1147,962,1143
CTETRA,9099,2,2450,962,970,1151
CTETRA,9100,2,2450,962,1151,1143
CTETRA,9101,2,2450,970,966,1151
CTETRA,9102,2,2450,1151,966,1147
CTETRA,9103,2,2451,905,903,884
CTETRA,9104,2,2451,1084,1086,1065
CTETRA,9105,2,2451,903,905,1086
CTETRA,9106,2,2451,903,1086,1084
CTETRA,9107,2,2451,905,884,1086
CTETRA,9108,2,2451,1086,884,1065
CTETRA,9109,2,2451,884,903,1084
CTETRA,9110,2,2451,884,1084,1065
CTETRA,9111,2,2452,955,974,620
CTETRA,9112,2,2452,1155,1136,619
CTETRA,9113,2,2452,974,955,1155
CTETRA,9114,2,2452,1155,955,1136
CTETRA,9115,2,2452,955,620,619
CTETRA,9116,2,2452,955,619,1136
CTETRA,9117,2,2452,620,974,1155
CTETRA,9118,2,2452,620,1155,619
CTETRA,9119,2,2453,847,845,860
CTETRA,9120,2,2453,1026,1028,1041
CTETRA,9121,2,2453,845,847,1028
CTETRA,9122,2,2453,845,1028,1026
CTETRA,9123,2,2453,847,860,1041
CTETRA,9124,2,2453,847,1041,1028
CTETRA,9125,2,2453,860,845,1041
CTETRA,9126,2,2453,1041,845,1026
CTETRA,9127,2,2454,995,993,978
CTETRA,9128,2,2454,1174,1176,1159
CTETRA,9129,2,2454,993,995,1176
CTETRA,9130,2,2454,993,1176,1174
CTETRA,9131,2,2454,995,978,1176
CTETRA,9132,2,2454,1176,978,1159
CTETRA,9133,2,2454,978,993,1174
CTETRA,9134,2,2454,978,1174,1159
CTETRA,9135,2,2455,960,928,958
CTETRA,9136,2,2455,1109,1141,1139
CTETRA,9137,2,2455,928,960,1141
CTETRA,9138,2,2455,928,1141,1109
CTETRA,9139,2,2455,960,958,1141
CTETRA,9140,2,2455,1141,958,1139
CTETRA,9141,2,2455,958,928,1139
CTETRA,9142,2,2455,1139,928,1109
CTETRA,9143,2,2456,862,864,851
CTETRA,9144,2,2456,1045,1043,1032
CTETRA,9145,2,2456,864,862,1045
CTETRA,9146,2,2456,1045,862,1043
CTETRA,9147,2,2456,862,851,1043
CTETRA,9148,2,2456,1043,851,1032
CTETRA,9149,2,2456,851,864,1045
CTETRA,9150,2,2456,851,1045,1032
CTETRA,9151,2,2457,982,983,997
CTETRA,9152,2,2457,1164,1163,1178
CTETRA,9153,2,2457,983,982,1164
CTETRA,9154,2,2457,1164,982,1163
CTETRA,9155,2,2457,982,997,1178
CTETRA,9156,2,2457,982,1178,1163
CTETRA,9157,2,2457,997,983,1178
CTETRA,9158,2,2457,1178,983,1164
CTETRA,9159,2,2458,880,878,863
CTETRA,9160,2,2458,1059,1061,1044
CTETRA,9161,2,2458,878,880,1061
CTETRA,9162,2,2458,878,1061,1059
CTETRA,9163,2,2458,880,863,1061
CTETRA,9164,2,2458,1061,863,1044
CTETRA,9165,2,2458,863,878,1059
CTETRA,9166,2,2458,863,1059,1044
CTETRA,9167,2,2459,941,945,962
CTETRA,9168,2,2459,1126,1122,1143
CTETRA,9169,2,2459,945,941,1126
CTETRA,9170,2,2459,1126,941,1122
CTETRA,9171,2,2459,941,962,1143
CTETRA,9172,2,2459,941,1143,1122
CTETRA,9173,2,2459,962,945,1143
CTETRA,9174,2,2459,1143,945,1126
CTETRA,9175,2,2460,860,858,875
CTETRA,9176,2,2460,1039,1041,1056
CTETRA,9177,2,2460,858,860,1041
CTETRA,9178,2,2460,858,1041,1039
CTETRA,9179,2,2460,860,875,1056
CTETRA,9180,2,2460,860,1056,1041
CTETRA,9181,2,2460,875,858,1056
CTETRA,9182,2,2460,1056,858,1039
CTETRA,9183,2,2461,978,976,957
CTETRA,9184,2,2461,1157,1159,1138
CTETRA,9185,2,2461,976,978,1159
CTETRA,9186,2,2461,976,1159,1157
CTETRA,9187,2,2461,978,957,1159
CTETRA,9188,2,2461,1159,957,1138
CTETRA,9189,2,2461,957,976,1157
CTETRA,9190,2,2461,957,1157,1138
CTETRA,9191,2,2462,1011,1009,1018
CTETRA,9192,2,2462,1190,1192,1199
CTETRA,9193,2,2462,1009,1011,1192
CTETRA,9194,2,2462,1009,1192,1190
CTETRA,9195,2,2462,1011,1018,1199
CTETRA,9196,2,2462,1011,1199,1192
CTETRA,9197,2,2462,1018,1009,1199
CTETRA,9198,2,2462,1199,1009,1190
CTETRA,9199,2,2463,879,881,862
CTETRA,9200,2,2463,1062,1060,1043
CTETRA,9201,2,2463,881,879,1062
CTETRA,9202,2,2463,1062,879,1060
CTETRA,9203,2,2463,879,862,1060
CTETRA,9204,2,2463,1060,862,1043
CTETRA,9205,2,2463,862,881,1062
CTETRA,9206,2,2463,862,1062,1043
CTETRA,9207,2,2464,959,960,982
CTETRA,9208,2,2464,1141,1140,1163
CTETRA,9209,2,2464,960,959,1141
CTETRA,9210,2,2464,1141,959,1140
CTETRA,9211,2,2464,959,982,1163
CTETRA,9212,2,2464,959,1163,1140
CTETRA,9213,2,2464,982,960,1163
CTETRA,9214,2,2464,1163,960,1141
CTETRA,9215,2,2465,903,899,880
CTETRA,9216,2,2465,1080,1084,1061
CTETRA,9217,2,2465,899,903,1084
CTETRA,9218,2,2465,899,1084,1080
CTETRA,9219,2,2465,903,880,1084
CTETRA,9220,2,2465,1084,880,1061
CTETRA,9221,2,2465,880,899,1080
CTETRA,9222,2,2465,880,1080,1061
CTETRA,9223,2,2466,974,989,625
CTETRA,9224,2,2466,1170,1155,624
CTETRA,9225,2,2466,989,974,1170
CTETRA,9226,2,2466,1170,974,1155
CTETRA,9227,2,2466,974,625,624
CTETRA,9228,2,2466,974,624,1155
CTETRA,9229,2,2466,625,989,1170
CTETRA,9230,2,2466,625,1170,624
CTETRA,9231,2,2467,875,873,898
CTETRA,9232,2,2467,1054,1056,1079
CTETRA,9233,2,2467,873,875,1056
CTETRA,9234,2,2467,873,1056,1054
CTETRA,9235,2,2467,875,898,1079
CTETRA,9236,2,2467,875,1079,1056
CTETRA,9237,2,2467,898,873,1079
CTETRA,9238,2,2467,1079,873,1054
CTETRA,9239,2,2468,645,640,1013
CTETRA,9240,2,2468,639,644,1194
CTETRA,9241,2,2468,639,645,644
CTETRA,9242,2,2468,639,640,645
CTETRA,9243,2,2468,645,1013,644
CTETRA,9244,2,2468,644,1013,1194
CTETRA,9245,2,2468,1013,640,639
CTETRA,9246,2,2468,1013,639,1194
CTETRA,9247,2,2469,998,996,1011
CTETRA,9248,2,2469,1177,1179,1192
CTETRA,9249,2,2469,996,998,1179
CTETRA,9250,2,2469,996,1179,1177
CTETRA,9251,2,2469,998,1011,1192
CTETRA,9252,2,2469,998,1192,1179
CTETRA,9253,2,2469,1011,996,1192
CTETRA,9254,2,2469,1192,996,1177
CTETRA,9255,2,2470,900,904,879
CTETRA,9256,2,2470,1085,1081,1060
CTETRA,9257,2,2470,904,900,1085
CTETRA,9258,2,2470,1085,900,1081
CTETRA,9259,2,2470,900,879,1081
CTETRA,9260,2,2470,1081,879,1060
CTETRA,9261,2,2470,879,904,1085
CTETRA,9262,2,2470,879,1085,1060
CTETRA,9263,2,2471,1015,1017,650
CTETRA,9264,2,2471,1198,1196,649
CTETRA,9265,2,2471,1017,1015,1198
CTETRA,9266,2,2471,1198,1015,1196
CTETRA,9267,2,2471,1015,650,649
CTETRA,9268,2,2471,1015,649,1196
CTETRA,9269,2,2471,650,1017,649
CTETRA,9270,2,2471,649,1017,1198
CTETRA,9271,2,2472,848,843,550
CTETRA,9272,2,2472,1024,1029,549
CTETRA,9273,2,2472,843,848,1029
CTETRA,9274,2,2472,843,1029,1024
CTETRA,9275,2,2472,848,550,1029
CTETRA,9276,2,2472,1029,550,549
CTETRA,9277,2,2472,550,843,1024
CTETRA,9278,2,2472,550,1024,549
CTETRA,9279,2,2473,989,974,985
CTETRA,9280,2,2473,1155,1170,1166
CTETRA,9281,2,2473,974,989,1170
CTETRA,9282,2,2473,974,1170,1155
CTETRA,9283,2,2473,989,985,1170
CTETRA,9284,2,2473,1170,985,1166
CTETRA,9285,2,2473,985,974,1166
CTETRA,9286,2,2473,1166,974,1155
CTETRA,9287,2,2474,570,565,838
CTETRA,9288,2,2474,564,569,1019
CTETRA,9289,2,2474,564,565,570
CTETRA,9290,2,2474,564,570,569
CTETRA,9291,2,2474,570,838,1019
CTETRA,9292,2,2474,570,1019,569
CTETRA,9293,2,2474,838,565,1019
CTETRA,9294,2,2474,1019,565,564
CTETRA,9295,2,2475,951,928,953
CTETRA,9296,2,2475,1109,1132,1134
CTETRA,9297,2,2475,928,951,1132
CTETRA,9298,2,2475,928,1132,1109
CTETRA,9299,2,2475,951,953,1134
CTETRA,9300,2,2475,951,1134,1132
CTETRA,9301,2,2475,953,928,1134
CTETRA,9302,2,2475,1134,928,1109
CTETRA,9303,2,2476,983,981,998
CTETRA,9304,2,2476,1162,1164,1179
CTETRA,9305,2,2476,981,983,1164
CTETRA,9306,2,2476,981,1164,1162
CTETRA,9307,2,2476,983,998,1179
CTETRA,9308,2,2476,983,1179,1164
CTETRA,9309,2,2476,998,981,1179
CTETRA,9310,2,2476,1179,981,1162
CTETRA,9311,2,2477,565,560,839
CTETRA,9312,2,2477,559,564,1020
CTETRA,9313,2,2477,559,560,565
CTETRA,9314,2,2477,559,565,564
CTETRA,9315,2,2477,565,839,1020
CTETRA,9316,2,2477,565,1020,564
CTETRA,9317,2,2477,839,560,1020
CTETRA,9318,2,2477,1020,560,559
CTETRA,9319,2,2478,945,928,951
CTETRA,9320,2,2478,1109,1126,1132
CTETRA,9321,2,2478,928,945,1126
CTETRA,9322,2,2478,928,1126,1109
CTETRA,9323,2,2478,945,951,1132
CTETRA,9324,2,2478,945,1132,1126
CTETRA,9325,2,2478,951,928,1132
CTETRA,9326,2,2478,1132,928,1109
CTETRA,9327,2,2479,488,493,973
CTETRA,9328,2,2479,494,489,1154
CTETRA,9329,2,2479,488,489,494
CTETRA,9330,2,2479,488,494,493
CTETRA,9331,2,2479,488,973,489
CTETRA,9332,2,2479,489,973,1154
CTETRA,9333,2,2479,973,493,494
CTETRA,9334,2,2479,973,494,1154
CTETRA,9335,2,2480,904,928,906
CTETRA,9336,2,2480,1109,1085,1087
CTETRA,9337,2,2480,928,904,1109
CTETRA,9338,2,2480,1109,904,1085
CTETRA,9339,2,2480,904,906,1087
CTETRA,9340,2,2480,904,1087,1085
CTETRA,9341,2,2480,906,928,1109
CTETRA,9342,2,2480,906,1109,1087
CTETRA,9343,2,2481,840,842,575
CTETRA,9344,2,2481,1023,1021,574
CTETRA,9345,2,2481,842,840,1023
CTETRA,9346,2,2481,1023,840,1021
CTETRA,9347,2,2481,840,575,1021
CTETRA,9348,2,2481,1021,575,574
CTETRA,9349,2,2481,575,842,1023
CTETRA,9350,2,2481,575,1023,574
CTETRA,9351,2,2482,1017,1015,1010
CTETRA,9352,2,2482,1196,1198,1191
CTETRA,9353,2,2482,1015,1017,1198
CTETRA,9354,2,2482,1015,1198,1196
CTETRA,9355,2,2482,1017,1010,1198
CTETRA,9356,2,2482,1198,1010,1191
CTETRA,9357,2,2482,1010,1015,1196
CTETRA,9358,2,2482,1010,1196,1191
CTETRA,9359,2,2483,843,848,852
CTETRA,9360,2,2483,1029,1024,1033
CTETRA,9361,2,2483,848,843,1029
CTETRA,9362,2,2483,1029,843,1024
CTETRA,9363,2,2483,843,852,1033
CTETRA,9364,2,2483,843,1033,1024
CTETRA,9365,2,2483,852,848,1033
CTETRA,9366,2,2483,1033,848,1029
CTETRA,9367,2,2484,985,968,970
CTETRA,9368,2,2484,1149,1166,1151
CTETRA,9369,2,2484,968,985,1166
CTETRA,9370,2,2484,968,1166,1149
CTETRA,9371,2,2484,985,970,1166
CTETRA,9372,2,2484,1166,970,1151
CTETRA,9373,2,2484,970,968,1151
CTETRA,9374,2,2484,1151,968,1149
CTETRA,9375,2,2485,897,928,896
CTETRA,9376,2,2485,1109,1078,1077
CTETRA,9377,2,2485,928,897,1109
CTETRA,9378,2,2485,1109,897,1078
CTETRA,9379,2,2485,897,896,1078
CTETRA,9380,2,2485,1078,896,1077
CTETRA,9381,2,2485,896,928,1109
CTETRA,9382,2,2485,896,1109,1077
CTETRA,9383,2,2486,1000,1004,1008
CTETRA,9384,2,2486,1185,1181,1189
CTETRA,9385,2,2486,1004,1000,1185
CTETRA,9386,2,2486,1185,1000,1181
CTETRA,9387,2,2486,1000,1008,1189
CTETRA,9388,2,2486,1000,1189,1181
CTETRA,9389,2,2486,1008,1004,1189
CTETRA,9390,2,2486,1189,1004,1185
CTETRA,9391,2,2487,960,958,983
CTETRA,9392,2,2487,1139,1141,1164
CTETRA,9393,2,2487,958,960,1141
CTETRA,9394,2,2487,958,1141,1139
CTETRA,9395,2,2487,960,983,1164
CTETRA,9396,2,2487,960,1164,1141
CTETRA,9397,2,2487,983,958,1164
CTETRA,9398,2,2487,1164,958,1139
CTETRA,9399,2,2488,842,840,851
CTETRA,9400,2,2488,1021,1023,1032
CTETRA,9401,2,2488,840,842,1023
CTETRA,9402,2,2488,840,1023,1021
CTETRA,9403,2,2488,842,851,1032
CTETRA,9404,2,2488,842,1032,1023
CTETRA,9405,2,2488,851,840,1032
CTETRA,9406,2,2488,1032,840,1021
CTETRA,9407,2,2489,1010,1006,997
CTETRA,9408,2,2489,1187,1191,1178
CTETRA,9409,2,2489,1006,1010,1191
CTETRA,9410,2,2489,1006,1191,1187
CTETRA,9411,2,2489,1010,997,1191
CTETRA,9412,2,2489,1191,997,1178
CTETRA,9413,2,2489,997,1006,1187
CTETRA,9414,2,2489,997,1187,1178
CTETRA,9415,2,2490,852,856,863
CTETRA,9416,2,2490,1037,1033,1044
CTETRA,9417,2,2490,856,852,1037
CTETRA,9418,2,2490,1037,852,1033
CTETRA,9419,2,2490,852,863,1044
CTETRA,9420,2,2490,852,1044,1033
CTETRA,9421,2,2490,863,856,1044
CTETRA,9422,2,2490,1044,856,1037
CTETRA,9423,2,2491,970,964,962
CTETRA,9424,2,2491,1145,1151,1143
CTETRA,9425,2,2491,964,970,1151
CTETRA,9426,2,2491,964,1151,1145
CTETRA,9427,2,2491,970,962,1151
CTETRA,9428,2,2491,1151,962,1143
CTETRA,9429,2,2491,962,964,1145
CTETRA,9430,2,2491,962,1145,1143
CTETRA,9431,2,2492,846,845,839
CTETRA,9432,2,2492,1026,1027,1020
CTETRA,9433,2,2492,845,846,1027
CTETRA,9434,2,2492,845,1027,1026
CTETRA,9435,2,2492,846,839,1027
CTETRA,9436,2,2492,1027,839,1020
CTETRA,9437,2,2492,839,845,1026
CTETRA,9438,2,2492,839,1026,1020
CTETRA,9439,2,2493,987,993,1000
CTETRA,9440,2,2493,1174,1168,1181
CTETRA,9441,2,2493,993,987,1174
CTETRA,9442,2,2493,1174,987,1168
CTETRA,9443,2,2493,987,1000,1181
CTETRA,9444,2,2493,987,1181,1168
CTETRA,9445,2,2493,1000,993,1181
CTETRA,9446,2,2493,1181,993,1174
CTETRA,9447,2,2494,850,846,841
CTETRA,9448,2,2494,1027,1031,1022
CTETRA,9449,2,2494,846,850,1031
CTETRA,9450,2,2494,846,1031,1027
CTETRA,9451,2,2494,850,841,1031
CTETRA,9452,2,2494,1031,841,1022
CTETRA,9453,2,2494,841,846,1027
CTETRA,9454,2,2494,841,1027,1022
CTETRA,9455,2,2495,980,987,991
CTETRA,9456,2,2495,1168,1161,1172
CTETRA,9457,2,2495,987,980,1168
CTETRA,9458,2,2495,1168,980,1161
CTETRA,9459,2,2495,980,991,1172
CTETRA,9460,2,2495,980,1172,1161
CTETRA,9461,2,2495,991,987,1172
CTETRA,9462,2,2495,1172,987,1168
CTETRA,9463,2,2496,984,967,988
CTETRA,9464,2,2496,1148,1165,1169
CTETRA,9465,2,2496,967,984,1165
CTETRA,9466,2,2496,967,1165,1148
CTETRA,9467,2,2496,984,988,1169
CTETRA,9468,2,2496,984,1169,1165
CTETRA,9469,2,2496,988,967,1169
CTETRA,9470,2,2496,1169,967,1148
CTETRA,9471,2,2497,864,870,853
CTETRA,9472,2,2497,1051,1045,1034
CTETRA,9473,2,2497,870,864,1051
CTETRA,9474,2,2497,1051,864,1045
CTETRA,9475,2,2497,864,853,1045
CTETRA,9476,2,2497,1045,853,1034
CTETRA,9477,2,2497,853,870,1051
CTETRA,9478,2,2497,853,1051,1034
CTETRA,9479,2,2498,851,847,862
CTETRA,9480,2,2498,1028,1032,1043
CTETRA,9481,2,2498,847,851,1032
CTETRA,9482,2,2498,847,1032,1028
CTETRA,9483,2,2498,851,862,1043
CTETRA,9484,2,2498,851,1043,1032
CTETRA,9485,2,2498,862,847,1043
CTETRA,9486,2,2498,1043,847,1028
CTETRA,9487,2,2499,997,995,982
CTETRA,9488,2,2499,1176,1178,1163
CTETRA,9489,2,2499,995,997,1178
CTETRA,9490,2,2499,995,1178,1176
CTETRA,9491,2,2499,997,982,1178
CTETRA,9492,2,2499,1178,982,1163
CTETRA,9493,2,2499,982,995,1176
CTETRA,9494,2,2499,982,1176,1163
CTETRA,9495,2,2500,862,860,879
CTETRA,9496,2,2500,1041,1043,1060
CTETRA,9497,2,2500,860,862,1043
CTETRA,9498,2,2500,860,1043,1041
CTETRA,9499,2,2500,862,879,1060
CTETRA,9500,2,2500,862,1060,1043
CTETRA,9501,2,2500,879,860,1060
CTETRA,9502,2,2500,1060,860,1041
CTETRA,9503,2,2501,982,978,959
CTETRA,9504,2,2501,1159,1163,1140
CTETRA,9505,2,2501,978,982,1163
CTETRA,9506,2,2501,978,1163,1159
CTETRA,9507,2,2501,982,959,1163
CTETRA,9508,2,2501,1163,959,1140
CTETRA,9509,2,2501,959,978,1159
CTETRA,9510,2,2501,959,1159,1140
CTETRA,9511,2,2502,861,859,850
CTETRA,9512,2,2502,1040,1042,1031
CTETRA,9513,2,2502,859,861,1042
CTETRA,9514,2,2502,859,1042,1040
CTETRA,9515,2,2502,861,850,1042
CTETRA,9516,2,2502,1042,850,1031
CTETRA,9517,2,2502,850,859,1040
CTETRA,9518,2,2502,850,1040,1031
CTETRA,9519,2,2503,966,972,980
CTETRA,9520,2,2503,1153,1147,1161
CTETRA,9521,2,2503,972,966,1153
CTETRA,9522,2,2503,1153,966,1147
CTETRA,9523,2,2503,966,980,1161
CTETRA,9524,2,2503,966,1161,1147
CTETRA,9525,2,2503,980,972,1161
CTETRA,9526,2,2503,1161,972,1153
CTETRA,9527,2,2504,969,963,984
CTETRA,9528,2,2504,1144,1150,1165
CTETRA,9529,2,2504,963,969,1150
CTETRA,9530,2,2504,963,1150,1144
CTETRA,9531,2,2504,969,984,1165
CTETRA,9532,2,2504,969,1165,1150
CTETRA,9533,2,2504,984,963,1165
CTETRA,9534,2,2504,1165,963,1144
CTETRA,9535,2,2505,881,885,864
CTETRA,9536,2,2505,1066,1062,1045
CTETRA,9537,2,2505,885,881,1066
CTETRA,9538,2,2505,1066,881,1062
CTETRA,9539,2,2505,881,864,1062
CTETRA,9540,2,2505,1062,864,1045
CTETRA,9541,2,2505,864,885,1066
CTETRA,9542,2,2505,864,1066,1045
CTETRA,9543,2,2506,878,874,861
CTETRA,9544,2,2506,1055,1059,1042
CTETRA,9545,2,2506,874,878,1059
CTETRA,9546,2,2506,874,1059,1055
CTETRA,9547,2,2506,878,861,1059
CTETRA,9548,2,2506,1059,861,1042
CTETRA,9549,2,2506,861,874,1055
CTETRA,9550,2,2506,861,1055,1042
CTETRA,9551,2,2507,945,951,966
CTETRA,9552,2,2507,1132,1126,1147
CTETRA,9553,2,2507,951,945,1132
CTETRA,9554,2,2507,1132,945,1126
CTETRA,9555,2,2507,945,966,1147
CTETRA,9556,2,2507,945,1147,1126
CTETRA,9557,2,2507,966,951,1147
CTETRA,9558,2,2507,1147,951,1132
CTETRA,9559,2,2508,904,906,881
CTETRA,9560,2,2508,1087,1085,1062
CTETRA,9561,2,2508,906,904,1087
CTETRA,9562,2,2508,1087,904,1085
CTETRA,9563,2,2508,904,881,1085
CTETRA,9564,2,2508,1085,881,1062
CTETRA,9565,2,2508,881,906,1087
CTETRA,9566,2,2508,881,1087,1062
CTETRA,9567,2,2509,1017,1018,655
CTETRA,9568,2,2509,1199,1198,654
CTETRA,9569,2,2509,1018,1017,1199
CTETRA,9570,2,2509,1199,1017,1198
CTETRA,9571,2,2509,1017,655,654
CTETRA,9572,2,2509,1017,654,1198
CTETRA,9573,2,2509,655,1018,654
CTETRA,9574,2,2509,654,1018,1199
CTETRA,9575,2,2510,899,897,878
CTETRA,9576,2,2510,1078,1080,1059
CTETRA,9577,2,2510,897,899,1080
CTETRA,9578,2,2510,897,1080,1078
CTETRA,9579,2,2510,899,878,1080
CTETRA,9580,2,2510,1080,878,1059
CTETRA,9581,2,2510,878,897,1078
CTETRA,9582,2,2510,878,1078,1059
CTETRA,9583,2,2511,989,1002,630
CTETRA,9584,2,2511,1183,1170,629
CTETRA,9585,2,2511,1002,989,1183
CTETRA,9586,2,2511,1183,989,1170
CTETRA,9587,2,2511,989,630,629
CTETRA,9588,2,2511,989,629,1170
CTETRA,9589,2,2511,630,1002,1183
CTETRA,9590,2,2511,630,1183,629
CTETRA,9591,2,2512,842,844,580
CTETRA,9592,2,2512,1025,1023,579
CTETRA,9593,2,2512,844,842,1025
CTETRA,9594,2,2512,1025,842,1023
CTETRA,9595,2,2512,842,580,1023
CTETRA,9596,2,2512,1023,580,579
CTETRA,9597,2,2512,580,844,1025
CTETRA,9598,2,2512,580,1025,579
CTETRA,9599,2,2513,1018,1017,1011
CTETRA,9600,2,2513,1198,1199,1192
CTETRA,9601,2,2513,1017,1018,1199
CTETRA,9602,2,2513,1017,1199,1198
CTETRA,9603,2,2513,1018,1011,1199
CTETRA,9604,2,2513,1199,1011,1192
CTETRA,9605,2,2513,1011,1017,1198
CTETRA,9606,2,2513,1011,1198,1192
CTETRA,9607,2,2514,843,841,555
CTETRA,9608,2,2514,1022,1024,554
CTETRA,9609,2,2514,841,843,1024
CTETRA,9610,2,2514,841,1024,1022
CTETRA,9611,2,2514,843,555,1024
CTETRA,9612,2,2514,1024,555,554
CTETRA,9613,2,2514,555,841,1022
CTETRA,9614,2,2514,555,1022,554
CTETRA,9615,2,2515,1002,989,991
CTETRA,9616,2,2515,1170,1183,1172
CTETRA,9617,2,2515,989,1002,1183
CTETRA,9618,2,2515,989,1183,1170
CTETRA,9619,2,2515,1002,991,1183
CTETRA,9620,2,2515,1183,991,1172
CTETRA,9621,2,2515,991,989,1172
CTETRA,9622,2,2515,1172,989,1170
CTETRA,9623,2,2516,844,842,853
CTETRA,9624,2,2516,1023,1025,1034
CTETRA,9625,2,2516,842,844,1025
CTETRA,9626,2,2516,842,1025,1023
CTETRA,9627,2,2516,844,853,1034
CTETRA,9628,2,2516,844,1034,1025
CTETRA,9629,2,2516,853,842,1034
CTETRA,9630,2,2516,1034,842,1023
CTETRA,9631,2,2517,1011,1010,998
CTETRA,9632,2,2517,1191,1192,1179
CTETRA,9633,2,2517,1010,1011,1192
CTETRA,9634,2,2517,1010,1192,1191
CTETRA,9635,2,2517,1011,998,1192
CTETRA,9636,2,2517,1192,998,1179
CTETRA,9637,2,2517,998,1010,1191
CTETRA,9638,2,2517,998,1191,1179
CTETRA,9639,2,2518,896,928,898
CTETRA,9640,2,2518,1109,1077,1079
CTETRA,9641,2,2518,928,896,1109
CTETRA,9642,2,2518,1109,896,1077
CTETRA,9643,2,2518,896,898,1079
CTETRA,9644,2,2518,896,1079,1077
CTETRA,9645,2,2518,898,928,1109
CTETRA,9646,2,2518,898,1109,1079
CTETRA,9647,2,2519,1004,1006,1013
CTETRA,9648,2,2519,1187,1185,1194
CTETRA,9649,2,2519,1006,1004,1187
CTETRA,9650,2,2519,1187,1004,1185
CTETRA,9651,2,2519,1004,1013,1194
CTETRA,9652,2,2519,1004,1194,1185
CTETRA,9653,2,2519,1013,1006,1194
CTETRA,9654,2,2519,1194,1006,1187
CTETRA,9655,2,2520,845,847,838
CTETRA,9656,2,2520,1028,1026,1019
CTETRA,9657,2,2520,847,845,1028
CTETRA,9658,2,2520,1028,845,1026
CTETRA,9659,2,2520,845,838,1026
CTETRA,9660,2,2520,1026,838,1019
CTETRA,9661,2,2520,838,847,1028
CTETRA,9662,2,2520,838,1028,1019
CTETRA,9663,2,2521,993,995,1004
CTETRA,9664,2,2521,1176,1174,1185
CTETRA,9665,2,2521,995,993,1176
CTETRA,9666,2,2521,1176,993,1174
CTETRA,9667,2,2521,993,1004,1185
CTETRA,9668,2,2521,993,1185,1174
CTETRA,9669,2,2521,1004,995,1185
CTETRA,9670,2,2521,1185,995,1176
CTETRA,9671,2,2522,858,860,845
CTETRA,9672,2,2522,1041,1039,1026
CTETRA,9673,2,2522,860,858,1041
CTETRA,9674,2,2522,1041,858,1039
CTETRA,9675,2,2522,858,845,1039
CTETRA,9676,2,2522,1039,845,1026
CTETRA,9677,2,2522,845,860,1041
CTETRA,9678,2,2522,845,1041,1026
CTETRA,9679,2,2523,976,978,993
CTETRA,9680,2,2523,1159,1157,1174
CTETRA,9681,2,2523,978,976,1159
CTETRA,9682,2,2523,1159,976,1157
CTETRA,9683,2,2523,976,993,1174
CTETRA,9684,2,2523,976,1174,1157
CTETRA,9685,2,2523,993,978,1174
CTETRA,9686,2,2523,1174,978,1159
CTETRA,9687,2,2524,873,875,858
CTETRA,9688,2,2524,1056,1054,1039
CTETRA,9689,2,2524,875,873,1056
CTETRA,9690,2,2524,1056,873,1054
CTETRA,9691,2,2524,873,858,1054
CTETRA,9692,2,2524,1054,858,1039
CTETRA,9693,2,2524,858,875,1056
CTETRA,9694,2,2524,858,1056,1039
CTETRA,9695,2,2525,953,957,976
CTETRA,9696,2,2525,1138,1134,1157
CTETRA,9697,2,2525,957,953,1138
CTETRA,9698,2,2525,1138,953,1134
CTETRA,9699,2,2525,953,976,1157
CTETRA,9700,2,2525,953,1157,1134
CTETRA,9701,2,2525,976,957,1157
CTETRA,9702,2,2525,1157,957,1138
CTETRA,9703,2,2526,896,898,873
CTETRA,9704,2,2526,1079,1077,1054
CTETRA,9705,2,2526,898,896,1079
CTETRA,9706,2,2526,1079,896,1077
CTETRA,9707,2,2526,896,873,1077
CTETRA,9708,2,2526,1077,873,1054
CTETRA,9709,2,2526,873,898,1079
CTETRA,9710,2,2526,873,1079,1054
CTETRA,9711,2,2527,1008,1013,640
CTETRA,9712,2,2527,1194,1189,639
CTETRA,9713,2,2527,1013,1008,1194
CTETRA,9714,2,2527,1194,1008,1189
CTETRA,9715,2,2527,1008,640,639
CTETRA,9716,2,2527,1008,639,1189
CTETRA,9717,2,2527,640,1013,639
CTETRA,9718,2,2527,639,1013,1194
CTETRA,9719,2,2528,839,838,565
CTETRA,9720,2,2528,1019,1020,564
CTETRA,9721,2,2528,838,839,1020
CTETRA,9722,2,2528,838,1020,1019
CTETRA,9723,2,2528,839,565,1020
CTETRA,9724,2,2528,1020,565,564
CTETRA,9725,2,2528,565,838,1019
CTETRA,9726,2,2528,565,1019,564
CTETRA,9727,2,2529,1013,1008,1004
CTETRA,9728,2,2529,1189,1194,1185
CTETRA,9729,2,2529,1008,1013,1194
CTETRA,9730,2,2529,1008,1194,1189
CTETRA,9731,2,2529,1013,1004,1194
CTETRA,9732,2,2529,1194,1004,1185
CTETRA,9733,2,2529,1004,1008,1189
CTETRA,9734,2,2529,1004,1189,1185
CTETRA,9735,2,2530,838,839,845
CTETRA,9736,2,2530,1020,1019,1026
CTETRA,9737,2,2530,839,838,1020
CTETRA,9738,2,2530,1020,838,1019
CTETRA,9739,2,2530,838,845,1026
CTETRA,9740,2,2530,838,1026,1019
CTETRA,9741,2,2530,845,839,1026
CTETRA,9742,2,2530,1026,839,1020
CTETRA,9743,2,2531,1004,1000,993
CTETRA,9744,2,2531,1181,1185,1174
CTETRA,9745,2,2531,1000,1004,1185
CTETRA,9746,2,2531,1000,1185,1181
CTETRA,9747,2,2531,1004,993,1185
CTETRA,9748,2,2531,1185,993,1174
CTETRA,9749,2,2531,993,1000,1181
CTETRA,9750,2,2531,993,1181,1174
CTETRA,9751,2,2532,845,846,858
CTETRA,9752,2,2532,1027,1026,1039
CTETRA,9753,2,2532,846,845,1027
CTETRA,9754,2,2532,1027,845,1026
CTETRA,9755,2,2532,845,858,1039
CTETRA,9756,2,2532,845,1039,1026
CTETRA,9757,2,2532,858,846,1039
CTETRA,9758,2,2532,1039,846,1027
CTETRA,9759,2,2533,993,987,976
CTETRA,9760,2,2533,1168,1174,1157
CTETRA,9761,2,2533,987,993,1174
CTETRA,9762,2,2533,987,1174,1168
CTETRA,9763,2,2533,993,976,1174
CTETRA,9764,2,2533,1174,976,1157
CTETRA,9765,2,2533,976,987,1168
CTETRA,9766,2,2533,976,1168,1157
CTETRA,9767,2,2534,858,859,873
CTETRA,9768,2,2534,1040,1039,1054
CTETRA,9769,2,2534,859,858,1040
CTETRA,9770,2,2534,1040,858,1039
CTETRA,9771,2,2534,858,873,1054
CTETRA,9772,2,2534,858,1054,1039
CTETRA,9773,2,2534,873,859,1054
CTETRA,9774,2,2534,1054,859,1040
CTETRA,9775,2,2535,976,972,953
CTETRA,9776,2,2535,1153,1157,1134
CTETRA,9777,2,2535,972,976,1157
CTETRA,9778,2,2535,972,1157,1153
CTETRA,9779,2,2535,976,953,1157
CTETRA,9780,2,2535,1157,953,1134
CTETRA,9781,2,2535,953,972,1153
CTETRA,9782,2,2535,953,1153,1134
CTETRA,9783,2,2536,873,874,896
CTETRA,9784,2,2536,1055,1054,1077
CTETRA,9785,2,2536,874,873,1055
CTETRA,9786,2,2536,1055,873,1054
CTETRA,9787,2,2536,873,896,1077
CTETRA,9788,2,2536,873,1077,1054
CTETRA,9789,2,2536,896,874,1077
CTETRA,9790,2,2536,1077,874,1055
CTETRA,9791,2,2537,640,635,1008
CTETRA,9792,2,2537,634,639,1189
CTETRA,9793,2,2537,634,635,640
CTETRA,9794,2,2537,634,640,639
CTETRA,9795,2,2537,640,1008,639
CTETRA,9796,2,2537,639,1008,1189
CTETRA,9797,2,2537,1008,635,634
CTETRA,9798,2,2537,1008,634,1189
CTETRA,9799,2,2538,899,928,897
CTETRA,9800,2,2538,1109,1080,1078
CTETRA,9801,2,2538,928,899,1109
CTETRA,9802,2,2538,1109,899,1080
CTETRA,9803,2,2538,899,897,1080
CTETRA,9804,2,2538,1080,897,1078
CTETRA,9805,2,2538,897,928,1109
CTETRA,9806,2,2538,897,1109,1078
CTETRA,9807,2,2539,991,1000,1002
CTETRA,9808,2,2539,1181,1172,1183
CTETRA,9809,2,2539,1000,991,1181
CTETRA,9810,2,2539,1181,991,1172
CTETRA,9811,2,2539,991,1002,1183
CTETRA,9812,2,2539,991,1183,1172
CTETRA,9813,2,2539,1002,1000,1183
CTETRA,9814,2,2539,1183,1000,1181
CTETRA,9815,2,2540,854,848,545
CTETRA,9816,2,2540,1029,1035,544
CTETRA,9817,2,2540,848,854,1035
CTETRA,9818,2,2540,848,1035,1029
CTETRA,9819,2,2540,854,545,1035
CTETRA,9820,2,2540,1035,545,544
CTETRA,9821,2,2540,545,848,1029
CTETRA,9822,2,2540,545,1029,544
CTETRA,9823,2,2541,974,955,968
CTETRA,9824,2,2541,1136,1155,1149
CTETRA,9825,2,2541,955,974,1155
CTETRA,9826,2,2541,955,1155,1136
CTETRA,9827,2,2541,974,968,1155
CTETRA,9828,2,2541,1155,968,1149
CTETRA,9829,2,2541,968,955,1149
CTETRA,9830,2,2541,1149,955,1136
CTETRA,9831,2,2542,848,854,856
CTETRA,9832,2,2542,1035,1029,1037
CTETRA,9833,2,2542,854,848,1035
CTETRA,9834,2,2542,1035,848,1029
CTETRA,9835,2,2542,848,856,1037
CTETRA,9836,2,2542,848,1037,1029
CTETRA,9837,2,2542,856,854,1037
CTETRA,9838,2,2542,1037,854,1035
CTETRA,9839,2,2543,968,949,964
CTETRA,9840,2,2543,1130,1149,1145
CTETRA,9841,2,2543,949,968,1149
CTETRA,9842,2,2543,949,1149,1130
CTETRA,9843,2,2543,968,964,1149
CTETRA,9844,2,2543,1149,964,1145
CTETRA,9845,2,2543,964,949,1145
CTETRA,9846,2,2543,1145,949,1130
CTETRA,9847,2,2544,865,856,854
CTETRA,9848,2,2544,1037,1046,1035
CTETRA,9849,2,2544,856,865,1046
CTETRA,9850,2,2544,856,1046,1037
CTETRA,9851,2,2544,865,854,1046
CTETRA,9852,2,2544,1046,854,1035
CTETRA,9853,2,2544,854,856,1037
CTETRA,9854,2,2544,854,1037,1035
CTETRA,9855,2,2545,943,964,949
CTETRA,9856,2,2545,1145,1124,1130
CTETRA,9857,2,2545,964,943,1145
CTETRA,9858,2,2545,1145,943,1124
CTETRA,9859,2,2545,943,949,1130
CTETRA,9860,2,2545,943,1130,1124
CTETRA,9861,2,2545,949,964,1145
CTETRA,9862,2,2545,949,1145,1130
CTETRA,9863,2,2546,856,865,869
CTETRA,9864,2,2546,1046,1037,1050
CTETRA,9865,2,2546,865,856,1046
CTETRA,9866,2,2546,1046,856,1037
CTETRA,9867,2,2546,856,869,1050
CTETRA,9868,2,2546,856,1050,1037
CTETRA,9869,2,2546,869,865,1050
CTETRA,9870,2,2546,1050,865,1046
CTETRA,9871,2,2547,964,943,947
CTETRA,9872,2,2547,1124,1145,1128
CTETRA,9873,2,2547,943,964,1145
CTETRA,9874,2,2547,943,1145,1124
CTETRA,9875,2,2547,964,947,1145
CTETRA,9876,2,2547,1145,947,1128
CTETRA,9877,2,2547,947,943,1128
CTETRA,9878,2,2547,1128,943,1124
CTETRA,9879,2,2548,876,869,865
CTETRA,9880,2,2548,1050,1057,1046
CTETRA,9881,2,2548,869,876,1057
CTETRA,9882,2,2548,869,1057,1050
CTETRA,9883,2,2548,876,865,1057
CTETRA,9884,2,2548,1057,865,1046
CTETRA,9885,2,2548,865,869,1050
CTETRA,9886,2,2548,865,1050,1046
CTETRA,9887,2,2549,939,947,943
CTETRA,9888,2,2549,1128,1120,1124
CTETRA,9889,2,2549,947,939,1128
CTETRA,9890,2,2549,1128,939,1120
CTETRA,9891,2,2549,939,943,1124
CTETRA,9892,2,2549,939,1124,1120
CTETRA,9893,2,2549,943,947,1128
CTETRA,9894,2,2549,943,1128,1124
CTETRA,9895,2,2550,869,876,884
CTETRA,9896,2,2550,1057,1050,1065
CTETRA,9897,2,2550,876,869,1057
CTETRA,9898,2,2550,1057,869,1050
CTETRA,9899,2,2550,869,884,1065
CTETRA,9900,2,2550,869,1065,1050
CTETRA,9901,2,2550,884,876,1065
CTETRA,9902,2,2550,1065,876,1057
CTETRA,9903,2,2551,947,939,937
CTETRA,9904,2,2551,1120,1128,1118
CTETRA,9905,2,2551,939,947,1128
CTETRA,9906,2,2551,939,1128,1120
CTETRA,9907,2,2551,947,937,1128
CTETRA,9908,2,2551,1128,937,1118
CTETRA,9909,2,2551,937,939,1120
CTETRA,9910,2,2551,937,1120,1118
CTETRA,9911,2,2552,890,884,876
CTETRA,9912,2,2552,1065,1071,1057
CTETRA,9913,2,2552,884,890,1071
CTETRA,9914,2,2552,884,1071,1065
CTETRA,9915,2,2552,890,876,1071
CTETRA,9916,2,2552,1071,876,1057
CTETRA,9917,2,2552,876,884,1065
CTETRA,9918,2,2552,876,1065,1057
CTETRA,9919,2,2553,935,937,939
CTETRA,9920,2,2553,1118,1116,1120
CTETRA,9921,2,2553,937,935,1118
CTETRA,9922,2,2553,1118,935,1116
CTETRA,9923,2,2553,935,939,1120
CTETRA,9924,2,2553,935,1120,1116
CTETRA,9925,2,2553,939,937,1120
CTETRA,9926,2,2553,1120,937,1118
CTETRA,9927,2,2554,884,890,905
CTETRA,9928,2,2554,1071,1065,1086
CTETRA,9929,2,2554,890,884,1071
CTETRA,9930,2,2554,1071,884,1065
CTETRA,9931,2,2554,884,905,1086
CTETRA,9932,2,2554,884,1086,1065
CTETRA,9933,2,2554,905,890,1086
CTETRA,9934,2,2554,1086,890,1071
CTETRA,9935,2,2555,620,615,955
CTETRA,9936,2,2555,614,619,1136
CTETRA,9937,2,2555,614,615,620
CTETRA,9938,2,2555,614,620,619
CTETRA,9939,2,2555,620,955,619
CTETRA,9940,2,2555,619,955,1136
CTETRA,9941,2,2555,955,615,1136
CTETRA,9942,2,2555,1136,615,614
CTETRA,9943,2,2556,911,905,890
CTETRA,9944,2,2556,1086,1092,1071
CTETRA,9945,2,2556,905,911,1092
CTETRA,9946,2,2556,905,1092,1086
CTETRA,9947,2,2556,911,890,1092
CTETRA,9948,2,2556,1092,890,1071
CTETRA,9949,2,2556,890,905,1086
CTETRA,9950,2,2556,890,1086,1071
CTETRA,9951,2,2557,933,955,615
CTETRA,9952,2,2557,1136,1114,614
CTETRA,9953,2,2557,955,933,1136
CTETRA,9954,2,2557,1136,933,1114
CTETRA,9955,2,2557,933,615,614
CTETRA,9956,2,2557,933,614,1114
CTETRA,9957,2,2557,615,955,1136
CTETRA,9958,2,2557,615,1136,614
CTETRA,9959,2,2558,545,540,854
CTETRA,9960,2,2558,539,544,1035
CTETRA,9961,2,2558,539,540,545
CTETRA,9962,2,2558,539,545,544
CTETRA,9963,2,2558,545,854,1035
CTETRA,9964,2,2558,545,1035,544
CTETRA,9965,2,2558,854,540,539
CTETRA,9966,2,2558,854,539,1035
CTETRA,9967,2,2559,929,928,935
CTETRA,9968,2,2559,1109,1110,1116
CTETRA,9969,2,2559,928,929,1110
CTETRA,9970,2,2559,928,1110,1109
CTETRA,9971,2,2559,929,935,1116
CTETRA,9972,2,2559,929,1116,1110
CTETRA,9973,2,2559,935,928,1116
CTETRA,9974,2,2559,1116,928,1109
CTETRA,9975,2,2560,867,854,540
CTETRA,9976,2,2560,1035,1048,539
CTETRA,9977,2,2560,854,867,1048
CTETRA,9978,2,2560,854,1048,1035
CTETRA,9979,2,2560,867,540,1048
CTETRA,9980,2,2560,1048,540,539
CTETRA,9981,2,2560,540,854,539
CTETRA,9982,2,2560,539,854,1035
CTETRA,9983,2,2561,955,933,949
CTETRA,9984,2,2561,1114,1136,1130
CTETRA,9985,2,2561,933,955,1136
CTETRA,9986,2,2561,933,1136,1114
CTETRA,9987,2,2561,955,949,1136
CTETRA,9988,2,2561,1136,949,1130
CTETRA,9989,2,2561,949,933,1130
CTETRA,9990,2,2561,1130,933,1114
CTETRA,9991,2,2562,915,928,911
CTETRA,9992,2,2562,1109,1096,1092
CTETRA,9993,2,2562,928,915,1109
CTETRA,9994,2,2562,1109,915,1096
CTETRA,9995,2,2562,915,911,1096
CTETRA,9996,2,2562,1096,911,1092
CTETRA,9997,2,2562,911,928,1109
CTETRA,9998,2,2562,911,1109,1092
CTETRA,9999,2,2563,932,949,933
CTETRA,10000,2,2563,1130,1113,1114
CTETRA,10001,2,2563,949,932,1130
CTETRA,10002,2,2563,1130,932,1113
CTETRA,10003,2,2563,932,933,1114
CTETRA,10004,2,2563,932,1114,1113
CTETRA,10005,2,2563,933,949,1130
CTETRA,10006,2,2563,933,1130,1114
CTETRA,10007,2,2564,854,867,865
CTETRA,10008,2,2564,1048,1035,1046
CTETRA,10009,2,2564,867,854,1048
CTETRA,10010,2,2564,1048,854,1035
CTETRA,10011,2,2564,854,865,1046
CTETRA,10012,2,2564,854,1046,1035
CTETRA,10013,2,2564,865,867,1048
CTETRA,10014,2,2564,865,1048,1046
CTETRA,10015,2,2565,949,932,943
CTETRA,10016,2,2565,1113,1130,1124
CTETRA,10017,2,2565,932,949,1130
CTETRA,10018,2,2565,932,1130,1113
CTETRA,10019,2,2565,949,943,1130
CTETRA,10020,2,2565,1130,943,1124
CTETRA,10021,2,2565,943,932,1124
CTETRA,10022,2,2565,1124,932,1113
CTETRA,10023,2,2566,871,865,867
CTETRA,10024,2,2566,1046,1052,1048
CTETRA,10025,2,2566,865,871,1052
CTETRA,10026,2,2566,865,1052,1046
CTETRA,10027,2,2566,871,867,1052
CTETRA,10028,2,2566,1052,867,1048
CTETRA,10029,2,2566,867,865,1048
CTETRA,10030,2,2566,1048,865,1046
CTETRA,10031,2,2567,931,943,932
CTETRA,10032,2,2567,1124,1112,1113
CTETRA,10033,2,2567,943,931,1124
CTETRA,10034,2,2567,1124,931,1112
CTETRA,10035,2,2567,931,932,1113
CTETRA,10036,2,2567,931,1113,1112
CTETRA,10037,2,2567,932,943,1124
CTETRA,10038,2,2567,932,1124,1113
CTETRA,10039,2,2568,865,871,876
CTETRA,10040,2,2568,1052,1046,1057
CTETRA,10041,2,2568,871,865,1052
CTETRA,10042,2,2568,1052,865,1046
CTETRA,10043,2,2568,865,876,1057
CTETRA,10044,2,2568,865,1057,1046
CTETRA,10045,2,2568,876,871,1057
CTETRA,10046,2,2568,1057,871,1052
CTETRA,10047,2,2569,943,931,939
CTETRA,10048,2,2569,1112,1124,1120
CTETRA,10049,2,2569,931,943,1124
CTETRA,10050,2,2569,931,1124,1112
CTETRA,10051,2,2569,943,939,1124
CTETRA,10052,2,2569,1124,939,1120
CTETRA,10053,2,2569,939,931,1120
CTETRA,10054,2,2569,1120,931,1112
CTETRA,10055,2,2570,886,876,871
CTETRA,10056,2,2570,1057,1067,1052
CTETRA,10057,2,2570,876,886,1067
CTETRA,10058,2,2570,876,1067,1057
CTETRA,10059,2,2570,886,871,1067
CTETRA,10060,2,2570,1067,871,1052
CTETRA,10061,2,2570,871,876,1057
CTETRA,10062,2,2570,871,1057,1052
CTETRA,10063,2,2571,930,939,931
CTETRA,10064,2,2571,1120,1111,1112
CTETRA,10065,2,2571,939,930,1120
CTETRA,10066,2,2571,1120,930,1111
CTETRA,10067,2,2571,930,931,1112
CTETRA,10068,2,2571,930,1112,1111
CTETRA,10069,2,2571,931,939,1120
CTETRA,10070,2,2571,931,1120,1112
CTETRA,10071,2,2572,876,886,890
CTETRA,10072,2,2572,1067,1057,1071
CTETRA,10073,2,2572,886,876,1067
CTETRA,10074,2,2572,1067,876,1057
CTETRA,10075,2,2572,876,890,1071
CTETRA,10076,2,2572,876,1071,1057
CTETRA,10077,2,2572,890,886,1071
CTETRA,10078,2,2572,1071,886,1067
CTETRA,10079,2,2573,939,930,935
CTETRA,10080,2,2573,1111,1120,1116
CTETRA,10081,2,2573,930,939,1120
CTETRA,10082,2,2573,930,1120,1111
CTETRA,10083,2,2573,939,935,1120
CTETRA,10084,2,2573,1120,935,1116
CTETRA,10085,2,2573,935,930,1116
CTETRA,10086,2,2573,1116,930,1111
CTETRA,10087,2,2574,894,890,886
CTETRA,10088,2,2574,1071,1075,1067
CTETRA,10089,2,2574,890,894,1075
CTETRA,10090,2,2574,890,1075,1071
CTETRA,10091,2,2574,894,886,1075
CTETRA,10092,2,2574,1075,886,1067
CTETRA,10093,2,2574,886,890,1071
CTETRA,10094,2,2574,886,1071,1067
CTETRA,10095,2,2575,929,935,930
CTETRA,10096,2,2575,1116,1110,1111
CTETRA,10097,2,2575,935,929,1116
CTETRA,10098,2,2575,1116,929,1110
CTETRA,10099,2,2575,929,930,1111
CTETRA,10100,2,2575,929,1111,1110
CTETRA,10101,2,2575,930,935,1116
CTETRA,10102,2,2575,930,1116,1111
CTETRA,10103,2,2576,890,894,911
CTETRA,10104,2,2576,1075,1071,1092
CTETRA,10105,2,2576,894,890,1075
CTETRA,10106,2,2576,1075,890,1071
CTETRA,10107,2,2576,890,911,1092
CTETRA,10108,2,2576,890,1092,1071
CTETRA,10109,2,2576,911,894,1092
CTETRA,10110,2,2576,1092,894,1075
CTETRA,10111,2,2577,615,610,933
CTETRA,10112,2,2577,609,614,1114
CTETRA,10113,2,2577,609,610,615
CTETRA,10114,2,2577,609,615,614
CTETRA,10115,2,2577,615,933,614
CTETRA,10116,2,2577,614,933,1114
CTETRA,10117,2,2577,933,610,1114
CTETRA,10118,2,2577,1114,610,609
CTETRA,10119,2,2578,915,911,894
CTETRA,10120,2,2578,1092,1096,1075
CTETRA,10121,2,2578,911,915,1096
CTETRA,10122,2,2578,911,1096,1092
CTETRA,10123,2,2578,915,894,1096
CTETRA,10124,2,2578,1096,894,1075
CTETRA,10125,2,2578,894,911,1092
CTETRA,10126,2,2578,894,1092,1075
CTETRA,10127,2,2579,902,933,610
CTETRA,10128,2,2579,1114,1083,609
CTETRA,10129,2,2579,933,902,1114
CTETRA,10130,2,2579,1114,902,1083
CTETRA,10131,2,2579,902,610,1083
CTETRA,10132,2,2579,1083,610,609
CTETRA,10133,2,2579,610,933,1114
CTETRA,10134,2,2579,610,1114,609
CTETRA,10135,2,2580,540,535,867
CTETRA,10136,2,2580,534,539,1048
CTETRA,10137,2,2580,534,540,539
CTETRA,10138,2,2580,534,535,540
CTETRA,10139,2,2580,540,867,1048
CTETRA,10140,2,2580,540,1048,539
CTETRA,10141,2,2580,867,535,534
CTETRA,10142,2,2580,867,534,1048
CTETRA,10143,2,2581,922,928,929
CTETRA,10144,2,2581,1109,1103,1110
CTETRA,10145,2,2581,928,922,1109
CTETRA,10146,2,2581,1109,922,1103
CTETRA,10147,2,2581,922,929,1110
CTETRA,10148,2,2581,922,1110,1103
CTETRA,10149,2,2581,929,928,1110
CTETRA,10150,2,2581,1110,928,1109
CTETRA,10151,2,2582,882,867,535
CTETRA,10152,2,2582,1048,1063,534
CTETRA,10153,2,2582,867,882,1063
CTETRA,10154,2,2582,867,1063,1048
CTETRA,10155,2,2582,882,535,1063
CTETRA,10156,2,2582,1063,535,534
CTETRA,10157,2,2582,535,867,534
CTETRA,10158,2,2582,534,867,1048
CTETRA,10159,2,2583,933,902,932
CTETRA,10160,2,2583,1083,1114,1113
CTETRA,10161,2,2583,902,933,1114
CTETRA,10162,2,2583,902,1114,1083
CTETRA,10163,2,2583,933,932,1114
CTETRA,10164,2,2583,1114,932,1113
CTETRA,10165,2,2583,932,902,1113
CTETRA,10166,2,2583,1113,902,1083
CTETRA,10167,2,2584,919,928,915
CTETRA,10168,2,2584,1109,1100,1096
CTETRA,10169,2,2584,928,919,1109
CTETRA,10170,2,2584,1109,919,1100
CTETRA,10171,2,2584,919,915,1100
CTETRA,10172,2,2584,1100,915,1096
CTETRA,10173,2,2584,915,928,1109
CTETRA,10174,2,2584,915,1109,1096
CTETRA,10175,2,2585,908,932,902
CTETRA,10176,2,2585,1113,1089,1083
CTETRA,10177,2,2585,932,908,1113
CTETRA,10178,2,2585,1113,908,1089
CTETRA,10179,2,2585,908,902,1089
CTETRA,10180,2,2585,1089,902,1083
CTETRA,10181,2,2585,902,932,1113
CTETRA,10182,2,2585,902,1113,1083
CTETRA,10183,2,2586,867,882,871
CTETRA,10184,2,2586,1063,1048,1052
CTETRA,10185,2,2586,882,867,1063
CTETRA,10186,2,2586,1063,867,1048
CTETRA,10187,2,2586,867,871,1052
CTETRA,10188,2,2586,867,1052,1048
CTETRA,10189,2,2586,871,882,1063
CTETRA,10190,2,2586,871,1063,1052
CTETRA,10191,2,2587,932,908,931
CTETRA,10192,2,2587,1089,1113,1112
CTETRA,10193,2,2587,908,932,1113
CTETRA,10194,2,2587,908,1113,1089
CTETRA,10195,2,2587,932,931,1113
CTETRA,10196,2,2587,1113,931,1112
CTETRA,10197,2,2587,931,908,1112
CTETRA,10198,2,2587,1112,908,1089
CTETRA,10199,2,2588,888,871,882
CTETRA,10200,2,2588,1052,1069,1063
CTETRA,10201,2,2588,871,888,1069
CTETRA,10202,2,2588,871,1069,1052
CTETRA,10203,2,2588,888,882,1069
CTETRA,10204,2,2588,1069,882,1063
CTETRA,10205,2,2588,882,871,1063
CTETRA,10206,2,2588,1063,871,1052
CTETRA,10207,2,2589,914,931,908
CTETRA,10208,2,2589,1112,1095,1089
CTETRA,10209,2,2589,931,914,1112
CTETRA,10210,2,2589,1112,914,1095
CTETRA,10211,2,2589,914,908,1095
CTETRA,10212,2,2589,1095,908,1089
CTETRA,10213,2,2589,908,931,1112
CTETRA,10214,2,2589,908,1112,1089
CTETRA,10215,2,2590,871,888,886
CTETRA,10216,2,2590,1069,1052,1067
CTETRA,10217,2,2590,888,871,1069
CTETRA,10218,2,2590,1069,871,1052
CTETRA,10219,2,2590,871,886,1067
CTETRA,10220,2,2590,871,1067,1052
CTETRA,10221,2,2590,886,888,1069
CTETRA,10222,2,2590,886,1069,1067
CTETRA,10223,2,2591,931,914,930
CTETRA,10224,2,2591,1095,1112,1111
CTETRA,10225,2,2591,914,931,1112
CTETRA,10226,2,2591,914,1112,1095
CTETRA,10227,2,2591,931,930,1112
CTETRA,10228,2,2591,1112,930,1111
CTETRA,10229,2,2591,930,914,1111
CTETRA,10230,2,2591,1111,914,1095
CTETRA,10231,2,2592,892,886,888
CTETRA,10232,2,2592,1067,1073,1069
CTETRA,10233,2,2592,886,892,1073
CTETRA,10234,2,2592,886,1073,1067
CTETRA,10235,2,2592,892,888,1073
CTETRA,10236,2,2592,1073,888,1069
CTETRA,10237,2,2592,888,886,1069
CTETRA,10238,2,2592,1069,886,1067
CTETRA,10239,2,2593,918,930,914
CTETRA,10240,2,2593,1111,1099,1095
CTETRA,10241,2,2593,930,918,1111
CTETRA,10242,2,2593,1111,918,1099
CTETRA,10243,2,2593,918,914,1099
CTETRA,10244,2,2593,1099,914,1095
CTETRA,10245,2,2593,914,930,1111
CTETRA,10246,2,2593,914,1111,1095
CTETRA,10247,2,2594,886,892,894
CTETRA,10248,2,2594,1073,1067,1075
CTETRA,10249,2,2594,892,886,1073
CTETRA,10250,2,2594,1073,886,1067
CTETRA,10251,2,2594,886,894,1075
CTETRA,10252,2,2594,886,1075,1067
CTETRA,10253,2,2594,894,892,1075
CTETRA,10254,2,2594,1075,892,1073
CTETRA,10255,2,2595,930,918,929
CTETRA,10256,2,2595,1099,1111,1110
CTETRA,10257,2,2595,918,930,1111
CTETRA,10258,2,2595,918,1111,1099
CTETRA,10259,2,2595,930,929,1111
CTETRA,10260,2,2595,1111,929,1110
CTETRA,10261,2,2595,929,918,1110
CTETRA,10262,2,2595,1110,918,1099
CTETRA,10263,2,2596,909,894,892
CTETRA,10264,2,2596,1075,1090,1073
CTETRA,10265,2,2596,894,909,1090
CTETRA,10266,2,2596,894,1090,1075
CTETRA,10267,2,2596,909,892,1090
CTETRA,10268,2,2596,1090,892,1073
CTETRA,10269,2,2596,892,894,1075
CTETRA,10270,2,2596,892,1075,1073
CTETRA,10271,2,2597,922,929,918
CTETRA,10272,2,2597,1110,1103,1099
CTETRA,10273,2,2597,929,922,1110
CTETRA,10274,2,2597,1110,922,1103
CTETRA,10275,2,2597,922,918,1103
CTETRA,10276,2,2597,1103,918,1099
CTETRA,10277,2,2597,918,929,1110
CTETRA,10278,2,2597,918,1110,1099
CTETRA,10279,2,2598,894,909,915
CTETRA,10280,2,2598,1090,1075,1096
CTETRA,10281,2,2598,909,894,1090
CTETRA,10282,2,2598,1090,894,1075
CTETRA,10283,2,2598,894,915,1096
CTETRA,10284,2,2598,894,1096,1075
CTETRA,10285,2,2598,915,909,1096
CTETRA,10286,2,2598,1096,909,1090
CTETRA,10287,2,2599,610,605,902
CTETRA,10288,2,2599,604,609,1083
CTETRA,10289,2,2599,604,605,610
CTETRA,10290,2,2599,604,610,609
CTETRA,10291,2,2599,610,902,1083
CTETRA,10292,2,2599,610,1083,609
CTETRA,10293,2,2599,902,605,1083
CTETRA,10294,2,2599,1083,605,604
CTETRA,10295,2,2600,919,915,909
CTETRA,10296,2,2600,1096,1100,1090
CTETRA,10297,2,2600,915,919,1100
CTETRA,10298,2,2600,915,1100,1096
CTETRA,10299,2,2600,919,909,1100
CTETRA,10300,2,2600,1100,909,1090
CTETRA,10301,2,2600,909,915,1096
CTETRA,10302,2,2600,909,1096,1090
CTETRA,10303,2,2601,883,902,605
CTETRA,10304,2,2601,1083,1064,604
CTETRA,10305,2,2601,902,883,1083
CTETRA,10306,2,2601,1083,883,1064
CTETRA,10307,2,2601,883,605,1064
CTETRA,10308,2,2601,1064,605,604
CTETRA,10309,2,2601,605,902,1083
CTETRA,10310,2,2601,605,1083,604
CTETRA,10311,2,2602,535,530,882
CTETRA,10312,2,2602,529,534,1063
CTETRA,10313,2,2602,529,535,534
CTETRA,10314,2,2602,529,530,535
CTETRA,10315,2,2602,535,882,1063
CTETRA,10316,2,2602,535,1063,534
CTETRA,10317,2,2602,882,530,529
CTETRA,10318,2,2602,882,529,1063
CTETRA,10319,2,2603,920,928,922
CTETRA,10320,2,2603,1109,1101,1103
CTETRA,10321,2,2603,928,920,1109
CTETRA,10322,2,2603,1109,920,1101
CTETRA,10323,2,2603,920,922,1103
CTETRA,10324,2,2603,920,1103,1101
CTETRA,10325,2,2603,922,928,1109
CTETRA,10326,2,2603,922,1109,1103
CTETRA,10327,2,2604,901,882,530
CTETRA,10328,2,2604,1063,1082,529
CTETRA,10329,2,2604,882,901,1082
CTETRA,10330,2,2604,882,1082,1063
CTETRA,10331,2,2604,901,530,1082
CTETRA,10332,2,2604,1082,530,529
CTETRA,10333,2,2604,530,882,529
CTETRA,10334,2,2604,529,882,1063
CTETRA,10335,2,2605,902,883,908
CTETRA,10336,2,2605,1064,1083,1089
CTETRA,10337,2,2605,883,902,1083
CTETRA,10338,2,2605,883,1083,1064
CTETRA,10339,2,2605,902,908,1089
CTETRA,10340,2,2605,902,1089,1083
CTETRA,10341,2,2605,908,883,1089
CTETRA,10342,2,2605,1089,883,1064
CTETRA,10343,2,2606,921,928,919
CTETRA,10344,2,2606,1109,1102,1100
CTETRA,10345,2,2606,928,921,1109
CTETRA,10346,2,2606,1109,921,1102
CTETRA,10347,2,2606,921,919,1102
CTETRA,10348,2,2606,1102,919,1100
CTETRA,10349,2,2606,919,928,1109
CTETRA,10350,2,2606,919,1109,1100
CTETRA,10351,2,2607,889,908,883
CTETRA,10352,2,2607,1089,1070,1064
CTETRA,10353,2,2607,908,889,1089
CTETRA,10354,2,2607,1089,889,1070
CTETRA,10355,2,2607,889,883,1070
CTETRA,10356,2,2607,1070,883,1064
CTETRA,10357,2,2607,883,908,1089
CTETRA,10358,2,2607,883,1089,1064
CTETRA,10359,2,2608,882,901,888
CTETRA,10360,2,2608,1082,1063,1069
CTETRA,10361,2,2608,901,882,1082
CTETRA,10362,2,2608,1082,882,1063
CTETRA,10363,2,2608,882,888,1069
CTETRA,10364,2,2608,882,1069,1063
CTETRA,10365,2,2608,888,901,1082
CTETRA,10366,2,2608,888,1082,1069
CTETRA,10367,2,2609,908,889,914
CTETRA,10368,2,2609,1070,1089,1095
CTETRA,10369,2,2609,889,908,1089
CTETRA,10370,2,2609,889,1089,1070
CTETRA,10371,2,2609,908,914,1095
CTETRA,10372,2,2609,908,1095,1089
CTETRA,10373,2,2609,914,889,1095
CTETRA,10374,2,2609,1095,889,1070
CTETRA,10375,2,2610,907,888,901
CTETRA,10376,2,2610,1069,1088,1082
CTETRA,10377,2,2610,888,907,1088
CTETRA,10378,2,2610,888,1088,1069
CTETRA,10379,2,2610,907,901,1088
CTETRA,10380,2,2610,1088,901,1082
CTETRA,10381,2,2610,901,888,1082
CTETRA,10382,2,2610,1082,888,1069
CTETRA,10383,2,2611,893,914,889
CTETRA,10384,2,2611,1095,1074,1070
CTETRA,10385,2,2611,914,893,1095
CTETRA,10386,2,2611,1095,893,1074
CTETRA,10387,2,2611,893,889,1074
CTETRA,10388,2,2611,1074,889,1070
CTETRA,10389,2,2611,889,914,1095
CTETRA,10390,2,2611,889,1095,1070
CTETRA,10391,2,2612,888,907,892
CTETRA,10392,2,2612,1088,1069,1073
CTETRA,10393,2,2612,907,888,1088
CTETRA,10394,2,2612,1088,888,1069
CTETRA,10395,2,2612,888,892,1073
CTETRA,10396,2,2612,888,1073,1069
CTETRA,10397,2,2612,892,907,1088
CTETRA,10398,2,2612,892,1088,1073
CTETRA,10399,2,2613,914,893,918
CTETRA,10400,2,2613,1074,1095,1099
CTETRA,10401,2,2613,893,914,1095
CTETRA,10402,2,2613,893,1095,1074
CTETRA,10403,2,2613,914,918,1099
CTETRA,10404,2,2613,914,1099,1095
CTETRA,10405,2,2613,918,893,1099
CTETRA,10406,2,2613,1099,893,1074
CTETRA,10407,2,2614,913,892,907
CTETRA,10408,2,2614,1073,1094,1088
CTETRA,10409,2,2614,892,913,1094
CTETRA,10410,2,2614,892,1094,1073
CTETRA,10411,2,2614,913,907,1094
CTETRA,10412,2,2614,1094,907,1088
CTETRA,10413,2,2614,907,892,1088
CTETRA,10414,2,2614,1088,892,1073
CTETRA,10415,2,2615,910,918,893
CTETRA,10416,2,2615,1099,1091,1074
CTETRA,10417,2,2615,918,910,1099
CTETRA,10418,2,2615,1099,910,1091
CTETRA,10419,2,2615,910,893,1091
CTETRA,10420,2,2615,1091,893,1074
CTETRA,10421,2,2615,893,918,1099
CTETRA,10422,2,2615,893,1099,1074
CTETRA,10423,2,2616,892,913,909
CTETRA,10424,2,2616,1094,1073,1090
CTETRA,10425,2,2616,913,892,1094
CTETRA,10426,2,2616,1094,892,1073
CTETRA,10427,2,2616,892,909,1090
CTETRA,10428,2,2616,892,1090,1073
CTETRA,10429,2,2616,909,913,1094
CTETRA,10430,2,2616,909,1094,1090
CTETRA,10431,2,2617,918,910,922
CTETRA,10432,2,2617,1091,1099,1103
CTETRA,10433,2,2617,910,918,1099
CTETRA,10434,2,2617,910,1099,1091
CTETRA,10435,2,2617,918,922,1103
CTETRA,10436,2,2617,918,1103,1099
CTETRA,10437,2,2617,922,910,1103
CTETRA,10438,2,2617,1103,910,1091
CTETRA,10439,2,2618,917,909,913
CTETRA,10440,2,2618,1090,1098,1094
CTETRA,10441,2,2618,909,917,1098
CTETRA,10442,2,2618,909,1098,1090
CTETRA,10443,2,2618,917,913,1098
CTETRA,10444,2,2618,1098,913,1094
CTETRA,10445,2,2618,913,909,1094
CTETRA,10446,2,2618,1094,909,1090
CTETRA,10447,2,2619,920,922,910
CTETRA,10448,2,2619,1103,1101,1091
CTETRA,10449,2,2619,922,920,1103
CTETRA,10450,2,2619,1103,920,1101
CTETRA,10451,2,2619,920,910,1101
CTETRA,10452,2,2619,1101,910,1091
CTETRA,10453,2,2619,910,922,1103
CTETRA,10454,2,2619,910,1103,1091
CTETRA,10455,2,2620,909,917,919
CTETRA,10456,2,2620,1098,1090,1100
CTETRA,10457,2,2620,917,909,1098
CTETRA,10458,2,2620,1098,909,1090
CTETRA,10459,2,2620,909,919,1100
CTETRA,10460,2,2620,909,1100,1090
CTETRA,10461,2,2620,919,917,1100
CTETRA,10462,2,2620,1100,917,1098
CTETRA,10463,2,2621,605,600,883
CTETRA,10464,2,2621,599,604,1064
CTETRA,10465,2,2621,599,605,604
CTETRA,10466,2,2621,599,600,605
CTETRA,10467,2,2621,605,883,1064
CTETRA,10468,2,2621,605,1064,604
CTETRA,10469,2,2621,883,600,1064
CTETRA,10470,2,2621,1064,600,599
CTETRA,10471,2,2622,921,919,917
CTETRA,10472,2,2622,1100,1102,1098
CTETRA,10473,2,2622,919,921,1102
CTETRA,10474,2,2622,919,1102,1100
CTETRA,10475,2,2622,921,917,1102
CTETRA,10476,2,2622,1102,917,1098
CTETRA,10477,2,2622,917,919,1100
CTETRA,10478,2,2622,917,1100,1098
CTETRA,10479,2,2623,868,883,600
CTETRA,10480,2,2623,1064,1049,599
CTETRA,10481,2,2623,883,868,1064
CTETRA,10482,2,2623,1064,868,1049
CTETRA,10483,2,2623,868,600,1049
CTETRA,10484,2,2623,1049,600,599
CTETRA,10485,2,2623,600,883,1064
CTETRA,10486,2,2623,600,1064,599
CTETRA,10487,2,2624,530,479,901
CTETRA,10488,2,2624,481,529,1082
CTETRA,10489,2,2624,481,530,529
CTETRA,10490,2,2624,481,479,530
CTETRA,10491,2,2624,530,901,1082
CTETRA,10492,2,2624,530,1082,529
CTETRA,10493,2,2624,901,479,481
CTETRA,10494,2,2624,901,481,1082
CTETRA,10495,2,2625,916,928,920
CTETRA,10496,2,2625,1109,1097,1101
CTETRA,10497,2,2625,928,916,1109
CTETRA,10498,2,2625,1109,916,1097
CTETRA,10499,2,2625,916,920,1101
CTETRA,10500,2,2625,916,1101,1097
CTETRA,10501,2,2625,920,928,1109
CTETRA,10502,2,2625,920,1109,1101
CTETRA,10503,2,2626,923,901,479
CTETRA,10504,2,2626,1082,1104,481
CTETRA,10505,2,2626,901,923,1104
CTETRA,10506,2,2626,901,1104,1082
CTETRA,10507,2,2626,923,479,1104
CTETRA,10508,2,2626,1104,479,481
CTETRA,10509,2,2626,479,901,481
CTETRA,10510,2,2626,481,901,1082
CTETRA,10511,2,2627,883,868,889
CTETRA,10512,2,2627,1049,1064,1070
CTETRA,10513,2,2627,868,883,1064
CTETRA,10514,2,2627,868,1064,1049
CTETRA,10515,2,2627,883,889,1070
CTETRA,10516,2,2627,883,1070,1064
CTETRA,10517,2,2627,889,868,1070
CTETRA,10518,2,2627,1070,868,1049
CTETRA,10519,2,2628,927,928,921
CTETRA,10520,2,2628,1109,1108,1102
CTETRA,10521,2,2628,928,927,1109
CTETRA,10522,2,2628,1109,927,1108
CTETRA,10523,2,2628,927,921,1108
CTETRA,10524,2,2628,1108,921,1102
CTETRA,10525,2,2628,921,928,1109
CTETRA,10526,2,2628,921,1109,1102
CTETRA,10527,2,2629,872,889,868
CTETRA,10528,2,2629,1070,1053,1049
CTETRA,10529,2,2629,889,872,1070
CTETRA,10530,2,2629,1070,872,1053
CTETRA,10531,2,2629,872,868,1053
CTETRA,10532,2,2629,1053,868,1049
CTETRA,10533,2,2629,868,889,1070
CTETRA,10534,2,2629,868,1070,1049
CTETRA,10535,2,2630,923,924,901
CTETRA,10536,2,2630,1105,1104,1082
CTETRA,10537,2,2630,924,923,1105
CTETRA,10538,2,2630,1105,923,1104
CTETRA,10539,2,2630,923,901,1104
CTETRA,10540,2,2630,1104,901,1082
CTETRA,10541,2,2630,901,924,1105
CTETRA,10542,2,2630,901,1105,1082
CTETRA,10543,2,2631,889,872,893
CTETRA,10544,2,2631,1053,1070,1074
CTETRA,10545,2,2631,872,889,1070
CTETRA,10546,2,2631,872,1070,1053
CTETRA,10547,2,2631,889,893,1074
CTETRA,10548,2,2631,889,1074,1070
CTETRA,10549,2,2631,893,872,1074
CTETRA,10550,2,2631,1074,872,1053
CTETRA,10551,2,2632,907,901,924
CTETRA,10552,2,2632,1082,1088,1105
CTETRA,10553,2,2632,901,907,1088
CTETRA,10554,2,2632,901,1088,1082
CTETRA,10555,2,2632,907,924,1105
CTETRA,10556,2,2632,907,1105,1088
CTETRA,10557,2,2632,924,901,1105
CTETRA,10558,2,2632,1105,901,1082
CTETRA,10559,2,2633,887,893,872
CTETRA,10560,2,2633,1074,1068,1053
CTETRA,10561,2,2633,893,887,1074
CTETRA,10562,2,2633,1074,887,1068
CTETRA,10563,2,2633,887,872,1068
CTETRA,10564,2,2633,1068,872,1053
CTETRA,10565,2,2633,872,893,1074
CTETRA,10566,2,2633,872,1074,1053
CTETRA,10567,2,2634,924,925,907
CTETRA,10568,2,2634,1106,1105,1088
CTETRA,10569,2,2634,925,924,1106
CTETRA,10570,2,2634,1106,924,1105
CTETRA,10571,2,2634,924,907,1105
CTETRA,10572,2,2634,1105,907,1088
CTETRA,10573,2,2634,907,925,1106
CTETRA,10574,2,2634,907,1106,1088
CTETRA,10575,2,2635,893,887,910
CTETRA,10576,2,2635,1068,1074,1091
CTETRA,10577,2,2635,887,893,1074
CTETRA,10578,2,2635,887,1074,1068
CTETRA,10579,2,2635,893,910,1091
CTETRA,10580,2,2635,893,1091,1074
CTETRA,10581,2,2635,910,887,1091
CTETRA,10582,2,2635,1091,887,1068
CTETRA,10583,2,2636,913,907,925
CTETRA,10584,2,2636,1088,1094,1106
CTETRA,10585,2,2636,907,913,1094
CTETRA,10586,2,2636,907,1094,1088
CTETRA,10587,2,2636,913,925,1106
CTETRA,10588,2,2636,913,1106,1094
CTETRA,10589,2,2636,925,907,1106
CTETRA,10590,2,2636,1106,907,1088
CTETRA,10591,2,2637,895,910,887
CTETRA,10592,2,2637,1091,1076,1068
CTETRA,10593,2,2637,910,895,1091
CTETRA,10594,2,2637,1091,895,1076
CTETRA,10595,2,2637,895,887,1076
CTETRA,10596,2,2637,1076,887,1068
CTETRA,10597,2,2637,887,910,1091
CTETRA,10598,2,2637,887,1091,1068
CTETRA,10599,2,2638,925,926,913
CTETRA,10600,2,2638,1107,1106,1094
CTETRA,10601,2,2638,926,925,1107
CTETRA,10602,2,2638,1107,925,1106
CTETRA,10603,2,2638,925,913,1106
CTETRA,10604,2,2638,1106,913,1094
CTETRA,10605,2,2638,913,926,1107
CTETRA,10606,2,2638,913,1107,1094
CTETRA,10607,2,2639,910,895,920
CTETRA,10608,2,2639,1076,1091,1101
CTETRA,10609,2,2639,895,910,1091
CTETRA,10610,2,2639,895,1091,1076
CTETRA,10611,2,2639,910,920,1101
CTETRA,10612,2,2639,910,1101,1091
CTETRA,10613,2,2639,920,895,1101
CTETRA,10614,2,2639,1101,895,1076
CTETRA,10615,2,2640,917,913,926
CTETRA,10616,2,2640,1094,1098,1107
CTETRA,10617,2,2640,913,917,1098
CTETRA,10618,2,2640,913,1098,1094
CTETRA,10619,2,2640,917,926,1107
CTETRA,10620,2,2640,917,1107,1098
CTETRA,10621,2,2640,926,913,1107
CTETRA,10622,2,2640,1107,913,1094
CTETRA,10623,2,2641,916,920,895
CTETRA,10624,2,2641,1101,1097,1076
CTETRA,10625,2,2641,920,916,1101
CTETRA,10626,2,2641,1101,916,1097
CTETRA,10627,2,2641,916,895,1097
CTETRA,10628,2,2641,1097,895,1076
CTETRA,10629,2,2641,895,920,1101
CTETRA,10630,2,2641,895,1101,1076
CTETRA,10631,2,2642,926,927,917
CTETRA,10632,2,2642,1108,1107,1098
CTETRA,10633,2,2642,927,926,1108
CTETRA,10634,2,2642,1108,926,1107
CTETRA,10635,2,2642,926,917,1107
CTETRA,10636,2,2642,1107,917,1098
CTETRA,10637,2,2642,917,927,1108
CTETRA,10638,2,2642,917,1108,1098
CTETRA,10639,2,2643,600,595,868
CTETRA,10640,2,2643,594,599,1049
CTETRA,10641,2,2643,594,600,599
CTETRA,10642,2,2643,594,595,600
CTETRA,10643,2,2643,600,868,1049
CTETRA,10644,2,2643,600,1049,599
CTETRA,10645,2,2643,868,595,1049
CTETRA,10646,2,2643,1049,595,594
CTETRA,10647,2,2644,921,917,927
CTETRA,10648,2,2644,1098,1102,1108
CTETRA,10649,2,2644,917,921,1102
CTETRA,10650,2,2644,917,1102,1098
CTETRA,10651,2,2644,921,927,1108
CTETRA,10652,2,2644,921,1108,1102
CTETRA,10653,2,2644,927,917,1108
CTETRA,10654,2,2644,1108,917,1098
CTETRA,10655,2,2645,855,868,595
CTETRA,10656,2,2645,1049,1036,594
CTETRA,10657,2,2645,868,855,1049
CTETRA,10658,2,2645,1049,855,1036
CTETRA,10659,2,2645,855,595,1036
CTETRA,10660,2,2645,1036,595,594
CTETRA,10661,2,2645,595,868,1049
CTETRA,10662,2,2645,595,1049,594
CTETRA,10663,2,2646,479,480,923
CTETRA,10664,2,2646,482,481,1104
CTETRA,10665,2,2646,479,481,482
CTETRA,10666,2,2646,479,482,480
CTETRA,10667,2,2646,479,923,1104
CTETRA,10668,2,2646,479,1104,481
CTETRA,10669,2,2646,923,480,482
CTETRA,10670,2,2646,923,482,1104
CTETRA,10671,2,2647,912,928,916
CTETRA,10672,2,2647,1109,1093,1097
CTETRA,10673,2,2647,928,912,1109
CTETRA,10674,2,2647,1109,912,1093
CTETRA,10675,2,2647,912,916,1097
CTETRA,10676,2,2647,912,1097,1093
CTETRA,10677,2,2647,916,928,1109
CTETRA,10678,2,2647,916,1109,1097
CTETRA,10679,2,2648,954,923,480
CTETRA,10680,2,2648,1104,1135,482
CTETRA,10681,2,2648,923,954,1135
CTETRA,10682,2,2648,923,1135,1104
CTETRA,10683,2,2648,954,480,482
CTETRA,10684,2,2648,954,482,1135
CTETRA,10685,2,2648,480,923,482
CTETRA,10686,2,2648,482,923,1104
CTETRA,10687,2,2649,868,855,872
CTETRA,10688,2,2649,1036,1049,1053
CTETRA,10689,2,2649,855,868,1049
CTETRA,10690,2,2649,855,1049,1036
CTETRA,10691,2,2649,868,872,1053
CTETRA,10692,2,2649,868,1053,1049
CTETRA,10693,2,2649,872,855,1053
CTETRA,10694,2,2649,1053,855,1036
CTETRA,10695,2,2650,934,928,927
CTETRA,10696,2,2650,1109,1115,1108
CTETRA,10697,2,2650,928,934,1115
CTETRA,10698,2,2650,928,1115,1109
CTETRA,10699,2,2650,934,927,1115
CTETRA,10700,2,2650,1115,927,1108
CTETRA,10701,2,2650,927,928,1109
CTETRA,10702,2,2650,927,1109,1108
CTETRA,10703,2,2651,866,872,855
CTETRA,10704,2,2651,1053,1047,1036
CTETRA,10705,2,2651,872,866,1053
CTETRA,10706,2,2651,1053,866,1047
CTETRA,10707,2,2651,866,855,1047
CTETRA,10708,2,2651,1047,855,1036
CTETRA,10709,2,2651,855,872,1053
CTETRA,10710,2,2651,855,1053,1036
CTETRA,10711,2,2652,923,954,924
CTETRA,10712,2,2652,1135,1104,1105
CTETRA,10713,2,2652,954,923,1135
CTETRA,10714,2,2652,1135,923,1104
CTETRA,10715,2,2652,923,924,1105
CTETRA,10716,2,2652,923,1105,1104
CTETRA,10717,2,2652,924,954,1135
CTETRA,10718,2,2652,924,1135,1105
CTETRA,10719,2,2653,872,866,887
CTETRA,10720,2,2653,1047,1053,1068
CTETRA,10721,2,2653,866,872,1053
CTETRA,10722,2,2653,866,1053,1047
CTETRA,10723,2,2653,872,887,1068
CTETRA,10724,2,2653,872,1068,1053
CTETRA,10725,2,2653,887,866,1068
CTETRA,10726,2,2653,1068,866,1047
CTETRA,10727,2,2654,948,924,954
CTETRA,10728,2,2654,1105,1129,1135
CTETRA,10729,2,2654,924,948,1129
CTETRA,10730,2,2654,924,1129,1105
CTETRA,10731,2,2654,948,954,1135
CTETRA,10732,2,2654,948,1135,1129
CTETRA,10733,2,2654,954,924,1135
CTETRA,10734,2,2654,1135,924,1105
CTETRA,10735,2,2655,877,887,866
CTETRA,10736,2,2655,1068,1058,1047
CTETRA,10737,2,2655,887,877,1068
CTETRA,10738,2,2655,1068,877,1058
CTETRA,10739,2,2655,877,866,1058
CTETRA,10740,2,2655,1058,866,1047
CTETRA,10741,2,2655,866,887,1068
CTETRA,10742,2,2655,866,1068,1047
CTETRA,10743,2,2656,924,948,925
CTETRA,10744,2,2656,1129,1105,1106
CTETRA,10745,2,2656,948,924,1129
CTETRA,10746,2,2656,1129,924,1105
CTETRA,10747,2,2656,924,925,1106
CTETRA,10748,2,2656,924,1106,1105
CTETRA,10749,2,2656,925,948,1129
CTETRA,10750,2,2656,925,1129,1106
CTETRA,10751,2,2657,887,877,895
CTETRA,10752,2,2657,1058,1068,1076
CTETRA,10753,2,2657,877,887,1068
CTETRA,10754,2,2657,877,1068,1058
CTETRA,10755,2,2657,887,895,1076
CTETRA,10756,2,2657,887,1076,1068
CTETRA,10757,2,2657,895,877,1076
CTETRA,10758,2,2657,1076,877,1058
CTETRA,10759,2,2658,942,925,948
CTETRA,10760,2,2658,1106,1123,1129
CTETRA,10761,2,2658,925,942,1123
CTETRA,10762,2,2658,925,1123,1106
CTETRA,10763,2,2658,942,948,1129
CTETRA,10764,2,2658,942,1129,1123
CTETRA,10765,2,2658,948,925,1129
CTETRA,10766,2,2658,1129,925,1106
CTETRA,10767,2,2659,891,895,877
CTETRA,10768,2,2659,1076,1072,1058
CTETRA,10769,2,2659,895,891,1076
CTETRA,10770,2,2659,1076,891,1072
CTETRA,10771,2,2659,891,877,1072
CTETRA,10772,2,2659,1072,877,1058
CTETRA,10773,2,2659,877,895,1076
CTETRA,10774,2,2659,877,1076,1058
CTETRA,10775,2,2660,925,942,926
CTETRA,10776,2,2660,1123,1106,1107
CTETRA,10777,2,2660,942,925,1123
CTETRA,10778,2,2660,1123,925,1106
CTETRA,10779,2,2660,925,926,1107
CTETRA,10780,2,2660,925,1107,1106
CTETRA,10781,2,2660,926,942,1123
CTETRA,10782,2,2660,926,1123,1107
CTETRA,10783,2,2661,895,891,916
CTETRA,10784,2,2661,1072,1076,1097
CTETRA,10785,2,2661,891,895,1076
CTETRA,10786,2,2661,891,1076,1072
CTETRA,10787,2,2661,895,916,1097
CTETRA,10788,2,2661,895,1097,1076
CTETRA,10789,2,2661,916,891,1097
CTETRA,10790,2,2661,1097,891,1072
CTETRA,10791,2,2662,938,926,942
CTETRA,10792,2,2662,1107,1119,1123
CTETRA,10793,2,2662,926,938,1119
CTETRA,10794,2,2662,926,1119,1107
CTETRA,10795,2,2662,938,942,1123
CTETRA,10796,2,2662,938,1123,1119
CTETRA,10797,2,2662,942,926,1123
CTETRA,10798,2,2662,1123,926,1107
CTETRA,10799,2,2663,912,916,891
CTETRA,10800,2,2663,1097,1093,1072
CTETRA,10801,2,2663,916,912,1097
CTETRA,10802,2,2663,1097,912,1093
CTETRA,10803,2,2663,912,891,1093
CTETRA,10804,2,2663,1093,891,1072
CTETRA,10805,2,2663,891,916,1097
CTETRA,10806,2,2663,891,1097,1072
CTETRA,10807,2,2664,926,938,927
CTETRA,10808,2,2664,1119,1107,1108
CTETRA,10809,2,2664,938,926,1119
CTETRA,10810,2,2664,1119,926,1107
CTETRA,10811,2,2664,926,927,1108
CTETRA,10812,2,2664,926,1108,1107
CTETRA,10813,2,2664,927,938,1119
CTETRA,10814,2,2664,927,1119,1108
CTETRA,10815,2,2665,595,590,855
CTETRA,10816,2,2665,589,594,1036
CTETRA,10817,2,2665,589,590,595
CTETRA,10818,2,2665,589,595,594
CTETRA,10819,2,2665,595,855,1036
CTETRA,10820,2,2665,595,1036,594
CTETRA,10821,2,2665,855,590,1036
CTETRA,10822,2,2665,1036,590,589
CTETRA,10823,2,2666,934,927,938
CTETRA,10824,2,2666,1108,1115,1119
CTETRA,10825,2,2666,927,934,1115
CTETRA,10826,2,2666,927,1115,1108
CTETRA,10827,2,2666,934,938,1119
CTETRA,10828,2,2666,934,1119,1115
CTETRA,10829,2,2666,938,927,1119
CTETRA,10830,2,2666,1119,927,1108
CTETRA,10831,2,2667,849,855,590
CTETRA,10832,2,2667,1036,1030,589
CTETRA,10833,2,2667,855,849,1036
CTETRA,10834,2,2667,1036,849,1030
CTETRA,10835,2,2667,849,590,1030
CTETRA,10836,2,2667,1030,590,589
CTETRA,10837,2,2667,590,855,1036
CTETRA,10838,2,2667,590,1036,589
CTETRA,10839,2,2668,480,488,954
CTETRA,10840,2,2668,489,482,1135
CTETRA,10841,2,2668,480,482,489
CTETRA,10842,2,2668,480,489,488
CTETRA,10843,2,2668,480,954,482
CTETRA,10844,2,2668,482,954,1135
CTETRA,10845,2,2668,954,488,489
CTETRA,10846,2,2668,954,489,1135
CTETRA,10847,2,2669,906,928,912
CTETRA,10848,2,2669,1109,1087,1093
CTETRA,10849,2,2669,928,906,1109
CTETRA,10850,2,2669,1109,906,1087
CTETRA,10851,2,2669,906,912,1093
CTETRA,10852,2,2669,906,1093,1087
CTETRA,10853,2,2669,912,928,1109
CTETRA,10854,2,2669,912,1109,1093
CTETRA,10855,2,2670,973,954,488
CTETRA,10856,2,2670,1135,1154,489
CTETRA,10857,2,2670,954,973,1154
CTETRA,10858,2,2670,954,1154,1135
CTETRA,10859,2,2670,973,488,489
CTETRA,10860,2,2670,973,489,1154
CTETRA,10861,2,2670,488,954,489
CTETRA,10862,2,2670,489,954,1135
CTETRA,10863,2,2671,855,849,866
CTETRA,10864,2,2671,1030,1036,1047
CTETRA,10865,2,2671,849,855,1036
CTETRA,10866,2,2671,849,1036,1030
CTETRA,10867,2,2671,855,866,1047
CTETRA,10868,2,2671,855,1047,1036
CTETRA,10869,2,2671,866,849,1047
CTETRA,10870,2,2671,1047,849,1030
CTETRA,10871,2,2672,936,928,934
CTETRA,10872,2,2672,1109,1117,1115
CTETRA,10873,2,2672,928,936,1117
CTETRA,10874,2,2672,928,1117,1109
CTETRA,10875,2,2672,936,934,1117
CTETRA,10876,2,2672,1117,934,1115
CTETRA,10877,2,2672,934,928,1115
CTETRA,10878,2,2672,1115,928,1109
CTETRA,10879,2,2673,857,866,849
CTETRA,10880,2,2673,1047,1038,1030
CTETRA,10881,2,2673,866,857,1047
CTETRA,10882,2,2673,1047,857,1038
CTETRA,10883,2,2673,857,849,1038
CTETRA,10884,2,2673,1038,849,1030
CTETRA,10885,2,2673,849,866,1047
CTETRA,10886,2,2673,849,1047,1030
CTETRA,10887,2,2674,954,973,948
CTETRA,10888,2,2674,1154,1135,1129
CTETRA,10889,2,2674,973,954,1154
CTETRA,10890,2,2674,1154,954,1135
CTETRA,10891,2,2674,954,948,1135
CTETRA,10892,2,2674,1135,948,1129
CTETRA,10893,2,2674,948,973,1154
CTETRA,10894,2,2674,948,1154,1129
CTETRA,10895,2,2675,866,857,877
CTETRA,10896,2,2675,1038,1047,1058
CTETRA,10897,2,2675,857,866,1047
CTETRA,10898,2,2675,857,1047,1038
CTETRA,10899,2,2675,866,877,1058
CTETRA,10900,2,2675,866,1058,1047
CTETRA,10901,2,2675,877,857,1058
CTETRA,10902,2,2675,1058,857,1038
CTETRA,10903,2,2676,967,948,973
CTETRA,10904,2,2676,1129,1148,1154
CTETRA,10905,2,2676,948,967,1148
CTETRA,10906,2,2676,948,1148,1129
CTETRA,10907,2,2676,967,973,1154
CTETRA,10908,2,2676,967,1154,1148
CTETRA,10909,2,2676,973,948,1154
CTETRA,10910,2,2676,1154,948,1129
CTETRA,10911,2,2677,870,877,857
CTETRA,10912,2,2677,1058,1051,1038
CTETRA,10913,2,2677,877,870,1058
CTETRA,10914,2,2677,1058,870,1051
CTETRA,10915,2,2677,870,857,1051
CTETRA,10916,2,2677,1051,857,1038
CTETRA,10917,2,2677,857,877,1058
CTETRA,10918,2,2677,857,1058,1038
CTETRA,10919,2,2678,948,967,942
CTETRA,10920,2,2678,1148,1129,1123
CTETRA,10921,2,2678,967,948,1148
CTETRA,10922,2,2678,1148,948,1129
CTETRA,10923,2,2678,948,942,1129
CTETRA,10924,2,2678,1129,942,1123
CTETRA,10925,2,2678,942,967,1148
CTETRA,10926,2,2678,942,1148,1123
CTETRA,10927,2,2679,877,870,891
CTETRA,10928,2,2679,1051,1058,1072
CTETRA,10929,2,2679,870,877,1058
CTETRA,10930,2,2679,870,1058,1051
CTETRA,10931,2,2679,877,891,1072
CTETRA,10932,2,2679,877,1072,1058
CTETRA,10933,2,2679,891,870,1072
CTETRA,10934,2,2679,1072,870,1051
CTETRA,10935,2,2680,963,942,967
CTETRA,10936,2,2680,1123,1144,1148
CTETRA,10937,2,2680,942,963,1144
CTETRA,10938,2,2680,942,1144,1123
CTETRA,10939,2,2680,963,967,1148
CTETRA,10940,2,2680,963,1148,1144
CTETRA,10941,2,2680,967,942,1148
CTETRA,10942,2,2680,1148,942,1123
CTETRA,10943,2,2681,885,891,870
CTETRA,10944,2,2681,1072,1066,1051
CTETRA,10945,2,2681,891,885,1072
CTETRA,10946,2,2681,1072,885,1066
CTETRA,10947,2,2681,885,870,1066
CTETRA,10948,2,2681,1066,870,1051
CTETRA,10949,2,2681,870,891,1072
CTETRA,10950,2,2681,870,1072,1051
CTETRA,10951,2,2682,942,963,938
CTETRA,10952,2,2682,1144,1123,1119
CTETRA,10953,2,2682,963,942,1144
CTETRA,10954,2,2682,1144,942,1123
CTETRA,10955,2,2682,942,938,1123
CTETRA,10956,2,2682,1123,938,1119
CTETRA,10957,2,2682,938,963,1144
CTETRA,10958,2,2682,938,1144,1119
CTETRA,10959,2,2683,891,885,912
CTETRA,10960,2,2683,1066,1072,1093
CTETRA,10961,2,2683,885,891,1072
CTETRA,10962,2,2683,885,1072,1066
CTETRA,10963,2,2683,891,912,1093
CTETRA,10964,2,2683,891,1093,1072
CTETRA,10965,2,2683,912,885,1093
CTETRA,10966,2,2683,1093,885,1066
CTETRA,10967,2,2684,946,938,963
CTETRA,10968,2,2684,1119,1127,1144
CTETRA,10969,2,2684,938,946,1127
CTETRA,10970,2,2684,938,1127,1119
CTETRA,10971,2,2684,946,963,1144
CTETRA,10972,2,2684,946,1144,1127
CTETRA,10973,2,2684,963,938,1144
CTETRA,10974,2,2684,1144,938,1119
CTETRA,10975,2,2685,906,912,885
CTETRA,10976,2,2685,1093,1087,1066
CTETRA,10977,2,2685,912,906,1093
CTETRA,10978,2,2685,1093,906,1087
CTETRA,10979,2,2685,906,885,1087
CTETRA,10980,2,2685,1087,885,1066
CTETRA,10981,2,2685,885,912,1093
CTETRA,10982,2,2685,885,1093,1066
CTETRA,10983,2,2686,938,946,934
CTETRA,10984,2,2686,1127,1119,1115
CTETRA,10985,2,2686,946,938,1127
CTETRA,10986,2,2686,1127,938,1119
CTETRA,10987,2,2686,938,934,1119
CTETRA,10988,2,2686,1119,934,1115
CTETRA,10989,2,2686,934,946,1127
CTETRA,10990,2,2686,934,1127,1115
CTETRA,10991,2,2687,590,585,849
CTETRA,10992,2,2687,584,589,1030
CTETRA,10993,2,2687,584,585,590
CTETRA,10994,2,2687,584,590,589
CTETRA,10995,2,2687,590,849,1030
CTETRA,10996,2,2687,590,1030,589
CTETRA,10997,2,2687,849,585,1030
CTETRA,10998,2,2687,1030,585,584
CTETRA,10999,2,2688,936,934,946
CTETRA,11000,2,2688,1115,1117,1127
CTETRA,11001,2,2688,934,936,1117
CTETRA,11002,2,2688,934,1117,1115
CTETRA,11003,2,2688,936,946,1127
CTETRA,11004,2,2688,936,1127,1117
CTETRA,11005,2,2688,946,934,1127
CTETRA,11006,2,2688,1127,934,1115
CTETRA,11007,2,2689,844,849,585
CTETRA,11008,2,2689,1030,1025,584
CTETRA,11009,2,2689,849,844,1030
CTETRA,11010,2,2689,1030,844,1025
CTETRA,11011,2,2689,844,585,1025
CTETRA,11012,2,2689,1025,585,584
CTETRA,11013,2,2689,585,849,1030
CTETRA,11014,2,2689,585,1030,584
CTETRA,11015,2,2690,940,928,936
CTETRA,11016,2,2690,1109,1121,1117
CTETRA,11017,2,2690,928,940,1121
CTETRA,11018,2,2690,928,1121,1109
CTETRA,11019,2,2690,940,936,1121
CTETRA,11020,2,2690,1121,936,1117
CTETRA,11021,2,2690,936,928,1117
CTETRA,11022,2,2690,1117,928,1109
CTETRA,11023,2,2691,853,857,844
CTETRA,11024,2,2691,1038,1034,1025
CTETRA,11025,2,2691,857,853,1038
CTETRA,11026,2,2691,1038,853,1034
CTETRA,11027,2,2691,853,844,1034
CTETRA,11028,2,2691,1034,844,1025
CTETRA,11029,2,2691,844,857,1038
CTETRA,11030,2,2691,844,1038,1025
CTETRA,11031,2,2692,973,988,967
CTETRA,11032,2,2692,1169,1154,1148
CTETRA,11033,2,2692,988,973,1169
CTETRA,11034,2,2692,1169,973,1154
CTETRA,11035,2,2692,973,967,1154
CTETRA,11036,2,2692,1154,967,1148
CTETRA,11037,2,2692,967,988,1169
CTETRA,11038,2,2692,967,1169,1148
CTETRA,11039,2,2693,857,853,870
CTETRA,11040,2,2693,1034,1038,1051
CTETRA,11041,2,2693,853,857,1038
CTETRA,11042,2,2693,853,1038,1034
CTETRA,11043,2,2693,857,870,1051
CTETRA,11044,2,2693,857,1051,1038
CTETRA,11045,2,2693,870,853,1051
CTETRA,11046,2,2693,1051,853,1034
CTETRA,11047,2,2694,963,969,946
CTETRA,11048,2,2694,1150,1144,1127
CTETRA,11049,2,2694,969,963,1150
CTETRA,11050,2,2694,1150,963,1144
CTETRA,11051,2,2694,963,946,1144
CTETRA,11052,2,2694,1144,946,1127
CTETRA,11053,2,2694,946,969,1150
CTETRA,11054,2,2694,946,1150,1127
CTETRA,11055,2,2695,961,946,969
CTETRA,11056,2,2695,1127,1142,1150
CTETRA,11057,2,2695,946,961,1142
CTETRA,11058,2,2695,946,1142,1127
CTETRA,11059,2,2695,961,969,1150
CTETRA,11060,2,2695,961,1150,1142
CTETRA,11061,2,2695,969,946,1150
CTETRA,11062,2,2695,1150,946,1127
CTETRA,11063,2,2696,946,961,936
CTETRA,11064,2,2696,1142,1127,1117
CTETRA,11065,2,2696,961,946,1142
CTETRA,11066,2,2696,1142,946,1127
CTETRA,11067,2,2696,946,936,1127
CTETRA,11068,2,2696,1127,936,1117
CTETRA,11069,2,2696,936,961,1142
CTETRA,11070,2,2696,936,1142,1117
CTETRA,11071,2,2697,940,936,961
CTETRA,11072,2,2697,1117,1121,1142
CTETRA,11073,2,2697,936,940,1121
CTETRA,11074,2,2697,936,1121,1117
CTETRA,11075,2,2697,940,961,1142
CTETRA,11076,2,2697,940,1142,1121
CTETRA,11077,2,2697,961,936,1142
CTETRA,11078,2,2697,1142,936,1117
CTETRA,11079,2,2698,493,498,988
CTETRA,11080,2,2698,499,494,1169
CTETRA,11081,2,2698,493,494,499
CTETRA,11082,2,2698,493,499,498
CTETRA,11083,2,2698,493,988,494
CTETRA,11084,2,2698,494,988,1169
CTETRA,11085,2,2698,988,498,499
CTETRA,11086,2,2698,988,499,1169
CTETRA,11087,2,2699,1001,988,498
CTETRA,11088,2,2699,1169,1182,499
CTETRA,11089,2,2699,988,1001,1182
CTETRA,11090,2,2699,988,1182,1169
CTETRA,11091,2,2699,1001,498,499
CTETRA,11092,2,2699,1001,499,1182
CTETRA,11093,2,2699,498,988,499
CTETRA,11094,2,2699,499,988,1169
CTETRA,11095,2,2700,944,928,940
CTETRA,11096,2,2700,1109,1125,1121
CTETRA,11097,2,2700,928,944,1125
CTETRA,11098,2,2700,928,1125,1109
CTETRA,11099,2,2700,944,940,1125
CTETRA,11100,2,2700,1125,940,1121
CTETRA,11101,2,2700,940,928,1121
CTETRA,11102,2,2700,1121,928,1109
CTETRA,11103,2,2701,988,1001,984
CTETRA,11104,2,2701,1182,1169,1165
CTETRA,11105,2,2701,1001,988,1182
CTETRA,11106,2,2701,1182,988,1169
CTETRA,11107,2,2701,988,984,1169
CTETRA,11108,2,2701,1169,984,1165
CTETRA,11109,2,2701,984,1001,1182
CTETRA,11110,2,2701,984,1182,1165
CTETRA,11111,2,2702,990,984,1001
CTETRA,11112,2,2702,1165,1171,1182
CTETRA,11113,2,2702,984,990,1171
CTETRA,11114,2,2702,984,1171,1165
CTETRA,11115,2,2702,990,1001,1182
CTETRA,11116,2,2702,990,1182,1171
CTETRA,11117,2,2702,1001,984,1182
CTETRA,11118,2,2702,1182,984,1165
CTETRA,11119,2,2703,984,990,969
CTETRA,11120,2,2703,1171,1165,1150
CTETRA,11121,2,2703,990,984,1171
CTETRA,11122,2,2703,1171,984,1165
CTETRA,11123,2,2703,984,969,1165
CTETRA,11124,2,2703,1165,969,1150
CTETRA,11125,2,2703,969,990,1171
CTETRA,11126,2,2703,969,1171,1150
CTETRA,11127,2,2704,979,969,990
CTETRA,11128,2,2704,1150,1160,1171
CTETRA,11129,2,2704,969,979,1160
CTETRA,11130,2,2704,969,1160,1150
CTETRA,11131,2,2704,979,990,1171
CTETRA,11132,2,2704,979,1171,1160
CTETRA,11133,2,2704,990,969,1171
CTETRA,11134,2,2704,1171,969,1150
CTETRA,11135,2,2705,969,979,961
CTETRA,11136,2,2705,1160,1150,1142
CTETRA,11137,2,2705,979,969,1160
CTETRA,11138,2,2705,1160,969,1150
CTETRA,11139,2,2705,969,961,1150
CTETRA,11140,2,2705,1150,961,1142
CTETRA,11141,2,2705,961,979,1160
CTETRA,11142,2,2705,961,1160,1142
CTETRA,11143,2,2706,965,961,979
CTETRA,11144,2,2706,1142,1146,1160
CTETRA,11145,2,2706,961,965,1146
CTETRA,11146,2,2706,961,1146,1142
CTETRA,11147,2,2706,965,979,1160
CTETRA,11148,2,2706,965,1160,1146
CTETRA,11149,2,2706,979,961,1160
CTETRA,11150,2,2706,1160,961,1142
CTETRA,11151,2,2707,961,965,940
CTETRA,11152,2,2707,1146,1142,1121
CTETRA,11153,2,2707,965,961,1146
CTETRA,11154,2,2707,1146,961,1142
CTETRA,11155,2,2707,961,940,1142
CTETRA,11156,2,2707,1142,940,1121
CTETRA,11157,2,2707,940,965,1146
CTETRA,11158,2,2707,940,1146,1121
CTETRA,11159,2,2708,944,940,965
CTETRA,11160,2,2708,1121,1125,1146
CTETRA,11161,2,2708,940,944,1125
CTETRA,11162,2,2708,940,1125,1121
CTETRA,11163,2,2708,944,965,1146
CTETRA,11164,2,2708,944,1146,1125
CTETRA,11165,2,2708,965,940,1146
CTETRA,11166,2,2708,1146,940,1121
CTETRA,11167,2,2709,498,503,1001
CTETRA,11168,2,2709,504,499,1182
CTETRA,11169,2,2709,498,499,504
CTETRA,11170,2,2709,498,504,503
CTETRA,11171,2,2709,498,1001,499
CTETRA,11172,2,2709,499,1001,1182
CTETRA,11173,2,2709,1001,503,504
CTETRA,11174,2,2709,1001,504,1182
CTETRA,11175,2,2710,1007,1001,503
CTETRA,11176,2,2710,1182,1188,504
CTETRA,11177,2,2710,1001,1007,1188
CTETRA,11178,2,2710,1001,1188,1182
CTETRA,11179,2,2710,1007,503,504
CTETRA,11180,2,2710,1007,504,1188
CTETRA,11181,2,2710,503,1001,504
CTETRA,11182,2,2710,504,1001,1182
CTETRA,11183,2,2711,950,928,944
CTETRA,11184,2,2711,1109,1131,1125
CTETRA,11185,2,2711,928,950,1131
CTETRA,11186,2,2711,928,1131,1109
CTETRA,11187,2,2711,950,944,1131
CTETRA,11188,2,2711,1131,944,1125
CTETRA,11189,2,2711,944,928,1125
CTETRA,11190,2,2711,1125,928,1109
CTETRA,11191,2,2712,1001,1007,990
CTETRA,11192,2,2712,1188,1182,1171
CTETRA,11193,2,2712,1007,1001,1188
CTETRA,11194,2,2712,1188,1001,1182
CTETRA,11195,2,2712,1001,990,1182
CTETRA,11196,2,2712,1182,990,1171
CTETRA,11197,2,2712,990,1007,1188
CTETRA,11198,2,2712,990,1188,1171
CTETRA,11199,2,2713,999,990,1007
CTETRA,11200,2,2713,1171,1180,1188
CTETRA,11201,2,2713,990,999,1180
CTETRA,11202,2,2713,990,1180,1171
CTETRA,11203,2,2713,999,1007,1188
CTETRA,11204,2,2713,999,1188,1180
CTETRA,11205,2,2713,1007,990,1188
CTETRA,11206,2,2713,1188,990,1171
CTETRA,11207,2,2714,990,999,979
CTETRA,11208,2,2714,1180,1171,1160
CTETRA,11209,2,2714,999,990,1180
CTETRA,11210,2,2714,1180,990,1171
CTETRA,11211,2,2714,990,979,1171
CTETRA,11212,2,2714,1171,979,1160
CTETRA,11213,2,2714,979,999,1180
CTETRA,11214,2,2714,979,1180,1160
CTETRA,11215,2,2715,986,979,999
CTETRA,11216,2,2715,1160,1167,1180
CTETRA,11217,2,2715,979,986,1167
CTETRA,11218,2,2715,979,1167,1160
CTETRA,11219,2,2715,986,999,1180
CTETRA,11220,2,2715,986,1180,1167
CTETRA,11221,2,2715,999,979,1180
CTETRA,11222,2,2715,1180,979,1160
CTETRA,11223,2,2716,979,986,965
CTETRA,11224,2,2716,1167,1160,1146
CTETRA,11225,2,2716,986,979,1167
CTETRA,11226,2,2716,1167,979,1160
CTETRA,11227,2,2716,979,965,1160
CTETRA,11228,2,2716,1160,965,1146
CTETRA,11229,2,2716,965,986,1167
CTETRA,11230,2,2716,965,1167,1146
CTETRA,11231,2,2717,971,965,986
CTETRA,11232,2,2717,1146,1152,1167
CTETRA,11233,2,2717,965,971,1152
CTETRA,11234,2,2717,965,1152,1146
CTETRA,11235,2,2717,971,986,1167
CTETRA,11236,2,2717,971,1167,1152
CTETRA,11237,2,2717,986,965,1167
CTETRA,11238,2,2717,1167,965,1146
CTETRA,11239,2,2718,965,971,944
CTETRA,11240,2,2718,1152,1146,1125
CTETRA,11241,2,2718,971,965,1152
CTETRA,11242,2,2718,1152,965,1146
CTETRA,11243,2,2718,965,944,1146
CTETRA,11244,2,2718,1146,944,1125
CTETRA,11245,2,2718,944,971,1152
CTETRA,11246,2,2718,944,1152,1125
CTETRA,11247,2,2719,950,944,971
CTETRA,11248,2,2719,1125,1131,1152
CTETRA,11249,2,2719,944,950,1131
CTETRA,11250,2,2719,944,1131,1125
CTETRA,11251,2,2719,950,971,1152
CTETRA,11252,2,2719,950,1152,1131
CTETRA,11253,2,2719,971,944,1152
CTETRA,11254,2,2719,1152,944,1125
CTETRA,11255,2,2720,503,508,1007
CTETRA,11256,2,2720,509,504,1188
CTETRA,11257,2,2720,503,504,509
CTETRA,11258,2,2720,503,509,508
CTETRA,11259,2,2720,503,1007,504
CTETRA,11260,2,2720,504,1007,1188
CTETRA,11261,2,2720,1007,508,509
CTETRA,11262,2,2720,1007,509,1188
CTETRA,11263,2,2721,1012,1007,508
CTETRA,11264,2,2721,1188,1193,509
CTETRA,11265,2,2721,1007,1012,1193
CTETRA,11266,2,2721,1007,1193,1188
CTETRA,11267,2,2721,1012,508,509
CTETRA,11268,2,2721,1012,509,1193
CTETRA,11269,2,2721,508,1007,509
CTETRA,11270,2,2721,509,1007,1188
CTETRA,11271,2,2722,952,928,950
CTETRA,11272,2,2722,1109,1133,1131
CTETRA,11273,2,2722,928,952,1133
CTETRA,11274,2,2722,928,1133,1109
CTETRA,11275,2,2722,952,950,1133
CTETRA,11276,2,2722,1133,950,1131
CTETRA,11277,2,2722,950,928,1131
CTETRA,11278,2,2722,1131,928,1109
CTETRA,11279,2,2723,1007,1012,999
CTETRA,11280,2,2723,1193,1188,1180
CTETRA,11281,2,2723,1012,1007,1193
CTETRA,11282,2,2723,1193,1007,1188
CTETRA,11283,2,2723,1007,999,1188
CTETRA,11284,2,2723,1188,999,1180
CTETRA,11285,2,2723,999,1012,1193
CTETRA,11286,2,2723,999,1193,1180
CTETRA,11287,2,2724,1003,999,1012
CTETRA,11288,2,2724,1180,1184,1193
CTETRA,11289,2,2724,999,1003,1184
CTETRA,11290,2,2724,999,1184,1180
CTETRA,11291,2,2724,1003,1012,1193
CTETRA,11292,2,2724,1003,1193,1184
CTETRA,11293,2,2724,1012,999,1193
CTETRA,11294,2,2724,1193,999,1180
CTETRA,11295,2,2725,999,1003,986
CTETRA,11296,2,2725,1184,1180,1167
CTETRA,11297,2,2725,1003,999,1184
CTETRA,11298,2,2725,1184,999,1180
CTETRA,11299,2,2725,999,986,1180
CTETRA,11300,2,2725,1180,986,1167
CTETRA,11301,2,2725,986,1003,1184
CTETRA,11302,2,2725,986,1184,1167
CTETRA,11303,2,2726,992,986,1003
CTETRA,11304,2,2726,1167,1173,1184
CTETRA,11305,2,2726,986,992,1173
CTETRA,11306,2,2726,986,1173,1167
CTETRA,11307,2,2726,992,1003,1184
CTETRA,11308,2,2726,992,1184,1173
CTETRA,11309,2,2726,1003,986,1184
CTETRA,11310,2,2726,1184,986,1167
CTETRA,11311,2,2727,986,992,971
CTETRA,11312,2,2727,1173,1167,1152
CTETRA,11313,2,2727,992,986,1173
CTETRA,11314,2,2727,1173,986,1167
CTETRA,11315,2,2727,986,971,1167
CTETRA,11316,2,2727,1167,971,1152
CTETRA,11317,2,2727,971,992,1173
CTETRA,11318,2,2727,971,1173,1152
CTETRA,11319,2,2728,975,971,992
CTETRA,11320,2,2728,1152,1156,1173
CTETRA,11321,2,2728,971,975,1156
CTETRA,11322,2,2728,971,1156,1152
CTETRA,11323,2,2728,975,992,1173
CTETRA,11324,2,2728,975,1173,1156
CTETRA,11325,2,2728,992,971,1173
CTETRA,11326,2,2728,1173,971,1152
CTETRA,11327,2,2729,971,975,950
CTETRA,11328,2,2729,1156,1152,1131
CTETRA,11329,2,2729,975,971,1156
CTETRA,11330,2,2729,1156,971,1152
CTETRA,11331,2,2729,971,950,1152
CTETRA,11332,2,2729,1152,950,1131
CTETRA,11333,2,2729,950,975,1156
CTETRA,11334,2,2729,950,1156,1131
CTETRA,11335,2,2730,952,950,975
CTETRA,11336,2,2730,1131,1133,1156
CTETRA,11337,2,2730,950,952,1133
CTETRA,11338,2,2730,950,1133,1131
CTETRA,11339,2,2730,952,975,1156
CTETRA,11340,2,2730,952,1156,1133
CTETRA,11341,2,2730,975,950,1156
CTETRA,11342,2,2730,1156,950,1131
CTETRA,11343,2,2731,508,513,1012
CTETRA,11344,2,2731,514,509,1193
CTETRA,11345,2,2731,508,509,514
CTETRA,11346,2,2731,508,514,513
CTETRA,11347,2,2731,508,1012,509
CTETRA,11348,2,2731,509,1012,1193
CTETRA,11349,2,2731,1012,513,514
CTETRA,11350,2,2731,1012,514,1193
CTETRA,11351,2,2732,1014,1012,513
CTETRA,11352,2,2732,1193,1195,514
CTETRA,11353,2,2732,1012,1014,1195
CTETRA,11354,2,2732,1012,1195,1193
CTETRA,11355,2,2732,1014,513,514
CTETRA,11356,2,2732,1014,514,1195
CTETRA,11357,2,2732,513,1012,514
CTETRA,11358,2,2732,514,1012,1193
CTETRA,11359,2,2733,956,928,952
CTETRA,11360,2,2733,1109,1137,1133
CTETRA,11361,2,2733,928,956,1137
CTETRA,11362,2,2733,928,1137,1109
CTETRA,11363,2,2733,956,952,1137
CTETRA,11364,2,2733,1137,952,1133
CTETRA,11365,2,2733,952,928,1133
CTETRA,11366,2,2733,1133,928,1109
CTETRA,11367,2,2734,1012,1014,1003
CTETRA,11368,2,2734,1195,1193,1184
CTETRA,11369,2,2734,1014,1012,1195
CTETRA,11370,2,2734,1195,1012,1193
CTETRA,11371,2,2734,1012,1003,1193
CTETRA,11372,2,2734,1193,1003,1184
CTETRA,11373,2,2734,1003,1014,1195
CTETRA,11374,2,2734,1003,1195,1184
CTETRA,11375,2,2735,1005,1003,1014
CTETRA,11376,2,2735,1184,1186,1195
CTETRA,11377,2,2735,1003,1005,1186
CTETRA,11378,2,2735,1003,1186,1184
CTETRA,11379,2,2735,1005,1014,1195
CTETRA,11380,2,2735,1005,1195,1186
CTETRA,11381,2,2735,1014,1003,1195
CTETRA,11382,2,2735,1195,1003,1184
CTETRA,11383,2,2736,1003,1005,992
CTETRA,11384,2,2736,1186,1184,1173
CTETRA,11385,2,2736,1005,1003,1186
CTETRA,11386,2,2736,1186,1003,1184
CTETRA,11387,2,2736,1003,992,1184
CTETRA,11388,2,2736,1184,992,1173
CTETRA,11389,2,2736,992,1005,1186
CTETRA,11390,2,2736,992,1186,1173
CTETRA,11391,2,2737,992,994,975
CTETRA,11392,2,2737,1175,1173,1156
CTETRA,11393,2,2737,994,992,1175
CTETRA,11394,2,2737,1175,992,1173
CTETRA,11395,2,2737,992,975,1173
CTETRA,11396,2,2737,1173,975,1156
CTETRA,11397,2,2737,975,994,1175
CTETRA,11398,2,2737,975,1175,1156
CTETRA,11399,2,2738,975,977,952
CTETRA,11400,2,2738,1158,1156,1133
CTETRA,11401,2,2738,977,975,1158
CTETRA,11402,2,2738,1158,975,1156
CTETRA,11403,2,2738,975,952,1156
CTETRA,11404,2,2738,1156,952,1133
CTETRA,11405,2,2738,952,977,1158
CTETRA,11406,2,2738,952,1158,1133
CTETRA,11407,2,2739,513,518,1014
CTETRA,11408,2,2739,519,514,1195
CTETRA,11409,2,2739,513,514,519
CTETRA,11410,2,2739,513,519,518
CTETRA,11411,2,2739,513,1014,514
CTETRA,11412,2,2739,514,1014,1195
CTETRA,11413,2,2739,1014,518,519
CTETRA,11414,2,2739,1014,519,1195
CTETRA,11415,2,2740,958,928,956
CTETRA,11416,2,2740,1109,1139,1137
CTETRA,11417,2,2740,928,958,1139
CTETRA,11418,2,2740,928,1139,1109
CTETRA,11419,2,2740,958,956,1139
CTETRA,11420,2,2740,1139,956,1137
CTETRA,11421,2,2740,956,928,1137
CTETRA,11422,2,2740,1137,928,1109
CTETRA,11423,2,2741,1009,1005,1016
CTETRA,11424,2,2741,1186,1190,1197
CTETRA,11425,2,2741,1005,1009,1190
CTETRA,11426,2,2741,1005,1190,1186
CTETRA,11427,2,2741,1009,1016,1197
CTETRA,11428,2,2741,1009,1197,1190
CTETRA,11429,2,2741,1016,1005,1197
CTETRA,11430,2,2741,1197,1005,1186
CTETRA,11431,2,2742,996,994,1009
CTETRA,11432,2,2742,1175,1177,1190
CTETRA,11433,2,2742,994,996,1177
CTETRA,11434,2,2742,994,1177,1175
CTETRA,11435,2,2742,996,1009,1190
CTETRA,11436,2,2742,996,1190,1177
CTETRA,11437,2,2742,1009,994,1190
CTETRA,11438,2,2742,1190,994,1175
CTETRA,11439,2,2743,981,977,996
CTETRA,11440,2,2743,1158,1162,1177
CTETRA,11441,2,2743,977,981,1162
CTETRA,11442,2,2743,977,1162,1158
CTETRA,11443,2,2743,981,996,1177
CTETRA,11444,2,2743,981,1177,1162
CTETRA,11445,2,2743,996,977,1177
CTETRA,11446,2,2743,1177,977,1158
CTETRA,11447,2,2744,958,956,981
CTETRA,11448,2,2744,1137,1139,1162
CTETRA,11449,2,2744,956,958,1139
CTETRA,11450,2,2744,956,1139,1137
CTETRA,11451,2,2744,958,981,1162
CTETRA,11452,2,2744,958,1162,1139
CTETRA,11453,2,2744,981,956,1162
CTETRA,11454,2,2744,1162,956,1137
CTETRA,11455,2,2745,1016,518,1018
CTETRA,11456,2,2745,519,1197,1199
CTETRA,11457,2,2745,518,1016,519
CTETRA,11458,2,2745,519,1016,1197
CTETRA,11459,2,2745,1016,1018,1199
CTETRA,11460,2,2745,1016,1199,1197
CTETRA,11461,2,2745,1018,518,519
CTETRA,11462,2,2745,1018,519,1199
CTETRA,11463,2,2746,1016,1018,1009
CTETRA,11464,2,2746,1199,1197,1190
CTETRA,11465,2,2746,1018,1016,1199
CTETRA,11466,2,2746,1199,1016,1197
CTETRA,11467,2,2746,1016,1009,1197
CTETRA,11468,2,2746,1197,1009,1190
CTETRA,11469,2,2746,1009,1018,1199
CTETRA,11470,2,2746,1009,1199,1190
CTETRA,11471,2,2747,1009,1011,996
CTETRA,11472,2,2747,1192,1190,1177
CTETRA,11473,2,2747,1011,1009,1192
CTETRA,11474,2,2747,1192,1009,1190
CTETRA,11475,2,2747,1009,996,1190
CTETRA,11476,2,2747,1190,996,1177
CTETRA,11477,2,2747,996,1011,1192
CTETRA,11478,2,2747,996,1192,1177
CTETRA,11479,2,2748,996,998,981
CTETRA,11480,2,2748,1179,1177,1162
CTETRA,11481,2,2748,998,996,1179
CTETRA,11482,2,2748,1179,996,1177
CTETRA,11483,2,2748,996,981,1177
CTETRA,11484,2,2748,1177,981,1162
CTETRA,11485,2,2748,981,998,1179
CTETRA,11486,2,2748,981,1179,1162
CTETRA,11487,2,2749,981,983,958
CTETRA,11488,2,2749,1164,1162,1139
CTETRA,11489,2,2749,983,981,1164
CTETRA,11490,2,2749,1164,981,1162
CTETRA,11491,2,2749,981,958,1162
CTETRA,11492,2,2749,1162,958,1139
CTETRA,11493,2,2749,958,983,1164
CTETRA,11494,2,2749,958,1164,1139
CTETRA,11495,2,2750,1044,1050,1061
CTETRA,11496,2,2750,1231,1225,1242
CTETRA,11497,2,2750,1050,1044,1231
CTETRA,11498,2,2750,1231,1044,1225
CTETRA,11499,2,2750,1044,1061,1242
CTETRA,11500,2,2750,1044,1242,1225
CTETRA,11501,2,2750,1061,1050,1242
CTETRA,11502,2,2750,1242,1050,1231
CTETRA,11503,2,2751,1143,1128,1122
CTETRA,11504,2,2751,1309,1324,1303
CTETRA,11505,2,2751,1128,1143,1324
CTETRA,11506,2,2751,1128,1324,1309
CTETRA,11507,2,2751,1143,1122,1324
CTETRA,11508,2,2751,1324,1122,1303
CTETRA,11509,2,2751,1122,1128,1309
CTETRA,11510,2,2751,1122,1309,1303
CTETRA,11511,2,2752,1060,1056,1081
CTETRA,11512,2,2752,1237,1241,1262
CTETRA,11513,2,2752,1056,1060,1241
CTETRA,11514,2,2752,1056,1241,1237
CTETRA,11515,2,2752,1060,1081,1262
CTETRA,11516,2,2752,1060,1262,1241
CTETRA,11517,2,2752,1081,1056,1262
CTETRA,11518,2,2752,1262,1056,1237
CTETRA,11519,2,2753,649,644,1196
CTETRA,11520,2,2753,643,648,1377
CTETRA,11521,2,2753,643,649,648
CTETRA,11522,2,2753,643,644,649
CTETRA,11523,2,2753,649,1196,648
CTETRA,11524,2,2753,648,1196,1377
CTETRA,11525,2,2753,1196,644,643
CTETRA,11526,2,2753,1196,643,1377
CTETRA,11527,2,2754,549,544,1029
CTETRA,11528,2,2754,543,548,1210
CTETRA,11529,2,2754,543,544,549
CTETRA,11530,2,2754,543,549,548
CTETRA,11531,2,2754,549,1029,1210
CTETRA,11532,2,2754,549,1210,548
CTETRA,11533,2,2754,1029,544,1210
CTETRA,11534,2,2754,1210,544,543
CTETRA,11535,2,2755,1116,1109,1118
CTETRA,11536,2,2755,1290,1297,1299
CTETRA,11537,2,2755,1109,1116,1297
CTETRA,11538,2,2755,1109,1297,1290
CTETRA,11539,2,2755,1116,1118,1299
CTETRA,11540,2,2755,1116,1299,1297
CTETRA,11541,2,2755,1118,1109,1299
CTETRA,11542,2,2755,1299,1109,1290
CTETRA,11543,2,2756,1040,1039,1027
CTETRA,11544,2,2756,1220,1221,1208
CTETRA,11545,2,2756,1039,1040,1221
CTETRA,11546,2,2756,1039,1221,1220
CTETRA,11547,2,2756,1040,1027,1221
CTETRA,11548,2,2756,1221,1027,1208
CTETRA,11549,2,2756,1027,1039,1220
CTETRA,11550,2,2756,1027,1220,1208
CTETRA,11551,2,2757,1153,1157,1168
CTETRA,11552,2,2757,1338,1334,1349
CTETRA,11553,2,2757,1157,1153,1338
CTETRA,11554,2,2757,1338,1153,1334
CTETRA,11555,2,2757,1153,1168,1349
CTETRA,11556,2,2757,1153,1349,1334
CTETRA,11557,2,2757,1168,1157,1349
CTETRA,11558,2,2757,1349,1157,1338
CTETRA,11559,2,2758,1078,1077,1055
CTETRA,11560,2,2758,1258,1259,1236
CTETRA,11561,2,2758,1077,1078,1259
CTETRA,11562,2,2758,1077,1259,1258
CTETRA,11563,2,2758,1078,1055,1259
CTETRA,11564,2,2758,1259,1055,1236
CTETRA,11565,2,2758,1055,1077,1258
CTETRA,11566,2,2758,1055,1258,1236
CTETRA,11567,2,2759,1183,1189,634
CTETRA,11568,2,2759,1370,1364,633
CTETRA,11569,2,2759,1189,1183,1370
CTETRA,11570,2,2759,1370,1183,1364
CTETRA,11571,2,2759,1183,634,633
CTETRA,11572,2,2759,1183,633,1364
CTETRA,11573,2,2759,634,1189,633
CTETRA,11574,2,2759,633,1189,1370
CTETRA,11575,2,2760,1022,1024,1031
CTETRA,11576,2,2760,1205,1203,1212
CTETRA,11577,2,2760,1024,1022,1205
CTETRA,11578,2,2760,1205,1022,1203
CTETRA,11579,2,2760,1022,1031,1212
CTETRA,11580,2,2760,1022,1212,1203
CTETRA,11581,2,2760,1031,1024,1212
CTETRA,11582,2,2760,1212,1024,1205
CTETRA,11583,2,2761,1172,1166,1161
CTETRA,11584,2,2761,1347,1353,1342
CTETRA,11585,2,2761,1166,1172,1353
CTETRA,11586,2,2761,1166,1353,1347
CTETRA,11587,2,2761,1172,1161,1353
CTETRA,11588,2,2761,1353,1161,1342
CTETRA,11589,2,2761,1161,1166,1347
CTETRA,11590,2,2761,1161,1347,1342
CTETRA,11591,2,2762,1034,1032,1045
CTETRA,11592,2,2762,1213,1215,1226
CTETRA,11593,2,2762,1032,1034,1215
CTETRA,11594,2,2762,1032,1215,1213
CTETRA,11595,2,2762,1034,1045,1226
CTETRA,11596,2,2762,1034,1226,1215
CTETRA,11597,2,2762,1045,1032,1226
CTETRA,11598,2,2762,1226,1032,1213
CTETRA,11599,2,2763,1179,1178,1164
CTETRA,11600,2,2763,1359,1360,1345
CTETRA,11601,2,2763,1178,1179,1360
CTETRA,11602,2,2763,1178,1360,1359
CTETRA,11603,2,2763,1179,1164,1360
CTETRA,11604,2,2763,1360,1164,1345
CTETRA,11605,2,2763,1164,1178,1359
CTETRA,11606,2,2763,1164,1359,1345
CTETRA,11607,2,2764,1062,1060,1085
CTETRA,11608,2,2764,1241,1243,1266
CTETRA,11609,2,2764,1060,1062,1243
CTETRA,11610,2,2764,1060,1243,1241
CTETRA,11611,2,2764,1062,1085,1266
CTETRA,11612,2,2764,1062,1266,1243
CTETRA,11613,2,2764,1085,1060,1266
CTETRA,11614,2,2764,1266,1060,1241
CTETRA,11615,2,2765,654,649,1198
CTETRA,11616,2,2765,648,653,1379
CTETRA,11617,2,2765,648,654,653
CTETRA,11618,2,2765,648,649,654
CTETRA,11619,2,2765,654,1198,653
CTETRA,11620,2,2765,653,1198,1379
CTETRA,11621,2,2765,1198,649,648
CTETRA,11622,2,2765,1198,648,1379
CTETRA,11623,2,2766,1175,1173,1186
CTETRA,11624,2,2766,1354,1356,1367
CTETRA,11625,2,2766,1173,1175,1356
CTETRA,11626,2,2766,1173,1356,1354
CTETRA,11627,2,2766,1175,1186,1367
CTETRA,11628,2,2766,1175,1367,1356
CTETRA,11629,2,2766,1186,1173,1367
CTETRA,11630,2,2766,1367,1173,1354
CTETRA,11631,2,2767,1061,1065,1084
CTETRA,11632,2,2767,1246,1242,1265
CTETRA,11633,2,2767,1065,1061,1246
CTETRA,11634,2,2767,1246,1061,1242
CTETRA,11635,2,2767,1061,1084,1265
CTETRA,11636,2,2767,1061,1265,1242
CTETRA,11637,2,2767,1084,1065,1265
CTETRA,11638,2,2767,1265,1065,1246
CTETRA,11639,2,2768,624,619,1155
CTETRA,11640,2,2768,618,623,1336
CTETRA,11641,2,2768,618,619,624
CTETRA,11642,2,2768,618,624,623
CTETRA,11643,2,2768,624,1155,623
CTETRA,11644,2,2768,623,1155,1336
CTETRA,11645,2,2768,1155,619,1336
CTETRA,11646,2,2768,1336,619,618
CTETRA,11647,2,2769,574,569,1021
CTETRA,11648,2,2769,568,573,1202
CTETRA,11649,2,2769,568,574,573
CTETRA,11650,2,2769,568,569,574
CTETRA,11651,2,2769,574,1021,1202
CTETRA,11652,2,2769,574,1202,573
CTETRA,11653,2,2769,1021,569,1202
CTETRA,11654,2,2769,1202,569,568
CTETRA,11655,2,2770,1134,1109,1138
CTETRA,11656,2,2770,1290,1315,1319
CTETRA,11657,2,2770,1109,1134,1315
CTETRA,11658,2,2770,1109,1315,1290
CTETRA,11659,2,2770,1134,1138,1319
CTETRA,11660,2,2770,1134,1319,1315
CTETRA,11661,2,2770,1138,1109,1319
CTETRA,11662,2,2770,1319,1109,1290
CTETRA,11663,2,2771,1092,1109,1086
CTETRA,11664,2,2771,1290,1273,1267
CTETRA,11665,2,2771,1109,1092,1290
CTETRA,11666,2,2771,1290,1092,1273
CTETRA,11667,2,2771,1092,1086,1273
CTETRA,11668,2,2771,1273,1086,1267
CTETRA,11669,2,2771,1086,1109,1290
CTETRA,11670,2,2771,1086,1290,1267
CTETRA,11671,2,2772,1130,1149,1136
CTETRA,11672,2,2772,1330,1311,1317
CTETRA,11673,2,2772,1149,1130,1330
CTETRA,11674,2,2772,1330,1130,1311
CTETRA,11675,2,2772,1130,1136,1317
CTETRA,11676,2,2772,1130,1317,1311
CTETRA,11677,2,2772,1136,1149,1330
CTETRA,11678,2,2772,1136,1330,1317
CTETRA,11679,2,2773,1055,1054,1040
CTETRA,11680,2,2773,1235,1236,1221
CTETRA,11681,2,2773,1054,1055,1236
CTETRA,11682,2,2773,1054,1236,1235
CTETRA,11683,2,2773,1055,1040,1236
CTETRA,11684,2,2773,1236,1040,1221
CTETRA,11685,2,2773,1040,1054,1235
CTETRA,11686,2,2773,1040,1235,1221
CTETRA,11687,2,2774,1132,1134,1153
CTETRA,11688,2,2774,1315,1313,1334
CTETRA,11689,2,2774,1134,1132,1315
CTETRA,11690,2,2774,1315,1132,1313
CTETRA,11691,2,2774,1132,1153,1334
CTETRA,11692,2,2774,1132,1334,1313
CTETRA,11693,2,2774,1153,1134,1334
CTETRA,11694,2,2774,1334,1134,1315
CTETRA,11695,2,2775,1022,1020,559
CTETRA,11696,2,2775,1201,1203,558
CTETRA,11697,2,2775,1020,1022,1203
CTETRA,11698,2,2775,1020,1203,1201
CTETRA,11699,2,2775,1022,559,1203
CTETRA,11700,2,2775,1203,559,558
CTETRA,11701,2,2775,559,1020,1201
CTETRA,11702,2,2775,559,1201,558
CTETRA,11703,2,2776,1189,1183,1181
CTETRA,11704,2,2776,1364,1370,1362
CTETRA,11705,2,2776,1183,1189,1370
CTETRA,11706,2,2776,1183,1370,1364
CTETRA,11707,2,2776,1189,1181,1370
CTETRA,11708,2,2776,1370,1181,1362
CTETRA,11709,2,2776,1181,1183,1364
CTETRA,11710,2,2776,1181,1364,1362
CTETRA,11711,2,2777,1031,1033,1042
CTETRA,11712,2,2777,1214,1212,1223
CTETRA,11713,2,2777,1033,1031,1214
CTETRA,11714,2,2777,1214,1031,1212
CTETRA,11715,2,2777,1031,1042,1223
CTETRA,11716,2,2777,1031,1223,1212
CTETRA,11717,2,2777,1042,1033,1223
CTETRA,11718,2,2777,1223,1033,1214
CTETRA,11719,2,2778,1161,1151,1147
CTETRA,11720,2,2778,1332,1342,1328
CTETRA,11721,2,2778,1151,1161,1342
CTETRA,11722,2,2778,1151,1342,1332
CTETRA,11723,2,2778,1161,1147,1342
CTETRA,11724,2,2778,1342,1147,1328
CTETRA,11725,2,2778,1147,1151,1332
CTETRA,11726,2,2778,1147,1332,1328
CTETRA,11727,2,2779,1045,1043,1062
CTETRA,11728,2,2779,1224,1226,1243
CTETRA,11729,2,2779,1043,1045,1226
CTETRA,11730,2,2779,1043,1226,1224
CTETRA,11731,2,2779,1045,1062,1243
CTETRA,11732,2,2779,1045,1243,1226
CTETRA,11733,2,2779,1062,1043,1243
CTETRA,11734,2,2779,1243,1043,1224
CTETRA,11735,2,2780,1164,1163,1141
CTETRA,11736,2,2780,1344,1345,1322
CTETRA,11737,2,2780,1163,1164,1345
CTETRA,11738,2,2780,1163,1345,1344
CTETRA,11739,2,2780,1164,1141,1345
CTETRA,11740,2,2780,1345,1141,1322
CTETRA,11741,2,2780,1141,1163,1344
CTETRA,11742,2,2780,1141,1344,1322
CTETRA,11743,2,2781,579,574,1023
CTETRA,11744,2,2781,573,578,1204
CTETRA,11745,2,2781,573,574,579
CTETRA,11746,2,2781,573,579,578
CTETRA,11747,2,2781,579,1023,1204
CTETRA,11748,2,2781,579,1204,578
CTETRA,11749,2,2781,1023,574,1204
CTETRA,11750,2,2781,1204,574,573
CTETRA,11751,2,2782,1138,1109,1140
CTETRA,11752,2,2782,1290,1319,1321
CTETRA,11753,2,2782,1109,1138,1319
CTETRA,11754,2,2782,1109,1319,1290
CTETRA,11755,2,2782,1138,1140,1321
CTETRA,11756,2,2782,1138,1321,1319
CTETRA,11757,2,2782,1140,1109,1321
CTETRA,11758,2,2782,1321,1109,1290
CTETRA,11759,2,2783,1158,1156,1175
CTETRA,11760,2,2783,1337,1339,1356
CTETRA,11761,2,2783,1156,1158,1339
CTETRA,11762,2,2783,1156,1339,1337
CTETRA,11763,2,2783,1158,1175,1356
CTETRA,11764,2,2783,1158,1356,1339
CTETRA,11765,2,2783,1175,1156,1356
CTETRA,11766,2,2783,1356,1156,1337
CTETRA,11767,2,2784,1020,1022,1027
CTETRA,11768,2,2784,1203,1201,1208
CTETRA,11769,2,2784,1022,1020,1203
CTETRA,11770,2,2784,1203,1020,1201
CTETRA,11771,2,2784,1020,1027,1208
CTETRA,11772,2,2784,1020,1208,1201
CTETRA,11773,2,2784,1027,1022,1208
CTETRA,11774,2,2784,1208,1022,1203
CTETRA,11775,2,2785,1181,1172,1168
CTETRA,11776,2,2785,1353,1362,1349
CTETRA,11777,2,2785,1172,1181,1362
CTETRA,11778,2,2785,1172,1362,1353
CTETRA,11779,2,2785,1181,1168,1362
CTETRA,11780,2,2785,1362,1168,1349
CTETRA,11781,2,2785,1168,1172,1353
CTETRA,11782,2,2785,1168,1353,1349
CTETRA,11783,2,2786,1042,1044,1059
CTETRA,11784,2,2786,1225,1223,1240
CTETRA,11785,2,2786,1044,1042,1225
CTETRA,11786,2,2786,1225,1042,1223
CTETRA,11787,2,2786,1042,1059,1240
CTETRA,11788,2,2786,1042,1240,1223
CTETRA,11789,2,2786,1059,1044,1240
CTETRA,11790,2,2786,1240,1044,1225
CTETRA,11791,2,2787,1147,1143,1126
CTETRA,11792,2,2787,1324,1328,1307
CTETRA,11793,2,2787,1143,1147,1328
CTETRA,11794,2,2787,1143,1328,1324
CTETRA,11795,2,2787,1147,1126,1328
CTETRA,11796,2,2787,1328,1126,1307
CTETRA,11797,2,2787,1126,1143,1324
CTETRA,11798,2,2787,1126,1324,1307
CTETRA,11799,2,2788,1079,1109,1081
CTETRA,11800,2,2788,1290,1260,1262
CTETRA,11801,2,2788,1109,1079,1290
CTETRA,11802,2,2788,1290,1079,1260
CTETRA,11803,2,2788,1079,1081,1262
CTETRA,11804,2,2788,1079,1262,1260
CTETRA,11805,2,2788,1081,1109,1290
CTETRA,11806,2,2788,1081,1290,1262
CTETRA,11807,2,2789,1187,1191,1196
CTETRA,11808,2,2789,1372,1368,1377
CTETRA,11809,2,2789,1191,1187,1372
CTETRA,11810,2,2789,1372,1187,1368
CTETRA,11811,2,2789,1187,1196,1377
CTETRA,11812,2,2789,1187,1377,1368
CTETRA,11813,2,2789,1196,1191,1377
CTETRA,11814,2,2789,1377,1191,1372
CTETRA,11815,2,2790,1137,1133,1158
CTETRA,11816,2,2790,1314,1318,1339
CTETRA,11817,2,2790,1133,1137,1318
CTETRA,11818,2,2790,1133,1318,1314
CTETRA,11819,2,2790,1137,1158,1339
CTETRA,11820,2,2790,1137,1339,1318
CTETRA,11821,2,2790,1158,1133,1339
CTETRA,11822,2,2790,1339,1133,1314
CTETRA,11823,2,2791,1169,1154,494
CTETRA,11824,2,2791,1335,1350,495
CTETRA,11825,2,2791,1154,1169,1350
CTETRA,11826,2,2791,1154,1350,1335
CTETRA,11827,2,2791,1169,494,495
CTETRA,11828,2,2791,1169,495,1350
CTETRA,11829,2,2791,494,1154,495
CTETRA,11830,2,2791,495,1154,1335
CTETRA,11831,2,2792,1030,1025,1038
CTETRA,11832,2,2792,1206,1211,1219
CTETRA,11833,2,2792,1025,1030,1211
CTETRA,11834,2,2792,1025,1211,1206
CTETRA,11835,2,2792,1030,1038,1219
CTETRA,11836,2,2792,1030,1219,1211
CTETRA,11837,2,2792,1038,1025,1219
CTETRA,11838,2,2792,1219,1025,1206
CTETRA,11839,2,2793,1027,1031,1040
CTETRA,11840,2,2793,1212,1208,1221
CTETRA,11841,2,2793,1031,1027,1212
CTETRA,11842,2,2793,1212,1027,1208
CTETRA,11843,2,2793,1027,1040,1221
CTETRA,11844,2,2793,1027,1221,1208
CTETRA,11845,2,2793,1040,1031,1221
CTETRA,11846,2,2793,1221,1031,1212
CTETRA,11847,2,2794,1168,1161,1153
CTETRA,11848,2,2794,1342,1349,1334
CTETRA,11849,2,2794,1161,1168,1349
CTETRA,11850,2,2794,1161,1349,1342
CTETRA,11851,2,2794,1168,1153,1349
CTETRA,11852,2,2794,1349,1153,1334
CTETRA,11853,2,2794,1153,1161,1342
CTETRA,11854,2,2794,1153,1342,1334
CTETRA,11855,2,2795,1059,1061,1080
CTETRA,11856,2,2795,1242,1240,1261
CTETRA,11857,2,2795,1061,1059,1242
CTETRA,11858,2,2795,1242,1059,1240
CTETRA,11859,2,2795,1059,1080,1261
CTETRA,11860,2,2795,1059,1261,1240
CTETRA,11861,2,2795,1080,1061,1261
CTETRA,11862,2,2795,1261,1061,1242
CTETRA,11863,2,2796,629,624,1170
CTETRA,11864,2,2796,623,628,1351
CTETRA,11865,2,2796,623,624,629
CTETRA,11866,2,2796,623,629,628
CTETRA,11867,2,2796,629,1170,628
CTETRA,11868,2,2796,628,1170,1351
CTETRA,11869,2,2796,1170,624,1351
CTETRA,11870,2,2796,1351,624,623
CTETRA,11871,2,2797,1028,1032,1021
CTETRA,11872,2,2797,1213,1209,1202
CTETRA,11873,2,2797,1032,1028,1213
CTETRA,11874,2,2797,1213,1028,1209
CTETRA,11875,2,2797,1028,1021,1209
CTETRA,11876,2,2797,1209,1021,1202
CTETRA,11877,2,2797,1021,1032,1213
CTETRA,11878,2,2797,1021,1213,1202
CTETRA,11879,2,2798,1176,1178,1187
CTETRA,11880,2,2798,1359,1357,1368
CTETRA,11881,2,2798,1178,1176,1359
CTETRA,11882,2,2798,1359,1176,1357
CTETRA,11883,2,2798,1176,1187,1368
CTETRA,11884,2,2798,1176,1368,1357
CTETRA,11885,2,2798,1187,1178,1368
CTETRA,11886,2,2798,1368,1178,1359
CTETRA,11887,2,2799,1197,1195,519
CTETRA,11888,2,2799,1376,1378,520
CTETRA,11889,2,2799,1195,1197,1378
CTETRA,11890,2,2799,1195,1378,1376
CTETRA,11891,2,2799,1197,519,520
CTETRA,11892,2,2799,1197,520,1378
CTETRA,11893,2,2799,519,1195,520
CTETRA,11894,2,2799,520,1195,1376
CTETRA,11895,2,2800,1040,1042,1055
CTETRA,11896,2,2800,1223,1221,1236
CTETRA,11897,2,2800,1042,1040,1223
CTETRA,11898,2,2800,1223,1040,1221
CTETRA,11899,2,2800,1040,1055,1236
CTETRA,11900,2,2800,1040,1236,1221
CTETRA,11901,2,2800,1055,1042,1236
CTETRA,11902,2,2800,1236,1042,1223
CTETRA,11903,2,2801,1153,1147,1132
CTETRA,11904,2,2801,1328,1334,1313
CTETRA,11905,2,2801,1147,1153,1334
CTETRA,11906,2,2801,1147,1334,1328
CTETRA,11907,2,2801,1153,1132,1334
CTETRA,11908,2,2801,1334,1132,1313
CTETRA,11909,2,2801,1132,1147,1328
CTETRA,11910,2,2801,1132,1328,1313
CTETRA,11911,2,2802,554,549,1024
CTETRA,11912,2,2802,548,553,1205
CTETRA,11913,2,2802,548,549,554
CTETRA,11914,2,2802,548,554,553
CTETRA,11915,2,2802,554,1024,1205
CTETRA,11916,2,2802,554,1205,553
CTETRA,11917,2,2802,1024,549,1205
CTETRA,11918,2,2802,1205,549,548
CTETRA,11919,2,2803,1118,1109,1122
CTETRA,11920,2,2803,1290,1299,1303
CTETRA,11921,2,2803,1109,1118,1299
CTETRA,11922,2,2803,1109,1299,1290
CTETRA,11923,2,2803,1118,1122,1303
CTETRA,11924,2,2803,1118,1303,1299
CTETRA,11925,2,2803,1122,1109,1303
CTETRA,11926,2,2803,1303,1109,1290
CTETRA,11927,2,2804,1041,1043,1028
CTETRA,11928,2,2804,1224,1222,1209
CTETRA,11929,2,2804,1043,1041,1224
CTETRA,11930,2,2804,1224,1041,1222
CTETRA,11931,2,2804,1041,1028,1222
CTETRA,11932,2,2804,1222,1028,1209
CTETRA,11933,2,2804,1028,1043,1224
CTETRA,11934,2,2804,1028,1224,1209
CTETRA,11935,2,2805,1159,1163,1176
CTETRA,11936,2,2805,1344,1340,1357
CTETRA,11937,2,2805,1163,1159,1344
CTETRA,11938,2,2805,1344,1159,1340
CTETRA,11939,2,2805,1159,1176,1357
CTETRA,11940,2,2805,1159,1357,1340
CTETRA,11941,2,2805,1176,1163,1357
CTETRA,11942,2,2805,1357,1163,1344
CTETRA,11943,2,2806,1195,1197,1186
CTETRA,11944,2,2806,1378,1376,1367
CTETRA,11945,2,2806,1197,1195,1378
CTETRA,11946,2,2806,1378,1195,1376
CTETRA,11947,2,2806,1195,1186,1376
CTETRA,11948,2,2806,1376,1186,1367
CTETRA,11949,2,2806,1186,1197,1378
CTETRA,11950,2,2806,1186,1378,1367
CTETRA,11951,2,2807,1148,1165,1144
CTETRA,11952,2,2807,1346,1329,1325
CTETRA,11953,2,2807,1165,1148,1346
CTETRA,11954,2,2807,1346,1148,1329
CTETRA,11955,2,2807,1148,1144,1329
CTETRA,11956,2,2807,1329,1144,1325
CTETRA,11957,2,2807,1144,1165,1346
CTETRA,11958,2,2807,1144,1346,1325
CTETRA,11959,2,2808,1051,1045,1066
CTETRA,11960,2,2808,1226,1232,1247
CTETRA,11961,2,2808,1045,1051,1232
CTETRA,11962,2,2808,1045,1232,1226
CTETRA,11963,2,2808,1051,1066,1247
CTETRA,11964,2,2808,1051,1247,1232
CTETRA,11965,2,2808,1066,1045,1247
CTETRA,11966,2,2808,1247,1045,1226
CTETRA,11967,2,2809,1055,1059,1078
CTETRA,11968,2,2809,1240,1236,1259
CTETRA,11969,2,2809,1059,1055,1240
CTETRA,11970,2,2809,1240,1055,1236
CTETRA,11971,2,2809,1055,1078,1259
CTETRA,11972,2,2809,1055,1259,1236
CTETRA,11973,2,2809,1078,1059,1259
CTETRA,11974,2,2809,1259,1059,1240
CTETRA,11975,2,2810,634,629,1183
CTETRA,11976,2,2810,628,633,1364
CTETRA,11977,2,2810,628,629,634
CTETRA,11978,2,2810,628,634,633
CTETRA,11979,2,2810,634,1183,633
CTETRA,11980,2,2810,633,1183,1364
CTETRA,11981,2,2810,1183,629,1364
CTETRA,11982,2,2810,1364,629,628
CTETRA,11983,2,2811,1086,1109,1084
CTETRA,11984,2,2811,1290,1267,1265
CTETRA,11985,2,2811,1109,1086,1290
CTETRA,11986,2,2811,1290,1086,1267
CTETRA,11987,2,2811,1086,1084,1267
CTETRA,11988,2,2811,1267,1084,1265
CTETRA,11989,2,2811,1084,1109,1290
CTETRA,11990,2,2811,1084,1290,1265
CTETRA,11991,2,2812,1149,1166,1155
CTETRA,11992,2,2812,1347,1330,1336
CTETRA,11993,2,2812,1166,1149,1347
CTETRA,11994,2,2812,1347,1149,1330
CTETRA,11995,2,2812,1149,1155,1336
CTETRA,11996,2,2812,1149,1336,1330
CTETRA,11997,2,2812,1155,1166,1347
CTETRA,11998,2,2812,1155,1347,1336
CTETRA,11999,2,2813,1056,1060,1041
CTETRA,12000,2,2813,1241,1237,1222
CTETRA,12001,2,2813,1060,1056,1241
CTETRA,12002,2,2813,1241,1056,1237
CTETRA,12003,2,2813,1056,1041,1237
CTETRA,12004,2,2813,1237,1041,1222
CTETRA,12005,2,2813,1041,1060,1241
CTETRA,12006,2,2813,1041,1241,1222
CTETRA,12007,2,2814,1138,1140,1159
CTETRA,12008,2,2814,1321,1319,1340
CTETRA,12009,2,2814,1140,1138,1321
CTETRA,12010,2,2814,1321,1138,1319
CTETRA,12011,2,2814,1138,1159,1340
CTETRA,12012,2,2814,1138,1340,1319
CTETRA,12013,2,2814,1159,1140,1340
CTETRA,12014,2,2814,1340,1140,1321
CTETRA,12015,2,2815,1186,1190,1175
CTETRA,12016,2,2815,1371,1367,1356
CTETRA,12017,2,2815,1190,1186,1371
CTETRA,12018,2,2815,1371,1186,1367
CTETRA,12019,2,2815,1186,1175,1367
CTETRA,12020,2,2815,1367,1175,1356
CTETRA,12021,2,2815,1175,1190,1371
CTETRA,12022,2,2815,1175,1371,1356
CTETRA,12023,2,2816,1066,1062,1087
CTETRA,12024,2,2816,1243,1247,1268
CTETRA,12025,2,2816,1062,1066,1247
CTETRA,12026,2,2816,1062,1247,1243
CTETRA,12027,2,2816,1066,1087,1268
CTETRA,12028,2,2816,1066,1268,1247
CTETRA,12029,2,2816,1087,1062,1268
CTETRA,12030,2,2816,1268,1062,1243
CTETRA,12031,2,2817,524,654,1199
CTETRA,12032,2,2817,653,525,1380
CTETRA,12033,2,2817,653,524,525
CTETRA,12034,2,2817,653,654,524
CTETRA,12035,2,2817,524,1199,525
CTETRA,12036,2,2817,525,1199,1380
CTETRA,12037,2,2817,1199,654,653
CTETRA,12038,2,2817,1199,653,1380
CTETRA,12039,2,2818,559,554,1022
CTETRA,12040,2,2818,553,558,1203
CTETRA,12041,2,2818,553,554,559
CTETRA,12042,2,2818,553,559,558
CTETRA,12043,2,2818,559,1022,1203
CTETRA,12044,2,2818,559,1203,558
CTETRA,12045,2,2818,1022,554,1203
CTETRA,12046,2,2818,1203,554,553
CTETRA,12047,2,2819,1122,1109,1126
CTETRA,12048,2,2819,1290,1303,1307
CTETRA,12049,2,2819,1109,1122,1303
CTETRA,12050,2,2819,1109,1303,1290
CTETRA,12051,2,2819,1122,1126,1307
CTETRA,12052,2,2819,1122,1307,1303
CTETRA,12053,2,2819,1126,1109,1307
CTETRA,12054,2,2819,1307,1109,1290
CTETRA,12055,2,2820,1037,1033,1029
CTETRA,12056,2,2820,1214,1218,1210
CTETRA,12057,2,2820,1033,1037,1218
CTETRA,12058,2,2820,1033,1218,1214
CTETRA,12059,2,2820,1037,1029,1218
CTETRA,12060,2,2820,1218,1029,1210
CTETRA,12061,2,2820,1029,1033,1214
CTETRA,12062,2,2820,1029,1214,1210
CTETRA,12063,2,2821,1145,1151,1149
CTETRA,12064,2,2821,1332,1326,1330
CTETRA,12065,2,2821,1151,1145,1332
CTETRA,12066,2,2821,1332,1145,1326
CTETRA,12067,2,2821,1145,1149,1330
CTETRA,12068,2,2821,1145,1330,1326
CTETRA,12069,2,2821,1149,1151,1332
CTETRA,12070,2,2821,1149,1332,1330
CTETRA,12071,2,2822,1079,1081,1056
CTETRA,12072,2,2822,1262,1260,1237
CTETRA,12073,2,2822,1081,1079,1262
CTETRA,12074,2,2822,1262,1079,1260
CTETRA,12075,2,2822,1079,1056,1260
CTETRA,12076,2,2822,1260,1056,1237
CTETRA,12077,2,2822,1056,1081,1262
CTETRA,12078,2,2822,1056,1262,1237
CTETRA,12079,2,2823,1194,1196,644
CTETRA,12080,2,2823,1377,1375,643
CTETRA,12081,2,2823,1196,1194,1377
CTETRA,12082,2,2823,1377,1194,1375
CTETRA,12083,2,2823,1194,644,643
CTETRA,12084,2,2823,1194,643,1375
CTETRA,12085,2,2823,644,1196,643
CTETRA,12086,2,2823,643,1196,1377
CTETRA,12087,2,2824,1175,1177,1158
CTETRA,12088,2,2824,1358,1356,1339
CTETRA,12089,2,2824,1177,1175,1358
CTETRA,12090,2,2824,1358,1175,1356
CTETRA,12091,2,2824,1175,1158,1356
CTETRA,12092,2,2824,1356,1158,1339
CTETRA,12093,2,2824,1158,1177,1358
CTETRA,12094,2,2824,1158,1358,1339
CTETRA,12095,2,2825,584,579,1025
CTETRA,12096,2,2825,578,583,1206
CTETRA,12097,2,2825,578,584,583
CTETRA,12098,2,2825,578,579,584
CTETRA,12099,2,2825,584,1025,1206
CTETRA,12100,2,2825,584,1206,583
CTETRA,12101,2,2825,1025,579,1206
CTETRA,12102,2,2825,1206,579,578
CTETRA,12103,2,2826,1140,1109,1141
CTETRA,12104,2,2826,1290,1321,1322
CTETRA,12105,2,2826,1109,1140,1321
CTETRA,12106,2,2826,1109,1321,1290
CTETRA,12107,2,2826,1140,1141,1322
CTETRA,12108,2,2826,1140,1322,1321
CTETRA,12109,2,2826,1141,1109,1322
CTETRA,12110,2,2826,1322,1109,1290
CTETRA,12111,2,2827,1084,1109,1080
CTETRA,12112,2,2827,1290,1265,1261
CTETRA,12113,2,2827,1109,1084,1290
CTETRA,12114,2,2827,1290,1084,1265
CTETRA,12115,2,2827,1084,1080,1265
CTETRA,12116,2,2827,1265,1080,1261
CTETRA,12117,2,2827,1080,1109,1290
CTETRA,12118,2,2827,1080,1290,1261
CTETRA,12119,2,2828,1166,1172,1170
CTETRA,12120,2,2828,1353,1347,1351
CTETRA,12121,2,2828,1172,1166,1353
CTETRA,12122,2,2828,1353,1166,1347
CTETRA,12123,2,2828,1166,1170,1351
CTETRA,12124,2,2828,1166,1351,1347
CTETRA,12125,2,2828,1170,1172,1353
CTETRA,12126,2,2828,1170,1353,1351
CTETRA,12127,2,2829,1050,1044,1037
CTETRA,12128,2,2829,1225,1231,1218
CTETRA,12129,2,2829,1044,1050,1231
CTETRA,12130,2,2829,1044,1231,1225
CTETRA,12131,2,2829,1050,1037,1231
CTETRA,12132,2,2829,1231,1037,1218
CTETRA,12133,2,2829,1037,1044,1225
CTETRA,12134,2,2829,1037,1225,1218
CTETRA,12135,2,2830,1128,1143,1145
CTETRA,12136,2,2830,1324,1309,1326
CTETRA,12137,2,2830,1143,1128,1324
CTETRA,12138,2,2830,1324,1128,1309
CTETRA,12139,2,2830,1128,1145,1326
CTETRA,12140,2,2830,1128,1326,1309
CTETRA,12141,2,2830,1145,1143,1326
CTETRA,12142,2,2830,1326,1143,1324
CTETRA,12143,2,2831,1019,1021,569
CTETRA,12144,2,2831,1202,1200,568
CTETRA,12145,2,2831,1021,1019,1202
CTETRA,12146,2,2831,1202,1019,1200
CTETRA,12147,2,2831,1019,569,1200
CTETRA,12148,2,2831,1200,569,568
CTETRA,12149,2,2831,569,1021,1202
CTETRA,12150,2,2831,569,1202,568
CTETRA,12151,2,2832,1196,1194,1187
CTETRA,12152,2,2832,1375,1377,1368
CTETRA,12153,2,2832,1194,1196,1377
CTETRA,12154,2,2832,1194,1377,1375
CTETRA,12155,2,2832,1196,1187,1377
CTETRA,12156,2,2832,1377,1187,1368
CTETRA,12157,2,2832,1187,1194,1375
CTETRA,12158,2,2832,1187,1375,1368
CTETRA,12159,2,2833,1158,1162,1137
CTETRA,12160,2,2833,1343,1339,1318
CTETRA,12161,2,2833,1162,1158,1343
CTETRA,12162,2,2833,1343,1158,1339
CTETRA,12163,2,2833,1158,1137,1339
CTETRA,12164,2,2833,1339,1137,1318
CTETRA,12165,2,2833,1137,1162,1343
CTETRA,12166,2,2833,1137,1343,1318
CTETRA,12167,2,2834,1081,1109,1085
CTETRA,12168,2,2834,1290,1262,1266
CTETRA,12169,2,2834,1109,1081,1290
CTETRA,12170,2,2834,1290,1081,1262
CTETRA,12171,2,2834,1081,1085,1266
CTETRA,12172,2,2834,1081,1266,1262
CTETRA,12173,2,2834,1085,1109,1290
CTETRA,12174,2,2834,1085,1290,1266
CTETRA,12175,2,2835,1191,1192,1198
CTETRA,12176,2,2835,1373,1372,1379
CTETRA,12177,2,2835,1192,1191,1373
CTETRA,12178,2,2835,1373,1191,1372
CTETRA,12179,2,2835,1191,1198,1379
CTETRA,12180,2,2835,1191,1379,1372
CTETRA,12181,2,2835,1198,1192,1379
CTETRA,12182,2,2835,1379,1192,1373
CTETRA,12183,2,2836,1033,1031,1024
CTETRA,12184,2,2836,1212,1214,1205
CTETRA,12185,2,2836,1031,1033,1214
CTETRA,12186,2,2836,1031,1214,1212
CTETRA,12187,2,2836,1033,1024,1214
CTETRA,12188,2,2836,1214,1024,1205
CTETRA,12189,2,2836,1024,1031,1212
CTETRA,12190,2,2836,1024,1212,1205
CTETRA,12191,2,2837,1151,1161,1166
CTETRA,12192,2,2837,1342,1332,1347
CTETRA,12193,2,2837,1161,1151,1342
CTETRA,12194,2,2837,1342,1151,1332
CTETRA,12195,2,2837,1151,1166,1347
CTETRA,12196,2,2837,1151,1347,1332
CTETRA,12197,2,2837,1166,1161,1347
CTETRA,12198,2,2837,1347,1161,1342
CTETRA,12199,2,2838,1065,1061,1050
CTETRA,12200,2,2838,1242,1246,1231
CTETRA,12201,2,2838,1061,1065,1246
CTETRA,12202,2,2838,1061,1246,1242
CTETRA,12203,2,2838,1065,1050,1246
CTETRA,12204,2,2838,1246,1050,1231
CTETRA,12205,2,2838,1050,1061,1242
CTETRA,12206,2,2838,1050,1242,1231
CTETRA,12207,2,2839,1118,1122,1128
CTETRA,12208,2,2839,1303,1299,1309
CTETRA,12209,2,2839,1122,1118,1303
CTETRA,12210,2,2839,1303,1118,1299
CTETRA,12211,2,2839,1118,1128,1309
CTETRA,12212,2,2839,1118,1309,1299
CTETRA,12213,2,2839,1128,1122,1309
CTETRA,12214,2,2839,1309,1122,1303
CTETRA,12215,2,2840,1021,1019,1028
CTETRA,12216,2,2840,1200,1202,1209
CTETRA,12217,2,2840,1019,1021,1202
CTETRA,12218,2,2840,1019,1202,1200
CTETRA,12219,2,2840,1021,1028,1209
CTETRA,12220,2,2840,1021,1209,1202
CTETRA,12221,2,2840,1028,1019,1209
CTETRA,12222,2,2840,1209,1019,1200
CTETRA,12223,2,2841,1187,1185,1176
CTETRA,12224,2,2841,1366,1368,1357
CTETRA,12225,2,2841,1185,1187,1368
CTETRA,12226,2,2841,1185,1368,1366
CTETRA,12227,2,2841,1187,1176,1368
CTETRA,12228,2,2841,1368,1176,1357
CTETRA,12229,2,2841,1176,1185,1366
CTETRA,12230,2,2841,1176,1366,1357
CTETRA,12231,2,2842,524,1199,519
CTETRA,12232,2,2842,1380,525,520
CTETRA,12233,2,2842,1199,524,525
CTETRA,12234,2,2842,1199,525,1380
CTETRA,12235,2,2842,519,525,524
CTETRA,12236,2,2842,519,520,525
CTETRA,12237,2,2842,519,1199,520
CTETRA,12238,2,2842,520,1199,1380
CTETRA,12239,2,2843,1032,1034,1023
CTETRA,12240,2,2843,1215,1213,1204
CTETRA,12241,2,2843,1034,1032,1215
CTETRA,12242,2,2843,1215,1032,1213
CTETRA,12243,2,2843,1032,1023,1213
CTETRA,12244,2,2843,1213,1023,1204
CTETRA,12245,2,2843,1023,1034,1215
CTETRA,12246,2,2843,1023,1215,1204
CTETRA,12247,2,2844,1178,1179,1191
CTETRA,12248,2,2844,1360,1359,1372
CTETRA,12249,2,2844,1179,1178,1360
CTETRA,12250,2,2844,1360,1178,1359
CTETRA,12251,2,2844,1178,1191,1372
CTETRA,12252,2,2844,1178,1372,1359
CTETRA,12253,2,2844,1191,1179,1372
CTETRA,12254,2,2844,1372,1179,1360
CTETRA,12255,2,2845,1044,1042,1033
CTETRA,12256,2,2845,1223,1225,1214
CTETRA,12257,2,2845,1042,1044,1225
CTETRA,12258,2,2845,1042,1225,1223
CTETRA,12259,2,2845,1044,1033,1225
CTETRA,12260,2,2845,1225,1033,1214
CTETRA,12261,2,2845,1033,1042,1223
CTETRA,12262,2,2845,1033,1223,1214
CTETRA,12263,2,2846,1143,1147,1151
CTETRA,12264,2,2846,1328,1324,1332
CTETRA,12265,2,2846,1147,1143,1328
CTETRA,12266,2,2846,1328,1143,1324
CTETRA,12267,2,2846,1143,1151,1332
CTETRA,12268,2,2846,1143,1332,1324
CTETRA,12269,2,2846,1151,1147,1332
CTETRA,12270,2,2846,1332,1147,1328
CTETRA,12271,2,2847,1086,1084,1065
CTETRA,12272,2,2847,1265,1267,1246
CTETRA,12273,2,2847,1084,1086,1267
CTETRA,12274,2,2847,1084,1267,1265
CTETRA,12275,2,2847,1086,1065,1267
CTETRA,12276,2,2847,1267,1065,1246
CTETRA,12277,2,2847,1065,1084,1265
CTETRA,12278,2,2847,1065,1265,1246
CTETRA,12279,2,2848,1136,1155,619
CTETRA,12280,2,2848,1336,1317,618
CTETRA,12281,2,2848,1155,1136,1336
CTETRA,12282,2,2848,1336,1136,1317
CTETRA,12283,2,2848,1136,619,618
CTETRA,12284,2,2848,1136,618,1317
CTETRA,12285,2,2848,619,1155,1336
CTETRA,12286,2,2848,619,1336,618
CTETRA,12287,2,2849,1028,1026,1041
CTETRA,12288,2,2849,1207,1209,1222
CTETRA,12289,2,2849,1026,1028,1209
CTETRA,12290,2,2849,1026,1209,1207
CTETRA,12291,2,2849,1028,1041,1222
CTETRA,12292,2,2849,1028,1222,1209
CTETRA,12293,2,2849,1041,1026,1222
CTETRA,12294,2,2849,1222,1026,1207
CTETRA,12295,2,2850,1176,1174,1159
CTETRA,12296,2,2850,1355,1357,1340
CTETRA,12297,2,2850,1174,1176,1357
CTETRA,12298,2,2850,1174,1357,1355
CTETRA,12299,2,2850,1176,1159,1357
CTETRA,12300,2,2850,1357,1159,1340
CTETRA,12301,2,2850,1159,1174,1355
CTETRA,12302,2,2850,1159,1355,1340
CTETRA,12303,2,2851,1141,1109,1139
CTETRA,12304,2,2851,1290,1322,1320
CTETRA,12305,2,2851,1109,1141,1322
CTETRA,12306,2,2851,1109,1322,1290
CTETRA,12307,2,2851,1141,1139,1322
CTETRA,12308,2,2851,1322,1139,1320
CTETRA,12309,2,2851,1139,1109,1320
CTETRA,12310,2,2851,1320,1109,1290
CTETRA,12311,2,2852,1043,1045,1032
CTETRA,12312,2,2852,1226,1224,1213
CTETRA,12313,2,2852,1045,1043,1226
CTETRA,12314,2,2852,1226,1043,1224
CTETRA,12315,2,2852,1043,1032,1224
CTETRA,12316,2,2852,1224,1032,1213
CTETRA,12317,2,2852,1032,1045,1226
CTETRA,12318,2,2852,1032,1226,1213
CTETRA,12319,2,2853,1163,1164,1178
CTETRA,12320,2,2853,1345,1344,1359
CTETRA,12321,2,2853,1164,1163,1345
CTETRA,12322,2,2853,1345,1163,1344
CTETRA,12323,2,2853,1163,1178,1359
CTETRA,12324,2,2853,1163,1359,1344
CTETRA,12325,2,2853,1178,1164,1359
CTETRA,12326,2,2853,1359,1164,1345
CTETRA,12327,2,2854,1061,1059,1044
CTETRA,12328,2,2854,1240,1242,1225
CTETRA,12329,2,2854,1059,1061,1242
CTETRA,12330,2,2854,1059,1242,1240
CTETRA,12331,2,2854,1061,1044,1242
CTETRA,12332,2,2854,1242,1044,1225
CTETRA,12333,2,2854,1044,1059,1240
CTETRA,12334,2,2854,1044,1240,1225
CTETRA,12335,2,2855,1122,1126,1143
CTETRA,12336,2,2855,1307,1303,1324
CTETRA,12337,2,2855,1126,1122,1307
CTETRA,12338,2,2855,1307,1122,1303
CTETRA,12339,2,2855,1122,1143,1324
CTETRA,12340,2,2855,1122,1324,1303
CTETRA,12341,2,2855,1143,1126,1324
CTETRA,12342,2,2855,1324,1126,1307
CTETRA,12343,2,2856,1041,1039,1056
CTETRA,12344,2,2856,1220,1222,1237
CTETRA,12345,2,2856,1039,1041,1222
CTETRA,12346,2,2856,1039,1222,1220
CTETRA,12347,2,2856,1041,1056,1237
CTETRA,12348,2,2856,1041,1237,1222
CTETRA,12349,2,2856,1056,1039,1237
CTETRA,12350,2,2856,1237,1039,1220
CTETRA,12351,2,2857,1159,1157,1138
CTETRA,12352,2,2857,1338,1340,1319
CTETRA,12353,2,2857,1157,1159,1340
CTETRA,12354,2,2857,1157,1340,1338
CTETRA,12355,2,2857,1159,1138,1340
CTETRA,12356,2,2857,1340,1138,1319
CTETRA,12357,2,2857,1138,1157,1338
CTETRA,12358,2,2857,1138,1338,1319
CTETRA,12359,2,2858,1192,1190,1199
CTETRA,12360,2,2858,1371,1373,1380
CTETRA,12361,2,2858,1190,1192,1373
CTETRA,12362,2,2858,1190,1373,1371
CTETRA,12363,2,2858,1192,1199,1380
CTETRA,12364,2,2858,1192,1380,1373
CTETRA,12365,2,2858,1199,1190,1380
CTETRA,12366,2,2858,1380,1190,1371
CTETRA,12367,2,2859,1060,1062,1043
CTETRA,12368,2,2859,1243,1241,1224
CTETRA,12369,2,2859,1062,1060,1243
CTETRA,12370,2,2859,1243,1060,1241
CTETRA,12371,2,2859,1060,1043,1241
CTETRA,12372,2,2859,1241,1043,1224
CTETRA,12373,2,2859,1043,1062,1243
CTETRA,12374,2,2859,1043,1243,1224
CTETRA,12375,2,2860,1140,1141,1163
CTETRA,12376,2,2860,1322,1321,1344
CTETRA,12377,2,2860,1141,1140,1322
CTETRA,12378,2,2860,1322,1140,1321
CTETRA,12379,2,2860,1140,1163,1344
CTETRA,12380,2,2860,1140,1344,1321
CTETRA,12381,2,2860,1163,1141,1344
CTETRA,12382,2,2860,1344,1141,1322
CTETRA,12383,2,2861,1084,1080,1061
CTETRA,12384,2,2861,1261,1265,1242
CTETRA,12385,2,2861,1080,1084,1265
CTETRA,12386,2,2861,1080,1265,1261
CTETRA,12387,2,2861,1084,1061,1265
CTETRA,12388,2,2861,1265,1061,1242
CTETRA,12389,2,2861,1061,1080,1261
CTETRA,12390,2,2861,1061,1261,1242
CTETRA,12391,2,2862,1155,1170,624
CTETRA,12392,2,2862,1351,1336,623
CTETRA,12393,2,2862,1170,1155,1351
CTETRA,12394,2,2862,1351,1155,1336
CTETRA,12395,2,2862,1155,624,623
CTETRA,12396,2,2862,1155,623,1336
CTETRA,12397,2,2862,624,1170,1351
CTETRA,12398,2,2862,624,1351,623
CTETRA,12399,2,2863,1056,1054,1079
CTETRA,12400,2,2863,1235,1237,1260
CTETRA,12401,2,2863,1054,1056,1237
CTETRA,12402,2,2863,1054,1237,1235
CTETRA,12403,2,2863,1056,1079,1260
CTETRA,12404,2,2863,1056,1260,1237
CTETRA,12405,2,2863,1079,1054,1260
CTETRA,12406,2,2863,1260,1054,1235
CTETRA,12407,2,2864,644,639,1194
CTETRA,12408,2,2864,638,643,1375
CTETRA,12409,2,2864,638,639,644
CTETRA,12410,2,2864,638,644,643
CTETRA,12411,2,2864,644,1194,643
CTETRA,12412,2,2864,643,1194,1375
CTETRA,12413,2,2864,1194,639,638
CTETRA,12414,2,2864,1194,638,1375
CTETRA,12415,2,2865,1179,1177,1192
CTETRA,12416,2,2865,1358,1360,1373
CTETRA,12417,2,2865,1177,1179,1360
CTETRA,12418,2,2865,1177,1360,1358
CTETRA,12419,2,2865,1179,1192,1373
CTETRA,12420,2,2865,1179,1373,1360
CTETRA,12421,2,2865,1192,1177,1373
CTETRA,12422,2,2865,1373,1177,1358
CTETRA,12423,2,2866,1081,1085,1060
CTETRA,12424,2,2866,1266,1262,1241
CTETRA,12425,2,2866,1085,1081,1266
CTETRA,12426,2,2866,1266,1081,1262
CTETRA,12427,2,2866,1081,1060,1262
CTETRA,12428,2,2866,1262,1060,1241
CTETRA,12429,2,2866,1060,1085,1266
CTETRA,12430,2,2866,1060,1266,1241
CTETRA,12431,2,2867,1196,1198,649
CTETRA,12432,2,2867,1379,1377,648
CTETRA,12433,2,2867,1198,1196,1379
CTETRA,12434,2,2867,1379,1196,1377
CTETRA,12435,2,2867,1196,649,648
CTETRA,12436,2,2867,1196,648,1377
CTETRA,12437,2,2867,649,1198,648
CTETRA,12438,2,2867,648,1198,1379
CTETRA,12439,2,2868,1029,1024,549
CTETRA,12440,2,2868,1205,1210,548
CTETRA,12441,2,2868,1024,1029,1210
CTETRA,12442,2,2868,1024,1210,1205
CTETRA,12443,2,2868,1029,549,1210
CTETRA,12444,2,2868,1210,549,548
CTETRA,12445,2,2868,549,1024,1205
CTETRA,12446,2,2868,549,1205,548
CTETRA,12447,2,2869,1170,1155,1166
CTETRA,12448,2,2869,1336,1351,1347
CTETRA,12449,2,2869,1155,1170,1351
CTETRA,12450,2,2869,1155,1351,1336
CTETRA,12451,2,2869,1170,1166,1351
CTETRA,12452,2,2869,1351,1166,1347
CTETRA,12453,2,2869,1166,1155,1347
CTETRA,12454,2,2869,1347,1155,1336
CTETRA,12455,2,2870,569,564,1019
CTETRA,12456,2,2870,563,568,1200
CTETRA,12457,2,2870,563,564,569
CTETRA,12458,2,2870,563,569,568
CTETRA,12459,2,2870,569,1019,1200
CTETRA,12460,2,2870,569,1200,568
CTETRA,12461,2,2870,1019,564,1200
CTETRA,12462,2,2870,1200,564,563
CTETRA,12463,2,2871,1132,1109,1134
CTETRA,12464,2,2871,1290,1313,1315
CTETRA,12465,2,2871,1109,1132,1313
CTETRA,12466,2,2871,1109,1313,1290
CTETRA,12467,2,2871,1132,1134,1315
CTETRA,12468,2,2871,1132,1315,1313
CTETRA,12469,2,2871,1134,1109,1315
CTETRA,12470,2,2871,1315,1109,1290
CTETRA,12471,2,2872,1164,1162,1179
CTETRA,12472,2,2872,1343,1345,1360
CTETRA,12473,2,2872,1162,1164,1345
CTETRA,12474,2,2872,1162,1345,1343
CTETRA,12475,2,2872,1164,1179,1360
CTETRA,12476,2,2872,1164,1360,1345
CTETRA,12477,2,2872,1179,1162,1360
CTETRA,12478,2,2872,1360,1162,1343
CTETRA,12479,2,2873,564,559,1020
CTETRA,12480,2,2873,558,563,1201
CTETRA,12481,2,2873,558,559,564
CTETRA,12482,2,2873,558,564,563
CTETRA,12483,2,2873,564,1020,1201
CTETRA,12484,2,2873,564,1201,563
CTETRA,12485,2,2873,1020,559,1201
CTETRA,12486,2,2873,1201,559,558
CTETRA,12487,2,2874,1126,1109,1132
CTETRA,12488,2,2874,1290,1307,1313
CTETRA,12489,2,2874,1109,1126,1307
CTETRA,12490,2,2874,1109,1307,1290
CTETRA,12491,2,2874,1126,1132,1313
CTETRA,12492,2,2874,1126,1313,1307
CTETRA,12493,2,2874,1132,1109,1313
CTETRA,12494,2,2874,1313,1109,1290
CTETRA,12495,2,2875,489,494,1154
CTETRA,12496,2,2875,495,490,1335
CTETRA,12497,2,2875,489,490,495
CTETRA,12498,2,2875,489,495,494
CTETRA,12499,2,2875,489,1154,490
CTETRA,12500,2,2875,490,1154,1335
CTETRA,12501,2,2875,1154,494,495
CTETRA,12502,2,2875,1154,495,1335
CTETRA,12503,2,2876,1085,1109,1087
CTETRA,12504,2,2876,1290,1266,1268
CTETRA,12505,2,2876,1109,1085,1290
CTETRA,12506,2,2876,1290,1085,1266
CTETRA,12507,2,2876,1085,1087,1268
CTETRA,12508,2,2876,1085,1268,1266
CTETRA,12509,2,2876,1087,1109,1290
CTETRA,12510,2,2876,1087,1290,1268
CTETRA,12511,2,2877,1021,1023,574
CTETRA,12512,2,2877,1204,1202,573
CTETRA,12513,2,2877,1023,1021,1204
CTETRA,12514,2,2877,1204,1021,1202
CTETRA,12515,2,2877,1021,574,1202
CTETRA,12516,2,2877,1202,574,573
CTETRA,12517,2,2877,574,1023,1204
CTETRA,12518,2,2877,574,1204,573
CTETRA,12519,2,2878,1198,1196,1191
CTETRA,12520,2,2878,1377,1379,1372
CTETRA,12521,2,2878,1196,1198,1379
CTETRA,12522,2,2878,1196,1379,1377
CTETRA,12523,2,2878,1198,1191,1379
CTETRA,12524,2,2878,1379,1191,1372
CTETRA,12525,2,2878,1191,1196,1377
CTETRA,12526,2,2878,1191,1377,1372
CTETRA,12527,2,2879,1024,1029,1033
CTETRA,12528,2,2879,1210,1205,1214
CTETRA,12529,2,2879,1029,1024,1210
CTETRA,12530,2,2879,1210,1024,1205
CTETRA,12531,2,2879,1024,1033,1214
CTETRA,12532,2,2879,1024,1214,1205
CTETRA,12533,2,2879,1033,1029,1214
CTETRA,12534,2,2879,1214,1029,1210
CTETRA,12535,2,2880,1166,1149,1151
CTETRA,12536,2,2880,1330,1347,1332
CTETRA,12537,2,2880,1149,1166,1347
CTETRA,12538,2,2880,1149,1347,1330
CTETRA,12539,2,2880,1166,1151,1347
CTETRA,12540,2,2880,1347,1151,1332
CTETRA,12541,2,2880,1151,1149,1332
CTETRA,12542,2,2880,1332,1149,1330
CTETRA,12543,2,2881,1078,1109,1077
CTETRA,12544,2,2881,1290,1259,1258
CTETRA,12545,2,2881,1109,1078,1290
CTETRA,12546,2,2881,1290,1078,1259
CTETRA,12547,2,2881,1078,1077,1259
CTETRA,12548,2,2881,1259,1077,1258
CTETRA,12549,2,2881,1077,1109,1290
CTETRA,12550,2,2881,1077,1290,1258
CTETRA,12551,2,2882,1181,1185,1189
CTETRA,12552,2,2882,1366,1362,1370
CTETRA,12553,2,2882,1185,1181,1366
CTETRA,12554,2,2882,1366,1181,1362
CTETRA,12555,2,2882,1181,1189,1370
CTETRA,12556,2,2882,1181,1370,1362
CTETRA,12557,2,2882,1189,1185,1370
CTETRA,12558,2,2882,1370,1185,1366
CTETRA,12559,2,2883,1141,1139,1164
CTETRA,12560,2,2883,1320,1322,1345
CTETRA,12561,2,2883,1139,1141,1322
CTETRA,12562,2,2883,1139,1322,1320
CTETRA,12563,2,2883,1141,1164,1345
CTETRA,12564,2,2883,1141,1345,1322
CTETRA,12565,2,2883,1164,1139,1345
CTETRA,12566,2,2883,1345,1139,1320
CTETRA,12567,2,2884,1023,1021,1032
CTETRA,12568,2,2884,1202,1204,1213
CTETRA,12569,2,2884,1021,1023,1204
CTETRA,12570,2,2884,1021,1204,1202
CTETRA,12571,2,2884,1023,1032,1213
CTETRA,12572,2,2884,1023,1213,1204
CTETRA,12573,2,2884,1032,1021,1213
CTETRA,12574,2,2884,1213,1021,1202
CTETRA,12575,2,2885,1191,1187,1178
CTETRA,12576,2,2885,1368,1372,1359
CTETRA,12577,2,2885,1187,1191,1372
CTETRA,12578,2,2885,1187,1372,1368
CTETRA,12579,2,2885,1191,1178,1372
CTETRA,12580,2,2885,1372,1178,1359
CTETRA,12581,2,2885,1178,1187,1368
CTETRA,12582,2,2885,1178,1368,1359
CTETRA,12583,2,2886,1033,1037,1044
CTETRA,12584,2,2886,1218,1214,1225
CTETRA,12585,2,2886,1037,1033,1218
CTETRA,12586,2,2886,1218,1033,1214
CTETRA,12587,2,2886,1033,1044,1225
CTETRA,12588,2,2886,1033,1225,1214
CTETRA,12589,2,2886,1044,1037,1225
CTETRA,12590,2,2886,1225,1037,1218
CTETRA,12591,2,2887,1151,1145,1143
CTETRA,12592,2,2887,1326,1332,1324
CTETRA,12593,2,2887,1145,1151,1332
CTETRA,12594,2,2887,1145,1332,1326
CTETRA,12595,2,2887,1151,1143,1332
CTETRA,12596,2,2887,1332,1143,1324
CTETRA,12597,2,2887,1143,1145,1326
CTETRA,12598,2,2887,1143,1326,1324
CTETRA,12599,2,2888,1027,1026,1020
CTETRA,12600,2,2888,1207,1208,1201
CTETRA,12601,2,2888,1026,1027,1208
CTETRA,12602,2,2888,1026,1208,1207
CTETRA,12603,2,2888,1027,1020,1208
CTETRA,12604,2,2888,1208,1020,1201
CTETRA,12605,2,2888,1020,1026,1207
CTETRA,12606,2,2888,1020,1207,1201
CTETRA,12607,2,2889,1168,1174,1181
CTETRA,12608,2,2889,1355,1349,1362
CTETRA,12609,2,2889,1174,1168,1355
CTETRA,12610,2,2889,1355,1168,1349
CTETRA,12611,2,2889,1168,1181,1362
CTETRA,12612,2,2889,1168,1362,1349
CTETRA,12613,2,2889,1181,1174,1362
CTETRA,12614,2,2889,1362,1174,1355
CTETRA,12615,2,2890,1031,1027,1022
CTETRA,12616,2,2890,1208,1212,1203
CTETRA,12617,2,2890,1027,1031,1212
CTETRA,12618,2,2890,1027,1212,1208
CTETRA,12619,2,2890,1031,1022,1212
CTETRA,12620,2,2890,1212,1022,1203
CTETRA,12621,2,2890,1022,1027,1208
CTETRA,12622,2,2890,1022,1208,1203
CTETRA,12623,2,2891,1161,1168,1172
CTETRA,12624,2,2891,1349,1342,1353
CTETRA,12625,2,2891,1168,1161,1349
CTETRA,12626,2,2891,1349,1161,1342
CTETRA,12627,2,2891,1161,1172,1353
CTETRA,12628,2,2891,1161,1353,1342
CTETRA,12629,2,2891,1172,1168,1353
CTETRA,12630,2,2891,1353,1168,1349
CTETRA,12631,2,2892,1165,1148,1169
CTETRA,12632,2,2892,1329,1346,1350
CTETRA,12633,2,2892,1148,1165,1346
CTETRA,12634,2,2892,1148,1346,1329
CTETRA,12635,2,2892,1165,1169,1350
CTETRA,12636,2,2892,1165,1350,1346
CTETRA,12637,2,2892,1169,1148,1350
CTETRA,12638,2,2892,1350,1148,1329
CTETRA,12639,2,2893,1045,1051,1034
CTETRA,12640,2,2893,1232,1226,1215
CTETRA,12641,2,2893,1051,1045,1232
CTETRA,12642,2,2893,1232,1045,1226
CTETRA,12643,2,2893,1045,1034,1226
CTETRA,12644,2,2893,1226,1034,1215
CTETRA,12645,2,2893,1034,1051,1232
CTETRA,12646,2,2893,1034,1232,1215
CTETRA,12647,2,2894,1032,1028,1043
CTETRA,12648,2,2894,1209,1213,1224
CTETRA,12649,2,2894,1028,1032,1213
CTETRA,12650,2,2894,1028,1213,1209
CTETRA,12651,2,2894,1032,1043,1224
CTETRA,12652,2,2894,1032,1224,1213
CTETRA,12653,2,2894,1043,1028,1224
CTETRA,12654,2,2894,1224,1028,1209
CTETRA,12655,2,2895,1178,1176,1163
CTETRA,12656,2,2895,1357,1359,1344
CTETRA,12657,2,2895,1176,1178,1359
CTETRA,12658,2,2895,1176,1359,1357
CTETRA,12659,2,2895,1178,1163,1359
CTETRA,12660,2,2895,1359,1163,1344
CTETRA,12661,2,2895,1163,1176,1357
CTETRA,12662,2,2895,1163,1357,1344
CTETRA,12663,2,2896,1043,1041,1060
CTETRA,12664,2,2896,1222,1224,1241
CTETRA,12665,2,2896,1041,1043,1224
CTETRA,12666,2,2896,1041,1224,1222
CTETRA,12667,2,2896,1043,1060,1241
CTETRA,12668,2,2896,1043,1241,1224
CTETRA,12669,2,2896,1060,1041,1241
CTETRA,12670,2,2896,1241,1041,1222
CTETRA,12671,2,2897,1163,1159,1140
CTETRA,12672,2,2897,1340,1344,1321
CTETRA,12673,2,2897,1159,1163,1344
CTETRA,12674,2,2897,1159,1344,1340
CTETRA,12675,2,2897,1163,1140,1344
CTETRA,12676,2,2897,1344,1140,1321
CTETRA,12677,2,2897,1140,1159,1340
CTETRA,12678,2,2897,1140,1340,1321
CTETRA,12679,2,2898,1042,1040,1031
CTETRA,12680,2,2898,1221,1223,1212
CTETRA,12681,2,2898,1040,1042,1223
CTETRA,12682,2,2898,1040,1223,1221
CTETRA,12683,2,2898,1042,1031,1223
CTETRA,12684,2,2898,1223,1031,1212
CTETRA,12685,2,2898,1031,1040,1221
CTETRA,12686,2,2898,1031,1221,1212
CTETRA,12687,2,2899,1147,1153,1161
CTETRA,12688,2,2899,1334,1328,1342
CTETRA,12689,2,2899,1153,1147,1334
CTETRA,12690,2,2899,1334,1147,1328
CTETRA,12691,2,2899,1147,1161,1342
CTETRA,12692,2,2899,1147,1342,1328
CTETRA,12693,2,2899,1161,1153,1342
CTETRA,12694,2,2899,1342,1153,1334
CTETRA,12695,2,2900,1150,1144,1165
CTETRA,12696,2,2900,1325,1331,1346
CTETRA,12697,2,2900,1144,1150,1331
CTETRA,12698,2,2900,1144,1331,1325
CTETRA,12699,2,2900,1150,1165,1346
CTETRA,12700,2,2900,1150,1346,1331
CTETRA,12701,2,2900,1165,1144,1346
CTETRA,12702,2,2900,1346,1144,1325
CTETRA,12703,2,2901,1062,1066,1045
CTETRA,12704,2,2901,1247,1243,1226
CTETRA,12705,2,2901,1066,1062,1247
CTETRA,12706,2,2901,1247,1062,1243
CTETRA,12707,2,2901,1062,1045,1243
CTETRA,12708,2,2901,1243,1045,1226
CTETRA,12709,2,2901,1045,1066,1247
CTETRA,12710,2,2901,1045,1247,1226
CTETRA,12711,2,2902,1059,1055,1042
CTETRA,12712,2,2902,1236,1240,1223
CTETRA,12713,2,2902,1055,1059,1240
CTETRA,12714,2,2902,1055,1240,1236
CTETRA,12715,2,2902,1059,1042,1240
CTETRA,12716,2,2902,1240,1042,1223
CTETRA,12717,2,2902,1042,1055,1236
CTETRA,12718,2,2902,1042,1236,1223
CTETRA,12719,2,2903,1126,1132,1147
CTETRA,12720,2,2903,1313,1307,1328
CTETRA,12721,2,2903,1132,1126,1313
CTETRA,12722,2,2903,1313,1126,1307
CTETRA,12723,2,2903,1126,1147,1328
CTETRA,12724,2,2903,1126,1328,1307
CTETRA,12725,2,2903,1147,1132,1328
CTETRA,12726,2,2903,1328,1132,1313
CTETRA,12727,2,2904,1085,1087,1062
CTETRA,12728,2,2904,1268,1266,1243
CTETRA,12729,2,2904,1087,1085,1268
CTETRA,12730,2,2904,1268,1085,1266
CTETRA,12731,2,2904,1085,1062,1266
CTETRA,12732,2,2904,1266,1062,1243
CTETRA,12733,2,2904,1062,1087,1268
CTETRA,12734,2,2904,1062,1268,1243
CTETRA,12735,2,2905,1198,1199,654
CTETRA,12736,2,2905,1380,1379,653
CTETRA,12737,2,2905,1199,1198,1380
CTETRA,12738,2,2905,1380,1198,1379
CTETRA,12739,2,2905,1198,654,653
CTETRA,12740,2,2905,1198,653,1379
CTETRA,12741,2,2905,654,1199,653
CTETRA,12742,2,2905,653,1199,1380
CTETRA,12743,2,2906,1080,1078,1059
CTETRA,12744,2,2906,1259,1261,1240
CTETRA,12745,2,2906,1078,1080,1261
CTETRA,12746,2,2906,1078,1261,1259
CTETRA,12747,2,2906,1080,1059,1261
CTETRA,12748,2,2906,1261,1059,1240
CTETRA,12749,2,2906,1059,1078,1259
CTETRA,12750,2,2906,1059,1259,1240
CTETRA,12751,2,2907,1170,1183,629
CTETRA,12752,2,2907,1364,1351,628
CTETRA,12753,2,2907,1183,1170,1364
CTETRA,12754,2,2907,1364,1170,1351
CTETRA,12755,2,2907,1170,629,628
CTETRA,12756,2,2907,1170,628,1351
CTETRA,12757,2,2907,629,1183,1364
CTETRA,12758,2,2907,629,1364,628
CTETRA,12759,2,2908,1023,1025,579
CTETRA,12760,2,2908,1206,1204,578
CTETRA,12761,2,2908,1025,1023,1206
CTETRA,12762,2,2908,1206,1023,1204
CTETRA,12763,2,2908,1023,579,1204
CTETRA,12764,2,2908,1204,579,578
CTETRA,12765,2,2908,579,1025,1206
CTETRA,12766,2,2908,579,1206,578
CTETRA,12767,2,2909,1199,1198,1192
CTETRA,12768,2,2909,1379,1380,1373
CTETRA,12769,2,2909,1198,1199,1380
CTETRA,12770,2,2909,1198,1380,1379
CTETRA,12771,2,2909,1199,1192,1380
CTETRA,12772,2,2909,1380,1192,1373
CTETRA,12773,2,2909,1192,1198,1379
CTETRA,12774,2,2909,1192,1379,1373
CTETRA,12775,2,2910,1024,1022,554
CTETRA,12776,2,2910,1203,1205,553
CTETRA,12777,2,2910,1022,1024,1205
CTETRA,12778,2,2910,1022,1205,1203
CTETRA,12779,2,2910,1024,554,1205
CTETRA,12780,2,2910,1205,554,553
CTETRA,12781,2,2910,554,1022,1203
CTETRA,12782,2,2910,554,1203,553
CTETRA,12783,2,2911,1183,1170,1172
CTETRA,12784,2,2911,1351,1364,1353
CTETRA,12785,2,2911,1170,1183,1364
CTETRA,12786,2,2911,1170,1364,1351
CTETRA,12787,2,2911,1183,1172,1364
CTETRA,12788,2,2911,1364,1172,1353
CTETRA,12789,2,2911,1172,1170,1353
CTETRA,12790,2,2911,1353,1170,1351
CTETRA,12791,2,2912,1025,1023,1034
CTETRA,12792,2,2912,1204,1206,1215
CTETRA,12793,2,2912,1023,1025,1206
CTETRA,12794,2,2912,1023,1206,1204
CTETRA,12795,2,2912,1025,1034,1215
CTETRA,12796,2,2912,1025,1215,1206
CTETRA,12797,2,2912,1034,1023,1215
CTETRA,12798,2,2912,1215,1023,1204
CTETRA,12799,2,2913,1192,1191,1179
CTETRA,12800,2,2913,1372,1373,1360
CTETRA,12801,2,2913,1191,1192,1373
CTETRA,12802,2,2913,1191,1373,1372
CTETRA,12803,2,2913,1192,1179,1373
CTETRA,12804,2,2913,1373,1179,1360
CTETRA,12805,2,2913,1179,1191,1372
CTETRA,12806,2,2913,1179,1372,1360
CTETRA,12807,2,2914,1077,1109,1079
CTETRA,12808,2,2914,1290,1258,1260
CTETRA,12809,2,2914,1109,1077,1290
CTETRA,12810,2,2914,1290,1077,1258
CTETRA,12811,2,2914,1077,1079,1260
CTETRA,12812,2,2914,1077,1260,1258
CTETRA,12813,2,2914,1079,1109,1290
CTETRA,12814,2,2914,1079,1290,1260
CTETRA,12815,2,2915,1185,1187,1194
CTETRA,12816,2,2915,1368,1366,1375
CTETRA,12817,2,2915,1187,1185,1368
CTETRA,12818,2,2915,1368,1185,1366
CTETRA,12819,2,2915,1185,1194,1375
CTETRA,12820,2,2915,1185,1375,1366
CTETRA,12821,2,2915,1194,1187,1375
CTETRA,12822,2,2915,1375,1187,1368
CTETRA,12823,2,2916,1026,1028,1019
CTETRA,12824,2,2916,1209,1207,1200
CTETRA,12825,2,2916,1028,1026,1209
CTETRA,12826,2,2916,1209,1026,1207
CTETRA,12827,2,2916,1026,1019,1207
CTETRA,12828,2,2916,1207,1019,1200
CTETRA,12829,2,2916,1019,1028,1209
CTETRA,12830,2,2916,1019,1209,1200
CTETRA,12831,2,2917,1174,1176,1185
CTETRA,12832,2,2917,1357,1355,1366
CTETRA,12833,2,2917,1176,1174,1357
CTETRA,12834,2,2917,1357,1174,1355
CTETRA,12835,2,2917,1174,1185,1366
CTETRA,12836,2,2917,1174,1366,1355
CTETRA,12837,2,2917,1185,1176,1366
CTETRA,12838,2,2917,1366,1176,1357
CTETRA,12839,2,2918,1039,1041,1026
CTETRA,12840,2,2918,1222,1220,1207
CTETRA,12841,2,2918,1041,1039,1222
CTETRA,12842,2,2918,1222,1039,1220
CTETRA,12843,2,2918,1039,1026,1220
CTETRA,12844,2,2918,1220,1026,1207
CTETRA,12845,2,2918,1026,1041,1222
CTETRA,12846,2,2918,1026,1222,1207
CTETRA,12847,2,2919,1157,1159,1174
CTETRA,12848,2,2919,1340,1338,1355
CTETRA,12849,2,2919,1159,1157,1340
CTETRA,12850,2,2919,1340,1157,1338
CTETRA,12851,2,2919,1157,1174,1355
CTETRA,12852,2,2919,1157,1355,1338
CTETRA,12853,2,2919,1174,1159,1355
CTETRA,12854,2,2919,1355,1159,1340
CTETRA,12855,2,2920,1054,1056,1039
CTETRA,12856,2,2920,1237,1235,1220
CTETRA,12857,2,2920,1056,1054,1237
CTETRA,12858,2,2920,1237,1054,1235
CTETRA,12859,2,2920,1054,1039,1235
CTETRA,12860,2,2920,1235,1039,1220
CTETRA,12861,2,2920,1039,1056,1237
CTETRA,12862,2,2920,1039,1237,1220
CTETRA,12863,2,2921,1134,1138,1157
CTETRA,12864,2,2921,1319,1315,1338
CTETRA,12865,2,2921,1138,1134,1319
CTETRA,12866,2,2921,1319,1134,1315
CTETRA,12867,2,2921,1134,1157,1338
CTETRA,12868,2,2921,1134,1338,1315
CTETRA,12869,2,2921,1157,1138,1338
CTETRA,12870,2,2921,1338,1138,1319
CTETRA,12871,2,2922,1077,1079,1054
CTETRA,12872,2,2922,1260,1258,1235
CTETRA,12873,2,2922,1079,1077,1260
CTETRA,12874,2,2922,1260,1077,1258
CTETRA,12875,2,2922,1077,1054,1258
CTETRA,12876,2,2922,1258,1054,1235
CTETRA,12877,2,2922,1054,1079,1260
CTETRA,12878,2,2922,1054,1260,1235
CTETRA,12879,2,2923,1189,1194,639
CTETRA,12880,2,2923,1375,1370,638
CTETRA,12881,2,2923,1194,1189,1375
CTETRA,12882,2,2923,1375,1189,1370
CTETRA,12883,2,2923,1189,639,638
CTETRA,12884,2,2923,1189,638,1370
CTETRA,12885,2,2923,639,1194,638
CTETRA,12886,2,2923,638,1194,1375
CTETRA,12887,2,2924,1020,1019,564
CTETRA,12888,2,2924,1200,1201,563
CTETRA,12889,2,2924,1019,1020,1201
CTETRA,12890,2,2924,1019,1201,1200
CTETRA,12891,2,2924,1020,564,1201
CTETRA,12892,2,2924,1201,564,563
CTETRA,12893,2,2924,564,1019,1200
CTETRA,12894,2,2924,564,1200,563
CTETRA,12895,2,2925,1194,1189,1185
CTETRA,12896,2,2925,1370,1375,1366
CTETRA,12897,2,2925,1189,1194,1375
CTETRA,12898,2,2925,1189,1375,1370
CTETRA,12899,2,2925,1194,1185,1375
CTETRA,12900,2,2925,1375,1185,1366
CTETRA,12901,2,2925,1185,1189,1370
CTETRA,12902,2,2925,1185,1370,1366
CTETRA,12903,2,2926,1019,1020,1026
CTETRA,12904,2,2926,1201,1200,1207
CTETRA,12905,2,2926,1020,1019,1201
CTETRA,12906,2,2926,1201,1019,1200
CTETRA,12907,2,2926,1019,1026,1207
CTETRA,12908,2,2926,1019,1207,1200
CTETRA,12909,2,2926,1026,1020,1207
CTETRA,12910,2,2926,1207,1020,1201
CTETRA,12911,2,2927,1185,1181,1174
CTETRA,12912,2,2927,1362,1366,1355
CTETRA,12913,2,2927,1181,1185,1366
CTETRA,12914,2,2927,1181,1366,1362
CTETRA,12915,2,2927,1185,1174,1366
CTETRA,12916,2,2927,1366,1174,1355
CTETRA,12917,2,2927,1174,1181,1362
CTETRA,12918,2,2927,1174,1362,1355
CTETRA,12919,2,2928,1026,1027,1039
CTETRA,12920,2,2928,1208,1207,1220
CTETRA,12921,2,2928,1027,1026,1208
CTETRA,12922,2,2928,1208,1026,1207
CTETRA,12923,2,2928,1026,1039,1220
CTETRA,12924,2,2928,1026,1220,1207
CTETRA,12925,2,2928,1039,1027,1220
CTETRA,12926,2,2928,1220,1027,1208
CTETRA,12927,2,2929,1174,1168,1157
CTETRA,12928,2,2929,1349,1355,1338
CTETRA,12929,2,2929,1168,1174,1355
CTETRA,12930,2,2929,1168,1355,1349
CTETRA,12931,2,2929,1174,1157,1355
CTETRA,12932,2,2929,1355,1157,1338
CTETRA,12933,2,2929,1157,1168,1349
CTETRA,12934,2,2929,1157,1349,1338
CTETRA,12935,2,2930,1039,1040,1054
CTETRA,12936,2,2930,1221,1220,1235
CTETRA,12937,2,2930,1040,1039,1221
CTETRA,12938,2,2930,1221,1039,1220
CTETRA,12939,2,2930,1039,1054,1235
CTETRA,12940,2,2930,1039,1235,1220
CTETRA,12941,2,2930,1054,1040,1235
CTETRA,12942,2,2930,1235,1040,1221
CTETRA,12943,2,2931,1157,1153,1134
CTETRA,12944,2,2931,1334,1338,1315
CTETRA,12945,2,2931,1153,1157,1338
CTETRA,12946,2,2931,1153,1338,1334
CTETRA,12947,2,2931,1157,1134,1338
CTETRA,12948,2,2931,1338,1134,1315
CTETRA,12949,2,2931,1134,1153,1334
CTETRA,12950,2,2931,1134,1334,1315
CTETRA,12951,2,2932,1054,1055,1077
CTETRA,12952,2,2932,1236,1235,1258
CTETRA,12953,2,2932,1055,1054,1236
CTETRA,12954,2,2932,1236,1054,1235
CTETRA,12955,2,2932,1054,1077,1258
CTETRA,12956,2,2932,1054,1258,1235
CTETRA,12957,2,2932,1077,1055,1258
CTETRA,12958,2,2932,1258,1055,1236
CTETRA,12959,2,2933,639,634,1189
CTETRA,12960,2,2933,633,638,1370
CTETRA,12961,2,2933,633,639,638
CTETRA,12962,2,2933,633,634,639
CTETRA,12963,2,2933,639,1189,638
CTETRA,12964,2,2933,638,1189,1370
CTETRA,12965,2,2933,1189,634,633
CTETRA,12966,2,2933,1189,633,1370
CTETRA,12967,2,2934,1080,1109,1078
CTETRA,12968,2,2934,1290,1261,1259
CTETRA,12969,2,2934,1109,1080,1290
CTETRA,12970,2,2934,1290,1080,1261
CTETRA,12971,2,2934,1080,1078,1261
CTETRA,12972,2,2934,1261,1078,1259
CTETRA,12973,2,2934,1078,1109,1290
CTETRA,12974,2,2934,1078,1290,1259
CTETRA,12975,2,2935,1172,1181,1183
CTETRA,12976,2,2935,1362,1353,1364
CTETRA,12977,2,2935,1181,1172,1362
CTETRA,12978,2,2935,1362,1172,1353
CTETRA,12979,2,2935,1172,1183,1364
CTETRA,12980,2,2935,1172,1364,1353
CTETRA,12981,2,2935,1183,1181,1364
CTETRA,12982,2,2935,1364,1181,1362
CTETRA,12983,2,2936,1035,1029,544
CTETRA,12984,2,2936,1210,1216,543
CTETRA,12985,2,2936,1029,1035,1216
CTETRA,12986,2,2936,1029,1216,1210
CTETRA,12987,2,2936,1035,544,1216
CTETRA,12988,2,2936,1216,544,543
CTETRA,12989,2,2936,544,1029,1210
CTETRA,12990,2,2936,544,1210,543
CTETRA,12991,2,2937,1155,1136,1149
CTETRA,12992,2,2937,1317,1336,1330
CTETRA,12993,2,2937,1136,1155,1336
CTETRA,12994,2,2937,1136,1336,1317
CTETRA,12995,2,2937,1155,1149,1336
CTETRA,12996,2,2937,1336,1149,1330
CTETRA,12997,2,2937,1149,1136,1330
CTETRA,12998,2,2937,1330,1136,1317
CTETRA,12999,2,2938,1029,1035,1037
CTETRA,13000,2,2938,1216,1210,1218
CTETRA,13001,2,2938,1035,1029,1216
CTETRA,13002,2,2938,1216,1029,1210
CTETRA,13003,2,2938,1029,1037,1218
CTETRA,13004,2,2938,1029,1218,1210
CTETRA,13005,2,2938,1037,1035,1218
CTETRA,13006,2,2938,1218,1035,1216
CTETRA,13007,2,2939,1149,1130,1145
CTETRA,13008,2,2939,1311,1330,1326
CTETRA,13009,2,2939,1130,1149,1330
CTETRA,13010,2,2939,1130,1330,1311
CTETRA,13011,2,2939,1149,1145,1330
CTETRA,13012,2,2939,1330,1145,1326
CTETRA,13013,2,2939,1145,1130,1326
CTETRA,13014,2,2939,1326,1130,1311
CTETRA,13015,2,2940,1046,1037,1035
CTETRA,13016,2,2940,1218,1227,1216
CTETRA,13017,2,2940,1037,1046,1227
CTETRA,13018,2,2940,1037,1227,1218
CTETRA,13019,2,2940,1046,1035,1227
CTETRA,13020,2,2940,1227,1035,1216
CTETRA,13021,2,2940,1035,1037,1218
CTETRA,13022,2,2940,1035,1218,1216
CTETRA,13023,2,2941,1124,1145,1130
CTETRA,13024,2,2941,1326,1305,1311
CTETRA,13025,2,2941,1145,1124,1326
CTETRA,13026,2,2941,1326,1124,1305
CTETRA,13027,2,2941,1124,1130,1311
CTETRA,13028,2,2941,1124,1311,1305
CTETRA,13029,2,2941,1130,1145,1326
CTETRA,13030,2,2941,1130,1326,1311
CTETRA,13031,2,2942,1037,1046,1050
CTETRA,13032,2,2942,1227,1218,1231
CTETRA,13033,2,2942,1046,1037,1227
CTETRA,13034,2,2942,1227,1037,1218
CTETRA,13035,2,2942,1037,1050,1231
CTETRA,13036,2,2942,1037,1231,1218
CTETRA,13037,2,2942,1050,1046,1231
CTETRA,13038,2,2942,1231,1046,1227
CTETRA,13039,2,2943,1145,1124,1128
CTETRA,13040,2,2943,1305,1326,1309
CTETRA,13041,2,2943,1124,1145,1326
CTETRA,13042,2,2943,1124,1326,1305
CTETRA,13043,2,2943,1145,1128,1326
CTETRA,13044,2,2943,1326,1128,1309
CTETRA,13045,2,2943,1128,1124,1309
CTETRA,13046,2,2943,1309,1124,1305
CTETRA,13047,2,2944,1057,1050,1046
CTETRA,13048,2,2944,1231,1238,1227
CTETRA,13049,2,2944,1050,1057,1238
CTETRA,13050,2,2944,1050,1238,1231
CTETRA,13051,2,2944,1057,1046,1238
CTETRA,13052,2,2944,1238,1046,1227
CTETRA,13053,2,2944,1046,1050,1231
CTETRA,13054,2,2944,1046,1231,1227
CTETRA,13055,2,2945,1120,1128,1124
CTETRA,13056,2,2945,1309,1301,1305
CTETRA,13057,2,2945,1128,1120,1309
CTETRA,13058,2,2945,1309,1120,1301
CTETRA,13059,2,2945,1120,1124,1305
CTETRA,13060,2,2945,1120,1305,1301
CTETRA,13061,2,2945,1124,1128,1309
CTETRA,13062,2,2945,1124,1309,1305
CTETRA,13063,2,2946,1050,1057,1065
CTETRA,13064,2,2946,1238,1231,1246
CTETRA,13065,2,2946,1057,1050,1238
CTETRA,13066,2,2946,1238,1050,1231
CTETRA,13067,2,2946,1050,1065,1246
CTETRA,13068,2,2946,1050,1246,1231
CTETRA,13069,2,2946,1065,1057,1246
CTETRA,13070,2,2946,1246,1057,1238
CTETRA,13071,2,2947,1128,1120,1118
CTETRA,13072,2,2947,1301,1309,1299
CTETRA,13073,2,2947,1120,1128,1309
CTETRA,13074,2,2947,1120,1309,1301
CTETRA,13075,2,2947,1128,1118,1309
CTETRA,13076,2,2947,1309,1118,1299
CTETRA,13077,2,2947,1118,1120,1301
CTETRA,13078,2,2947,1118,1301,1299
CTETRA,13079,2,2948,1071,1065,1057
CTETRA,13080,2,2948,1246,1252,1238
CTETRA,13081,2,2948,1065,1071,1252
CTETRA,13082,2,2948,1065,1252,1246
CTETRA,13083,2,2948,1071,1057,1252
CTETRA,13084,2,2948,1252,1057,1238
CTETRA,13085,2,2948,1057,1065,1246
CTETRA,13086,2,2948,1057,1246,1238
CTETRA,13087,2,2949,1116,1118,1120
CTETRA,13088,2,2949,1299,1297,1301
CTETRA,13089,2,2949,1118,1116,1299
CTETRA,13090,2,2949,1299,1116,1297
CTETRA,13091,2,2949,1116,1120,1301
CTETRA,13092,2,2949,1116,1301,1297
CTETRA,13093,2,2949,1120,1118,1301
CTETRA,13094,2,2949,1301,1118,1299
CTETRA,13095,2,2950,1065,1071,1086
CTETRA,13096,2,2950,1252,1246,1267
CTETRA,13097,2,2950,1071,1065,1252
CTETRA,13098,2,2950,1252,1065,1246
CTETRA,13099,2,2950,1065,1086,1267
CTETRA,13100,2,2950,1065,1267,1246
CTETRA,13101,2,2950,1086,1071,1267
CTETRA,13102,2,2950,1267,1071,1252
CTETRA,13103,2,2951,619,614,1136
CTETRA,13104,2,2951,613,618,1317
CTETRA,13105,2,2951,613,614,619
CTETRA,13106,2,2951,613,619,618
CTETRA,13107,2,2951,619,1136,618
CTETRA,13108,2,2951,618,1136,1317
CTETRA,13109,2,2951,1136,614,1317
CTETRA,13110,2,2951,1317,614,613
CTETRA,13111,2,2952,1092,1086,1071
CTETRA,13112,2,2952,1267,1273,1252
CTETRA,13113,2,2952,1086,1092,1273
CTETRA,13114,2,2952,1086,1273,1267
CTETRA,13115,2,2952,1092,1071,1273
CTETRA,13116,2,2952,1273,1071,1252
CTETRA,13117,2,2952,1071,1086,1267
CTETRA,13118,2,2952,1071,1267,1252
CTETRA,13119,2,2953,1114,1136,614
CTETRA,13120,2,2953,1317,1295,613
CTETRA,13121,2,2953,1136,1114,1317
CTETRA,13122,2,2953,1317,1114,1295
CTETRA,13123,2,2953,1114,614,613
CTETRA,13124,2,2953,1114,613,1295
CTETRA,13125,2,2953,614,1136,1317
CTETRA,13126,2,2953,614,1317,613
CTETRA,13127,2,2954,544,539,1035
CTETRA,13128,2,2954,538,543,1216
CTETRA,13129,2,2954,538,539,544
CTETRA,13130,2,2954,538,544,543
CTETRA,13131,2,2954,544,1035,1216
CTETRA,13132,2,2954,544,1216,543
CTETRA,13133,2,2954,1035,539,538
CTETRA,13134,2,2954,1035,538,1216
CTETRA,13135,2,2955,1110,1109,1116
CTETRA,13136,2,2955,1290,1291,1297
CTETRA,13137,2,2955,1109,1110,1291
CTETRA,13138,2,2955,1109,1291,1290
CTETRA,13139,2,2955,1110,1116,1297
CTETRA,13140,2,2955,1110,1297,1291
CTETRA,13141,2,2955,1116,1109,1297
CTETRA,13142,2,2955,1297,1109,1290
CTETRA,13143,2,2956,1048,1035,539
CTETRA,13144,2,2956,1216,1229,538
CTETRA,13145,2,2956,1035,1048,1229
CTETRA,13146,2,2956,1035,1229,1216
CTETRA,13147,2,2956,1048,539,1229
CTETRA,13148,2,2956,1229,539,538
CTETRA,13149,2,2956,539,1035,538
CTETRA,13150,2,2956,538,1035,1216
CTETRA,13151,2,2957,1136,1114,1130
CTETRA,13152,2,2957,1295,1317,1311
CTETRA,13153,2,2957,1114,1136,1317
CTETRA,13154,2,2957,1114,1317,1295
CTETRA,13155,2,2957,1136,1130,1317
CTETRA,13156,2,2957,1317,1130,1311
CTETRA,13157,2,2957,1130,1114,1311
CTETRA,13158,2,2957,1311,1114,1295
CTETRA,13159,2,2958,1096,1109,1092
CTETRA,13160,2,2958,1290,1277,1273
CTETRA,13161,2,2958,1109,1096,1290
CTETRA,13162,2,2958,1290,1096,1277
CTETRA,13163,2,2958,1096,1092,1277
CTETRA,13164,2,2958,1277,1092,1273
CTETRA,13165,2,2958,1092,1109,1290
CTETRA,13166,2,2958,1092,1290,1273
CTETRA,13167,2,2959,1113,1130,1114
CTETRA,13168,2,2959,1311,1294,1295
CTETRA,13169,2,2959,1130,1113,1311
CTETRA,13170,2,2959,1311,1113,1294
CTETRA,13171,2,2959,1113,1114,1295
CTETRA,13172,2,2959,1113,1295,1294
CTETRA,13173,2,2959,1114,1130,1311
CTETRA,13174,2,2959,1114,1311,1295
CTETRA,13175,2,2960,1035,1048,1046
CTETRA,13176,2,2960,1229,1216,1227
CTETRA,13177,2,2960,1048,1035,1229
CTETRA,13178,2,2960,1229,1035,1216
CTETRA,13179,2,2960,1035,1046,1227
CTETRA,13180,2,2960,1035,1227,1216
CTETRA,13181,2,2960,1046,1048,1229
CTETRA,13182,2,2960,1046,1229,1227
CTETRA,13183,2,2961,1130,1113,1124
CTETRA,13184,2,2961,1294,1311,1305
CTETRA,13185,2,2961,1113,1130,1311
CTETRA,13186,2,2961,1113,1311,1294
CTETRA,13187,2,2961,1130,1124,1311
CTETRA,13188,2,2961,1311,1124,1305
CTETRA,13189,2,2961,1124,1113,1305
CTETRA,13190,2,2961,1305,1113,1294
CTETRA,13191,2,2962,1052,1046,1048
CTETRA,13192,2,2962,1227,1233,1229
CTETRA,13193,2,2962,1046,1052,1233
CTETRA,13194,2,2962,1046,1233,1227
CTETRA,13195,2,2962,1052,1048,1233
CTETRA,13196,2,2962,1233,1048,1229
CTETRA,13197,2,2962,1048,1046,1229
CTETRA,13198,2,2962,1229,1046,1227
CTETRA,13199,2,2963,1112,1124,1113
CTETRA,13200,2,2963,1305,1293,1294
CTETRA,13201,2,2963,1124,1112,1305
CTETRA,13202,2,2963,1305,1112,1293
CTETRA,13203,2,2963,1112,1113,1294
CTETRA,13204,2,2963,1112,1294,1293
CTETRA,13205,2,2963,1113,1124,1305
CTETRA,13206,2,2963,1113,1305,1294
CTETRA,13207,2,2964,1046,1052,1057
CTETRA,13208,2,2964,1233,1227,1238
CTETRA,13209,2,2964,1052,1046,1233
CTETRA,13210,2,2964,1233,1046,1227
CTETRA,13211,2,2964,1046,1057,1238
CTETRA,13212,2,2964,1046,1238,1227
CTETRA,13213,2,2964,1057,1052,1238
CTETRA,13214,2,2964,1238,1052,1233
CTETRA,13215,2,2965,1124,1112,1120
CTETRA,13216,2,2965,1293,1305,1301
CTETRA,13217,2,2965,1112,1124,1305
CTETRA,13218,2,2965,1112,1305,1293
CTETRA,13219,2,2965,1124,1120,1305
CTETRA,13220,2,2965,1305,1120,1301
CTETRA,13221,2,2965,1120,1112,1301
CTETRA,13222,2,2965,1301,1112,1293
CTETRA,13223,2,2966,1067,1057,1052
CTETRA,13224,2,2966,1238,1248,1233
CTETRA,13225,2,2966,1057,1067,1248
CTETRA,13226,2,2966,1057,1248,1238
CTETRA,13227,2,2966,1067,1052,1248
CTETRA,13228,2,2966,1248,1052,1233
CTETRA,13229,2,2966,1052,1057,1238
CTETRA,13230,2,2966,1052,1238,1233
CTETRA,13231,2,2967,1111,1120,1112
CTETRA,13232,2,2967,1301,1292,1293
CTETRA,13233,2,2967,1120,1111,1301
CTETRA,13234,2,2967,1301,1111,1292
CTETRA,13235,2,2967,1111,1112,1293
CTETRA,13236,2,2967,1111,1293,1292
CTETRA,13237,2,2967,1112,1120,1301
CTETRA,13238,2,2967,1112,1301,1293
CTETRA,13239,2,2968,1057,1067,1071
CTETRA,13240,2,2968,1248,1238,1252
CTETRA,13241,2,2968,1067,1057,1248
CTETRA,13242,2,2968,1248,1057,1238
CTETRA,13243,2,2968,1057,1071,1252
CTETRA,13244,2,2968,1057,1252,1238
CTETRA,13245,2,2968,1071,1067,1252
CTETRA,13246,2,2968,1252,1067,1248
CTETRA,13247,2,2969,1120,1111,1116
CTETRA,13248,2,2969,1292,1301,1297
CTETRA,13249,2,2969,1111,1120,1301
CTETRA,13250,2,2969,1111,1301,1292
CTETRA,13251,2,2969,1120,1116,1301
CTETRA,13252,2,2969,1301,1116,1297
CTETRA,13253,2,2969,1116,1111,1297
CTETRA,13254,2,2969,1297,1111,1292
CTETRA,13255,2,2970,1075,1071,1067
CTETRA,13256,2,2970,1252,1256,1248
CTETRA,13257,2,2970,1071,1075,1256
CTETRA,13258,2,2970,1071,1256,1252
CTETRA,13259,2,2970,1075,1067,1256
CTETRA,13260,2,2970,1256,1067,1248
CTETRA,13261,2,2970,1067,1071,1252
CTETRA,13262,2,2970,1067,1252,1248
CTETRA,13263,2,2971,1110,1116,1111
CTETRA,13264,2,2971,1297,1291,1292
CTETRA,13265,2,2971,1116,1110,1297
CTETRA,13266,2,2971,1297,1110,1291
CTETRA,13267,2,2971,1110,1111,1292
CTETRA,13268,2,2971,1110,1292,1291
CTETRA,13269,2,2971,1111,1116,1297
CTETRA,13270,2,2971,1111,1297,1292
CTETRA,13271,2,2972,1071,1075,1092
CTETRA,13272,2,2972,1256,1252,1273
CTETRA,13273,2,2972,1075,1071,1256
CTETRA,13274,2,2972,1256,1071,1252
CTETRA,13275,2,2972,1071,1092,1273
CTETRA,13276,2,2972,1071,1273,1252
CTETRA,13277,2,2972,1092,1075,1273
CTETRA,13278,2,2972,1273,1075,1256
CTETRA,13279,2,2973,614,609,1114
CTETRA,13280,2,2973,608,613,1295
CTETRA,13281,2,2973,608,609,614
CTETRA,13282,2,2973,608,614,613
CTETRA,13283,2,2973,614,1114,613
CTETRA,13284,2,2973,613,1114,1295
CTETRA,13285,2,2973,1114,609,1295
CTETRA,13286,2,2973,1295,609,608
CTETRA,13287,2,2974,1096,1092,1075
CTETRA,13288,2,2974,1273,1277,1256
CTETRA,13289,2,2974,1092,1096,1277
CTETRA,13290,2,2974,1092,1277,1273
CTETRA,13291,2,2974,1096,1075,1277
CTETRA,13292,2,2974,1277,1075,1256
CTETRA,13293,2,2974,1075,1092,1273
CTETRA,13294,2,2974,1075,1273,1256
CTETRA,13295,2,2975,1083,1114,609
CTETRA,13296,2,2975,1295,1264,608
CTETRA,13297,2,2975,1114,1083,1295
CTETRA,13298,2,2975,1295,1083,1264
CTETRA,13299,2,2975,1083,609,1264
CTETRA,13300,2,2975,1264,609,608
CTETRA,13301,2,2975,609,1114,1295
CTETRA,13302,2,2975,609,1295,608
CTETRA,13303,2,2976,539,534,1048
CTETRA,13304,2,2976,533,538,1229
CTETRA,13305,2,2976,533,539,538
CTETRA,13306,2,2976,533,534,539
CTETRA,13307,2,2976,539,1048,1229
CTETRA,13308,2,2976,539,1229,538
CTETRA,13309,2,2976,1048,534,533
CTETRA,13310,2,2976,1048,533,1229
CTETRA,13311,2,2977,1103,1109,1110
CTETRA,13312,2,2977,1290,1284,1291
CTETRA,13313,2,2977,1109,1103,1290
CTETRA,13314,2,2977,1290,1103,1284
CTETRA,13315,2,2977,1103,1110,1291
CTETRA,13316,2,2977,1103,1291,1284
CTETRA,13317,2,2977,1110,1109,1291
CTETRA,13318,2,2977,1291,1109,1290
CTETRA,13319,2,2978,1063,1048,534
CTETRA,13320,2,2978,1229,1244,533
CTETRA,13321,2,2978,1048,1063,1244
CTETRA,13322,2,2978,1048,1244,1229
CTETRA,13323,2,2978,1063,534,1244
CTETRA,13324,2,2978,1244,534,533
CTETRA,13325,2,2978,534,1048,533
CTETRA,13326,2,2978,533,1048,1229
CTETRA,13327,2,2979,1114,1083,1113
CTETRA,13328,2,2979,1264,1295,1294
CTETRA,13329,2,2979,1083,1114,1295
CTETRA,13330,2,2979,1083,1295,1264
CTETRA,13331,2,2979,1114,1113,1295
CTETRA,13332,2,2979,1295,1113,1294
CTETRA,13333,2,2979,1113,1083,1294
CTETRA,13334,2,2979,1294,1083,1264
CTETRA,13335,2,2980,1100,1109,1096
CTETRA,13336,2,2980,1290,1281,1277
CTETRA,13337,2,2980,1109,1100,1290
CTETRA,13338,2,2980,1290,1100,1281
CTETRA,13339,2,2980,1100,1096,1281
CTETRA,13340,2,2980,1281,1096,1277
CTETRA,13341,2,2980,1096,1109,1290
CTETRA,13342,2,2980,1096,1290,1277
CTETRA,13343,2,2981,1089,1113,1083
CTETRA,13344,2,2981,1294,1270,1264
CTETRA,13345,2,2981,1113,1089,1294
CTETRA,13346,2,2981,1294,1089,1270
CTETRA,13347,2,2981,1089,1083,1270
CTETRA,13348,2,2981,1270,1083,1264
CTETRA,13349,2,2981,1083,1113,1294
CTETRA,13350,2,2981,1083,1294,1264
CTETRA,13351,2,2982,1048,1063,1052
CTETRA,13352,2,2982,1244,1229,1233
CTETRA,13353,2,2982,1063,1048,1244
CTETRA,13354,2,2982,1244,1048,1229
CTETRA,13355,2,2982,1048,1052,1233
CTETRA,13356,2,2982,1048,1233,1229
CTETRA,13357,2,2982,1052,1063,1244
CTETRA,13358,2,2982,1052,1244,1233
CTETRA,13359,2,2983,1113,1089,1112
CTETRA,13360,2,2983,1270,1294,1293
CTETRA,13361,2,2983,1089,1113,1294
CTETRA,13362,2,2983,1089,1294,1270
CTETRA,13363,2,2983,1113,1112,1294
CTETRA,13364,2,2983,1294,1112,1293
CTETRA,13365,2,2983,1112,1089,1293
CTETRA,13366,2,2983,1293,1089,1270
CTETRA,13367,2,2984,1069,1052,1063
CTETRA,13368,2,2984,1233,1250,1244
CTETRA,13369,2,2984,1052,1069,1250
CTETRA,13370,2,2984,1052,1250,1233
CTETRA,13371,2,2984,1069,1063,1250
CTETRA,13372,2,2984,1250,1063,1244
CTETRA,13373,2,2984,1063,1052,1244
CTETRA,13374,2,2984,1244,1052,1233
CTETRA,13375,2,2985,1095,1112,1089
CTETRA,13376,2,2985,1293,1276,1270
CTETRA,13377,2,2985,1112,1095,1293
CTETRA,13378,2,2985,1293,1095,1276
CTETRA,13379,2,2985,1095,1089,1276
CTETRA,13380,2,2985,1276,1089,1270
CTETRA,13381,2,2985,1089,1112,1293
CTETRA,13382,2,2985,1089,1293,1270
CTETRA,13383,2,2986,1052,1069,1067
CTETRA,13384,2,2986,1250,1233,1248
CTETRA,13385,2,2986,1069,1052,1250
CTETRA,13386,2,2986,1250,1052,1233
CTETRA,13387,2,2986,1052,1067,1248
CTETRA,13388,2,2986,1052,1248,1233
CTETRA,13389,2,2986,1067,1069,1250
CTETRA,13390,2,2986,1067,1250,1248
CTETRA,13391,2,2987,1112,1095,1111
CTETRA,13392,2,2987,1276,1293,1292
CTETRA,13393,2,2987,1095,1112,1293
CTETRA,13394,2,2987,1095,1293,1276
CTETRA,13395,2,2987,1112,1111,1293
CTETRA,13396,2,2987,1293,1111,1292
CTETRA,13397,2,2987,1111,1095,1292
CTETRA,13398,2,2987,1292,1095,1276
CTETRA,13399,2,2988,1073,1067,1069
CTETRA,13400,2,2988,1248,1254,1250
CTETRA,13401,2,2988,1067,1073,1254
CTETRA,13402,2,2988,1067,1254,1248
CTETRA,13403,2,2988,1073,1069,1254
CTETRA,13404,2,2988,1254,1069,1250
CTETRA,13405,2,2988,1069,1067,1250
CTETRA,13406,2,2988,1250,1067,1248
CTETRA,13407,2,2989,1099,1111,1095
CTETRA,13408,2,2989,1292,1280,1276
CTETRA,13409,2,2989,1111,1099,1292
CTETRA,13410,2,2989,1292,1099,1280
CTETRA,13411,2,2989,1099,1095,1280
CTETRA,13412,2,2989,1280,1095,1276
CTETRA,13413,2,2989,1095,1111,1292
CTETRA,13414,2,2989,1095,1292,1276
CTETRA,13415,2,2990,1067,1073,1075
CTETRA,13416,2,2990,1254,1248,1256
CTETRA,13417,2,2990,1073,1067,1254
CTETRA,13418,2,2990,1254,1067,1248
CTETRA,13419,2,2990,1067,1075,1256
CTETRA,13420,2,2990,1067,1256,1248
CTETRA,13421,2,2990,1075,1073,1256
CTETRA,13422,2,2990,1256,1073,1254
CTETRA,13423,2,2991,1111,1099,1110
CTETRA,13424,2,2991,1280,1292,1291
CTETRA,13425,2,2991,1099,1111,1292
CTETRA,13426,2,2991,1099,1292,1280
CTETRA,13427,2,2991,1111,1110,1292
CTETRA,13428,2,2991,1292,1110,1291
CTETRA,13429,2,2991,1110,1099,1291
CTETRA,13430,2,2991,1291,1099,1280
CTETRA,13431,2,2992,1090,1075,1073
CTETRA,13432,2,2992,1256,1271,1254
CTETRA,13433,2,2992,1075,1090,1271
CTETRA,13434,2,2992,1075,1271,1256
CTETRA,13435,2,2992,1090,1073,1271
CTETRA,13436,2,2992,1271,1073,1254
CTETRA,13437,2,2992,1073,1075,1256
CTETRA,13438,2,2992,1073,1256,1254
CTETRA,13439,2,2993,1103,1110,1099
CTETRA,13440,2,2993,1291,1284,1280
CTETRA,13441,2,2993,1110,1103,1291
CTETRA,13442,2,2993,1291,1103,1284
CTETRA,13443,2,2993,1103,1099,1284
CTETRA,13444,2,2993,1284,1099,1280
CTETRA,13445,2,2993,1099,1110,1291
CTETRA,13446,2,2993,1099,1291,1280
CTETRA,13447,2,2994,1075,1090,1096
CTETRA,13448,2,2994,1271,1256,1277
CTETRA,13449,2,2994,1090,1075,1271
CTETRA,13450,2,2994,1271,1075,1256
CTETRA,13451,2,2994,1075,1096,1277
CTETRA,13452,2,2994,1075,1277,1256
CTETRA,13453,2,2994,1096,1090,1277
CTETRA,13454,2,2994,1277,1090,1271
CTETRA,13455,2,2995,609,604,1083
CTETRA,13456,2,2995,603,608,1264
CTETRA,13457,2,2995,603,604,609
CTETRA,13458,2,2995,603,609,608
CTETRA,13459,2,2995,609,1083,1264
CTETRA,13460,2,2995,609,1264,608
CTETRA,13461,2,2995,1083,604,1264
CTETRA,13462,2,2995,1264,604,603
CTETRA,13463,2,2996,1100,1096,1090
CTETRA,13464,2,2996,1277,1281,1271
CTETRA,13465,2,2996,1096,1100,1281
CTETRA,13466,2,2996,1096,1281,1277
CTETRA,13467,2,2996,1100,1090,1281
CTETRA,13468,2,2996,1281,1090,1271
CTETRA,13469,2,2996,1090,1096,1277
CTETRA,13470,2,2996,1090,1277,1271
CTETRA,13471,2,2997,1064,1083,604
CTETRA,13472,2,2997,1264,1245,603
CTETRA,13473,2,2997,1083,1064,1264
CTETRA,13474,2,2997,1264,1064,1245
CTETRA,13475,2,2997,1064,604,1245
CTETRA,13476,2,2997,1245,604,603
CTETRA,13477,2,2997,604,1083,1264
CTETRA,13478,2,2997,604,1264,603
CTETRA,13479,2,2998,534,529,1063
CTETRA,13480,2,2998,528,533,1244
CTETRA,13481,2,2998,528,534,533
CTETRA,13482,2,2998,528,529,534
CTETRA,13483,2,2998,534,1063,1244
CTETRA,13484,2,2998,534,1244,533
CTETRA,13485,2,2998,1063,529,528
CTETRA,13486,2,2998,1063,528,1244
CTETRA,13487,2,2999,1101,1109,1103
CTETRA,13488,2,2999,1290,1282,1284
CTETRA,13489,2,2999,1109,1101,1290
CTETRA,13490,2,2999,1290,1101,1282
CTETRA,13491,2,2999,1101,1103,1284
CTETRA,13492,2,2999,1101,1284,1282
CTETRA,13493,2,2999,1103,1109,1290
CTETRA,13494,2,2999,1103,1290,1284
CTETRA,13495,2,3000,1082,1063,529
CTETRA,13496,2,3000,1244,1263,528
CTETRA,13497,2,3000,1063,1082,1263
CTETRA,13498,2,3000,1063,1263,1244
CTETRA,13499,2,3000,1082,529,1263
CTETRA,13500,2,3000,1263,529,528
CTETRA,13501,2,3000,529,1063,528
CTETRA,13502,2,3000,528,1063,1244
CTETRA,13503,2,3001,1083,1064,1089
CTETRA,13504,2,3001,1245,1264,1270
CTETRA,13505,2,3001,1064,1083,1264
CTETRA,13506,2,3001,1064,1264,1245
CTETRA,13507,2,3001,1083,1089,1270
CTETRA,13508,2,3001,1083,1270,1264
CTETRA,13509,2,3001,1089,1064,1270
CTETRA,13510,2,3001,1270,1064,1245
CTETRA,13511,2,3002,1102,1109,1100
CTETRA,13512,2,3002,1290,1283,1281
CTETRA,13513,2,3002,1109,1102,1290
CTETRA,13514,2,3002,1290,1102,1283
CTETRA,13515,2,3002,1102,1100,1283
CTETRA,13516,2,3002,1283,1100,1281
CTETRA,13517,2,3002,1100,1109,1290
CTETRA,13518,2,3002,1100,1290,1281
CTETRA,13519,2,3003,1070,1089,1064
CTETRA,13520,2,3003,1270,1251,1245
CTETRA,13521,2,3003,1089,1070,1270
CTETRA,13522,2,3003,1270,1070,1251
CTETRA,13523,2,3003,1070,1064,1251
CTETRA,13524,2,3003,1251,1064,1245
CTETRA,13525,2,3003,1064,1089,1270
CTETRA,13526,2,3003,1064,1270,1245
CTETRA,13527,2,3004,1063,1082,1069
CTETRA,13528,2,3004,1263,1244,1250
CTETRA,13529,2,3004,1082,1063,1263
CTETRA,13530,2,3004,1263,1063,1244
CTETRA,13531,2,3004,1063,1069,1250
CTETRA,13532,2,3004,1063,1250,1244
CTETRA,13533,2,3004,1069,1082,1263
CTETRA,13534,2,3004,1069,1263,1250
CTETRA,13535,2,3005,1089,1070,1095
CTETRA,13536,2,3005,1251,1270,1276
CTETRA,13537,2,3005,1070,1089,1270
CTETRA,13538,2,3005,1070,1270,1251
CTETRA,13539,2,3005,1089,1095,1276
CTETRA,13540,2,3005,1089,1276,1270
CTETRA,13541,2,3005,1095,1070,1276
CTETRA,13542,2,3005,1276,1070,1251
CTETRA,13543,2,3006,1088,1069,1082
CTETRA,13544,2,3006,1250,1269,1263
CTETRA,13545,2,3006,1069,1088,1269
CTETRA,13546,2,3006,1069,1269,1250
CTETRA,13547,2,3006,1088,1082,1269
CTETRA,13548,2,3006,1269,1082,1263
CTETRA,13549,2,3006,1082,1069,1263
CTETRA,13550,2,3006,1263,1069,1250
CTETRA,13551,2,3007,1074,1095,1070
CTETRA,13552,2,3007,1276,1255,1251
CTETRA,13553,2,3007,1095,1074,1276
CTETRA,13554,2,3007,1276,1074,1255
CTETRA,13555,2,3007,1074,1070,1255
CTETRA,13556,2,3007,1255,1070,1251
CTETRA,13557,2,3007,1070,1095,1276
CTETRA,13558,2,3007,1070,1276,1251
CTETRA,13559,2,3008,1069,1088,1073
CTETRA,13560,2,3008,1269,1250,1254
CTETRA,13561,2,3008,1088,1069,1269
CTETRA,13562,2,3008,1269,1069,1250
CTETRA,13563,2,3008,1069,1073,1254
CTETRA,13564,2,3008,1069,1254,1250
CTETRA,13565,2,3008,1073,1088,1269
CTETRA,13566,2,3008,1073,1269,1254
CTETRA,13567,2,3009,1095,1074,1099
CTETRA,13568,2,3009,1255,1276,1280
CTETRA,13569,2,3009,1074,1095,1276
CTETRA,13570,2,3009,1074,1276,1255
CTETRA,13571,2,3009,1095,1099,1280
CTETRA,13572,2,3009,1095,1280,1276
CTETRA,13573,2,3009,1099,1074,1280
CTETRA,13574,2,3009,1280,1074,1255
CTETRA,13575,2,3010,1094,1073,1088
CTETRA,13576,2,3010,1254,1275,1269
CTETRA,13577,2,3010,1073,1094,1275
CTETRA,13578,2,3010,1073,1275,1254
CTETRA,13579,2,3010,1094,1088,1275
CTETRA,13580,2,3010,1275,1088,1269
CTETRA,13581,2,3010,1088,1073,1269
CTETRA,13582,2,3010,1269,1073,1254
CTETRA,13583,2,3011,1091,1099,1074
CTETRA,13584,2,3011,1280,1272,1255
CTETRA,13585,2,3011,1099,1091,1280
CTETRA,13586,2,3011,1280,1091,1272
CTETRA,13587,2,3011,1091,1074,1272
CTETRA,13588,2,3011,1272,1074,1255
CTETRA,13589,2,3011,1074,1099,1280
CTETRA,13590,2,3011,1074,1280,1255
CTETRA,13591,2,3012,1073,1094,1090
CTETRA,13592,2,3012,1275,1254,1271
CTETRA,13593,2,3012,1094,1073,1275
CTETRA,13594,2,3012,1275,1073,1254
CTETRA,13595,2,3012,1073,1090,1271
CTETRA,13596,2,3012,1073,1271,1254
CTETRA,13597,2,3012,1090,1094,1275
CTETRA,13598,2,3012,1090,1275,1271
CTETRA,13599,2,3013,1099,1091,1103
CTETRA,13600,2,3013,1272,1280,1284
CTETRA,13601,2,3013,1091,1099,1280
CTETRA,13602,2,3013,1091,1280,1272
CTETRA,13603,2,3013,1099,1103,1284
CTETRA,13604,2,3013,1099,1284,1280
CTETRA,13605,2,3013,1103,1091,1284
CTETRA,13606,2,3013,1284,1091,1272
CTETRA,13607,2,3014,1098,1090,1094
CTETRA,13608,2,3014,1271,1279,1275
CTETRA,13609,2,3014,1090,1098,1279
CTETRA,13610,2,3014,1090,1279,1271
CTETRA,13611,2,3014,1098,1094,1279
CTETRA,13612,2,3014,1279,1094,1275
CTETRA,13613,2,3014,1094,1090,1275
CTETRA,13614,2,3014,1275,1090,1271
CTETRA,13615,2,3015,1101,1103,1091
CTETRA,13616,2,3015,1284,1282,1272
CTETRA,13617,2,3015,1103,1101,1284
CTETRA,13618,2,3015,1284,1101,1282
CTETRA,13619,2,3015,1101,1091,1282
CTETRA,13620,2,3015,1282,1091,1272
CTETRA,13621,2,3015,1091,1103,1284
CTETRA,13622,2,3015,1091,1284,1272
CTETRA,13623,2,3016,1090,1098,1100
CTETRA,13624,2,3016,1279,1271,1281
CTETRA,13625,2,3016,1098,1090,1279
CTETRA,13626,2,3016,1279,1090,1271
CTETRA,13627,2,3016,1090,1100,1281
CTETRA,13628,2,3016,1090,1281,1271
CTETRA,13629,2,3016,1100,1098,1281
CTETRA,13630,2,3016,1281,1098,1279
CTETRA,13631,2,3017,604,599,1064
CTETRA,13632,2,3017,598,603,1245
CTETRA,13633,2,3017,598,604,603
CTETRA,13634,2,3017,598,599,604
CTETRA,13635,2,3017,604,1064,1245
CTETRA,13636,2,3017,604,1245,603
CTETRA,13637,2,3017,1064,599,1245
CTETRA,13638,2,3017,1245,599,598
CTETRA,13639,2,3018,1102,1100,1098
CTETRA,13640,2,3018,1281,1283,1279
CTETRA,13641,2,3018,1100,1102,1283
CTETRA,13642,2,3018,1100,1283,1281
CTETRA,13643,2,3018,1102,1098,1283
CTETRA,13644,2,3018,1283,1098,1279
CTETRA,13645,2,3018,1098,1100,1281
CTETRA,13646,2,3018,1098,1281,1279
CTETRA,13647,2,3019,1049,1064,599
CTETRA,13648,2,3019,1245,1230,598
CTETRA,13649,2,3019,1064,1049,1245
CTETRA,13650,2,3019,1245,1049,1230
CTETRA,13651,2,3019,1049,599,1230
CTETRA,13652,2,3019,1230,599,598
CTETRA,13653,2,3019,599,1064,1245
CTETRA,13654,2,3019,599,1245,598
CTETRA,13655,2,3020,529,481,1082
CTETRA,13656,2,3020,483,528,1263
CTETRA,13657,2,3020,483,529,528
CTETRA,13658,2,3020,483,481,529
CTETRA,13659,2,3020,529,1082,1263
CTETRA,13660,2,3020,529,1263,528
CTETRA,13661,2,3020,1082,481,483
CTETRA,13662,2,3020,1082,483,1263
CTETRA,13663,2,3021,1097,1109,1101
CTETRA,13664,2,3021,1290,1278,1282
CTETRA,13665,2,3021,1109,1097,1290
CTETRA,13666,2,3021,1290,1097,1278
CTETRA,13667,2,3021,1097,1101,1282
CTETRA,13668,2,3021,1097,1282,1278
CTETRA,13669,2,3021,1101,1109,1290
CTETRA,13670,2,3021,1101,1290,1282
CTETRA,13671,2,3022,1104,1082,481
CTETRA,13672,2,3022,1263,1285,483
CTETRA,13673,2,3022,1082,1104,1285
CTETRA,13674,2,3022,1082,1285,1263
CTETRA,13675,2,3022,1104,481,1285
CTETRA,13676,2,3022,1285,481,483
CTETRA,13677,2,3022,481,1082,483
CTETRA,13678,2,3022,483,1082,1263
CTETRA,13679,2,3023,1064,1049,1070
CTETRA,13680,2,3023,1230,1245,1251
CTETRA,13681,2,3023,1049,1064,1245
CTETRA,13682,2,3023,1049,1245,1230
CTETRA,13683,2,3023,1064,1070,1251
CTETRA,13684,2,3023,1064,1251,1245
CTETRA,13685,2,3023,1070,1049,1251
CTETRA,13686,2,3023,1251,1049,1230
CTETRA,13687,2,3024,1108,1109,1102
CTETRA,13688,2,3024,1290,1289,1283
CTETRA,13689,2,3024,1109,1108,1290
CTETRA,13690,2,3024,1290,1108,1289
CTETRA,13691,2,3024,1108,1102,1289
CTETRA,13692,2,3024,1289,1102,1283
CTETRA,13693,2,3024,1102,1109,1290
CTETRA,13694,2,3024,1102,1290,1283
CTETRA,13695,2,3025,1053,1070,1049
CTETRA,13696,2,3025,1251,1234,1230
CTETRA,13697,2,3025,1070,1053,1251
CTETRA,13698,2,3025,1251,1053,1234
CTETRA,13699,2,3025,1053,1049,1234
CTETRA,13700,2,3025,1234,1049,1230
CTETRA,13701,2,3025,1049,1070,1251
CTETRA,13702,2,3025,1049,1251,1230
CTETRA,13703,2,3026,1104,1105,1082
CTETRA,13704,2,3026,1286,1285,1263
CTETRA,13705,2,3026,1105,1104,1286
CTETRA,13706,2,3026,1286,1104,1285
CTETRA,13707,2,3026,1104,1082,1285
CTETRA,13708,2,3026,1285,1082,1263
CTETRA,13709,2,3026,1082,1105,1286
CTETRA,13710,2,3026,1082,1286,1263
CTETRA,13711,2,3027,1070,1053,1074
CTETRA,13712,2,3027,1234,1251,1255
CTETRA,13713,2,3027,1053,1070,1251
CTETRA,13714,2,3027,1053,1251,1234
CTETRA,13715,2,3027,1070,1074,1255
CTETRA,13716,2,3027,1070,1255,1251
CTETRA,13717,2,3027,1074,1053,1255
CTETRA,13718,2,3027,1255,1053,1234
CTETRA,13719,2,3028,1088,1082,1105
CTETRA,13720,2,3028,1263,1269,1286
CTETRA,13721,2,3028,1082,1088,1269
CTETRA,13722,2,3028,1082,1269,1263
CTETRA,13723,2,3028,1088,1105,1286
CTETRA,13724,2,3028,1088,1286,1269
CTETRA,13725,2,3028,1105,1082,1286
CTETRA,13726,2,3028,1286,1082,1263
CTETRA,13727,2,3029,1068,1074,1053
CTETRA,13728,2,3029,1255,1249,1234
CTETRA,13729,2,3029,1074,1068,1255
CTETRA,13730,2,3029,1255,1068,1249
CTETRA,13731,2,3029,1068,1053,1249
CTETRA,13732,2,3029,1249,1053,1234
CTETRA,13733,2,3029,1053,1074,1255
CTETRA,13734,2,3029,1053,1255,1234
CTETRA,13735,2,3030,1105,1106,1088
CTETRA,13736,2,3030,1287,1286,1269
CTETRA,13737,2,3030,1106,1105,1287
CTETRA,13738,2,3030,1287,1105,1286
CTETRA,13739,2,3030,1105,1088,1286
CTETRA,13740,2,3030,1286,1088,1269
CTETRA,13741,2,3030,1088,1106,1287
CTETRA,13742,2,3030,1088,1287,1269
CTETRA,13743,2,3031,1074,1068,1091
CTETRA,13744,2,3031,1249,1255,1272
CTETRA,13745,2,3031,1068,1074,1255
CTETRA,13746,2,3031,1068,1255,1249
CTETRA,13747,2,3031,1074,1091,1272
CTETRA,13748,2,3031,1074,1272,1255
CTETRA,13749,2,3031,1091,1068,1272
CTETRA,13750,2,3031,1272,1068,1249
CTETRA,13751,2,3032,1094,1088,1106
CTETRA,13752,2,3032,1269,1275,1287
CTETRA,13753,2,3032,1088,1094,1275
CTETRA,13754,2,3032,1088,1275,1269
CTETRA,13755,2,3032,1094,1106,1287
CTETRA,13756,2,3032,1094,1287,1275
CTETRA,13757,2,3032,1106,1088,1287
CTETRA,13758,2,3032,1287,1088,1269
CTETRA,13759,2,3033,1076,1091,1068
CTETRA,13760,2,3033,1272,1257,1249
CTETRA,13761,2,3033,1091,1076,1272
CTETRA,13762,2,3033,1272,1076,1257
CTETRA,13763,2,3033,1076,1068,1257
CTETRA,13764,2,3033,1257,1068,1249
CTETRA,13765,2,3033,1068,1091,1272
CTETRA,13766,2,3033,1068,1272,1249
CTETRA,13767,2,3034,1106,1107,1094
CTETRA,13768,2,3034,1288,1287,1275
CTETRA,13769,2,3034,1107,1106,1288
CTETRA,13770,2,3034,1288,1106,1287
CTETRA,13771,2,3034,1106,1094,1287
CTETRA,13772,2,3034,1287,1094,1275
CTETRA,13773,2,3034,1094,1107,1288
CTETRA,13774,2,3034,1094,1288,1275
CTETRA,13775,2,3035,1091,1076,1101
CTETRA,13776,2,3035,1257,1272,1282
CTETRA,13777,2,3035,1076,1091,1272
CTETRA,13778,2,3035,1076,1272,1257
CTETRA,13779,2,3035,1091,1101,1282
CTETRA,13780,2,3035,1091,1282,1272
CTETRA,13781,2,3035,1101,1076,1282
CTETRA,13782,2,3035,1282,1076,1257
CTETRA,13783,2,3036,1098,1094,1107
CTETRA,13784,2,3036,1275,1279,1288
CTETRA,13785,2,3036,1094,1098,1279
CTETRA,13786,2,3036,1094,1279,1275
CTETRA,13787,2,3036,1098,1107,1288
CTETRA,13788,2,3036,1098,1288,1279
CTETRA,13789,2,3036,1107,1094,1288
CTETRA,13790,2,3036,1288,1094,1275
CTETRA,13791,2,3037,1097,1101,1076
CTETRA,13792,2,3037,1282,1278,1257
CTETRA,13793,2,3037,1101,1097,1282
CTETRA,13794,2,3037,1282,1097,1278
CTETRA,13795,2,3037,1097,1076,1278
CTETRA,13796,2,3037,1278,1076,1257
CTETRA,13797,2,3037,1076,1101,1282
CTETRA,13798,2,3037,1076,1282,1257
CTETRA,13799,2,3038,1107,1108,1098
CTETRA,13800,2,3038,1289,1288,1279
CTETRA,13801,2,3038,1108,1107,1289
CTETRA,13802,2,3038,1289,1107,1288
CTETRA,13803,2,3038,1107,1098,1288
CTETRA,13804,2,3038,1288,1098,1279
CTETRA,13805,2,3038,1098,1108,1289
CTETRA,13806,2,3038,1098,1289,1279
CTETRA,13807,2,3039,599,594,1049
CTETRA,13808,2,3039,593,598,1230
CTETRA,13809,2,3039,593,599,598
CTETRA,13810,2,3039,593,594,599
CTETRA,13811,2,3039,599,1049,1230
CTETRA,13812,2,3039,599,1230,598
CTETRA,13813,2,3039,1049,594,1230
CTETRA,13814,2,3039,1230,594,593
CTETRA,13815,2,3040,1102,1098,1108
CTETRA,13816,2,3040,1279,1283,1289
CTETRA,13817,2,3040,1098,1102,1283
CTETRA,13818,2,3040,1098,1283,1279
CTETRA,13819,2,3040,1102,1108,1289
CTETRA,13820,2,3040,1102,1289,1283
CTETRA,13821,2,3040,1108,1098,1289
CTETRA,13822,2,3040,1289,1098,1279
CTETRA,13823,2,3041,1036,1049,594
CTETRA,13824,2,3041,1230,1217,593
CTETRA,13825,2,3041,1049,1036,1230
CTETRA,13826,2,3041,1230,1036,1217
CTETRA,13827,2,3041,1036,594,1217
CTETRA,13828,2,3041,1217,594,593
CTETRA,13829,2,3041,594,1049,1230
CTETRA,13830,2,3041,594,1230,593
CTETRA,13831,2,3042,481,482,1104
CTETRA,13832,2,3042,484,483,1285
CTETRA,13833,2,3042,481,483,484
CTETRA,13834,2,3042,481,484,482
CTETRA,13835,2,3042,481,1104,1285
CTETRA,13836,2,3042,481,1285,483
CTETRA,13837,2,3042,1104,482,484
CTETRA,13838,2,3042,1104,484,1285
CTETRA,13839,2,3043,1093,1109,1097
CTETRA,13840,2,3043,1290,1274,1278
CTETRA,13841,2,3043,1109,1093,1290
CTETRA,13842,2,3043,1290,1093,1274
CTETRA,13843,2,3043,1093,1097,1278
CTETRA,13844,2,3043,1093,1278,1274
CTETRA,13845,2,3043,1097,1109,1290
CTETRA,13846,2,3043,1097,1290,1278
CTETRA,13847,2,3044,1135,1104,482
CTETRA,13848,2,3044,1285,1316,484
CTETRA,13849,2,3044,1104,1135,1316
CTETRA,13850,2,3044,1104,1316,1285
CTETRA,13851,2,3044,1135,482,484
CTETRA,13852,2,3044,1135,484,1316
CTETRA,13853,2,3044,482,1104,484
CTETRA,13854,2,3044,484,1104,1285
CTETRA,13855,2,3045,1049,1036,1053
CTETRA,13856,2,3045,1217,1230,1234
CTETRA,13857,2,3045,1036,1049,1230
CTETRA,13858,2,3045,1036,1230,1217
CTETRA,13859,2,3045,1049,1053,1234
CTETRA,13860,2,3045,1049,1234,1230
CTETRA,13861,2,3045,1053,1036,1234
CTETRA,13862,2,3045,1234,1036,1217
CTETRA,13863,2,3046,1115,1109,1108
CTETRA,13864,2,3046,1290,1296,1289
CTETRA,13865,2,3046,1109,1115,1296
CTETRA,13866,2,3046,1109,1296,1290
CTETRA,13867,2,3046,1115,1108,1296
CTETRA,13868,2,3046,1296,1108,1289
CTETRA,13869,2,3046,1108,1109,1290
CTETRA,13870,2,3046,1108,1290,1289
CTETRA,13871,2,3047,1047,1053,1036
CTETRA,13872,2,3047,1234,1228,1217
CTETRA,13873,2,3047,1053,1047,1234
CTETRA,13874,2,3047,1234,1047,1228
CTETRA,13875,2,3047,1047,1036,1228
CTETRA,13876,2,3047,1228,1036,1217
CTETRA,13877,2,3047,1036,1053,1234
CTETRA,13878,2,3047,1036,1234,1217
CTETRA,13879,2,3048,1104,1135,1105
CTETRA,13880,2,3048,1316,1285,1286
CTETRA,13881,2,3048,1135,1104,1316
CTETRA,13882,2,3048,1316,1104,1285
CTETRA,13883,2,3048,1104,1105,1286
CTETRA,13884,2,3048,1104,1286,1285
CTETRA,13885,2,3048,1105,1135,1316
CTETRA,13886,2,3048,1105,1316,1286
CTETRA,13887,2,3049,1053,1047,1068
CTETRA,13888,2,3049,1228,1234,1249
CTETRA,13889,2,3049,1047,1053,1234
CTETRA,13890,2,3049,1047,1234,1228
CTETRA,13891,2,3049,1053,1068,1249
CTETRA,13892,2,3049,1053,1249,1234
CTETRA,13893,2,3049,1068,1047,1249
CTETRA,13894,2,3049,1249,1047,1228
CTETRA,13895,2,3050,1129,1105,1135
CTETRA,13896,2,3050,1286,1310,1316
CTETRA,13897,2,3050,1105,1129,1310
CTETRA,13898,2,3050,1105,1310,1286
CTETRA,13899,2,3050,1129,1135,1316
CTETRA,13900,2,3050,1129,1316,1310
CTETRA,13901,2,3050,1135,1105,1316
CTETRA,13902,2,3050,1316,1105,1286
CTETRA,13903,2,3051,1058,1068,1047
CTETRA,13904,2,3051,1249,1239,1228
CTETRA,13905,2,3051,1068,1058,1249
CTETRA,13906,2,3051,1249,1058,1239
CTETRA,13907,2,3051,1058,1047,1239
CTETRA,13908,2,3051,1239,1047,1228
CTETRA,13909,2,3051,1047,1068,1249
CTETRA,13910,2,3051,1047,1249,1228
CTETRA,13911,2,3052,1105,1129,1106
CTETRA,13912,2,3052,1310,1286,1287
CTETRA,13913,2,3052,1129,1105,1310
CTETRA,13914,2,3052,1310,1105,1286
CTETRA,13915,2,3052,1105,1106,1287
CTETRA,13916,2,3052,1105,1287,1286
CTETRA,13917,2,3052,1106,1129,1310
CTETRA,13918,2,3052,1106,1310,1287
CTETRA,13919,2,3053,1068,1058,1076
CTETRA,13920,2,3053,1239,1249,1257
CTETRA,13921,2,3053,1058,1068,1249
CTETRA,13922,2,3053,1058,1249,1239
CTETRA,13923,2,3053,1068,1076,1257
CTETRA,13924,2,3053,1068,1257,1249
CTETRA,13925,2,3053,1076,1058,1257
CTETRA,13926,2,3053,1257,1058,1239
CTETRA,13927,2,3054,1123,1106,1129
CTETRA,13928,2,3054,1287,1304,1310
CTETRA,13929,2,3054,1106,1123,1304
CTETRA,13930,2,3054,1106,1304,1287
CTETRA,13931,2,3054,1123,1129,1310
CTETRA,13932,2,3054,1123,1310,1304
CTETRA,13933,2,3054,1129,1106,1310
CTETRA,13934,2,3054,1310,1106,1287
CTETRA,13935,2,3055,1072,1076,1058
CTETRA,13936,2,3055,1257,1253,1239
CTETRA,13937,2,3055,1076,1072,1257
CTETRA,13938,2,3055,1257,1072,1253
CTETRA,13939,2,3055,1072,1058,1253
CTETRA,13940,2,3055,1253,1058,1239
CTETRA,13941,2,3055,1058,1076,1257
CTETRA,13942,2,3055,1058,1257,1239
CTETRA,13943,2,3056,1106,1123,1107
CTETRA,13944,2,3056,1304,1287,1288
CTETRA,13945,2,3056,1123,1106,1304
CTETRA,13946,2,3056,1304,1106,1287
CTETRA,13947,2,3056,1106,1107,1288
CTETRA,13948,2,3056,1106,1288,1287
CTETRA,13949,2,3056,1107,1123,1304
CTETRA,13950,2,3056,1107,1304,1288
CTETRA,13951,2,3057,1076,1072,1097
CTETRA,13952,2,3057,1253,1257,1278
CTETRA,13953,2,3057,1072,1076,1257
CTETRA,13954,2,3057,1072,1257,1253
CTETRA,13955,2,3057,1076,1097,1278
CTETRA,13956,2,3057,1076,1278,1257
CTETRA,13957,2,3057,1097,1072,1278
CTETRA,13958,2,3057,1278,1072,1253
CTETRA,13959,2,3058,1119,1107,1123
CTETRA,13960,2,3058,1288,1300,1304
CTETRA,13961,2,3058,1107,1119,1300
CTETRA,13962,2,3058,1107,1300,1288
CTETRA,13963,2,3058,1119,1123,1304
CTETRA,13964,2,3058,1119,1304,1300
CTETRA,13965,2,3058,1123,1107,1304
CTETRA,13966,2,3058,1304,1107,1288
CTETRA,13967,2,3059,1093,1097,1072
CTETRA,13968,2,3059,1278,1274,1253
CTETRA,13969,2,3059,1097,1093,1278
CTETRA,13970,2,3059,1278,1093,1274
CTETRA,13971,2,3059,1093,1072,1274
CTETRA,13972,2,3059,1274,1072,1253
CTETRA,13973,2,3059,1072,1097,1278
CTETRA,13974,2,3059,1072,1278,1253
CTETRA,13975,2,3060,1107,1119,1108
CTETRA,13976,2,3060,1300,1288,1289
CTETRA,13977,2,3060,1119,1107,1300
CTETRA,13978,2,3060,1300,1107,1288
CTETRA,13979,2,3060,1107,1108,1289
CTETRA,13980,2,3060,1107,1289,1288
CTETRA,13981,2,3060,1108,1119,1300
CTETRA,13982,2,3060,1108,1300,1289
CTETRA,13983,2,3061,594,589,1036
CTETRA,13984,2,3061,588,593,1217
CTETRA,13985,2,3061,588,589,594
CTETRA,13986,2,3061,588,594,593
CTETRA,13987,2,3061,594,1036,1217
CTETRA,13988,2,3061,594,1217,593
CTETRA,13989,2,3061,1036,589,1217
CTETRA,13990,2,3061,1217,589,588
CTETRA,13991,2,3062,1115,1108,1119
CTETRA,13992,2,3062,1289,1296,1300
CTETRA,13993,2,3062,1108,1115,1296
CTETRA,13994,2,3062,1108,1296,1289
CTETRA,13995,2,3062,1115,1119,1300
CTETRA,13996,2,3062,1115,1300,1296
CTETRA,13997,2,3062,1119,1108,1300
CTETRA,13998,2,3062,1300,1108,1289
CTETRA,13999,2,3063,1030,1036,589
CTETRA,14000,2,3063,1217,1211,588
CTETRA,14001,2,3063,1036,1030,1217
CTETRA,14002,2,3063,1217,1030,1211
CTETRA,14003,2,3063,1030,589,1211
CTETRA,14004,2,3063,1211,589,588
CTETRA,14005,2,3063,589,1036,1217
CTETRA,14006,2,3063,589,1217,588
CTETRA,14007,2,3064,482,489,1135
CTETRA,14008,2,3064,490,484,1316
CTETRA,14009,2,3064,482,484,490
CTETRA,14010,2,3064,482,490,489
CTETRA,14011,2,3064,482,1135,484
CTETRA,14012,2,3064,484,1135,1316
CTETRA,14013,2,3064,1135,489,490
CTETRA,14014,2,3064,1135,490,1316
CTETRA,14015,2,3065,1087,1109,1093
CTETRA,14016,2,3065,1290,1268,1274
CTETRA,14017,2,3065,1109,1087,1290
CTETRA,14018,2,3065,1290,1087,1268
CTETRA,14019,2,3065,1087,1093,1274
CTETRA,14020,2,3065,1087,1274,1268
CTETRA,14021,2,3065,1093,1109,1290
CTETRA,14022,2,3065,1093,1290,1274
CTETRA,14023,2,3066,1154,1135,489
CTETRA,14024,2,3066,1316,1335,490
CTETRA,14025,2,3066,1135,1154,1335
CTETRA,14026,2,3066,1135,1335,1316
CTETRA,14027,2,3066,1154,489,490
CTETRA,14028,2,3066,1154,490,1335
CTETRA,14029,2,3066,489,1135,490
CTETRA,14030,2,3066,490,1135,1316
CTETRA,14031,2,3067,1036,1030,1047
CTETRA,14032,2,3067,1211,1217,1228
CTETRA,14033,2,3067,1030,1036,1217
CTETRA,14034,2,3067,1030,1217,1211
CTETRA,14035,2,3067,1036,1047,1228
CTETRA,14036,2,3067,1036,1228,1217
CTETRA,14037,2,3067,1047,1030,1228
CTETRA,14038,2,3067,1228,1030,1211
CTETRA,14039,2,3068,1117,1109,1115
CTETRA,14040,2,3068,1290,1298,1296
CTETRA,14041,2,3068,1109,1117,1298
CTETRA,14042,2,3068,1109,1298,1290
CTETRA,14043,2,3068,1117,1115,1298
CTETRA,14044,2,3068,1298,1115,1296
CTETRA,14045,2,3068,1115,1109,1296
CTETRA,14046,2,3068,1296,1109,1290
CTETRA,14047,2,3069,1038,1047,1030
CTETRA,14048,2,3069,1228,1219,1211
CTETRA,14049,2,3069,1047,1038,1228
CTETRA,14050,2,3069,1228,1038,1219
CTETRA,14051,2,3069,1038,1030,1219
CTETRA,14052,2,3069,1219,1030,1211
CTETRA,14053,2,3069,1030,1047,1228
CTETRA,14054,2,3069,1030,1228,1211
CTETRA,14055,2,3070,1135,1154,1129
CTETRA,14056,2,3070,1335,1316,1310
CTETRA,14057,2,3070,1154,1135,1335
CTETRA,14058,2,3070,1335,1135,1316
CTETRA,14059,2,3070,1135,1129,1316
CTETRA,14060,2,3070,1316,1129,1310
CTETRA,14061,2,3070,1129,1154,1335
CTETRA,14062,2,3070,1129,1335,1310
CTETRA,14063,2,3071,1047,1038,1058
CTETRA,14064,2,3071,1219,1228,1239
CTETRA,14065,2,3071,1038,1047,1228
CTETRA,14066,2,3071,1038,1228,1219
CTETRA,14067,2,3071,1047,1058,1239
CTETRA,14068,2,3071,1047,1239,1228
CTETRA,14069,2,3071,1058,1038,1239
CTETRA,14070,2,3071,1239,1038,1219
CTETRA,14071,2,3072,1148,1129,1154
CTETRA,14072,2,3072,1310,1329,1335
CTETRA,14073,2,3072,1129,1148,1329
CTETRA,14074,2,3072,1129,1329,1310
CTETRA,14075,2,3072,1148,1154,1335
CTETRA,14076,2,3072,1148,1335,1329
CTETRA,14077,2,3072,1154,1129,1335
CTETRA,14078,2,3072,1335,1129,1310
CTETRA,14079,2,3073,1051,1058,1038
CTETRA,14080,2,3073,1239,1232,1219
CTETRA,14081,2,3073,1058,1051,1239
CTETRA,14082,2,3073,1239,1051,1232
CTETRA,14083,2,3073,1051,1038,1232
CTETRA,14084,2,3073,1232,1038,1219
CTETRA,14085,2,3073,1038,1058,1239
CTETRA,14086,2,3073,1038,1239,1219
CTETRA,14087,2,3074,1129,1148,1123
CTETRA,14088,2,3074,1329,1310,1304
CTETRA,14089,2,3074,1148,1129,1329
CTETRA,14090,2,3074,1329,1129,1310
CTETRA,14091,2,3074,1129,1123,1310
CTETRA,14092,2,3074,1310,1123,1304
CTETRA,14093,2,3074,1123,1148,1329
CTETRA,14094,2,3074,1123,1329,1304
CTETRA,14095,2,3075,1058,1051,1072
CTETRA,14096,2,3075,1232,1239,1253
CTETRA,14097,2,3075,1051,1058,1239
CTETRA,14098,2,3075,1051,1239,1232
CTETRA,14099,2,3075,1058,1072,1253
CTETRA,14100,2,3075,1058,1253,1239
CTETRA,14101,2,3075,1072,1051,1253
CTETRA,14102,2,3075,1253,1051,1232
CTETRA,14103,2,3076,1144,1123,1148
CTETRA,14104,2,3076,1304,1325,1329
CTETRA,14105,2,3076,1123,1144,1325
CTETRA,14106,2,3076,1123,1325,1304
CTETRA,14107,2,3076,1144,1148,1329
CTETRA,14108,2,3076,1144,1329,1325
CTETRA,14109,2,3076,1148,1123,1329
CTETRA,14110,2,3076,1329,1123,1304
CTETRA,14111,2,3077,1066,1072,1051
CTETRA,14112,2,3077,1253,1247,1232
CTETRA,14113,2,3077,1072,1066,1253
CTETRA,14114,2,3077,1253,1066,1247
CTETRA,14115,2,3077,1066,1051,1247
CTETRA,14116,2,3077,1247,1051,1232
CTETRA,14117,2,3077,1051,1072,1253
CTETRA,14118,2,3077,1051,1253,1232
CTETRA,14119,2,3078,1123,1144,1119
CTETRA,14120,2,3078,1325,1304,1300
CTETRA,14121,2,3078,1144,1123,1325
CTETRA,14122,2,3078,1325,1123,1304
CTETRA,14123,2,3078,1123,1119,1304
CTETRA,14124,2,3078,1304,1119,1300
CTETRA,14125,2,3078,1119,1144,1325
CTETRA,14126,2,3078,1119,1325,1300
CTETRA,14127,2,3079,1072,1066,1093
CTETRA,14128,2,3079,1247,1253,1274
CTETRA,14129,2,3079,1066,1072,1253
CTETRA,14130,2,3079,1066,1253,1247
CTETRA,14131,2,3079,1072,1093,1274
CTETRA,14132,2,3079,1072,1274,1253
CTETRA,14133,2,3079,1093,1066,1274
CTETRA,14134,2,3079,1274,1066,1247
CTETRA,14135,2,3080,1127,1119,1144
CTETRA,14136,2,3080,1300,1308,1325
CTETRA,14137,2,3080,1119,1127,1308
CTETRA,14138,2,3080,1119,1308,1300
CTETRA,14139,2,3080,1127,1144,1325
CTETRA,14140,2,3080,1127,1325,1308
CTETRA,14141,2,3080,1144,1119,1325
CTETRA,14142,2,3080,1325,1119,1300
CTETRA,14143,2,3081,1087,1093,1066
CTETRA,14144,2,3081,1274,1268,1247
CTETRA,14145,2,3081,1093,1087,1274
CTETRA,14146,2,3081,1274,1087,1268
CTETRA,14147,2,3081,1087,1066,1268
CTETRA,14148,2,3081,1268,1066,1247
CTETRA,14149,2,3081,1066,1093,1274
CTETRA,14150,2,3081,1066,1274,1247
CTETRA,14151,2,3082,1119,1127,1115
CTETRA,14152,2,3082,1308,1300,1296
CTETRA,14153,2,3082,1127,1119,1308
CTETRA,14154,2,3082,1308,1119,1300
CTETRA,14155,2,3082,1119,1115,1300
CTETRA,14156,2,3082,1300,1115,1296
CTETRA,14157,2,3082,1115,1127,1308
CTETRA,14158,2,3082,1115,1308,1296
CTETRA,14159,2,3083,589,584,1030
CTETRA,14160,2,3083,583,588,1211
CTETRA,14161,2,3083,583,584,589
CTETRA,14162,2,3083,583,589,588
CTETRA,14163,2,3083,589,1030,1211
CTETRA,14164,2,3083,589,1211,588
CTETRA,14165,2,3083,1030,584,1211
CTETRA,14166,2,3083,1211,584,583
CTETRA,14167,2,3084,1117,1115,1127
CTETRA,14168,2,3084,1296,1298,1308
CTETRA,14169,2,3084,1115,1117,1298
CTETRA,14170,2,3084,1115,1298,1296
CTETRA,14171,2,3084,1117,1127,1308
CTETRA,14172,2,3084,1117,1308,1298
CTETRA,14173,2,3084,1127,1115,1308
CTETRA,14174,2,3084,1308,1115,1296
CTETRA,14175,2,3085,1025,1030,584
CTETRA,14176,2,3085,1211,1206,583
CTETRA,14177,2,3085,1030,1025,1211
CTETRA,14178,2,3085,1211,1025,1206
CTETRA,14179,2,3085,1025,584,1206
CTETRA,14180,2,3085,1206,584,583
CTETRA,14181,2,3085,584,1030,1211
CTETRA,14182,2,3085,584,1211,583
CTETRA,14183,2,3086,1121,1109,1117
CTETRA,14184,2,3086,1290,1302,1298
CTETRA,14185,2,3086,1109,1121,1302
CTETRA,14186,2,3086,1109,1302,1290
CTETRA,14187,2,3086,1121,1117,1302
CTETRA,14188,2,3086,1302,1117,1298
CTETRA,14189,2,3086,1117,1109,1298
CTETRA,14190,2,3086,1298,1109,1290
CTETRA,14191,2,3087,1034,1038,1025
CTETRA,14192,2,3087,1219,1215,1206
CTETRA,14193,2,3087,1038,1034,1219
CTETRA,14194,2,3087,1219,1034,1215
CTETRA,14195,2,3087,1034,1025,1215
CTETRA,14196,2,3087,1215,1025,1206
CTETRA,14197,2,3087,1025,1038,1219
CTETRA,14198,2,3087,1025,1219,1206
CTETRA,14199,2,3088,1154,1169,1148
CTETRA,14200,2,3088,1350,1335,1329
CTETRA,14201,2,3088,1169,1154,1350
CTETRA,14202,2,3088,1350,1154,1335
CTETRA,14203,2,3088,1154,1148,1335
CTETRA,14204,2,3088,1335,1148,1329
CTETRA,14205,2,3088,1148,1169,1350
CTETRA,14206,2,3088,1148,1350,1329
CTETRA,14207,2,3089,1038,1034,1051
CTETRA,14208,2,3089,1215,1219,1232
CTETRA,14209,2,3089,1034,1038,1219
CTETRA,14210,2,3089,1034,1219,1215
CTETRA,14211,2,3089,1038,1051,1232
CTETRA,14212,2,3089,1038,1232,1219
CTETRA,14213,2,3089,1051,1034,1232
CTETRA,14214,2,3089,1232,1034,1215
CTETRA,14215,2,3090,1144,1150,1127
CTETRA,14216,2,3090,1331,1325,1308
CTETRA,14217,2,3090,1150,1144,1331
CTETRA,14218,2,3090,1331,1144,1325
CTETRA,14219,2,3090,1144,1127,1325
CTETRA,14220,2,3090,1325,1127,1308
CTETRA,14221,2,3090,1127,1150,1331
CTETRA,14222,2,3090,1127,1331,1308
CTETRA,14223,2,3091,1142,1127,1150
CTETRA,14224,2,3091,1308,1323,1331
CTETRA,14225,2,3091,1127,1142,1323
CTETRA,14226,2,3091,1127,1323,1308
CTETRA,14227,2,3091,1142,1150,1331
CTETRA,14228,2,3091,1142,1331,1323
CTETRA,14229,2,3091,1150,1127,1331
CTETRA,14230,2,3091,1331,1127,1308
CTETRA,14231,2,3092,1127,1142,1117
CTETRA,14232,2,3092,1323,1308,1298
CTETRA,14233,2,3092,1142,1127,1323
CTETRA,14234,2,3092,1323,1127,1308
CTETRA,14235,2,3092,1127,1117,1308
CTETRA,14236,2,3092,1308,1117,1298
CTETRA,14237,2,3092,1117,1142,1323
CTETRA,14238,2,3092,1117,1323,1298
CTETRA,14239,2,3093,1121,1117,1142
CTETRA,14240,2,3093,1298,1302,1323
CTETRA,14241,2,3093,1117,1121,1302
CTETRA,14242,2,3093,1117,1302,1298
CTETRA,14243,2,3093,1121,1142,1323
CTETRA,14244,2,3093,1121,1323,1302
CTETRA,14245,2,3093,1142,1117,1323
CTETRA,14246,2,3093,1323,1117,1298
CTETRA,14247,2,3094,494,499,1169
CTETRA,14248,2,3094,500,495,1350
CTETRA,14249,2,3094,494,495,500
CTETRA,14250,2,3094,494,500,499
CTETRA,14251,2,3094,494,1169,495
CTETRA,14252,2,3094,495,1169,1350
CTETRA,14253,2,3094,1169,499,500
CTETRA,14254,2,3094,1169,500,1350
CTETRA,14255,2,3095,1182,1169,499
CTETRA,14256,2,3095,1350,1363,500
CTETRA,14257,2,3095,1169,1182,1363
CTETRA,14258,2,3095,1169,1363,1350
CTETRA,14259,2,3095,1182,499,500
CTETRA,14260,2,3095,1182,500,1363
CTETRA,14261,2,3095,499,1169,500
CTETRA,14262,2,3095,500,1169,1350
CTETRA,14263,2,3096,1125,1109,1121
CTETRA,14264,2,3096,1290,1306,1302
CTETRA,14265,2,3096,1109,1125,1306
CTETRA,14266,2,3096,1109,1306,1290
CTETRA,14267,2,3096,1125,1121,1306
CTETRA,14268,2,3096,1306,1121,1302
CTETRA,14269,2,3096,1121,1109,1302
CTETRA,14270,2,3096,1302,1109,1290
CTETRA,14271,2,3097,1169,1182,1165
CTETRA,14272,2,3097,1363,1350,1346
CTETRA,14273,2,3097,1182,1169,1363
CTETRA,14274,2,3097,1363,1169,1350
CTETRA,14275,2,3097,1169,1165,1350
CTETRA,14276,2,3097,1350,1165,1346
CTETRA,14277,2,3097,1165,1182,1363
CTETRA,14278,2,3097,1165,1363,1346
CTETRA,14279,2,3098,1171,1165,1182
CTETRA,14280,2,3098,1346,1352,1363
CTETRA,14281,2,3098,1165,1171,1352
CTETRA,14282,2,3098,1165,1352,1346
CTETRA,14283,2,3098,1171,1182,1363
CTETRA,14284,2,3098,1171,1363,1352
CTETRA,14285,2,3098,1182,1165,1363
CTETRA,14286,2,3098,1363,1165,1346
CTETRA,14287,2,3099,1165,1171,1150
CTETRA,14288,2,3099,1352,1346,1331
CTETRA,14289,2,3099,1171,1165,1352
CTETRA,14290,2,3099,1352,1165,1346
CTETRA,14291,2,3099,1165,1150,1346
CTETRA,14292,2,3099,1346,1150,1331
CTETRA,14293,2,3099,1150,1171,1352
CTETRA,14294,2,3099,1150,1352,1331
CTETRA,14295,2,3100,1160,1150,1171
CTETRA,14296,2,3100,1331,1341,1352
CTETRA,14297,2,3100,1150,1160,1341
CTETRA,14298,2,3100,1150,1341,1331
CTETRA,14299,2,3100,1160,1171,1352
CTETRA,14300,2,3100,1160,1352,1341
CTETRA,14301,2,3100,1171,1150,1352
CTETRA,14302,2,3100,1352,1150,1331
CTETRA,14303,2,3101,1150,1160,1142
CTETRA,14304,2,3101,1341,1331,1323
CTETRA,14305,2,3101,1160,1150,1341
CTETRA,14306,2,3101,1341,1150,1331
CTETRA,14307,2,3101,1150,1142,1331
CTETRA,14308,2,3101,1331,1142,1323
CTETRA,14309,2,3101,1142,1160,1341
CTETRA,14310,2,3101,1142,1341,1323
CTETRA,14311,2,3102,1146,1142,1160
CTETRA,14312,2,3102,1323,1327,1341
CTETRA,14313,2,3102,1142,1146,1327
CTETRA,14314,2,3102,1142,1327,1323
CTETRA,14315,2,3102,1146,1160,1341
CTETRA,14316,2,3102,1146,1341,1327
CTETRA,14317,2,3102,1160,1142,1341
CTETRA,14318,2,3102,1341,1142,1323
CTETRA,14319,2,3103,1142,1146,1121
CTETRA,14320,2,3103,1327,1323,1302
CTETRA,14321,2,3103,1146,1142,1327
CTETRA,14322,2,3103,1327,1142,1323
CTETRA,14323,2,3103,1142,1121,1323
CTETRA,14324,2,3103,1323,1121,1302
CTETRA,14325,2,3103,1121,1146,1327
CTETRA,14326,2,3103,1121,1327,1302
CTETRA,14327,2,3104,1125,1121,1146
CTETRA,14328,2,3104,1302,1306,1327
CTETRA,14329,2,3104,1121,1125,1306
CTETRA,14330,2,3104,1121,1306,1302
CTETRA,14331,2,3104,1125,1146,1327
CTETRA,14332,2,3104,1125,1327,1306
CTETRA,14333,2,3104,1146,1121,1327
CTETRA,14334,2,3104,1327,1121,1302
CTETRA,14335,2,3105,499,504,1182
CTETRA,14336,2,3105,505,500,1363
CTETRA,14337,2,3105,499,500,505
CTETRA,14338,2,3105,499,505,504
CTETRA,14339,2,3105,499,1182,500
CTETRA,14340,2,3105,500,1182,1363
CTETRA,14341,2,3105,1182,504,505
CTETRA,14342,2,3105,1182,505,1363
CTETRA,14343,2,3106,1188,1182,504
CTETRA,14344,2,3106,1363,1369,505
CTETRA,14345,2,3106,1182,1188,1369
CTETRA,14346,2,3106,1182,1369,1363
CTETRA,14347,2,3106,1188,504,505
CTETRA,14348,2,3106,1188,505,1369
CTETRA,14349,2,3106,504,1182,505
CTETRA,14350,2,3106,505,1182,1363
CTETRA,14351,2,3107,1131,1109,1125
CTETRA,14352,2,3107,1290,1312,1306
CTETRA,14353,2,3107,1109,1131,1312
CTETRA,14354,2,3107,1109,1312,1290
CTETRA,14355,2,3107,1131,1125,1312
CTETRA,14356,2,3107,1312,1125,1306
CTETRA,14357,2,3107,1125,1109,1306
CTETRA,14358,2,3107,1306,1109,1290
CTETRA,14359,2,3108,1182,1188,1171
CTETRA,14360,2,3108,1369,1363,1352
CTETRA,14361,2,3108,1188,1182,1369
CTETRA,14362,2,3108,1369,1182,1363
CTETRA,14363,2,3108,1182,1171,1363
CTETRA,14364,2,3108,1363,1171,1352
CTETRA,14365,2,3108,1171,1188,1369
CTETRA,14366,2,3108,1171,1369,1352
CTETRA,14367,2,3109,1180,1171,1188
CTETRA,14368,2,3109,1352,1361,1369
CTETRA,14369,2,3109,1171,1180,1361
CTETRA,14370,2,3109,1171,1361,1352
CTETRA,14371,2,3109,1180,1188,1369
CTETRA,14372,2,3109,1180,1369,1361
CTETRA,14373,2,3109,1188,1171,1369
CTETRA,14374,2,3109,1369,1171,1352
CTETRA,14375,2,3110,1171,1180,1160
CTETRA,14376,2,3110,1361,1352,1341
CTETRA,14377,2,3110,1180,1171,1361
CTETRA,14378,2,3110,1361,1171,1352
CTETRA,14379,2,3110,1171,1160,1352
CTETRA,14380,2,3110,1352,1160,1341
CTETRA,14381,2,3110,1160,1180,1361
CTETRA,14382,2,3110,1160,1361,1341
CTETRA,14383,2,3111,1167,1160,1180
CTETRA,14384,2,3111,1341,1348,1361
CTETRA,14385,2,3111,1160,1167,1348
CTETRA,14386,2,3111,1160,1348,1341
CTETRA,14387,2,3111,1167,1180,1361
CTETRA,14388,2,3111,1167,1361,1348
CTETRA,14389,2,3111,1180,1160,1361
CTETRA,14390,2,3111,1361,1160,1341
CTETRA,14391,2,3112,1160,1167,1146
CTETRA,14392,2,3112,1348,1341,1327
CTETRA,14393,2,3112,1167,1160,1348
CTETRA,14394,2,3112,1348,1160,1341
CTETRA,14395,2,3112,1160,1146,1341
CTETRA,14396,2,3112,1341,1146,1327
CTETRA,14397,2,3112,1146,1167,1348
CTETRA,14398,2,3112,1146,1348,1327
CTETRA,14399,2,3113,1152,1146,1167
CTETRA,14400,2,3113,1327,1333,1348
CTETRA,14401,2,3113,1146,1152,1333
CTETRA,14402,2,3113,1146,1333,1327
CTETRA,14403,2,3113,1152,1167,1348
CTETRA,14404,2,3113,1152,1348,1333
CTETRA,14405,2,3113,1167,1146,1348
CTETRA,14406,2,3113,1348,1146,1327
CTETRA,14407,2,3114,1146,1152,1125
CTETRA,14408,2,3114,1333,1327,1306
CTETRA,14409,2,3114,1152,1146,1333
CTETRA,14410,2,3114,1333,1146,1327
CTETRA,14411,2,3114,1146,1125,1327
CTETRA,14412,2,3114,1327,1125,1306
CTETRA,14413,2,3114,1125,1152,1333
CTETRA,14414,2,3114,1125,1333,1306
CTETRA,14415,2,3115,1131,1125,1152
CTETRA,14416,2,3115,1306,1312,1333
CTETRA,14417,2,3115,1125,1131,1312
CTETRA,14418,2,3115,1125,1312,1306
CTETRA,14419,2,3115,1131,1152,1333
CTETRA,14420,2,3115,1131,1333,1312
CTETRA,14421,2,3115,1152,1125,1333
CTETRA,14422,2,3115,1333,1125,1306
CTETRA,14423,2,3116,504,509,1188
CTETRA,14424,2,3116,510,505,1369
CTETRA,14425,2,3116,504,505,510
CTETRA,14426,2,3116,504,510,509
CTETRA,14427,2,3116,504,1188,505
CTETRA,14428,2,3116,505,1188,1369
CTETRA,14429,2,3116,1188,509,510
CTETRA,14430,2,3116,1188,510,1369
CTETRA,14431,2,3117,1193,1188,509
CTETRA,14432,2,3117,1369,1374,510
CTETRA,14433,2,3117,1188,1193,1374
CTETRA,14434,2,3117,1188,1374,1369
CTETRA,14435,2,3117,1193,509,510
CTETRA,14436,2,3117,1193,510,1374
CTETRA,14437,2,3117,509,1188,510
CTETRA,14438,2,3117,510,1188,1369
CTETRA,14439,2,3118,1133,1109,1131
CTETRA,14440,2,3118,1290,1314,1312
CTETRA,14441,2,3118,1109,1133,1314
CTETRA,14442,2,3118,1109,1314,1290
CTETRA,14443,2,3118,1133,1131,1314
CTETRA,14444,2,3118,1314,1131,1312
CTETRA,14445,2,3118,1131,1109,1312
CTETRA,14446,2,3118,1312,1109,1290
CTETRA,14447,2,3119,1188,1193,1180
CTETRA,14448,2,3119,1374,1369,1361
CTETRA,14449,2,3119,1193,1188,1374
CTETRA,14450,2,3119,1374,1188,1369
CTETRA,14451,2,3119,1188,1180,1369
CTETRA,14452,2,3119,1369,1180,1361
CTETRA,14453,2,3119,1180,1193,1374
CTETRA,14454,2,3119,1180,1374,1361
CTETRA,14455,2,3120,1184,1180,1193
CTETRA,14456,2,3120,1361,1365,1374
CTETRA,14457,2,3120,1180,1184,1365
CTETRA,14458,2,3120,1180,1365,1361
CTETRA,14459,2,3120,1184,1193,1374
CTETRA,14460,2,3120,1184,1374,1365
CTETRA,14461,2,3120,1193,1180,1374
CTETRA,14462,2,3120,1374,1180,1361
CTETRA,14463,2,3121,1180,1184,1167
CTETRA,14464,2,3121,1365,1361,1348
CTETRA,14465,2,3121,1184,1180,1365
CTETRA,14466,2,3121,1365,1180,1361
CTETRA,14467,2,3121,1180,1167,1361
CTETRA,14468,2,3121,1361,1167,1348
CTETRA,14469,2,3121,1167,1184,1365
CTETRA,14470,2,3121,1167,1365,1348
CTETRA,14471,2,3122,1173,1167,1184
CTETRA,14472,2,3122,1348,1354,1365
CTETRA,14473,2,3122,1167,1173,1354
CTETRA,14474,2,3122,1167,1354,1348
CTETRA,14475,2,3122,1173,1184,1365
CTETRA,14476,2,3122,1173,1365,1354
CTETRA,14477,2,3122,1184,1167,1365
CTETRA,14478,2,3122,1365,1167,1348
CTETRA,14479,2,3123,1167,1173,1152
CTETRA,14480,2,3123,1354,1348,1333
CTETRA,14481,2,3123,1173,1167,1354
CTETRA,14482,2,3123,1354,1167,1348
CTETRA,14483,2,3123,1167,1152,1348
CTETRA,14484,2,3123,1348,1152,1333
CTETRA,14485,2,3123,1152,1173,1354
CTETRA,14486,2,3123,1152,1354,1333
CTETRA,14487,2,3124,1156,1152,1173
CTETRA,14488,2,3124,1333,1337,1354
CTETRA,14489,2,3124,1152,1156,1337
CTETRA,14490,2,3124,1152,1337,1333
CTETRA,14491,2,3124,1156,1173,1354
CTETRA,14492,2,3124,1156,1354,1337
CTETRA,14493,2,3124,1173,1152,1354
CTETRA,14494,2,3124,1354,1152,1333
CTETRA,14495,2,3125,1152,1156,1131
CTETRA,14496,2,3125,1337,1333,1312
CTETRA,14497,2,3125,1156,1152,1337
CTETRA,14498,2,3125,1337,1152,1333
CTETRA,14499,2,3125,1152,1131,1333
CTETRA,14500,2,3125,1333,1131,1312
CTETRA,14501,2,3125,1131,1156,1337
CTETRA,14502,2,3125,1131,1337,1312
CTETRA,14503,2,3126,1133,1131,1156
CTETRA,14504,2,3126,1312,1314,1337
CTETRA,14505,2,3126,1131,1133,1314
CTETRA,14506,2,3126,1131,1314,1312
CTETRA,14507,2,3126,1133,1156,1337
CTETRA,14508,2,3126,1133,1337,1314
CTETRA,14509,2,3126,1156,1131,1337
CTETRA,14510,2,3126,1337,1131,1312
CTETRA,14511,2,3127,509,514,1193
CTETRA,14512,2,3127,515,510,1374
CTETRA,14513,2,3127,509,510,515
CTETRA,14514,2,3127,509,515,514
CTETRA,14515,2,3127,509,1193,510
CTETRA,14516,2,3127,510,1193,1374
CTETRA,14517,2,3127,1193,514,515
CTETRA,14518,2,3127,1193,515,1374
CTETRA,14519,2,3128,1195,1193,514
CTETRA,14520,2,3128,1374,1376,515
CTETRA,14521,2,3128,1193,1195,1376
CTETRA,14522,2,3128,1193,1376,1374
CTETRA,14523,2,3128,1195,514,515
CTETRA,14524,2,3128,1195,515,1376
CTETRA,14525,2,3128,514,1193,515
CTETRA,14526,2,3128,515,1193,1374
CTETRA,14527,2,3129,1137,1109,1133
CTETRA,14528,2,3129,1290,1318,1314
CTETRA,14529,2,3129,1109,1137,1318
CTETRA,14530,2,3129,1109,1318,1290
CTETRA,14531,2,3129,1137,1133,1318
CTETRA,14532,2,3129,1318,1133,1314
CTETRA,14533,2,3129,1133,1109,1314
CTETRA,14534,2,3129,1314,1109,1290
CTETRA,14535,2,3130,1193,1195,1184
CTETRA,14536,2,3130,1376,1374,1365
CTETRA,14537,2,3130,1195,1193,1376
CTETRA,14538,2,3130,1376,1193,1374
CTETRA,14539,2,3130,1193,1184,1374
CTETRA,14540,2,3130,1374,1184,1365
CTETRA,14541,2,3130,1184,1195,1376
CTETRA,14542,2,3130,1184,1376,1365
CTETRA,14543,2,3131,1186,1184,1195
CTETRA,14544,2,3131,1365,1367,1376
CTETRA,14545,2,3131,1184,1186,1367
CTETRA,14546,2,3131,1184,1367,1365
CTETRA,14547,2,3131,1186,1195,1376
CTETRA,14548,2,3131,1186,1376,1367
CTETRA,14549,2,3131,1195,1184,1376
CTETRA,14550,2,3131,1376,1184,1365
CTETRA,14551,2,3132,1184,1186,1173
CTETRA,14552,2,3132,1367,1365,1354
CTETRA,14553,2,3132,1186,1184,1367
CTETRA,14554,2,3132,1367,1184,1365
CTETRA,14555,2,3132,1184,1173,1365
CTETRA,14556,2,3132,1365,1173,1354
CTETRA,14557,2,3132,1173,1186,1367
CTETRA,14558,2,3132,1173,1367,1354
CTETRA,14559,2,3133,1173,1175,1156
CTETRA,14560,2,3133,1356,1354,1337
CTETRA,14561,2,3133,1175,1173,1356
CTETRA,14562,2,3133,1356,1173,1354
CTETRA,14563,2,3133,1173,1156,1354
CTETRA,14564,2,3133,1354,1156,1337
CTETRA,14565,2,3133,1156,1175,1356
CTETRA,14566,2,3133,1156,1356,1337
CTETRA,14567,2,3134,1156,1158,1133
CTETRA,14568,2,3134,1339,1337,1314
CTETRA,14569,2,3134,1158,1156,1339
CTETRA,14570,2,3134,1339,1156,1337
CTETRA,14571,2,3134,1156,1133,1337
CTETRA,14572,2,3134,1337,1133,1314
CTETRA,14573,2,3134,1133,1158,1339
CTETRA,14574,2,3134,1133,1339,1314
CTETRA,14575,2,3135,514,519,1195
CTETRA,14576,2,3135,520,515,1376
CTETRA,14577,2,3135,514,515,520
CTETRA,14578,2,3135,514,520,519
CTETRA,14579,2,3135,514,1195,515
CTETRA,14580,2,3135,515,1195,1376
CTETRA,14581,2,3135,1195,519,520
CTETRA,14582,2,3135,1195,520,1376
CTETRA,14583,2,3136,1139,1109,1137
CTETRA,14584,2,3136,1290,1320,1318
CTETRA,14585,2,3136,1109,1139,1320
CTETRA,14586,2,3136,1109,1320,1290
CTETRA,14587,2,3136,1139,1137,1320
CTETRA,14588,2,3136,1320,1137,1318
CTETRA,14589,2,3136,1137,1109,1318
CTETRA,14590,2,3136,1318,1109,1290
CTETRA,14591,2,3137,1190,1186,1197
CTETRA,14592,2,3137,1367,1371,1378
CTETRA,14593,2,3137,1186,1190,1371
CTETRA,14594,2,3137,1186,1371,1367
CTETRA,14595,2,3137,1190,1197,1378
CTETRA,14596,2,3137,1190,1378,1371
CTETRA,14597,2,3137,1197,1186,1378
CTETRA,14598,2,3137,1378,1186,1367
CTETRA,14599,2,3138,1177,1175,1190
CTETRA,14600,2,3138,1356,1358,1371
CTETRA,14601,2,3138,1175,1177,1358
CTETRA,14602,2,3138,1175,1358,1356
CTETRA,14603,2,3138,1177,1190,1371
CTETRA,14604,2,3138,1177,1371,1358
CTETRA,14605,2,3138,1190,1175,1371
CTETRA,14606,2,3138,1371,1175,1356
CTETRA,14607,2,3139,1162,1158,1177
CTETRA,14608,2,3139,1339,1343,1358
CTETRA,14609,2,3139,1158,1162,1343
CTETRA,14610,2,3139,1158,1343,1339
CTETRA,14611,2,3139,1162,1177,1358
CTETRA,14612,2,3139,1162,1358,1343
CTETRA,14613,2,3139,1177,1158,1358
CTETRA,14614,2,3139,1358,1158,1339
CTETRA,14615,2,3140,1139,1137,1162
CTETRA,14616,2,3140,1318,1320,1343
CTETRA,14617,2,3140,1137,1139,1320
CTETRA,14618,2,3140,1137,1320,1318
CTETRA,14619,2,3140,1139,1162,1343
CTETRA,14620,2,3140,1139,1343,1320
CTETRA,14621,2,3140,1162,1137,1343
CTETRA,14622,2,3140,1343,1137,1318
CTETRA,14623,2,3141,1197,519,1199
CTETRA,14624,2,3141,520,1378,1380
CTETRA,14625,2,3141,519,1197,520
CTETRA,14626,2,3141,520,1197,1378
CTETRA,14627,2,3141,1197,1199,1380
CTETRA,14628,2,3141,1197,1380,1378
CTETRA,14629,2,3141,1199,519,520
CTETRA,14630,2,3141,1199,520,1380
CTETRA,14631,2,3142,1197,1199,1190
CTETRA,14632,2,3142,1380,1378,1371
CTETRA,14633,2,3142,1199,1197,1380
CTETRA,14634,2,3142,1380,1197,1378
CTETRA,14635,2,3142,1197,1190,1378
CTETRA,14636,2,3142,1378,1190,1371
CTETRA,14637,2,3142,1190,1199,1380
CTETRA,14638,2,3142,1190,1380,1371
CTETRA,14639,2,3143,1190,1192,1177
CTETRA,14640,2,3143,1373,1371,1358
CTETRA,14641,2,3143,1192,1190,1373
CTETRA,14642,2,3143,1373,1190,1371
CTETRA,14643,2,3143,1190,1177,1371
CTETRA,14644,2,3143,1371,1177,1358
CTETRA,14645,2,3143,1177,1192,1373
CTETRA,14646,2,3143,1177,1373,1358
CTETRA,14647,2,3144,1177,1179,1162
CTETRA,14648,2,3144,1360,1358,1343
CTETRA,14649,2,3144,1179,1177,1360
CTETRA,14650,2,3144,1360,1177,1358
CTETRA,14651,2,3144,1177,1162,1358
CTETRA,14652,2,3144,1358,1162,1343
CTETRA,14653,2,3144,1162,1179,1360
CTETRA,14654,2,3144,1162,1360,1343
CTETRA,14655,2,3145,1162,1164,1139
CTETRA,14656,2,3145,1345,1343,1320
CTETRA,14657,2,3145,1164,1162,1345
CTETRA,14658,2,3145,1345,1162,1343
CTETRA,14659,2,3145,1162,1139,1343
CTETRA,14660,2,3145,1343,1139,1320
CTETRA,14661,2,3145,1139,1164,1345
CTETRA,14662,2,3145,1139,1345,1320
CTETRA,14663,2,3146,1225,1231,1242
CTETRA,14664,2,3146,1412,1406,1423
CTETRA,14665,2,3146,1231,1225,1412
CTETRA,14666,2,3146,1412,1225,1406
CTETRA,14667,2,3146,1225,1242,1423
CTETRA,14668,2,3146,1225,1423,1406
CTETRA,14669,2,3146,1242,1231,1423
CTETRA,14670,2,3146,1423,1231,1412
CTETRA,14671,2,3147,1324,1309,1303
CTETRA,14672,2,3147,1490,1505,1484
CTETRA,14673,2,3147,1309,1324,1505
CTETRA,14674,2,3147,1309,1505,1490
CTETRA,14675,2,3147,1324,1303,1505
CTETRA,14676,2,3147,1505,1303,1484
CTETRA,14677,2,3147,1303,1309,1490
CTETRA,14678,2,3147,1303,1490,1484
CTETRA,14679,2,3148,1241,1237,1262
CTETRA,14680,2,3148,1418,1422,1443
CTETRA,14681,2,3148,1237,1241,1422
CTETRA,14682,2,3148,1237,1422,1418
CTETRA,14683,2,3148,1241,1262,1443
CTETRA,14684,2,3148,1241,1443,1422
CTETRA,14685,2,3148,1262,1237,1443
CTETRA,14686,2,3148,1443,1237,1418
CTETRA,14687,2,3149,648,643,1377
CTETRA,14688,2,3149,642,647,1558
CTETRA,14689,2,3149,642,648,647
CTETRA,14690,2,3149,642,643,648
CTETRA,14691,2,3149,648,1377,647
CTETRA,14692,2,3149,647,1377,1558
CTETRA,14693,2,3149,1377,643,642
CTETRA,14694,2,3149,1377,642,1558
CTETRA,14695,2,3150,548,543,1210
CTETRA,14696,2,3150,542,547,1391
CTETRA,14697,2,3150,542,543,548
CTETRA,14698,2,3150,542,548,547
CTETRA,14699,2,3150,548,1210,1391
CTETRA,14700,2,3150,548,1391,547
CTETRA,14701,2,3150,1210,543,1391
CTETRA,14702,2,3150,1391,543,542
CTETRA,14703,2,3151,1297,1290,1299
CTETRA,14704,2,3151,1471,1478,1480
CTETRA,14705,2,3151,1290,1297,1478
CTETRA,14706,2,3151,1290,1478,1471
CTETRA,14707,2,3151,1297,1299,1480
CTETRA,14708,2,3151,1297,1480,1478
CTETRA,14709,2,3151,1299,1290,1480
CTETRA,14710,2,3151,1480,1290,1471
CTETRA,14711,2,3152,1221,1220,1208
CTETRA,14712,2,3152,1401,1402,1389
CTETRA,14713,2,3152,1220,1221,1402
CTETRA,14714,2,3152,1220,1402,1401
CTETRA,14715,2,3152,1221,1208,1402
CTETRA,14716,2,3152,1402,1208,1389
CTETRA,14717,2,3152,1208,1220,1401
CTETRA,14718,2,3152,1208,1401,1389
CTETRA,14719,2,3153,1334,1338,1349
CTETRA,14720,2,3153,1519,1515,1530
CTETRA,14721,2,3153,1338,1334,1519
CTETRA,14722,2,3153,1519,1334,1515
CTETRA,14723,2,3153,1334,1349,1530
CTETRA,14724,2,3153,1334,1530,1515
CTETRA,14725,2,3153,1349,1338,1530
CTETRA,14726,2,3153,1530,1338,1519
CTETRA,14727,2,3154,1259,1258,1236
CTETRA,14728,2,3154,1439,1440,1417
CTETRA,14729,2,3154,1258,1259,1440
CTETRA,14730,2,3154,1258,1440,1439
CTETRA,14731,2,3154,1259,1236,1440
CTETRA,14732,2,3154,1440,1236,1417
CTETRA,14733,2,3154,1236,1258,1439
CTETRA,14734,2,3154,1236,1439,1417
CTETRA,14735,2,3155,1364,1370,633
CTETRA,14736,2,3155,1551,1545,632
CTETRA,14737,2,3155,1370,1364,1551
CTETRA,14738,2,3155,1551,1364,1545
CTETRA,14739,2,3155,1364,633,632
CTETRA,14740,2,3155,1364,632,1545
CTETRA,14741,2,3155,633,1370,632
CTETRA,14742,2,3155,632,1370,1551
CTETRA,14743,2,3156,1203,1205,1212
CTETRA,14744,2,3156,1386,1384,1393
CTETRA,14745,2,3156,1205,1203,1386
CTETRA,14746,2,3156,1386,1203,1384
CTETRA,14747,2,3156,1203,1212,1393
CTETRA,14748,2,3156,1203,1393,1384
CTETRA,14749,2,3156,1212,1205,1393
CTETRA,14750,2,3156,1393,1205,1386
CTETRA,14751,2,3157,1353,1347,1342
CTETRA,14752,2,3157,1528,1534,1523
CTETRA,14753,2,3157,1347,1353,1534
CTETRA,14754,2,3157,1347,1534,1528
CTETRA,14755,2,3157,1353,1342,1534
CTETRA,14756,2,3157,1534,1342,1523
CTETRA,14757,2,3157,1342,1347,1528
CTETRA,14758,2,3157,1342,1528,1523
CTETRA,14759,2,3158,1215,1213,1226
CTETRA,14760,2,3158,1394,1396,1407
CTETRA,14761,2,3158,1213,1215,1396
CTETRA,14762,2,3158,1213,1396,1394
CTETRA,14763,2,3158,1215,1226,1407
CTETRA,14764,2,3158,1215,1407,1396
CTETRA,14765,2,3158,1226,1213,1407
CTETRA,14766,2,3158,1407,1213,1394
CTETRA,14767,2,3159,1360,1359,1345
CTETRA,14768,2,3159,1540,1541,1526
CTETRA,14769,2,3159,1359,1360,1541
CTETRA,14770,2,3159,1359,1541,1540
CTETRA,14771,2,3159,1360,1345,1541
CTETRA,14772,2,3159,1541,1345,1526
CTETRA,14773,2,3159,1345,1359,1540
CTETRA,14774,2,3159,1345,1540,1526
CTETRA,14775,2,3160,1243,1241,1266
CTETRA,14776,2,3160,1422,1424,1447
CTETRA,14777,2,3160,1241,1243,1424
CTETRA,14778,2,3160,1241,1424,1422
CTETRA,14779,2,3160,1243,1266,1447
CTETRA,14780,2,3160,1243,1447,1424
CTETRA,14781,2,3160,1266,1241,1447
CTETRA,14782,2,3160,1447,1241,1422
CTETRA,14783,2,3161,653,648,1379
CTETRA,14784,2,3161,647,652,1560
CTETRA,14785,2,3161,647,653,652
CTETRA,14786,2,3161,647,648,653
CTETRA,14787,2,3161,653,1379,652
CTETRA,14788,2,3161,652,1379,1560
CTETRA,14789,2,3161,1379,648,647
CTETRA,14790,2,3161,1379,647,1560
CTETRA,14791,2,3162,1356,1354,1367
CTETRA,14792,2,3162,1535,1537,1548
CTETRA,14793,2,3162,1354,1356,1537
CTETRA,14794,2,3162,1354,1537,1535
CTETRA,14795,2,3162,1356,1367,1548
CTETRA,14796,2,3162,1356,1548,1537
CTETRA,14797,2,3162,1367,1354,1548
CTETRA,14798,2,3162,1548,1354,1535
CTETRA,14799,2,3163,1242,1246,1265
CTETRA,14800,2,3163,1427,1423,1446
CTETRA,14801,2,3163,1246,1242,1427
CTETRA,14802,2,3163,1427,1242,1423
CTETRA,14803,2,3163,1242,1265,1446
CTETRA,14804,2,3163,1242,1446,1423
CTETRA,14805,2,3163,1265,1246,1446
CTETRA,14806,2,3163,1446,1246,1427
CTETRA,14807,2,3164,623,618,1336
CTETRA,14808,2,3164,617,622,1517
CTETRA,14809,2,3164,617,618,623
CTETRA,14810,2,3164,617,623,622
CTETRA,14811,2,3164,623,1336,622
CTETRA,14812,2,3164,622,1336,1517
CTETRA,14813,2,3164,1336,618,1517
CTETRA,14814,2,3164,1517,618,617
CTETRA,14815,2,3165,573,568,1202
CTETRA,14816,2,3165,567,572,1383
CTETRA,14817,2,3165,567,573,572
CTETRA,14818,2,3165,567,568,573
CTETRA,14819,2,3165,573,1202,1383
CTETRA,14820,2,3165,573,1383,572
CTETRA,14821,2,3165,1202,568,1383
CTETRA,14822,2,3165,1383,568,567
CTETRA,14823,2,3166,1315,1290,1319
CTETRA,14824,2,3166,1471,1496,1500
CTETRA,14825,2,3166,1290,1315,1496
CTETRA,14826,2,3166,1290,1496,1471
CTETRA,14827,2,3166,1315,1319,1500
CTETRA,14828,2,3166,1315,1500,1496
CTETRA,14829,2,3166,1319,1290,1500
CTETRA,14830,2,3166,1500,1290,1471
CTETRA,14831,2,3167,1273,1290,1267
CTETRA,14832,2,3167,1471,1454,1448
CTETRA,14833,2,3167,1290,1273,1471
CTETRA,14834,2,3167,1471,1273,1454
CTETRA,14835,2,3167,1273,1267,1454
CTETRA,14836,2,3167,1454,1267,1448
CTETRA,14837,2,3167,1267,1290,1471
CTETRA,14838,2,3167,1267,1471,1448
CTETRA,14839,2,3168,1311,1330,1317
CTETRA,14840,2,3168,1511,1492,1498
CTETRA,14841,2,3168,1330,1311,1511
CTETRA,14842,2,3168,1511,1311,1492
CTETRA,14843,2,3168,1311,1317,1498
CTETRA,14844,2,3168,1311,1498,1492
CTETRA,14845,2,3168,1317,1330,1511
CTETRA,14846,2,3168,1317,1511,1498
CTETRA,14847,2,3169,1236,1235,1221
CTETRA,14848,2,3169,1416,1417,1402
CTETRA,14849,2,3169,1235,1236,1417
CTETRA,14850,2,3169,1235,1417,1416
CTETRA,14851,2,3169,1236,1221,1417
CTETRA,14852,2,3169,1417,1221,1402
CTETRA,14853,2,3169,1221,1235,1416
CTETRA,14854,2,3169,1221,1416,1402
CTETRA,14855,2,3170,1313,1315,1334
CTETRA,14856,2,3170,1496,1494,1515
CTETRA,14857,2,3170,1315,1313,1496
CTETRA,14858,2,3170,1496,1313,1494
CTETRA,14859,2,3170,1313,1334,1515
CTETRA,14860,2,3170,1313,1515,1494
CTETRA,14861,2,3170,1334,1315,1515
CTETRA,14862,2,3170,1515,1315,1496
CTETRA,14863,2,3171,1203,1201,558
CTETRA,14864,2,3171,1382,1384,557
CTETRA,14865,2,3171,1201,1203,1384
CTETRA,14866,2,3171,1201,1384,1382
CTETRA,14867,2,3171,1203,558,1384
CTETRA,14868,2,3171,1384,558,557
CTETRA,14869,2,3171,558,1201,1382
CTETRA,14870,2,3171,558,1382,557
CTETRA,14871,2,3172,1370,1364,1362
CTETRA,14872,2,3172,1545,1551,1543
CTETRA,14873,2,3172,1364,1370,1551
CTETRA,14874,2,3172,1364,1551,1545
CTETRA,14875,2,3172,1370,1362,1551
CTETRA,14876,2,3172,1551,1362,1543
CTETRA,14877,2,3172,1362,1364,1545
CTETRA,14878,2,3172,1362,1545,1543
CTETRA,14879,2,3173,1212,1214,1223
CTETRA,14880,2,3173,1395,1393,1404
CTETRA,14881,2,3173,1214,1212,1395
CTETRA,14882,2,3173,1395,1212,1393
CTETRA,14883,2,3173,1212,1223,1404
CTETRA,14884,2,3173,1212,1404,1393
CTETRA,14885,2,3173,1223,1214,1404
CTETRA,14886,2,3173,1404,1214,1395
CTETRA,14887,2,3174,1342,1332,1328
CTETRA,14888,2,3174,1513,1523,1509
CTETRA,14889,2,3174,1332,1342,1523
CTETRA,14890,2,3174,1332,1523,1513
CTETRA,14891,2,3174,1342,1328,1523
CTETRA,14892,2,3174,1523,1328,1509
CTETRA,14893,2,3174,1328,1332,1513
CTETRA,14894,2,3174,1328,1513,1509
CTETRA,14895,2,3175,1226,1224,1243
CTETRA,14896,2,3175,1405,1407,1424
CTETRA,14897,2,3175,1224,1226,1407
CTETRA,14898,2,3175,1224,1407,1405
CTETRA,14899,2,3175,1226,1243,1424
CTETRA,14900,2,3175,1226,1424,1407
CTETRA,14901,2,3175,1243,1224,1424
CTETRA,14902,2,3175,1424,1224,1405
CTETRA,14903,2,3176,1345,1344,1322
CTETRA,14904,2,3176,1525,1526,1503
CTETRA,14905,2,3176,1344,1345,1526
CTETRA,14906,2,3176,1344,1526,1525
CTETRA,14907,2,3176,1345,1322,1526
CTETRA,14908,2,3176,1526,1322,1503
CTETRA,14909,2,3176,1322,1344,1525
CTETRA,14910,2,3176,1322,1525,1503
CTETRA,14911,2,3177,578,573,1204
CTETRA,14912,2,3177,572,577,1385
CTETRA,14913,2,3177,572,573,578
CTETRA,14914,2,3177,572,578,577
CTETRA,14915,2,3177,578,1204,1385
CTETRA,14916,2,3177,578,1385,577
CTETRA,14917,2,3177,1204,573,1385
CTETRA,14918,2,3177,1385,573,572
CTETRA,14919,2,3178,1319,1290,1321
CTETRA,14920,2,3178,1471,1500,1502
CTETRA,14921,2,3178,1290,1319,1500
CTETRA,14922,2,3178,1290,1500,1471
CTETRA,14923,2,3178,1319,1321,1502
CTETRA,14924,2,3178,1319,1502,1500
CTETRA,14925,2,3178,1321,1290,1502
CTETRA,14926,2,3178,1502,1290,1471
CTETRA,14927,2,3179,1339,1337,1356
CTETRA,14928,2,3179,1518,1520,1537
CTETRA,14929,2,3179,1337,1339,1520
CTETRA,14930,2,3179,1337,1520,1518
CTETRA,14931,2,3179,1339,1356,1537
CTETRA,14932,2,3179,1339,1537,1520
CTETRA,14933,2,3179,1356,1337,1537
CTETRA,14934,2,3179,1537,1337,1518
CTETRA,14935,2,3180,1201,1203,1208
CTETRA,14936,2,3180,1384,1382,1389
CTETRA,14937,2,3180,1203,1201,1384
CTETRA,14938,2,3180,1384,1201,1382
CTETRA,14939,2,3180,1201,1208,1389
CTETRA,14940,2,3180,1201,1389,1382
CTETRA,14941,2,3180,1208,1203,1389
CTETRA,14942,2,3180,1389,1203,1384
CTETRA,14943,2,3181,1362,1353,1349
CTETRA,14944,2,3181,1534,1543,1530
CTETRA,14945,2,3181,1353,1362,1543
CTETRA,14946,2,3181,1353,1543,1534
CTETRA,14947,2,3181,1362,1349,1543
CTETRA,14948,2,3181,1543,1349,1530
CTETRA,14949,2,3181,1349,1353,1534
CTETRA,14950,2,3181,1349,1534,1530
CTETRA,14951,2,3182,1223,1225,1240
CTETRA,14952,2,3182,1406,1404,1421
CTETRA,14953,2,3182,1225,1223,1406
CTETRA,14954,2,3182,1406,1223,1404
CTETRA,14955,2,3182,1223,1240,1421
CTETRA,14956,2,3182,1223,1421,1404
CTETRA,14957,2,3182,1240,1225,1421
CTETRA,14958,2,3182,1421,1225,1406
CTETRA,14959,2,3183,1328,1324,1307
CTETRA,14960,2,3183,1505,1509,1488
CTETRA,14961,2,3183,1324,1328,1509
CTETRA,14962,2,3183,1324,1509,1505
CTETRA,14963,2,3183,1328,1307,1509
CTETRA,14964,2,3183,1509,1307,1488
CTETRA,14965,2,3183,1307,1324,1505
CTETRA,14966,2,3183,1307,1505,1488
CTETRA,14967,2,3184,1260,1290,1262
CTETRA,14968,2,3184,1471,1441,1443
CTETRA,14969,2,3184,1290,1260,1471
CTETRA,14970,2,3184,1471,1260,1441
CTETRA,14971,2,3184,1260,1262,1443
CTETRA,14972,2,3184,1260,1443,1441
CTETRA,14973,2,3184,1262,1290,1471
CTETRA,14974,2,3184,1262,1471,1443
CTETRA,14975,2,3185,1368,1372,1377
CTETRA,14976,2,3185,1553,1549,1558
CTETRA,14977,2,3185,1372,1368,1553
CTETRA,14978,2,3185,1553,1368,1549
CTETRA,14979,2,3185,1368,1377,1558
CTETRA,14980,2,3185,1368,1558,1549
CTETRA,14981,2,3185,1377,1372,1558
CTETRA,14982,2,3185,1558,1372,1553
CTETRA,14983,2,3186,1318,1314,1339
CTETRA,14984,2,3186,1495,1499,1520
CTETRA,14985,2,3186,1314,1318,1499
CTETRA,14986,2,3186,1314,1499,1495
CTETRA,14987,2,3186,1318,1339,1520
CTETRA,14988,2,3186,1318,1520,1499
CTETRA,14989,2,3186,1339,1314,1520
CTETRA,14990,2,3186,1520,1314,1495
CTETRA,14991,2,3187,1350,1335,495
CTETRA,14992,2,3187,1516,1531,496
CTETRA,14993,2,3187,1335,1350,1531
CTETRA,14994,2,3187,1335,1531,1516
CTETRA,14995,2,3187,1350,495,496
CTETRA,14996,2,3187,1350,496,1531
CTETRA,14997,2,3187,495,1335,496
CTETRA,14998,2,3187,496,1335,1516
CTETRA,14999,2,3188,1211,1206,1219
CTETRA,15000,2,3188,1387,1392,1400
CTETRA,15001,2,3188,1206,1211,1392
CTETRA,15002,2,3188,1206,1392,1387
CTETRA,15003,2,3188,1211,1219,1400
CTETRA,15004,2,3188,1211,1400,1392
CTETRA,15005,2,3188,1219,1206,1400
CTETRA,15006,2,3188,1400,1206,1387
CTETRA,15007,2,3189,1208,1212,1221
CTETRA,15008,2,3189,1393,1389,1402
CTETRA,15009,2,3189,1212,1208,1393
CTETRA,15010,2,3189,1393,1208,1389
CTETRA,15011,2,3189,1208,1221,1402
CTETRA,15012,2,3189,1208,1402,1389
CTETRA,15013,2,3189,1221,1212,1402
CTETRA,15014,2,3189,1402,1212,1393
CTETRA,15015,2,3190,1349,1342,1334
CTETRA,15016,2,3190,1523,1530,1515
CTETRA,15017,2,3190,1342,1349,1530
CTETRA,15018,2,3190,1342,1530,1523
CTETRA,15019,2,3190,1349,1334,1530
CTETRA,15020,2,3190,1530,1334,1515
CTETRA,15021,2,3190,1334,1342,1523
CTETRA,15022,2,3190,1334,1523,1515
CTETRA,15023,2,3191,1240,1242,1261
CTETRA,15024,2,3191,1423,1421,1442
CTETRA,15025,2,3191,1242,1240,1423
CTETRA,15026,2,3191,1423,1240,1421
CTETRA,15027,2,3191,1240,1261,1442
CTETRA,15028,2,3191,1240,1442,1421
CTETRA,15029,2,3191,1261,1242,1442
CTETRA,15030,2,3191,1442,1242,1423
CTETRA,15031,2,3192,628,623,1351
CTETRA,15032,2,3192,622,627,1532
CTETRA,15033,2,3192,622,623,628
CTETRA,15034,2,3192,622,628,627
CTETRA,15035,2,3192,628,1351,627
CTETRA,15036,2,3192,627,1351,1532
CTETRA,15037,2,3192,1351,623,1532
CTETRA,15038,2,3192,1532,623,622
CTETRA,15039,2,3193,1209,1213,1202
CTETRA,15040,2,3193,1394,1390,1383
CTETRA,15041,2,3193,1213,1209,1394
CTETRA,15042,2,3193,1394,1209,1390
CTETRA,15043,2,3193,1209,1202,1390
CTETRA,15044,2,3193,1390,1202,1383
CTETRA,15045,2,3193,1202,1213,1394
CTETRA,15046,2,3193,1202,1394,1383
CTETRA,15047,2,3194,1357,1359,1368
CTETRA,15048,2,3194,1540,1538,1549
CTETRA,15049,2,3194,1359,1357,1540
CTETRA,15050,2,3194,1540,1357,1538
CTETRA,15051,2,3194,1357,1368,1549
CTETRA,15052,2,3194,1357,1549,1538
CTETRA,15053,2,3194,1368,1359,1549
CTETRA,15054,2,3194,1549,1359,1540
CTETRA,15055,2,3195,1378,1376,520
CTETRA,15056,2,3195,1557,1559,521
CTETRA,15057,2,3195,1376,1378,1559
CTETRA,15058,2,3195,1376,1559,1557
CTETRA,15059,2,3195,1378,520,521
CTETRA,15060,2,3195,1378,521,1559
CTETRA,15061,2,3195,520,1376,521
CTETRA,15062,2,3195,521,1376,1557
CTETRA,15063,2,3196,1221,1223,1236
CTETRA,15064,2,3196,1404,1402,1417
CTETRA,15065,2,3196,1223,1221,1404
CTETRA,15066,2,3196,1404,1221,1402
CTETRA,15067,2,3196,1221,1236,1417
CTETRA,15068,2,3196,1221,1417,1402
CTETRA,15069,2,3196,1236,1223,1417
CTETRA,15070,2,3196,1417,1223,1404
CTETRA,15071,2,3197,1334,1328,1313
CTETRA,15072,2,3197,1509,1515,1494
CTETRA,15073,2,3197,1328,1334,1515
CTETRA,15074,2,3197,1328,1515,1509
CTETRA,15075,2,3197,1334,1313,1515
CTETRA,15076,2,3197,1515,1313,1494
CTETRA,15077,2,3197,1313,1328,1509
CTETRA,15078,2,3197,1313,1509,1494
CTETRA,15079,2,3198,553,548,1205
CTETRA,15080,2,3198,547,552,1386
CTETRA,15081,2,3198,547,548,553
CTETRA,15082,2,3198,547,553,552
CTETRA,15083,2,3198,553,1205,1386
CTETRA,15084,2,3198,553,1386,552
CTETRA,15085,2,3198,1205,548,1386
CTETRA,15086,2,3198,1386,548,547
CTETRA,15087,2,3199,1299,1290,1303
CTETRA,15088,2,3199,1471,1480,1484
CTETRA,15089,2,3199,1290,1299,1480
CTETRA,15090,2,3199,1290,1480,1471
CTETRA,15091,2,3199,1299,1303,1484
CTETRA,15092,2,3199,1299,1484,1480
CTETRA,15093,2,3199,1303,1290,1484
CTETRA,15094,2,3199,1484,1290,1471
CTETRA,15095,2,3200,1222,1224,1209
CTETRA,15096,2,3200,1405,1403,1390
CTETRA,15097,2,3200,1224,1222,1405
CTETRA,15098,2,3200,1405,1222,1403
CTETRA,15099,2,3200,1222,1209,1403
CTETRA,15100,2,3200,1403,1209,1390
CTETRA,15101,2,3200,1209,1224,1405
CTETRA,15102,2,3200,1209,1405,1390
CTETRA,15103,2,3201,1340,1344,1357
CTETRA,15104,2,3201,1525,1521,1538
CTETRA,15105,2,3201,1344,1340,1525
CTETRA,15106,2,3201,1525,1340,1521
CTETRA,15107,2,3201,1340,1357,1538
CTETRA,15108,2,3201,1340,1538,1521
CTETRA,15109,2,3201,1357,1344,1538
CTETRA,15110,2,3201,1538,1344,1525
CTETRA,15111,2,3202,1376,1378,1367
CTETRA,15112,2,3202,1559,1557,1548
CTETRA,15113,2,3202,1378,1376,1559
CTETRA,15114,2,3202,1559,1376,1557
CTETRA,15115,2,3202,1376,1367,1557
CTETRA,15116,2,3202,1557,1367,1548
CTETRA,15117,2,3202,1367,1378,1559
CTETRA,15118,2,3202,1367,1559,1548
CTETRA,15119,2,3203,1329,1346,1325
CTETRA,15120,2,3203,1527,1510,1506
CTETRA,15121,2,3203,1346,1329,1527
CTETRA,15122,2,3203,1527,1329,1510
CTETRA,15123,2,3203,1329,1325,1510
CTETRA,15124,2,3203,1510,1325,1506
CTETRA,15125,2,3203,1325,1346,1527
CTETRA,15126,2,3203,1325,1527,1506
CTETRA,15127,2,3204,1232,1226,1247
CTETRA,15128,2,3204,1407,1413,1428
CTETRA,15129,2,3204,1226,1232,1413
CTETRA,15130,2,3204,1226,1413,1407
CTETRA,15131,2,3204,1232,1247,1428
CTETRA,15132,2,3204,1232,1428,1413
CTETRA,15133,2,3204,1247,1226,1428
CTETRA,15134,2,3204,1428,1226,1407
CTETRA,15135,2,3205,1236,1240,1259
CTETRA,15136,2,3205,1421,1417,1440
CTETRA,15137,2,3205,1240,1236,1421
CTETRA,15138,2,3205,1421,1236,1417
CTETRA,15139,2,3205,1236,1259,1440
CTETRA,15140,2,3205,1236,1440,1417
CTETRA,15141,2,3205,1259,1240,1440
CTETRA,15142,2,3205,1440,1240,1421
CTETRA,15143,2,3206,633,628,1364
CTETRA,15144,2,3206,627,632,1545
CTETRA,15145,2,3206,627,628,633
CTETRA,15146,2,3206,627,633,632
CTETRA,15147,2,3206,633,1364,632
CTETRA,15148,2,3206,632,1364,1545
CTETRA,15149,2,3206,1364,628,1545
CTETRA,15150,2,3206,1545,628,627
CTETRA,15151,2,3207,1267,1290,1265
CTETRA,15152,2,3207,1471,1448,1446
CTETRA,15153,2,3207,1290,1267,1471
CTETRA,15154,2,3207,1471,1267,1448
CTETRA,15155,2,3207,1267,1265,1448
CTETRA,15156,2,3207,1448,1265,1446
CTETRA,15157,2,3207,1265,1290,1471
CTETRA,15158,2,3207,1265,1471,1446
CTETRA,15159,2,3208,1330,1347,1336
CTETRA,15160,2,3208,1528,1511,1517
CTETRA,15161,2,3208,1347,1330,1528
CTETRA,15162,2,3208,1528,1330,1511
CTETRA,15163,2,3208,1330,1336,1517
CTETRA,15164,2,3208,1330,1517,1511
CTETRA,15165,2,3208,1336,1347,1528
CTETRA,15166,2,3208,1336,1528,1517
CTETRA,15167,2,3209,1237,1241,1222
CTETRA,15168,2,3209,1422,1418,1403
CTETRA,15169,2,3209,1241,1237,1422
CTETRA,15170,2,3209,1422,1237,1418
CTETRA,15171,2,3209,1237,1222,1418
CTETRA,15172,2,3209,1418,1222,1403
CTETRA,15173,2,3209,1222,1241,1422
CTETRA,15174,2,3209,1222,1422,1403
CTETRA,15175,2,3210,1319,1321,1340
CTETRA,15176,2,3210,1502,1500,1521
CTETRA,15177,2,3210,1321,1319,1502
CTETRA,15178,2,3210,1502,1319,1500
CTETRA,15179,2,3210,1319,1340,1521
CTETRA,15180,2,3210,1319,1521,1500
CTETRA,15181,2,3210,1340,1321,1521
CTETRA,15182,2,3210,1521,1321,1502
CTETRA,15183,2,3211,1367,1371,1356
CTETRA,15184,2,3211,1552,1548,1537
CTETRA,15185,2,3211,1371,1367,1552
CTETRA,15186,2,3211,1552,1367,1548
CTETRA,15187,2,3211,1367,1356,1548
CTETRA,15188,2,3211,1548,1356,1537
CTETRA,15189,2,3211,1356,1371,1552
CTETRA,15190,2,3211,1356,1552,1537
CTETRA,15191,2,3212,1247,1243,1268
CTETRA,15192,2,3212,1424,1428,1449
CTETRA,15193,2,3212,1243,1247,1428
CTETRA,15194,2,3212,1243,1428,1424
CTETRA,15195,2,3212,1247,1268,1449
CTETRA,15196,2,3212,1247,1449,1428
CTETRA,15197,2,3212,1268,1243,1449
CTETRA,15198,2,3212,1449,1243,1424
CTETRA,15199,2,3213,525,653,1380
CTETRA,15200,2,3213,652,526,1561
CTETRA,15201,2,3213,652,525,526
CTETRA,15202,2,3213,652,653,525
CTETRA,15203,2,3213,525,1380,526
CTETRA,15204,2,3213,526,1380,1561
CTETRA,15205,2,3213,1380,653,652
CTETRA,15206,2,3213,1380,652,1561
CTETRA,15207,2,3214,558,553,1203
CTETRA,15208,2,3214,552,557,1384
CTETRA,15209,2,3214,552,553,558
CTETRA,15210,2,3214,552,558,557
CTETRA,15211,2,3214,558,1203,1384
CTETRA,15212,2,3214,558,1384,557
CTETRA,15213,2,3214,1203,553,1384
CTETRA,15214,2,3214,1384,553,552
CTETRA,15215,2,3215,1303,1290,1307
CTETRA,15216,2,3215,1471,1484,1488
CTETRA,15217,2,3215,1290,1303,1484
CTETRA,15218,2,3215,1290,1484,1471
CTETRA,15219,2,3215,1303,1307,1488
CTETRA,15220,2,3215,1303,1488,1484
CTETRA,15221,2,3215,1307,1290,1488
CTETRA,15222,2,3215,1488,1290,1471
CTETRA,15223,2,3216,1218,1214,1210
CTETRA,15224,2,3216,1395,1399,1391
CTETRA,15225,2,3216,1214,1218,1399
CTETRA,15226,2,3216,1214,1399,1395
CTETRA,15227,2,3216,1218,1210,1399
CTETRA,15228,2,3216,1399,1210,1391
CTETRA,15229,2,3216,1210,1214,1395
CTETRA,15230,2,3216,1210,1395,1391
CTETRA,15231,2,3217,1326,1332,1330
CTETRA,15232,2,3217,1513,1507,1511
CTETRA,15233,2,3217,1332,1326,1513
CTETRA,15234,2,3217,1513,1326,1507
CTETRA,15235,2,3217,1326,1330,1511
CTETRA,15236,2,3217,1326,1511,1507
CTETRA,15237,2,3217,1330,1332,1513
CTETRA,15238,2,3217,1330,1513,1511
CTETRA,15239,2,3218,1260,1262,1237
CTETRA,15240,2,3218,1443,1441,1418
CTETRA,15241,2,3218,1262,1260,1443
CTETRA,15242,2,3218,1443,1260,1441
CTETRA,15243,2,3218,1260,1237,1441
CTETRA,15244,2,3218,1441,1237,1418
CTETRA,15245,2,3218,1237,1262,1443
CTETRA,15246,2,3218,1237,1443,1418
CTETRA,15247,2,3219,1375,1377,643
CTETRA,15248,2,3219,1558,1556,642
CTETRA,15249,2,3219,1377,1375,1558
CTETRA,15250,2,3219,1558,1375,1556
CTETRA,15251,2,3219,1375,643,642
CTETRA,15252,2,3219,1375,642,1556
CTETRA,15253,2,3219,643,1377,642
CTETRA,15254,2,3219,642,1377,1558
CTETRA,15255,2,3220,1356,1358,1339
CTETRA,15256,2,3220,1539,1537,1520
CTETRA,15257,2,3220,1358,1356,1539
CTETRA,15258,2,3220,1539,1356,1537
CTETRA,15259,2,3220,1356,1339,1537
CTETRA,15260,2,3220,1537,1339,1520
CTETRA,15261,2,3220,1339,1358,1539
CTETRA,15262,2,3220,1339,1539,1520
CTETRA,15263,2,3221,583,578,1206
CTETRA,15264,2,3221,577,582,1387
CTETRA,15265,2,3221,577,583,582
CTETRA,15266,2,3221,577,578,583
CTETRA,15267,2,3221,583,1206,1387
CTETRA,15268,2,3221,583,1387,582
CTETRA,15269,2,3221,1206,578,1387
CTETRA,15270,2,3221,1387,578,577
CTETRA,15271,2,3222,1321,1290,1322
CTETRA,15272,2,3222,1471,1502,1503
CTETRA,15273,2,3222,1290,1321,1502
CTETRA,15274,2,3222,1290,1502,1471
CTETRA,15275,2,3222,1321,1322,1503
CTETRA,15276,2,3222,1321,1503,1502
CTETRA,15277,2,3222,1322,1290,1503
CTETRA,15278,2,3222,1503,1290,1471
CTETRA,15279,2,3223,1265,1290,1261
CTETRA,15280,2,3223,1471,1446,1442
CTETRA,15281,2,3223,1290,1265,1471
CTETRA,15282,2,3223,1471,1265,1446
CTETRA,15283,2,3223,1265,1261,1446
CTETRA,15284,2,3223,1446,1261,1442
CTETRA,15285,2,3223,1261,1290,1471
CTETRA,15286,2,3223,1261,1471,1442
CTETRA,15287,2,3224,1347,1353,1351
CTETRA,15288,2,3224,1534,1528,1532
CTETRA,15289,2,3224,1353,1347,1534
CTETRA,15290,2,3224,1534,1347,1528
CTETRA,15291,2,3224,1347,1351,1532
CTETRA,15292,2,3224,1347,1532,1528
CTETRA,15293,2,3224,1351,1353,1534
CTETRA,15294,2,3224,1351,1534,1532
CTETRA,15295,2,3225,1231,1225,1218
CTETRA,15296,2,3225,1406,1412,1399
CTETRA,15297,2,3225,1225,1231,1412
CTETRA,15298,2,3225,1225,1412,1406
CTETRA,15299,2,3225,1231,1218,1412
CTETRA,15300,2,3225,1412,1218,1399
CTETRA,15301,2,3225,1218,1225,1406
CTETRA,15302,2,3225,1218,1406,1399
CTETRA,15303,2,3226,1309,1324,1326
CTETRA,15304,2,3226,1505,1490,1507
CTETRA,15305,2,3226,1324,1309,1505
CTETRA,15306,2,3226,1505,1309,1490
CTETRA,15307,2,3226,1309,1326,1507
CTETRA,15308,2,3226,1309,1507,1490
CTETRA,15309,2,3226,1326,1324,1507
CTETRA,15310,2,3226,1507,1324,1505
CTETRA,15311,2,3227,1200,1202,568
CTETRA,15312,2,3227,1383,1381,567
CTETRA,15313,2,3227,1202,1200,1383
CTETRA,15314,2,3227,1383,1200,1381
CTETRA,15315,2,3227,1200,568,1381
CTETRA,15316,2,3227,1381,568,567
CTETRA,15317,2,3227,568,1202,1383
CTETRA,15318,2,3227,568,1383,567
CTETRA,15319,2,3228,1377,1375,1368
CTETRA,15320,2,3228,1556,1558,1549
CTETRA,15321,2,3228,1375,1377,1558
CTETRA,15322,2,3228,1375,1558,1556
CTETRA,15323,2,3228,1377,1368,1558
CTETRA,15324,2,3228,1558,1368,1549
CTETRA,15325,2,3228,1368,1375,1556
CTETRA,15326,2,3228,1368,1556,1549
CTETRA,15327,2,3229,1339,1343,1318
CTETRA,15328,2,3229,1524,1520,1499
CTETRA,15329,2,3229,1343,1339,1524
CTETRA,15330,2,3229,1524,1339,1520
CTETRA,15331,2,3229,1339,1318,1520
CTETRA,15332,2,3229,1520,1318,1499
CTETRA,15333,2,3229,1318,1343,1524
CTETRA,15334,2,3229,1318,1524,1499
CTETRA,15335,2,3230,1262,1290,1266
CTETRA,15336,2,3230,1471,1443,1447
CTETRA,15337,2,3230,1290,1262,1471
CTETRA,15338,2,3230,1471,1262,1443
CTETRA,15339,2,3230,1262,1266,1447
CTETRA,15340,2,3230,1262,1447,1443
CTETRA,15341,2,3230,1266,1290,1471
CTETRA,15342,2,3230,1266,1471,1447
CTETRA,15343,2,3231,1372,1373,1379
CTETRA,15344,2,3231,1554,1553,1560
CTETRA,15345,2,3231,1373,1372,1554
CTETRA,15346,2,3231,1554,1372,1553
CTETRA,15347,2,3231,1372,1379,1560
CTETRA,15348,2,3231,1372,1560,1553
CTETRA,15349,2,3231,1379,1373,1560
CTETRA,15350,2,3231,1560,1373,1554
CTETRA,15351,2,3232,1214,1212,1205
CTETRA,15352,2,3232,1393,1395,1386
CTETRA,15353,2,3232,1212,1214,1395
CTETRA,15354,2,3232,1212,1395,1393
CTETRA,15355,2,3232,1214,1205,1395
CTETRA,15356,2,3232,1395,1205,1386
CTETRA,15357,2,3232,1205,1212,1393
CTETRA,15358,2,3232,1205,1393,1386
CTETRA,15359,2,3233,1332,1342,1347
CTETRA,15360,2,3233,1523,1513,1528
CTETRA,15361,2,3233,1342,1332,1523
CTETRA,15362,2,3233,1523,1332,1513
CTETRA,15363,2,3233,1332,1347,1528
CTETRA,15364,2,3233,1332,1528,1513
CTETRA,15365,2,3233,1347,1342,1528
CTETRA,15366,2,3233,1528,1342,1523
CTETRA,15367,2,3234,1246,1242,1231
CTETRA,15368,2,3234,1423,1427,1412
CTETRA,15369,2,3234,1242,1246,1427
CTETRA,15370,2,3234,1242,1427,1423
CTETRA,15371,2,3234,1246,1231,1427
CTETRA,15372,2,3234,1427,1231,1412
CTETRA,15373,2,3234,1231,1242,1423
CTETRA,15374,2,3234,1231,1423,1412
CTETRA,15375,2,3235,1299,1303,1309
CTETRA,15376,2,3235,1484,1480,1490
CTETRA,15377,2,3235,1303,1299,1484
CTETRA,15378,2,3235,1484,1299,1480
CTETRA,15379,2,3235,1299,1309,1490
CTETRA,15380,2,3235,1299,1490,1480
CTETRA,15381,2,3235,1309,1303,1490
CTETRA,15382,2,3235,1490,1303,1484
CTETRA,15383,2,3236,1202,1200,1209
CTETRA,15384,2,3236,1381,1383,1390
CTETRA,15385,2,3236,1200,1202,1383
CTETRA,15386,2,3236,1200,1383,1381
CTETRA,15387,2,3236,1202,1209,1390
CTETRA,15388,2,3236,1202,1390,1383
CTETRA,15389,2,3236,1209,1200,1390
CTETRA,15390,2,3236,1390,1200,1381
CTETRA,15391,2,3237,1368,1366,1357
CTETRA,15392,2,3237,1547,1549,1538
CTETRA,15393,2,3237,1366,1368,1549
CTETRA,15394,2,3237,1366,1549,1547
CTETRA,15395,2,3237,1368,1357,1549
CTETRA,15396,2,3237,1549,1357,1538
CTETRA,15397,2,3237,1357,1366,1547
CTETRA,15398,2,3237,1357,1547,1538
CTETRA,15399,2,3238,525,1380,520
CTETRA,15400,2,3238,1561,526,521
CTETRA,15401,2,3238,1380,525,526
CTETRA,15402,2,3238,1380,526,1561
CTETRA,15403,2,3238,520,526,525
CTETRA,15404,2,3238,520,521,526
CTETRA,15405,2,3238,520,1380,521
CTETRA,15406,2,3238,521,1380,1561
CTETRA,15407,2,3239,1213,1215,1204
CTETRA,15408,2,3239,1396,1394,1385
CTETRA,15409,2,3239,1215,1213,1396
CTETRA,15410,2,3239,1396,1213,1394
CTETRA,15411,2,3239,1213,1204,1394
CTETRA,15412,2,3239,1394,1204,1385
CTETRA,15413,2,3239,1204,1215,1396
CTETRA,15414,2,3239,1204,1396,1385
CTETRA,15415,2,3240,1359,1360,1372
CTETRA,15416,2,3240,1541,1540,1553
CTETRA,15417,2,3240,1360,1359,1541
CTETRA,15418,2,3240,1541,1359,1540
CTETRA,15419,2,3240,1359,1372,1553
CTETRA,15420,2,3240,1359,1553,1540
CTETRA,15421,2,3240,1372,1360,1553
CTETRA,15422,2,3240,1553,1360,1541
CTETRA,15423,2,3241,1225,1223,1214
CTETRA,15424,2,3241,1404,1406,1395
CTETRA,15425,2,3241,1223,1225,1406
CTETRA,15426,2,3241,1223,1406,1404
CTETRA,15427,2,3241,1225,1214,1406
CTETRA,15428,2,3241,1406,1214,1395
CTETRA,15429,2,3241,1214,1223,1404
CTETRA,15430,2,3241,1214,1404,1395
CTETRA,15431,2,3242,1324,1328,1332
CTETRA,15432,2,3242,1509,1505,1513
CTETRA,15433,2,3242,1328,1324,1509
CTETRA,15434,2,3242,1509,1324,1505
CTETRA,15435,2,3242,1324,1332,1513
CTETRA,15436,2,3242,1324,1513,1505
CTETRA,15437,2,3242,1332,1328,1513
CTETRA,15438,2,3242,1513,1328,1509
CTETRA,15439,2,3243,1267,1265,1246
CTETRA,15440,2,3243,1446,1448,1427
CTETRA,15441,2,3243,1265,1267,1448
CTETRA,15442,2,3243,1265,1448,1446
CTETRA,15443,2,3243,1267,1246,1448
CTETRA,15444,2,3243,1448,1246,1427
CTETRA,15445,2,3243,1246,1265,1446
CTETRA,15446,2,3243,1246,1446,1427
CTETRA,15447,2,3244,1317,1336,618
CTETRA,15448,2,3244,1517,1498,617
CTETRA,15449,2,3244,1336,1317,1517
CTETRA,15450,2,3244,1517,1317,1498
CTETRA,15451,2,3244,1317,618,617
CTETRA,15452,2,3244,1317,617,1498
CTETRA,15453,2,3244,618,1336,1517
CTETRA,15454,2,3244,618,1517,617
CTETRA,15455,2,3245,1209,1207,1222
CTETRA,15456,2,3245,1388,1390,1403
CTETRA,15457,2,3245,1207,1209,1390
CTETRA,15458,2,3245,1207,1390,1388
CTETRA,15459,2,3245,1209,1222,1403
CTETRA,15460,2,3245,1209,1403,1390
CTETRA,15461,2,3245,1222,1207,1403
CTETRA,15462,2,3245,1403,1207,1388
CTETRA,15463,2,3246,1357,1355,1340
CTETRA,15464,2,3246,1536,1538,1521
CTETRA,15465,2,3246,1355,1357,1538
CTETRA,15466,2,3246,1355,1538,1536
CTETRA,15467,2,3246,1357,1340,1538
CTETRA,15468,2,3246,1538,1340,1521
CTETRA,15469,2,3246,1340,1355,1536
CTETRA,15470,2,3246,1340,1536,1521
CTETRA,15471,2,3247,1322,1290,1320
CTETRA,15472,2,3247,1471,1503,1501
CTETRA,15473,2,3247,1290,1322,1503
CTETRA,15474,2,3247,1290,1503,1471
CTETRA,15475,2,3247,1322,1320,1503
CTETRA,15476,2,3247,1503,1320,1501
CTETRA,15477,2,3247,1320,1290,1501
CTETRA,15478,2,3247,1501,1290,1471
CTETRA,15479,2,3248,1224,1226,1213
CTETRA,15480,2,3248,1407,1405,1394
CTETRA,15481,2,3248,1226,1224,1407
CTETRA,15482,2,3248,1407,1224,1405
CTETRA,15483,2,3248,1224,1213,1405
CTETRA,15484,2,3248,1405,1213,1394
CTETRA,15485,2,3248,1213,1226,1407
CTETRA,15486,2,3248,1213,1407,1394
CTETRA,15487,2,3249,1344,1345,1359
CTETRA,15488,2,3249,1526,1525,1540
CTETRA,15489,2,3249,1345,1344,1526
CTETRA,15490,2,3249,1526,1344,1525
CTETRA,15491,2,3249,1344,1359,1540
CTETRA,15492,2,3249,1344,1540,1525
CTETRA,15493,2,3249,1359,1345,1540
CTETRA,15494,2,3249,1540,1345,1526
CTETRA,15495,2,3250,1242,1240,1225
CTETRA,15496,2,3250,1421,1423,1406
CTETRA,15497,2,3250,1240,1242,1423
CTETRA,15498,2,3250,1240,1423,1421
CTETRA,15499,2,3250,1242,1225,1423
CTETRA,15500,2,3250,1423,1225,1406
CTETRA,15501,2,3250,1225,1240,1421
CTETRA,15502,2,3250,1225,1421,1406
CTETRA,15503,2,3251,1303,1307,1324
CTETRA,15504,2,3251,1488,1484,1505
CTETRA,15505,2,3251,1307,1303,1488
CTETRA,15506,2,3251,1488,1303,1484
CTETRA,15507,2,3251,1303,1324,1505
CTETRA,15508,2,3251,1303,1505,1484
CTETRA,15509,2,3251,1324,1307,1505
CTETRA,15510,2,3251,1505,1307,1488
CTETRA,15511,2,3252,1222,1220,1237
CTETRA,15512,2,3252,1401,1403,1418
CTETRA,15513,2,3252,1220,1222,1403
CTETRA,15514,2,3252,1220,1403,1401
CTETRA,15515,2,3252,1222,1237,1418
CTETRA,15516,2,3252,1222,1418,1403
CTETRA,15517,2,3252,1237,1220,1418
CTETRA,15518,2,3252,1418,1220,1401
CTETRA,15519,2,3253,1340,1338,1319
CTETRA,15520,2,3253,1519,1521,1500
CTETRA,15521,2,3253,1338,1340,1521
CTETRA,15522,2,3253,1338,1521,1519
CTETRA,15523,2,3253,1340,1319,1521
CTETRA,15524,2,3253,1521,1319,1500
CTETRA,15525,2,3253,1319,1338,1519
CTETRA,15526,2,3253,1319,1519,1500
CTETRA,15527,2,3254,1373,1371,1380
CTETRA,15528,2,3254,1552,1554,1561
CTETRA,15529,2,3254,1371,1373,1554
CTETRA,15530,2,3254,1371,1554,1552
CTETRA,15531,2,3254,1373,1380,1561
CTETRA,15532,2,3254,1373,1561,1554
CTETRA,15533,2,3254,1380,1371,1561
CTETRA,15534,2,3254,1561,1371,1552
CTETRA,15535,2,3255,1241,1243,1224
CTETRA,15536,2,3255,1424,1422,1405
CTETRA,15537,2,3255,1243,1241,1424
CTETRA,15538,2,3255,1424,1241,1422
CTETRA,15539,2,3255,1241,1224,1422
CTETRA,15540,2,3255,1422,1224,1405
CTETRA,15541,2,3255,1224,1243,1424
CTETRA,15542,2,3255,1224,1424,1405
CTETRA,15543,2,3256,1321,1322,1344
CTETRA,15544,2,3256,1503,1502,1525
CTETRA,15545,2,3256,1322,1321,1503
CTETRA,15546,2,3256,1503,1321,1502
CTETRA,15547,2,3256,1321,1344,1525
CTETRA,15548,2,3256,1321,1525,1502
CTETRA,15549,2,3256,1344,1322,1525
CTETRA,15550,2,3256,1525,1322,1503
CTETRA,15551,2,3257,1265,1261,1242
CTETRA,15552,2,3257,1442,1446,1423
CTETRA,15553,2,3257,1261,1265,1446
CTETRA,15554,2,3257,1261,1446,1442
CTETRA,15555,2,3257,1265,1242,1446
CTETRA,15556,2,3257,1446,1242,1423
CTETRA,15557,2,3257,1242,1261,1442
CTETRA,15558,2,3257,1242,1442,1423
CTETRA,15559,2,3258,1336,1351,623
CTETRA,15560,2,3258,1532,1517,622
CTETRA,15561,2,3258,1351,1336,1532
CTETRA,15562,2,3258,1532,1336,1517
CTETRA,15563,2,3258,1336,623,622
CTETRA,15564,2,3258,1336,622,1517
CTETRA,15565,2,3258,623,1351,1532
CTETRA,15566,2,3258,623,1532,622
CTETRA,15567,2,3259,1237,1235,1260
CTETRA,15568,2,3259,1416,1418,1441
CTETRA,15569,2,3259,1235,1237,1418
CTETRA,15570,2,3259,1235,1418,1416
CTETRA,15571,2,3259,1237,1260,1441
CTETRA,15572,2,3259,1237,1441,1418
CTETRA,15573,2,3259,1260,1235,1441
CTETRA,15574,2,3259,1441,1235,1416
CTETRA,15575,2,3260,643,638,1375
CTETRA,15576,2,3260,637,642,1556
CTETRA,15577,2,3260,637,638,643
CTETRA,15578,2,3260,637,643,642
CTETRA,15579,2,3260,643,1375,642
CTETRA,15580,2,3260,642,1375,1556
CTETRA,15581,2,3260,1375,638,637
CTETRA,15582,2,3260,1375,637,1556
CTETRA,15583,2,3261,1360,1358,1373
CTETRA,15584,2,3261,1539,1541,1554
CTETRA,15585,2,3261,1358,1360,1541
CTETRA,15586,2,3261,1358,1541,1539
CTETRA,15587,2,3261,1360,1373,1554
CTETRA,15588,2,3261,1360,1554,1541
CTETRA,15589,2,3261,1373,1358,1554
CTETRA,15590,2,3261,1554,1358,1539
CTETRA,15591,2,3262,1262,1266,1241
CTETRA,15592,2,3262,1447,1443,1422
CTETRA,15593,2,3262,1266,1262,1447
CTETRA,15594,2,3262,1447,1262,1443
CTETRA,15595,2,3262,1262,1241,1443
CTETRA,15596,2,3262,1443,1241,1422
CTETRA,15597,2,3262,1241,1266,1447
CTETRA,15598,2,3262,1241,1447,1422
CTETRA,15599,2,3263,1377,1379,648
CTETRA,15600,2,3263,1560,1558,647
CTETRA,15601,2,3263,1379,1377,1560
CTETRA,15602,2,3263,1560,1377,1558
CTETRA,15603,2,3263,1377,648,647
CTETRA,15604,2,3263,1377,647,1558
CTETRA,15605,2,3263,648,1379,647
CTETRA,15606,2,3263,647,1379,1560
CTETRA,15607,2,3264,1210,1205,548
CTETRA,15608,2,3264,1386,1391,547
CTETRA,15609,2,3264,1205,1210,1391
CTETRA,15610,2,3264,1205,1391,1386
CTETRA,15611,2,3264,1210,548,1391
CTETRA,15612,2,3264,1391,548,547
CTETRA,15613,2,3264,548,1205,1386
CTETRA,15614,2,3264,548,1386,547
CTETRA,15615,2,3265,1351,1336,1347
CTETRA,15616,2,3265,1517,1532,1528
CTETRA,15617,2,3265,1336,1351,1532
CTETRA,15618,2,3265,1336,1532,1517
CTETRA,15619,2,3265,1351,1347,1532
CTETRA,15620,2,3265,1532,1347,1528
CTETRA,15621,2,3265,1347,1336,1528
CTETRA,15622,2,3265,1528,1336,1517
CTETRA,15623,2,3266,568,563,1200
CTETRA,15624,2,3266,562,567,1381
CTETRA,15625,2,3266,562,563,568
CTETRA,15626,2,3266,562,568,567
CTETRA,15627,2,3266,568,1200,1381
CTETRA,15628,2,3266,568,1381,567
CTETRA,15629,2,3266,1200,563,1381
CTETRA,15630,2,3266,1381,563,562
CTETRA,15631,2,3267,1313,1290,1315
CTETRA,15632,2,3267,1471,1494,1496
CTETRA,15633,2,3267,1290,1313,1494
CTETRA,15634,2,3267,1290,1494,1471
CTETRA,15635,2,3267,1313,1315,1496
CTETRA,15636,2,3267,1313,1496,1494
CTETRA,15637,2,3267,1315,1290,1496
CTETRA,15638,2,3267,1496,1290,1471
CTETRA,15639,2,3268,1345,1343,1360
CTETRA,15640,2,3268,1524,1526,1541
CTETRA,15641,2,3268,1343,1345,1526
CTETRA,15642,2,3268,1343,1526,1524
CTETRA,15643,2,3268,1345,1360,1541
CTETRA,15644,2,3268,1345,1541,1526
CTETRA,15645,2,3268,1360,1343,1541
CTETRA,15646,2,3268,1541,1343,1524
CTETRA,15647,2,3269,563,558,1201
CTETRA,15648,2,3269,557,562,1382
CTETRA,15649,2,3269,557,558,563
CTETRA,15650,2,3269,557,563,562
CTETRA,15651,2,3269,563,1201,1382
CTETRA,15652,2,3269,563,1382,562
CTETRA,15653,2,3269,1201,558,1382
CTETRA,15654,2,3269,1382,558,557
CTETRA,15655,2,3270,1307,1290,1313
CTETRA,15656,2,3270,1471,1488,1494
CTETRA,15657,2,3270,1290,1307,1488
CTETRA,15658,2,3270,1290,1488,1471
CTETRA,15659,2,3270,1307,1313,1494
CTETRA,15660,2,3270,1307,1494,1488
CTETRA,15661,2,3270,1313,1290,1494
CTETRA,15662,2,3270,1494,1290,1471
CTETRA,15663,2,3271,490,495,1335
CTETRA,15664,2,3271,496,491,1516
CTETRA,15665,2,3271,490,491,496
CTETRA,15666,2,3271,490,496,495
CTETRA,15667,2,3271,490,1335,491
CTETRA,15668,2,3271,491,1335,1516
CTETRA,15669,2,3271,1335,495,496
CTETRA,15670,2,3271,1335,496,1516
CTETRA,15671,2,3272,1266,1290,1268
CTETRA,15672,2,3272,1471,1447,1449
CTETRA,15673,2,3272,1290,1266,1471
CTETRA,15674,2,3272,1471,1266,1447
CTETRA,15675,2,3272,1266,1268,1449
CTETRA,15676,2,3272,1266,1449,1447
CTETRA,15677,2,3272,1268,1290,1471
CTETRA,15678,2,3272,1268,1471,1449
CTETRA,15679,2,3273,1202,1204,573
CTETRA,15680,2,3273,1385,1383,572
CTETRA,15681,2,3273,1204,1202,1385
CTETRA,15682,2,3273,1385,1202,1383
CTETRA,15683,2,3273,1202,573,1383
CTETRA,15684,2,3273,1383,573,572
CTETRA,15685,2,3273,573,1204,1385
CTETRA,15686,2,3273,573,1385,572
CTETRA,15687,2,3274,1379,1377,1372
CTETRA,15688,2,3274,1558,1560,1553
CTETRA,15689,2,3274,1377,1379,1560
CTETRA,15690,2,3274,1377,1560,1558
CTETRA,15691,2,3274,1379,1372,1560
CTETRA,15692,2,3274,1560,1372,1553
CTETRA,15693,2,3274,1372,1377,1558
CTETRA,15694,2,3274,1372,1558,1553
CTETRA,15695,2,3275,1205,1210,1214
CTETRA,15696,2,3275,1391,1386,1395
CTETRA,15697,2,3275,1210,1205,1391
CTETRA,15698,2,3275,1391,1205,1386
CTETRA,15699,2,3275,1205,1214,1395
CTETRA,15700,2,3275,1205,1395,1386
CTETRA,15701,2,3275,1214,1210,1395
CTETRA,15702,2,3275,1395,1210,1391
CTETRA,15703,2,3276,1347,1330,1332
CTETRA,15704,2,3276,1511,1528,1513
CTETRA,15705,2,3276,1330,1347,1528
CTETRA,15706,2,3276,1330,1528,1511
CTETRA,15707,2,3276,1347,1332,1528
CTETRA,15708,2,3276,1528,1332,1513
CTETRA,15709,2,3276,1332,1330,1513
CTETRA,15710,2,3276,1513,1330,1511
CTETRA,15711,2,3277,1259,1290,1258
CTETRA,15712,2,3277,1471,1440,1439
CTETRA,15713,2,3277,1290,1259,1471
CTETRA,15714,2,3277,1471,1259,1440
CTETRA,15715,2,3277,1259,1258,1440
CTETRA,15716,2,3277,1440,1258,1439
CTETRA,15717,2,3277,1258,1290,1471
CTETRA,15718,2,3277,1258,1471,1439
CTETRA,15719,2,3278,1362,1366,1370
CTETRA,15720,2,3278,1547,1543,1551
CTETRA,15721,2,3278,1366,1362,1547
CTETRA,15722,2,3278,1547,1362,1543
CTETRA,15723,2,3278,1362,1370,1551
CTETRA,15724,2,3278,1362,1551,1543
CTETRA,15725,2,3278,1370,1366,1551
CTETRA,15726,2,3278,1551,1366,1547
CTETRA,15727,2,3279,1322,1320,1345
CTETRA,15728,2,3279,1501,1503,1526
CTETRA,15729,2,3279,1320,1322,1503
CTETRA,15730,2,3279,1320,1503,1501
CTETRA,15731,2,3279,1322,1345,1526
CTETRA,15732,2,3279,1322,1526,1503
CTETRA,15733,2,3279,1345,1320,1526
CTETRA,15734,2,3279,1526,1320,1501
CTETRA,15735,2,3280,1204,1202,1213
CTETRA,15736,2,3280,1383,1385,1394
CTETRA,15737,2,3280,1202,1204,1385
CTETRA,15738,2,3280,1202,1385,1383
CTETRA,15739,2,3280,1204,1213,1394
CTETRA,15740,2,3280,1204,1394,1385
CTETRA,15741,2,3280,1213,1202,1394
CTETRA,15742,2,3280,1394,1202,1383
CTETRA,15743,2,3281,1372,1368,1359
CTETRA,15744,2,3281,1549,1553,1540
CTETRA,15745,2,3281,1368,1372,1553
CTETRA,15746,2,3281,1368,1553,1549
CTETRA,15747,2,3281,1372,1359,1553
CTETRA,15748,2,3281,1553,1359,1540
CTETRA,15749,2,3281,1359,1368,1549
CTETRA,15750,2,3281,1359,1549,1540
CTETRA,15751,2,3282,1214,1218,1225
CTETRA,15752,2,3282,1399,1395,1406
CTETRA,15753,2,3282,1218,1214,1399
CTETRA,15754,2,3282,1399,1214,1395
CTETRA,15755,2,3282,1214,1225,1406
CTETRA,15756,2,3282,1214,1406,1395
CTETRA,15757,2,3282,1225,1218,1406
CTETRA,15758,2,3282,1406,1218,1399
CTETRA,15759,2,3283,1332,1326,1324
CTETRA,15760,2,3283,1507,1513,1505
CTETRA,15761,2,3283,1326,1332,1513
CTETRA,15762,2,3283,1326,1513,1507
CTETRA,15763,2,3283,1332,1324,1513
CTETRA,15764,2,3283,1513,1324,1505
CTETRA,15765,2,3283,1324,1326,1507
CTETRA,15766,2,3283,1324,1507,1505
CTETRA,15767,2,3284,1208,1207,1201
CTETRA,15768,2,3284,1388,1389,1382
CTETRA,15769,2,3284,1207,1208,1389
CTETRA,15770,2,3284,1207,1389,1388
CTETRA,15771,2,3284,1208,1201,1389
CTETRA,15772,2,3284,1389,1201,1382
CTETRA,15773,2,3284,1201,1207,1388
CTETRA,15774,2,3284,1201,1388,1382
CTETRA,15775,2,3285,1349,1355,1362
CTETRA,15776,2,3285,1536,1530,1543
CTETRA,15777,2,3285,1355,1349,1536
CTETRA,15778,2,3285,1536,1349,1530
CTETRA,15779,2,3285,1349,1362,1543
CTETRA,15780,2,3285,1349,1543,1530
CTETRA,15781,2,3285,1362,1355,1543
CTETRA,15782,2,3285,1543,1355,1536
CTETRA,15783,2,3286,1212,1208,1203
CTETRA,15784,2,3286,1389,1393,1384
CTETRA,15785,2,3286,1208,1212,1393
CTETRA,15786,2,3286,1208,1393,1389
CTETRA,15787,2,3286,1212,1203,1393
CTETRA,15788,2,3286,1393,1203,1384
CTETRA,15789,2,3286,1203,1208,1389
CTETRA,15790,2,3286,1203,1389,1384
CTETRA,15791,2,3287,1342,1349,1353
CTETRA,15792,2,3287,1530,1523,1534
CTETRA,15793,2,3287,1349,1342,1530
CTETRA,15794,2,3287,1530,1342,1523
CTETRA,15795,2,3287,1342,1353,1534
CTETRA,15796,2,3287,1342,1534,1523
CTETRA,15797,2,3287,1353,1349,1534
CTETRA,15798,2,3287,1534,1349,1530
CTETRA,15799,2,3288,1346,1329,1350
CTETRA,15800,2,3288,1510,1527,1531
CTETRA,15801,2,3288,1329,1346,1527
CTETRA,15802,2,3288,1329,1527,1510
CTETRA,15803,2,3288,1346,1350,1531
CTETRA,15804,2,3288,1346,1531,1527
CTETRA,15805,2,3288,1350,1329,1531
CTETRA,15806,2,3288,1531,1329,1510
CTETRA,15807,2,3289,1226,1232,1215
CTETRA,15808,2,3289,1413,1407,1396
CTETRA,15809,2,3289,1232,1226,1413
CTETRA,15810,2,3289,1413,1226,1407
CTETRA,15811,2,3289,1226,1215,1407
CTETRA,15812,2,3289,1407,1215,1396
CTETRA,15813,2,3289,1215,1232,1413
CTETRA,15814,2,3289,1215,1413,1396
CTETRA,15815,2,3290,1213,1209,1224
CTETRA,15816,2,3290,1390,1394,1405
CTETRA,15817,2,3290,1209,1213,1394
CTETRA,15818,2,3290,1209,1394,1390
CTETRA,15819,2,3290,1213,1224,1405
CTETRA,15820,2,3290,1213,1405,1394
CTETRA,15821,2,3290,1224,1209,1405
CTETRA,15822,2,3290,1405,1209,1390
CTETRA,15823,2,3291,1359,1357,1344
CTETRA,15824,2,3291,1538,1540,1525
CTETRA,15825,2,3291,1357,1359,1540
CTETRA,15826,2,3291,1357,1540,1538
CTETRA,15827,2,3291,1359,1344,1540
CTETRA,15828,2,3291,1540,1344,1525
CTETRA,15829,2,3291,1344,1357,1538
CTETRA,15830,2,3291,1344,1538,1525
CTETRA,15831,2,3292,1224,1222,1241
CTETRA,15832,2,3292,1403,1405,1422
CTETRA,15833,2,3292,1222,1224,1405
CTETRA,15834,2,3292,1222,1405,1403
CTETRA,15835,2,3292,1224,1241,1422
CTETRA,15836,2,3292,1224,1422,1405
CTETRA,15837,2,3292,1241,1222,1422
CTETRA,15838,2,3292,1422,1222,1403
CTETRA,15839,2,3293,1344,1340,1321
CTETRA,15840,2,3293,1521,1525,1502
CTETRA,15841,2,3293,1340,1344,1525
CTETRA,15842,2,3293,1340,1525,1521
CTETRA,15843,2,3293,1344,1321,1525
CTETRA,15844,2,3293,1525,1321,1502
CTETRA,15845,2,3293,1321,1340,1521
CTETRA,15846,2,3293,1321,1521,1502
CTETRA,15847,2,3294,1223,1221,1212
CTETRA,15848,2,3294,1402,1404,1393
CTETRA,15849,2,3294,1221,1223,1404
CTETRA,15850,2,3294,1221,1404,1402
CTETRA,15851,2,3294,1223,1212,1404
CTETRA,15852,2,3294,1404,1212,1393
CTETRA,15853,2,3294,1212,1221,1402
CTETRA,15854,2,3294,1212,1402,1393
CTETRA,15855,2,3295,1328,1334,1342
CTETRA,15856,2,3295,1515,1509,1523
CTETRA,15857,2,3295,1334,1328,1515
CTETRA,15858,2,3295,1515,1328,1509
CTETRA,15859,2,3295,1328,1342,1523
CTETRA,15860,2,3295,1328,1523,1509
CTETRA,15861,2,3295,1342,1334,1523
CTETRA,15862,2,3295,1523,1334,1515
CTETRA,15863,2,3296,1331,1325,1346
CTETRA,15864,2,3296,1506,1512,1527
CTETRA,15865,2,3296,1325,1331,1512
CTETRA,15866,2,3296,1325,1512,1506
CTETRA,15867,2,3296,1331,1346,1527
CTETRA,15868,2,3296,1331,1527,1512
CTETRA,15869,2,3296,1346,1325,1527
CTETRA,15870,2,3296,1527,1325,1506
CTETRA,15871,2,3297,1243,1247,1226
CTETRA,15872,2,3297,1428,1424,1407
CTETRA,15873,2,3297,1247,1243,1428
CTETRA,15874,2,3297,1428,1243,1424
CTETRA,15875,2,3297,1243,1226,1424
CTETRA,15876,2,3297,1424,1226,1407
CTETRA,15877,2,3297,1226,1247,1428
CTETRA,15878,2,3297,1226,1428,1407
CTETRA,15879,2,3298,1240,1236,1223
CTETRA,15880,2,3298,1417,1421,1404
CTETRA,15881,2,3298,1236,1240,1421
CTETRA,15882,2,3298,1236,1421,1417
CTETRA,15883,2,3298,1240,1223,1421
CTETRA,15884,2,3298,1421,1223,1404
CTETRA,15885,2,3298,1223,1236,1417
CTETRA,15886,2,3298,1223,1417,1404
CTETRA,15887,2,3299,1307,1313,1328
CTETRA,15888,2,3299,1494,1488,1509
CTETRA,15889,2,3299,1313,1307,1494
CTETRA,15890,2,3299,1494,1307,1488
CTETRA,15891,2,3299,1307,1328,1509
CTETRA,15892,2,3299,1307,1509,1488
CTETRA,15893,2,3299,1328,1313,1509
CTETRA,15894,2,3299,1509,1313,1494
CTETRA,15895,2,3300,1266,1268,1243
CTETRA,15896,2,3300,1449,1447,1424
CTETRA,15897,2,3300,1268,1266,1449
CTETRA,15898,2,3300,1449,1266,1447
CTETRA,15899,2,3300,1266,1243,1447
CTETRA,15900,2,3300,1447,1243,1424
CTETRA,15901,2,3300,1243,1268,1449
CTETRA,15902,2,3300,1243,1449,1424
CTETRA,15903,2,3301,1379,1380,653
CTETRA,15904,2,3301,1561,1560,652
CTETRA,15905,2,3301,1380,1379,1561
CTETRA,15906,2,3301,1561,1379,1560
CTETRA,15907,2,3301,1379,653,652
CTETRA,15908,2,3301,1379,652,1560
CTETRA,15909,2,3301,653,1380,652
CTETRA,15910,2,3301,652,1380,1561
CTETRA,15911,2,3302,1261,1259,1240
CTETRA,15912,2,3302,1440,1442,1421
CTETRA,15913,2,3302,1259,1261,1442
CTETRA,15914,2,3302,1259,1442,1440
CTETRA,15915,2,3302,1261,1240,1442
CTETRA,15916,2,3302,1442,1240,1421
CTETRA,15917,2,3302,1240,1259,1440
CTETRA,15918,2,3302,1240,1440,1421
CTETRA,15919,2,3303,1351,1364,628
CTETRA,15920,2,3303,1545,1532,627
CTETRA,15921,2,3303,1364,1351,1545
CTETRA,15922,2,3303,1545,1351,1532
CTETRA,15923,2,3303,1351,628,627
CTETRA,15924,2,3303,1351,627,1532
CTETRA,15925,2,3303,628,1364,1545
CTETRA,15926,2,3303,628,1545,627
CTETRA,15927,2,3304,1204,1206,578
CTETRA,15928,2,3304,1387,1385,577
CTETRA,15929,2,3304,1206,1204,1387
CTETRA,15930,2,3304,1387,1204,1385
CTETRA,15931,2,3304,1204,578,1385
CTETRA,15932,2,3304,1385,578,577
CTETRA,15933,2,3304,578,1206,1387
CTETRA,15934,2,3304,578,1387,577
CTETRA,15935,2,3305,1380,1379,1373
CTETRA,15936,2,3305,1560,1561,1554
CTETRA,15937,2,3305,1379,1380,1561
CTETRA,15938,2,3305,1379,1561,1560
CTETRA,15939,2,3305,1380,1373,1561
CTETRA,15940,2,3305,1561,1373,1554
CTETRA,15941,2,3305,1373,1379,1560
CTETRA,15942,2,3305,1373,1560,1554
CTETRA,15943,2,3306,1205,1203,553
CTETRA,15944,2,3306,1384,1386,552
CTETRA,15945,2,3306,1203,1205,1386
CTETRA,15946,2,3306,1203,1386,1384
CTETRA,15947,2,3306,1205,553,1386
CTETRA,15948,2,3306,1386,553,552
CTETRA,15949,2,3306,553,1203,1384
CTETRA,15950,2,3306,553,1384,552
CTETRA,15951,2,3307,1364,1351,1353
CTETRA,15952,2,3307,1532,1545,1534
CTETRA,15953,2,3307,1351,1364,1545
CTETRA,15954,2,3307,1351,1545,1532
CTETRA,15955,2,3307,1364,1353,1545
CTETRA,15956,2,3307,1545,1353,1534
CTETRA,15957,2,3307,1353,1351,1534
CTETRA,15958,2,3307,1534,1351,1532
CTETRA,15959,2,3308,1206,1204,1215
CTETRA,15960,2,3308,1385,1387,1396
CTETRA,15961,2,3308,1204,1206,1387
CTETRA,15962,2,3308,1204,1387,1385
CTETRA,15963,2,3308,1206,1215,1396
CTETRA,15964,2,3308,1206,1396,1387
CTETRA,15965,2,3308,1215,1204,1396
CTETRA,15966,2,3308,1396,1204,1385
CTETRA,15967,2,3309,1373,1372,1360
CTETRA,15968,2,3309,1553,1554,1541
CTETRA,15969,2,3309,1372,1373,1554
CTETRA,15970,2,3309,1372,1554,1553
CTETRA,15971,2,3309,1373,1360,1554
CTETRA,15972,2,3309,1554,1360,1541
CTETRA,15973,2,3309,1360,1372,1553
CTETRA,15974,2,3309,1360,1553,1541
CTETRA,15975,2,3310,1258,1290,1260
CTETRA,15976,2,3310,1471,1439,1441
CTETRA,15977,2,3310,1290,1258,1471
CTETRA,15978,2,3310,1471,1258,1439
CTETRA,15979,2,3310,1258,1260,1441
CTETRA,15980,2,3310,1258,1441,1439
CTETRA,15981,2,3310,1260,1290,1471
CTETRA,15982,2,3310,1260,1471,1441
CTETRA,15983,2,3311,1366,1368,1375
CTETRA,15984,2,3311,1549,1547,1556
CTETRA,15985,2,3311,1368,1366,1549
CTETRA,15986,2,3311,1549,1366,1547
CTETRA,15987,2,3311,1366,1375,1556
CTETRA,15988,2,3311,1366,1556,1547
CTETRA,15989,2,3311,1375,1368,1556
CTETRA,15990,2,3311,1556,1368,1549
CTETRA,15991,2,3312,1207,1209,1200
CTETRA,15992,2,3312,1390,1388,1381
CTETRA,15993,2,3312,1209,1207,1390
CTETRA,15994,2,3312,1390,1207,1388
CTETRA,15995,2,3312,1207,1200,1388
CTETRA,15996,2,3312,1388,1200,1381
CTETRA,15997,2,3312,1200,1209,1390
CTETRA,15998,2,3312,1200,1390,1381
CTETRA,15999,2,3313,1355,1357,1366
CTETRA,16000,2,3313,1538,1536,1547
CTETRA,16001,2,3313,1357,1355,1538
CTETRA,16002,2,3313,1538,1355,1536
CTETRA,16003,2,3313,1355,1366,1547
CTETRA,16004,2,3313,1355,1547,1536
CTETRA,16005,2,3313,1366,1357,1547
CTETRA,16006,2,3313,1547,1357,1538
CTETRA,16007,2,3314,1220,1222,1207
CTETRA,16008,2,3314,1403,1401,1388
CTETRA,16009,2,3314,1222,1220,1403
CTETRA,16010,2,3314,1403,1220,1401
CTETRA,16011,2,3314,1220,1207,1401
CTETRA,16012,2,3314,1401,1207,1388
CTETRA,16013,2,3314,1207,1222,1403
CTETRA,16014,2,3314,1207,1403,1388
CTETRA,16015,2,3315,1338,1340,1355
CTETRA,16016,2,3315,1521,1519,1536
CTETRA,16017,2,3315,1340,1338,1521
CTETRA,16018,2,3315,1521,1338,1519
CTETRA,16019,2,3315,1338,1355,1536
CTETRA,16020,2,3315,1338,1536,1519
CTETRA,16021,2,3315,1355,1340,1536
CTETRA,16022,2,3315,1536,1340,1521
CTETRA,16023,2,3316,1235,1237,1220
CTETRA,16024,2,3316,1418,1416,1401
CTETRA,16025,2,3316,1237,1235,1418
CTETRA,16026,2,3316,1418,1235,1416
CTETRA,16027,2,3316,1235,1220,1416
CTETRA,16028,2,3316,1416,1220,1401
CTETRA,16029,2,3316,1220,1237,1418
CTETRA,16030,2,3316,1220,1418,1401
CTETRA,16031,2,3317,1315,1319,1338
CTETRA,16032,2,3317,1500,1496,1519
CTETRA,16033,2,3317,1319,1315,1500
CTETRA,16034,2,3317,1500,1315,1496
CTETRA,16035,2,3317,1315,1338,1519
CTETRA,16036,2,3317,1315,1519,1496
CTETRA,16037,2,3317,1338,1319,1519
CTETRA,16038,2,3317,1519,1319,1500
CTETRA,16039,2,3318,1258,1260,1235
CTETRA,16040,2,3318,1441,1439,1416
CTETRA,16041,2,3318,1260,1258,1441
CTETRA,16042,2,3318,1441,1258,1439
CTETRA,16043,2,3318,1258,1235,1439
CTETRA,16044,2,3318,1439,1235,1416
CTETRA,16045,2,3318,1235,1260,1441
CTETRA,16046,2,3318,1235,1441,1416
CTETRA,16047,2,3319,1370,1375,638
CTETRA,16048,2,3319,1556,1551,637
CTETRA,16049,2,3319,1375,1370,1556
CTETRA,16050,2,3319,1556,1370,1551
CTETRA,16051,2,3319,1370,638,637
CTETRA,16052,2,3319,1370,637,1551
CTETRA,16053,2,3319,638,1375,637
CTETRA,16054,2,3319,637,1375,1556
CTETRA,16055,2,3320,1201,1200,563
CTETRA,16056,2,3320,1381,1382,562
CTETRA,16057,2,3320,1200,1201,1382
CTETRA,16058,2,3320,1200,1382,1381
CTETRA,16059,2,3320,1201,563,1382
CTETRA,16060,2,3320,1382,563,562
CTETRA,16061,2,3320,563,1200,1381
CTETRA,16062,2,3320,563,1381,562
CTETRA,16063,2,3321,1375,1370,1366
CTETRA,16064,2,3321,1551,1556,1547
CTETRA,16065,2,3321,1370,1375,1556
CTETRA,16066,2,3321,1370,1556,1551
CTETRA,16067,2,3321,1375,1366,1556
CTETRA,16068,2,3321,1556,1366,1547
CTETRA,16069,2,3321,1366,1370,1551
CTETRA,16070,2,3321,1366,1551,1547
CTETRA,16071,2,3322,1200,1201,1207
CTETRA,16072,2,3322,1382,1381,1388
CTETRA,16073,2,3322,1201,1200,1382
CTETRA,16074,2,3322,1382,1200,1381
CTETRA,16075,2,3322,1200,1207,1388
CTETRA,16076,2,3322,1200,1388,1381
CTETRA,16077,2,3322,1207,1201,1388
CTETRA,16078,2,3322,1388,1201,1382
CTETRA,16079,2,3323,1366,1362,1355
CTETRA,16080,2,3323,1543,1547,1536
CTETRA,16081,2,3323,1362,1366,1547
CTETRA,16082,2,3323,1362,1547,1543
CTETRA,16083,2,3323,1366,1355,1547
CTETRA,16084,2,3323,1547,1355,1536
CTETRA,16085,2,3323,1355,1362,1543
CTETRA,16086,2,3323,1355,1543,1536
CTETRA,16087,2,3324,1207,1208,1220
CTETRA,16088,2,3324,1389,1388,1401
CTETRA,16089,2,3324,1208,1207,1389
CTETRA,16090,2,3324,1389,1207,1388
CTETRA,16091,2,3324,1207,1220,1401
CTETRA,16092,2,3324,1207,1401,1388
CTETRA,16093,2,3324,1220,1208,1401
CTETRA,16094,2,3324,1401,1208,1389
CTETRA,16095,2,3325,1355,1349,1338
CTETRA,16096,2,3325,1530,1536,1519
CTETRA,16097,2,3325,1349,1355,1536
CTETRA,16098,2,3325,1349,1536,1530
CTETRA,16099,2,3325,1355,1338,1536
CTETRA,16100,2,3325,1536,1338,1519
CTETRA,16101,2,3325,1338,1349,1530
CTETRA,16102,2,3325,1338,1530,1519
CTETRA,16103,2,3326,1220,1221,1235
CTETRA,16104,2,3326,1402,1401,1416
CTETRA,16105,2,3326,1221,1220,1402
CTETRA,16106,2,3326,1402,1220,1401
CTETRA,16107,2,3326,1220,1235,1416
CTETRA,16108,2,3326,1220,1416,1401
CTETRA,16109,2,3326,1235,1221,1416
CTETRA,16110,2,3326,1416,1221,1402
CTETRA,16111,2,3327,1338,1334,1315
CTETRA,16112,2,3327,1515,1519,1496
CTETRA,16113,2,3327,1334,1338,1519
CTETRA,16114,2,3327,1334,1519,1515
CTETRA,16115,2,3327,1338,1315,1519
CTETRA,16116,2,3327,1519,1315,1496
CTETRA,16117,2,3327,1315,1334,1515
CTETRA,16118,2,3327,1315,1515,1496
CTETRA,16119,2,3328,1235,1236,1258
CTETRA,16120,2,3328,1417,1416,1439
CTETRA,16121,2,3328,1236,1235,1417
CTETRA,16122,2,3328,1417,1235,1416
CTETRA,16123,2,3328,1235,1258,1439
CTETRA,16124,2,3328,1235,1439,1416
CTETRA,16125,2,3328,1258,1236,1439
CTETRA,16126,2,3328,1439,1236,1417
CTETRA,16127,2,3329,638,633,1370
CTETRA,16128,2,3329,632,637,1551
CTETRA,16129,2,3329,632,633,638
CTETRA,16130,2,3329,632,638,637
CTETRA,16131,2,3329,638,1370,637
CTETRA,16132,2,3329,637,1370,1551
CTETRA,16133,2,3329,1370,633,632
CTETRA,16134,2,3329,1370,632,1551
CTETRA,16135,2,3330,1261,1290,1259
CTETRA,16136,2,3330,1471,1442,1440
CTETRA,16137,2,3330,1290,1261,1471
CTETRA,16138,2,3330,1471,1261,1442
CTETRA,16139,2,3330,1261,1259,1442
CTETRA,16140,2,3330,1442,1259,1440
CTETRA,16141,2,3330,1259,1290,1471
CTETRA,16142,2,3330,1259,1471,1440
CTETRA,16143,2,3331,1353,1362,1364
CTETRA,16144,2,3331,1543,1534,1545
CTETRA,16145,2,3331,1362,1353,1543
CTETRA,16146,2,3331,1543,1353,1534
CTETRA,16147,2,3331,1353,1364,1545
CTETRA,16148,2,3331,1353,1545,1534
CTETRA,16149,2,3331,1364,1362,1545
CTETRA,16150,2,3331,1545,1362,1543
CTETRA,16151,2,3332,1216,1210,543
CTETRA,16152,2,3332,1391,1397,542
CTETRA,16153,2,3332,1210,1216,1397
CTETRA,16154,2,3332,1210,1397,1391
CTETRA,16155,2,3332,1216,543,1397
CTETRA,16156,2,3332,1397,543,542
CTETRA,16157,2,3332,543,1210,1391
CTETRA,16158,2,3332,543,1391,542
CTETRA,16159,2,3333,1336,1317,1330
CTETRA,16160,2,3333,1498,1517,1511
CTETRA,16161,2,3333,1317,1336,1517
CTETRA,16162,2,3333,1317,1517,1498
CTETRA,16163,2,3333,1336,1330,1517
CTETRA,16164,2,3333,1517,1330,1511
CTETRA,16165,2,3333,1330,1317,1511
CTETRA,16166,2,3333,1511,1317,1498
CTETRA,16167,2,3334,1210,1216,1218
CTETRA,16168,2,3334,1397,1391,1399
CTETRA,16169,2,3334,1216,1210,1397
CTETRA,16170,2,3334,1397,1210,1391
CTETRA,16171,2,3334,1210,1218,1399
CTETRA,16172,2,3334,1210,1399,1391
CTETRA,16173,2,3334,1218,1216,1399
CTETRA,16174,2,3334,1399,1216,1397
CTETRA,16175,2,3335,1330,1311,1326
CTETRA,16176,2,3335,1492,1511,1507
CTETRA,16177,2,3335,1311,1330,1511
CTETRA,16178,2,3335,1311,1511,1492
CTETRA,16179,2,3335,1330,1326,1511
CTETRA,16180,2,3335,1511,1326,1507
CTETRA,16181,2,3335,1326,1311,1507
CTETRA,16182,2,3335,1507,1311,1492
CTETRA,16183,2,3336,1227,1218,1216
CTETRA,16184,2,3336,1399,1408,1397
CTETRA,16185,2,3336,1218,1227,1408
CTETRA,16186,2,3336,1218,1408,1399
CTETRA,16187,2,3336,1227,1216,1408
CTETRA,16188,2,3336,1408,1216,1397
CTETRA,16189,2,3336,1216,1218,1399
CTETRA,16190,2,3336,1216,1399,1397
CTETRA,16191,2,3337,1305,1326,1311
CTETRA,16192,2,3337,1507,1486,1492
CTETRA,16193,2,3337,1326,1305,1507
CTETRA,16194,2,3337,1507,1305,1486
CTETRA,16195,2,3337,1305,1311,1492
CTETRA,16196,2,3337,1305,1492,1486
CTETRA,16197,2,3337,1311,1326,1507
CTETRA,16198,2,3337,1311,1507,1492
CTETRA,16199,2,3338,1218,1227,1231
CTETRA,16200,2,3338,1408,1399,1412
CTETRA,16201,2,3338,1227,1218,1408
CTETRA,16202,2,3338,1408,1218,1399
CTETRA,16203,2,3338,1218,1231,1412
CTETRA,16204,2,3338,1218,1412,1399
CTETRA,16205,2,3338,1231,1227,1412
CTETRA,16206,2,3338,1412,1227,1408
CTETRA,16207,2,3339,1326,1305,1309
CTETRA,16208,2,3339,1486,1507,1490
CTETRA,16209,2,3339,1305,1326,1507
CTETRA,16210,2,3339,1305,1507,1486
CTETRA,16211,2,3339,1326,1309,1507
CTETRA,16212,2,3339,1507,1309,1490
CTETRA,16213,2,3339,1309,1305,1490
CTETRA,16214,2,3339,1490,1305,1486
CTETRA,16215,2,3340,1238,1231,1227
CTETRA,16216,2,3340,1412,1419,1408
CTETRA,16217,2,3340,1231,1238,1419
CTETRA,16218,2,3340,1231,1419,1412
CTETRA,16219,2,3340,1238,1227,1419
CTETRA,16220,2,3340,1419,1227,1408
CTETRA,16221,2,3340,1227,1231,1412
CTETRA,16222,2,3340,1227,1412,1408
CTETRA,16223,2,3341,1301,1309,1305
CTETRA,16224,2,3341,1490,1482,1486
CTETRA,16225,2,3341,1309,1301,1490
CTETRA,16226,2,3341,1490,1301,1482
CTETRA,16227,2,3341,1301,1305,1486
CTETRA,16228,2,3341,1301,1486,1482
CTETRA,16229,2,3341,1305,1309,1490
CTETRA,16230,2,3341,1305,1490,1486
CTETRA,16231,2,3342,1231,1238,1246
CTETRA,16232,2,3342,1419,1412,1427
CTETRA,16233,2,3342,1238,1231,1419
CTETRA,16234,2,3342,1419,1231,1412
CTETRA,16235,2,3342,1231,1246,1427
CTETRA,16236,2,3342,1231,1427,1412
CTETRA,16237,2,3342,1246,1238,1427
CTETRA,16238,2,3342,1427,1238,1419
CTETRA,16239,2,3343,1309,1301,1299
CTETRA,16240,2,3343,1482,1490,1480
CTETRA,16241,2,3343,1301,1309,1490
CTETRA,16242,2,3343,1301,1490,1482
CTETRA,16243,2,3343,1309,1299,1490
CTETRA,16244,2,3343,1490,1299,1480
CTETRA,16245,2,3343,1299,1301,1482
CTETRA,16246,2,3343,1299,1482,1480
CTETRA,16247,2,3344,1252,1246,1238
CTETRA,16248,2,3344,1427,1433,1419
CTETRA,16249,2,3344,1246,1252,1433
CTETRA,16250,2,3344,1246,1433,1427
CTETRA,16251,2,3344,1252,1238,1433
CTETRA,16252,2,3344,1433,1238,1419
CTETRA,16253,2,3344,1238,1246,1427
CTETRA,16254,2,3344,1238,1427,1419
CTETRA,16255,2,3345,1297,1299,1301
CTETRA,16256,2,3345,1480,1478,1482
CTETRA,16257,2,3345,1299,1297,1480
CTETRA,16258,2,3345,1480,1297,1478
CTETRA,16259,2,3345,1297,1301,1482
CTETRA,16260,2,3345,1297,1482,1478
CTETRA,16261,2,3345,1301,1299,1482
CTETRA,16262,2,3345,1482,1299,1480
CTETRA,16263,2,3346,1246,1252,1267
CTETRA,16264,2,3346,1433,1427,1448
CTETRA,16265,2,3346,1252,1246,1433
CTETRA,16266,2,3346,1433,1246,1427
CTETRA,16267,2,3346,1246,1267,1448
CTETRA,16268,2,3346,1246,1448,1427
CTETRA,16269,2,3346,1267,1252,1448
CTETRA,16270,2,3346,1448,1252,1433
CTETRA,16271,2,3347,618,613,1317
CTETRA,16272,2,3347,612,617,1498
CTETRA,16273,2,3347,612,613,618
CTETRA,16274,2,3347,612,618,617
CTETRA,16275,2,3347,618,1317,617
CTETRA,16276,2,3347,617,1317,1498
CTETRA,16277,2,3347,1317,613,1498
CTETRA,16278,2,3347,1498,613,612
CTETRA,16279,2,3348,1273,1267,1252
CTETRA,16280,2,3348,1448,1454,1433
CTETRA,16281,2,3348,1267,1273,1454
CTETRA,16282,2,3348,1267,1454,1448
CTETRA,16283,2,3348,1273,1252,1454
CTETRA,16284,2,3348,1454,1252,1433
CTETRA,16285,2,3348,1252,1267,1448
CTETRA,16286,2,3348,1252,1448,1433
CTETRA,16287,2,3349,1295,1317,613
CTETRA,16288,2,3349,1498,1476,612
CTETRA,16289,2,3349,1317,1295,1498
CTETRA,16290,2,3349,1498,1295,1476
CTETRA,16291,2,3349,1295,613,612
CTETRA,16292,2,3349,1295,612,1476
CTETRA,16293,2,3349,613,1317,1498
CTETRA,16294,2,3349,613,1498,612
CTETRA,16295,2,3350,543,538,1216
CTETRA,16296,2,3350,537,542,1397
CTETRA,16297,2,3350,537,538,543
CTETRA,16298,2,3350,537,543,542
CTETRA,16299,2,3350,543,1216,1397
CTETRA,16300,2,3350,543,1397,542
CTETRA,16301,2,3350,1216,538,537
CTETRA,16302,2,3350,1216,537,1397
CTETRA,16303,2,3351,1291,1290,1297
CTETRA,16304,2,3351,1471,1472,1478
CTETRA,16305,2,3351,1290,1291,1472
CTETRA,16306,2,3351,1290,1472,1471
CTETRA,16307,2,3351,1291,1297,1478
CTETRA,16308,2,3351,1291,1478,1472
CTETRA,16309,2,3351,1297,1290,1478
CTETRA,16310,2,3351,1478,1290,1471
CTETRA,16311,2,3352,1229,1216,538
CTETRA,16312,2,3352,1397,1410,537
CTETRA,16313,2,3352,1216,1229,1410
CTETRA,16314,2,3352,1216,1410,1397
CTETRA,16315,2,3352,1229,538,1410
CTETRA,16316,2,3352,1410,538,537
CTETRA,16317,2,3352,538,1216,537
CTETRA,16318,2,3352,537,1216,1397
CTETRA,16319,2,3353,1317,1295,1311
CTETRA,16320,2,3353,1476,1498,1492
CTETRA,16321,2,3353,1295,1317,1498
CTETRA,16322,2,3353,1295,1498,1476
CTETRA,16323,2,3353,1317,1311,1498
CTETRA,16324,2,3353,1498,1311,1492
CTETRA,16325,2,3353,1311,1295,1492
CTETRA,16326,2,3353,1492,1295,1476
CTETRA,16327,2,3354,1277,1290,1273
CTETRA,16328,2,3354,1471,1458,1454
CTETRA,16329,2,3354,1290,1277,1471
CTETRA,16330,2,3354,1471,1277,1458
CTETRA,16331,2,3354,1277,1273,1458
CTETRA,16332,2,3354,1458,1273,1454
CTETRA,16333,2,3354,1273,1290,1471
CTETRA,16334,2,3354,1273,1471,1454
CTETRA,16335,2,3355,1294,1311,1295
CTETRA,16336,2,3355,1492,1475,1476
CTETRA,16337,2,3355,1311,1294,1492
CTETRA,16338,2,3355,1492,1294,1475
CTETRA,16339,2,3355,1294,1295,1476
CTETRA,16340,2,3355,1294,1476,1475
CTETRA,16341,2,3355,1295,1311,1492
CTETRA,16342,2,3355,1295,1492,1476
CTETRA,16343,2,3356,1216,1229,1227
CTETRA,16344,2,3356,1410,1397,1408
CTETRA,16345,2,3356,1229,1216,1410
CTETRA,16346,2,3356,1410,1216,1397
CTETRA,16347,2,3356,1216,1227,1408
CTETRA,16348,2,3356,1216,1408,1397
CTETRA,16349,2,3356,1227,1229,1410
CTETRA,16350,2,3356,1227,1410,1408
CTETRA,16351,2,3357,1311,1294,1305
CTETRA,16352,2,3357,1475,1492,1486
CTETRA,16353,2,3357,1294,1311,1492
CTETRA,16354,2,3357,1294,1492,1475
CTETRA,16355,2,3357,1311,1305,1492
CTETRA,16356,2,3357,1492,1305,1486
CTETRA,16357,2,3357,1305,1294,1486
CTETRA,16358,2,3357,1486,1294,1475
CTETRA,16359,2,3358,1233,1227,1229
CTETRA,16360,2,3358,1408,1414,1410
CTETRA,16361,2,3358,1227,1233,1414
CTETRA,16362,2,3358,1227,1414,1408
CTETRA,16363,2,3358,1233,1229,1414
CTETRA,16364,2,3358,1414,1229,1410
CTETRA,16365,2,3358,1229,1227,1410
CTETRA,16366,2,3358,1410,1227,1408
CTETRA,16367,2,3359,1293,1305,1294
CTETRA,16368,2,3359,1486,1474,1475
CTETRA,16369,2,3359,1305,1293,1486
CTETRA,16370,2,3359,1486,1293,1474
CTETRA,16371,2,3359,1293,1294,1475
CTETRA,16372,2,3359,1293,1475,1474
CTETRA,16373,2,3359,1294,1305,1486
CTETRA,16374,2,3359,1294,1486,1475
CTETRA,16375,2,3360,1227,1233,1238
CTETRA,16376,2,3360,1414,1408,1419
CTETRA,16377,2,3360,1233,1227,1414
CTETRA,16378,2,3360,1414,1227,1408
CTETRA,16379,2,3360,1227,1238,1419
CTETRA,16380,2,3360,1227,1419,1408
CTETRA,16381,2,3360,1238,1233,1419
CTETRA,16382,2,3360,1419,1233,1414
CTETRA,16383,2,3361,1305,1293,1301
CTETRA,16384,2,3361,1474,1486,1482
CTETRA,16385,2,3361,1293,1305,1486
CTETRA,16386,2,3361,1293,1486,1474
CTETRA,16387,2,3361,1305,1301,1486
CTETRA,16388,2,3361,1486,1301,1482
CTETRA,16389,2,3361,1301,1293,1482
CTETRA,16390,2,3361,1482,1293,1474
CTETRA,16391,2,3362,1248,1238,1233
CTETRA,16392,2,3362,1419,1429,1414
CTETRA,16393,2,3362,1238,1248,1429
CTETRA,16394,2,3362,1238,1429,1419
CTETRA,16395,2,3362,1248,1233,1429
CTETRA,16396,2,3362,1429,1233,1414
CTETRA,16397,2,3362,1233,1238,1419
CTETRA,16398,2,3362,1233,1419,1414
CTETRA,16399,2,3363,1292,1301,1293
CTETRA,16400,2,3363,1482,1473,1474
CTETRA,16401,2,3363,1301,1292,1482
CTETRA,16402,2,3363,1482,1292,1473
CTETRA,16403,2,3363,1292,1293,1474
CTETRA,16404,2,3363,1292,1474,1473
CTETRA,16405,2,3363,1293,1301,1482
CTETRA,16406,2,3363,1293,1482,1474
CTETRA,16407,2,3364,1238,1248,1252
CTETRA,16408,2,3364,1429,1419,1433
CTETRA,16409,2,3364,1248,1238,1429
CTETRA,16410,2,3364,1429,1238,1419
CTETRA,16411,2,3364,1238,1252,1433
CTETRA,16412,2,3364,1238,1433,1419
CTETRA,16413,2,3364,1252,1248,1433
CTETRA,16414,2,3364,1433,1248,1429
CTETRA,16415,2,3365,1301,1292,1297
CTETRA,16416,2,3365,1473,1482,1478
CTETRA,16417,2,3365,1292,1301,1482
CTETRA,16418,2,3365,1292,1482,1473
CTETRA,16419,2,3365,1301,1297,1482
CTETRA,16420,2,3365,1482,1297,1478
CTETRA,16421,2,3365,1297,1292,1478
CTETRA,16422,2,3365,1478,1292,1473
CTETRA,16423,2,3366,1256,1252,1248
CTETRA,16424,2,3366,1433,1437,1429
CTETRA,16425,2,3366,1252,1256,1437
CTETRA,16426,2,3366,1252,1437,1433
CTETRA,16427,2,3366,1256,1248,1437
CTETRA,16428,2,3366,1437,1248,1429
CTETRA,16429,2,3366,1248,1252,1433
CTETRA,16430,2,3366,1248,1433,1429
CTETRA,16431,2,3367,1291,1297,1292
CTETRA,16432,2,3367,1478,1472,1473
CTETRA,16433,2,3367,1297,1291,1478
CTETRA,16434,2,3367,1478,1291,1472
CTETRA,16435,2,3367,1291,1292,1473
CTETRA,16436,2,3367,1291,1473,1472
CTETRA,16437,2,3367,1292,1297,1478
CTETRA,16438,2,3367,1292,1478,1473
CTETRA,16439,2,3368,1252,1256,1273
CTETRA,16440,2,3368,1437,1433,1454
CTETRA,16441,2,3368,1256,1252,1437
CTETRA,16442,2,3368,1437,1252,1433
CTETRA,16443,2,3368,1252,1273,1454
CTETRA,16444,2,3368,1252,1454,1433
CTETRA,16445,2,3368,1273,1256,1454
CTETRA,16446,2,3368,1454,1256,1437
CTETRA,16447,2,3369,613,608,1295
CTETRA,16448,2,3369,607,612,1476
CTETRA,16449,2,3369,607,608,613
CTETRA,16450,2,3369,607,613,612
CTETRA,16451,2,3369,613,1295,612
CTETRA,16452,2,3369,612,1295,1476
CTETRA,16453,2,3369,1295,608,1476
CTETRA,16454,2,3369,1476,608,607
CTETRA,16455,2,3370,1277,1273,1256
CTETRA,16456,2,3370,1454,1458,1437
CTETRA,16457,2,3370,1273,1277,1458
CTETRA,16458,2,3370,1273,1458,1454
CTETRA,16459,2,3370,1277,1256,1458
CTETRA,16460,2,3370,1458,1256,1437
CTETRA,16461,2,3370,1256,1273,1454
CTETRA,16462,2,3370,1256,1454,1437
CTETRA,16463,2,3371,1264,1295,608
CTETRA,16464,2,3371,1476,1445,607
CTETRA,16465,2,3371,1295,1264,1476
CTETRA,16466,2,3371,1476,1264,1445
CTETRA,16467,2,3371,1264,608,1445
CTETRA,16468,2,3371,1445,608,607
CTETRA,16469,2,3371,608,1295,1476
CTETRA,16470,2,3371,608,1476,607
CTETRA,16471,2,3372,538,533,1229
CTETRA,16472,2,3372,532,537,1410
CTETRA,16473,2,3372,532,538,537
CTETRA,16474,2,3372,532,533,538
CTETRA,16475,2,3372,538,1229,1410
CTETRA,16476,2,3372,538,1410,537
CTETRA,16477,2,3372,1229,533,532
CTETRA,16478,2,3372,1229,532,1410
CTETRA,16479,2,3373,1284,1290,1291
CTETRA,16480,2,3373,1471,1465,1472
CTETRA,16481,2,3373,1290,1284,1471
CTETRA,16482,2,3373,1471,1284,1465
CTETRA,16483,2,3373,1284,1291,1472
CTETRA,16484,2,3373,1284,1472,1465
CTETRA,16485,2,3373,1291,1290,1472
CTETRA,16486,2,3373,1472,1290,1471
CTETRA,16487,2,3374,1244,1229,533
CTETRA,16488,2,3374,1410,1425,532
CTETRA,16489,2,3374,1229,1244,1425
CTETRA,16490,2,3374,1229,1425,1410
CTETRA,16491,2,3374,1244,533,1425
CTETRA,16492,2,3374,1425,533,532
CTETRA,16493,2,3374,533,1229,532
CTETRA,16494,2,3374,532,1229,1410
CTETRA,16495,2,3375,1295,1264,1294
CTETRA,16496,2,3375,1445,1476,1475
CTETRA,16497,2,3375,1264,1295,1476
CTETRA,16498,2,3375,1264,1476,1445
CTETRA,16499,2,3375,1295,1294,1476
CTETRA,16500,2,3375,1476,1294,1475
CTETRA,16501,2,3375,1294,1264,1475
CTETRA,16502,2,3375,1475,1264,1445
CTETRA,16503,2,3376,1281,1290,1277
CTETRA,16504,2,3376,1471,1462,1458
CTETRA,16505,2,3376,1290,1281,1471
CTETRA,16506,2,3376,1471,1281,1462
CTETRA,16507,2,3376,1281,1277,1462
CTETRA,16508,2,3376,1462,1277,1458
CTETRA,16509,2,3376,1277,1290,1471
CTETRA,16510,2,3376,1277,1471,1458
CTETRA,16511,2,3377,1270,1294,1264
CTETRA,16512,2,3377,1475,1451,1445
CTETRA,16513,2,3377,1294,1270,1475
CTETRA,16514,2,3377,1475,1270,1451
CTETRA,16515,2,3377,1270,1264,1451
CTETRA,16516,2,3377,1451,1264,1445
CTETRA,16517,2,3377,1264,1294,1475
CTETRA,16518,2,3377,1264,1475,1445
CTETRA,16519,2,3378,1229,1244,1233
CTETRA,16520,2,3378,1425,1410,1414
CTETRA,16521,2,3378,1244,1229,1425
CTETRA,16522,2,3378,1425,1229,1410
CTETRA,16523,2,3378,1229,1233,1414
CTETRA,16524,2,3378,1229,1414,1410
CTETRA,16525,2,3378,1233,1244,1425
CTETRA,16526,2,3378,1233,1425,1414
CTETRA,16527,2,3379,1294,1270,1293
CTETRA,16528,2,3379,1451,1475,1474
CTETRA,16529,2,3379,1270,1294,1475
CTETRA,16530,2,3379,1270,1475,1451
CTETRA,16531,2,3379,1294,1293,1475
CTETRA,16532,2,3379,1475,1293,1474
CTETRA,16533,2,3379,1293,1270,1474
CTETRA,16534,2,3379,1474,1270,1451
CTETRA,16535,2,3380,1250,1233,1244
CTETRA,16536,2,3380,1414,1431,1425
CTETRA,16537,2,3380,1233,1250,1431
CTETRA,16538,2,3380,1233,1431,1414
CTETRA,16539,2,3380,1250,1244,1431
CTETRA,16540,2,3380,1431,1244,1425
CTETRA,16541,2,3380,1244,1233,1425
CTETRA,16542,2,3380,1425,1233,1414
CTETRA,16543,2,3381,1276,1293,1270
CTETRA,16544,2,3381,1474,1457,1451
CTETRA,16545,2,3381,1293,1276,1474
CTETRA,16546,2,3381,1474,1276,1457
CTETRA,16547,2,3381,1276,1270,1457
CTETRA,16548,2,3381,1457,1270,1451
CTETRA,16549,2,3381,1270,1293,1474
CTETRA,16550,2,3381,1270,1474,1451
CTETRA,16551,2,3382,1233,1250,1248
CTETRA,16552,2,3382,1431,1414,1429
CTETRA,16553,2,3382,1250,1233,1431
CTETRA,16554,2,3382,1431,1233,1414
CTETRA,16555,2,3382,1233,1248,1429
CTETRA,16556,2,3382,1233,1429,1414
CTETRA,16557,2,3382,1248,1250,1431
CTETRA,16558,2,3382,1248,1431,1429
CTETRA,16559,2,3383,1293,1276,1292
CTETRA,16560,2,3383,1457,1474,1473
CTETRA,16561,2,3383,1276,1293,1474
CTETRA,16562,2,3383,1276,1474,1457
CTETRA,16563,2,3383,1293,1292,1474
CTETRA,16564,2,3383,1474,1292,1473
CTETRA,16565,2,3383,1292,1276,1473
CTETRA,16566,2,3383,1473,1276,1457
CTETRA,16567,2,3384,1254,1248,1250
CTETRA,16568,2,3384,1429,1435,1431
CTETRA,16569,2,3384,1248,1254,1435
CTETRA,16570,2,3384,1248,1435,1429
CTETRA,16571,2,3384,1254,1250,1435
CTETRA,16572,2,3384,1435,1250,1431
CTETRA,16573,2,3384,1250,1248,1431
CTETRA,16574,2,3384,1431,1248,1429
CTETRA,16575,2,3385,1280,1292,1276
CTETRA,16576,2,3385,1473,1461,1457
CTETRA,16577,2,3385,1292,1280,1473
CTETRA,16578,2,3385,1473,1280,1461
CTETRA,16579,2,3385,1280,1276,1461
CTETRA,16580,2,3385,1461,1276,1457
CTETRA,16581,2,3385,1276,1292,1473
CTETRA,16582,2,3385,1276,1473,1457
CTETRA,16583,2,3386,1248,1254,1256
CTETRA,16584,2,3386,1435,1429,1437
CTETRA,16585,2,3386,1254,1248,1435
CTETRA,16586,2,3386,1435,1248,1429
CTETRA,16587,2,3386,1248,1256,1437
CTETRA,16588,2,3386,1248,1437,1429
CTETRA,16589,2,3386,1256,1254,1437
CTETRA,16590,2,3386,1437,1254,1435
CTETRA,16591,2,3387,1292,1280,1291
CTETRA,16592,2,3387,1461,1473,1472
CTETRA,16593,2,3387,1280,1292,1473
CTETRA,16594,2,3387,1280,1473,1461
CTETRA,16595,2,3387,1292,1291,1473
CTETRA,16596,2,3387,1473,1291,1472
CTETRA,16597,2,3387,1291,1280,1472
CTETRA,16598,2,3387,1472,1280,1461
CTETRA,16599,2,3388,1271,1256,1254
CTETRA,16600,2,3388,1437,1452,1435
CTETRA,16601,2,3388,1256,1271,1452
CTETRA,16602,2,3388,1256,1452,1437
CTETRA,16603,2,3388,1271,1254,1452
CTETRA,16604,2,3388,1452,1254,1435
CTETRA,16605,2,3388,1254,1256,1437
CTETRA,16606,2,3388,1254,1437,1435
CTETRA,16607,2,3389,1284,1291,1280
CTETRA,16608,2,3389,1472,1465,1461
CTETRA,16609,2,3389,1291,1284,1472
CTETRA,16610,2,3389,1472,1284,1465
CTETRA,16611,2,3389,1284,1280,1465
CTETRA,16612,2,3389,1465,1280,1461
CTETRA,16613,2,3389,1280,1291,1472
CTETRA,16614,2,3389,1280,1472,1461
CTETRA,16615,2,3390,1256,1271,1277
CTETRA,16616,2,3390,1452,1437,1458
CTETRA,16617,2,3390,1271,1256,1452
CTETRA,16618,2,3390,1452,1256,1437
CTETRA,16619,2,3390,1256,1277,1458
CTETRA,16620,2,3390,1256,1458,1437
CTETRA,16621,2,3390,1277,1271,1458
CTETRA,16622,2,3390,1458,1271,1452
CTETRA,16623,2,3391,608,603,1264
CTETRA,16624,2,3391,602,607,1445
CTETRA,16625,2,3391,602,603,608
CTETRA,16626,2,3391,602,608,607
CTETRA,16627,2,3391,608,1264,1445
CTETRA,16628,2,3391,608,1445,607
CTETRA,16629,2,3391,1264,603,1445
CTETRA,16630,2,3391,1445,603,602
CTETRA,16631,2,3392,1281,1277,1271
CTETRA,16632,2,3392,1458,1462,1452
CTETRA,16633,2,3392,1277,1281,1462
CTETRA,16634,2,3392,1277,1462,1458
CTETRA,16635,2,3392,1281,1271,1462
CTETRA,16636,2,3392,1462,1271,1452
CTETRA,16637,2,3392,1271,1277,1458
CTETRA,16638,2,3392,1271,1458,1452
CTETRA,16639,2,3393,1245,1264,603
CTETRA,16640,2,3393,1445,1426,602
CTETRA,16641,2,3393,1264,1245,1445
CTETRA,16642,2,3393,1445,1245,1426
CTETRA,16643,2,3393,1245,603,1426
CTETRA,16644,2,3393,1426,603,602
CTETRA,16645,2,3393,603,1264,1445
CTETRA,16646,2,3393,603,1445,602
CTETRA,16647,2,3394,533,528,1244
CTETRA,16648,2,3394,527,532,1425
CTETRA,16649,2,3394,527,533,532
CTETRA,16650,2,3394,527,528,533
CTETRA,16651,2,3394,533,1244,1425
CTETRA,16652,2,3394,533,1425,532
CTETRA,16653,2,3394,1244,528,527
CTETRA,16654,2,3394,1244,527,1425
CTETRA,16655,2,3395,1282,1290,1284
CTETRA,16656,2,3395,1471,1463,1465
CTETRA,16657,2,3395,1290,1282,1471
CTETRA,16658,2,3395,1471,1282,1463
CTETRA,16659,2,3395,1282,1284,1465
CTETRA,16660,2,3395,1282,1465,1463
CTETRA,16661,2,3395,1284,1290,1471
CTETRA,16662,2,3395,1284,1471,1465
CTETRA,16663,2,3396,1263,1244,528
CTETRA,16664,2,3396,1425,1444,527
CTETRA,16665,2,3396,1244,1263,1444
CTETRA,16666,2,3396,1244,1444,1425
CTETRA,16667,2,3396,1263,528,1444
CTETRA,16668,2,3396,1444,528,527
CTETRA,16669,2,3396,528,1244,527
CTETRA,16670,2,3396,527,1244,1425
CTETRA,16671,2,3397,1264,1245,1270
CTETRA,16672,2,3397,1426,1445,1451
CTETRA,16673,2,3397,1245,1264,1445
CTETRA,16674,2,3397,1245,1445,1426
CTETRA,16675,2,3397,1264,1270,1451
CTETRA,16676,2,3397,1264,1451,1445
CTETRA,16677,2,3397,1270,1245,1451
CTETRA,16678,2,3397,1451,1245,1426
CTETRA,16679,2,3398,1283,1290,1281
CTETRA,16680,2,3398,1471,1464,1462
CTETRA,16681,2,3398,1290,1283,1471
CTETRA,16682,2,3398,1471,1283,1464
CTETRA,16683,2,3398,1283,1281,1464
CTETRA,16684,2,3398,1464,1281,1462
CTETRA,16685,2,3398,1281,1290,1471
CTETRA,16686,2,3398,1281,1471,1462
CTETRA,16687,2,3399,1251,1270,1245
CTETRA,16688,2,3399,1451,1432,1426
CTETRA,16689,2,3399,1270,1251,1451
CTETRA,16690,2,3399,1451,1251,1432
CTETRA,16691,2,3399,1251,1245,1432
CTETRA,16692,2,3399,1432,1245,1426
CTETRA,16693,2,3399,1245,1270,1451
CTETRA,16694,2,3399,1245,1451,1426
CTETRA,16695,2,3400,1244,1263,1250
CTETRA,16696,2,3400,1444,1425,1431
CTETRA,16697,2,3400,1263,1244,1444
CTETRA,16698,2,3400,1444,1244,1425
CTETRA,16699,2,3400,1244,1250,1431
CTETRA,16700,2,3400,1244,1431,1425
CTETRA,16701,2,3400,1250,1263,1444
CTETRA,16702,2,3400,1250,1444,1431
CTETRA,16703,2,3401,1270,1251,1276
CTETRA,16704,2,3401,1432,1451,1457
CTETRA,16705,2,3401,1251,1270,1451
CTETRA,16706,2,3401,1251,1451,1432
CTETRA,16707,2,3401,1270,1276,1457
CTETRA,16708,2,3401,1270,1457,1451
CTETRA,16709,2,3401,1276,1251,1457
CTETRA,16710,2,3401,1457,1251,1432
CTETRA,16711,2,3402,1269,1250,1263
CTETRA,16712,2,3402,1431,1450,1444
CTETRA,16713,2,3402,1250,1269,1450
CTETRA,16714,2,3402,1250,1450,1431
CTETRA,16715,2,3402,1269,1263,1450
CTETRA,16716,2,3402,1450,1263,1444
CTETRA,16717,2,3402,1263,1250,1444
CTETRA,16718,2,3402,1444,1250,1431
CTETRA,16719,2,3403,1255,1276,1251
CTETRA,16720,2,3403,1457,1436,1432
CTETRA,16721,2,3403,1276,1255,1457
CTETRA,16722,2,3403,1457,1255,1436
CTETRA,16723,2,3403,1255,1251,1436
CTETRA,16724,2,3403,1436,1251,1432
CTETRA,16725,2,3403,1251,1276,1457
CTETRA,16726,2,3403,1251,1457,1432
CTETRA,16727,2,3404,1250,1269,1254
CTETRA,16728,2,3404,1450,1431,1435
CTETRA,16729,2,3404,1269,1250,1450
CTETRA,16730,2,3404,1450,1250,1431
CTETRA,16731,2,3404,1250,1254,1435
CTETRA,16732,2,3404,1250,1435,1431
CTETRA,16733,2,3404,1254,1269,1450
CTETRA,16734,2,3404,1254,1450,1435
CTETRA,16735,2,3405,1276,1255,1280
CTETRA,16736,2,3405,1436,1457,1461
CTETRA,16737,2,3405,1255,1276,1457
CTETRA,16738,2,3405,1255,1457,1436
CTETRA,16739,2,3405,1276,1280,1461
CTETRA,16740,2,3405,1276,1461,1457
CTETRA,16741,2,3405,1280,1255,1461
CTETRA,16742,2,3405,1461,1255,1436
CTETRA,16743,2,3406,1275,1254,1269
CTETRA,16744,2,3406,1435,1456,1450
CTETRA,16745,2,3406,1254,1275,1456
CTETRA,16746,2,3406,1254,1456,1435
CTETRA,16747,2,3406,1275,1269,1456
CTETRA,16748,2,3406,1456,1269,1450
CTETRA,16749,2,3406,1269,1254,1450
CTETRA,16750,2,3406,1450,1254,1435
CTETRA,16751,2,3407,1272,1280,1255
CTETRA,16752,2,3407,1461,1453,1436
CTETRA,16753,2,3407,1280,1272,1461
CTETRA,16754,2,3407,1461,1272,1453
CTETRA,16755,2,3407,1272,1255,1453
CTETRA,16756,2,3407,1453,1255,1436
CTETRA,16757,2,3407,1255,1280,1461
CTETRA,16758,2,3407,1255,1461,1436
CTETRA,16759,2,3408,1254,1275,1271
CTETRA,16760,2,3408,1456,1435,1452
CTETRA,16761,2,3408,1275,1254,1456
CTETRA,16762,2,3408,1456,1254,1435
CTETRA,16763,2,3408,1254,1271,1452
CTETRA,16764,2,3408,1254,1452,1435
CTETRA,16765,2,3408,1271,1275,1456
CTETRA,16766,2,3408,1271,1456,1452
CTETRA,16767,2,3409,1280,1272,1284
CTETRA,16768,2,3409,1453,1461,1465
CTETRA,16769,2,3409,1272,1280,1461
CTETRA,16770,2,3409,1272,1461,1453
CTETRA,16771,2,3409,1280,1284,1465
CTETRA,16772,2,3409,1280,1465,1461
CTETRA,16773,2,3409,1284,1272,1465
CTETRA,16774,2,3409,1465,1272,1453
CTETRA,16775,2,3410,1279,1271,1275
CTETRA,16776,2,3410,1452,1460,1456
CTETRA,16777,2,3410,1271,1279,1460
CTETRA,16778,2,3410,1271,1460,1452
CTETRA,16779,2,3410,1279,1275,1460
CTETRA,16780,2,3410,1460,1275,1456
CTETRA,16781,2,3410,1275,1271,1456
CTETRA,16782,2,3410,1456,1271,1452
CTETRA,16783,2,3411,1282,1284,1272
CTETRA,16784,2,3411,1465,1463,1453
CTETRA,16785,2,3411,1284,1282,1465
CTETRA,16786,2,3411,1465,1282,1463
CTETRA,16787,2,3411,1282,1272,1463
CTETRA,16788,2,3411,1463,1272,1453
CTETRA,16789,2,3411,1272,1284,1465
CTETRA,16790,2,3411,1272,1465,1453
CTETRA,16791,2,3412,1271,1279,1281
CTETRA,16792,2,3412,1460,1452,1462
CTETRA,16793,2,3412,1279,1271,1460
CTETRA,16794,2,3412,1460,1271,1452
CTETRA,16795,2,3412,1271,1281,1462
CTETRA,16796,2,3412,1271,1462,1452
CTETRA,16797,2,3412,1281,1279,1462
CTETRA,16798,2,3412,1462,1279,1460
CTETRA,16799,2,3413,603,598,1245
CTETRA,16800,2,3413,597,602,1426
CTETRA,16801,2,3413,597,603,602
CTETRA,16802,2,3413,597,598,603
CTETRA,16803,2,3413,603,1245,1426
CTETRA,16804,2,3413,603,1426,602
CTETRA,16805,2,3413,1245,598,1426
CTETRA,16806,2,3413,1426,598,597
CTETRA,16807,2,3414,1283,1281,1279
CTETRA,16808,2,3414,1462,1464,1460
CTETRA,16809,2,3414,1281,1283,1464
CTETRA,16810,2,3414,1281,1464,1462
CTETRA,16811,2,3414,1283,1279,1464
CTETRA,16812,2,3414,1464,1279,1460
CTETRA,16813,2,3414,1279,1281,1462
CTETRA,16814,2,3414,1279,1462,1460
CTETRA,16815,2,3415,1230,1245,598
CTETRA,16816,2,3415,1426,1411,597
CTETRA,16817,2,3415,1245,1230,1426
CTETRA,16818,2,3415,1426,1230,1411
CTETRA,16819,2,3415,1230,598,1411
CTETRA,16820,2,3415,1411,598,597
CTETRA,16821,2,3415,598,1245,1426
CTETRA,16822,2,3415,598,1426,597
CTETRA,16823,2,3416,528,483,1263
CTETRA,16824,2,3416,485,527,1444
CTETRA,16825,2,3416,485,528,527
CTETRA,16826,2,3416,485,483,528
CTETRA,16827,2,3416,528,1263,1444
CTETRA,16828,2,3416,528,1444,527
CTETRA,16829,2,3416,1263,483,485
CTETRA,16830,2,3416,1263,485,1444
CTETRA,16831,2,3417,1278,1290,1282
CTETRA,16832,2,3417,1471,1459,1463
CTETRA,16833,2,3417,1290,1278,1471
CTETRA,16834,2,3417,1471,1278,1459
CTETRA,16835,2,3417,1278,1282,1463
CTETRA,16836,2,3417,1278,1463,1459
CTETRA,16837,2,3417,1282,1290,1471
CTETRA,16838,2,3417,1282,1471,1463
CTETRA,16839,2,3418,1285,1263,483
CTETRA,16840,2,3418,1444,1466,485
CTETRA,16841,2,3418,1263,1285,1466
CTETRA,16842,2,3418,1263,1466,1444
CTETRA,16843,2,3418,1285,483,1466
CTETRA,16844,2,3418,1466,483,485
CTETRA,16845,2,3418,483,1263,485
CTETRA,16846,2,3418,485,1263,1444
CTETRA,16847,2,3419,1245,1230,1251
CTETRA,16848,2,3419,1411,1426,1432
CTETRA,16849,2,3419,1230,1245,1426
CTETRA,16850,2,3419,1230,1426,1411
CTETRA,16851,2,3419,1245,1251,1432
CTETRA,16852,2,3419,1245,1432,1426
CTETRA,16853,2,3419,1251,1230,1432
CTETRA,16854,2,3419,1432,1230,1411
CTETRA,16855,2,3420,1289,1290,1283
CTETRA,16856,2,3420,1471,1470,1464
CTETRA,16857,2,3420,1290,1289,1471
CTETRA,16858,2,3420,1471,1289,1470
CTETRA,16859,2,3420,1289,1283,1470
CTETRA,16860,2,3420,1470,1283,1464
CTETRA,16861,2,3420,1283,1290,1471
CTETRA,16862,2,3420,1283,1471,1464
CTETRA,16863,2,3421,1234,1251,1230
CTETRA,16864,2,3421,1432,1415,1411
CTETRA,16865,2,3421,1251,1234,1432
CTETRA,16866,2,3421,1432,1234,1415
CTETRA,16867,2,3421,1234,1230,1415
CTETRA,16868,2,3421,1415,1230,1411
CTETRA,16869,2,3421,1230,1251,1432
CTETRA,16870,2,3421,1230,1432,1411
CTETRA,16871,2,3422,1285,1286,1263
CTETRA,16872,2,3422,1467,1466,1444
CTETRA,16873,2,3422,1286,1285,1467
CTETRA,16874,2,3422,1467,1285,1466
CTETRA,16875,2,3422,1285,1263,1466
CTETRA,16876,2,3422,1466,1263,1444
CTETRA,16877,2,3422,1263,1286,1467
CTETRA,16878,2,3422,1263,1467,1444
CTETRA,16879,2,3423,1251,1234,1255
CTETRA,16880,2,3423,1415,1432,1436
CTETRA,16881,2,3423,1234,1251,1432
CTETRA,16882,2,3423,1234,1432,1415
CTETRA,16883,2,3423,1251,1255,1436
CTETRA,16884,2,3423,1251,1436,1432
CTETRA,16885,2,3423,1255,1234,1436
CTETRA,16886,2,3423,1436,1234,1415
CTETRA,16887,2,3424,1269,1263,1286
CTETRA,16888,2,3424,1444,1450,1467
CTETRA,16889,2,3424,1263,1269,1450
CTETRA,16890,2,3424,1263,1450,1444
CTETRA,16891,2,3424,1269,1286,1467
CTETRA,16892,2,3424,1269,1467,1450
CTETRA,16893,2,3424,1286,1263,1467
CTETRA,16894,2,3424,1467,1263,1444
CTETRA,16895,2,3425,1249,1255,1234
CTETRA,16896,2,3425,1436,1430,1415
CTETRA,16897,2,3425,1255,1249,1436
CTETRA,16898,2,3425,1436,1249,1430
CTETRA,16899,2,3425,1249,1234,1430
CTETRA,16900,2,3425,1430,1234,1415
CTETRA,16901,2,3425,1234,1255,1436
CTETRA,16902,2,3425,1234,1436,1415
CTETRA,16903,2,3426,1286,1287,1269
CTETRA,16904,2,3426,1468,1467,1450
CTETRA,16905,2,3426,1287,1286,1468
CTETRA,16906,2,3426,1468,1286,1467
CTETRA,16907,2,3426,1286,1269,1467
CTETRA,16908,2,3426,1467,1269,1450
CTETRA,16909,2,3426,1269,1287,1468
CTETRA,16910,2,3426,1269,1468,1450
CTETRA,16911,2,3427,1255,1249,1272
CTETRA,16912,2,3427,1430,1436,1453
CTETRA,16913,2,3427,1249,1255,1436
CTETRA,16914,2,3427,1249,1436,1430
CTETRA,16915,2,3427,1255,1272,1453
CTETRA,16916,2,3427,1255,1453,1436
CTETRA,16917,2,3427,1272,1249,1453
CTETRA,16918,2,3427,1453,1249,1430
CTETRA,16919,2,3428,1275,1269,1287
CTETRA,16920,2,3428,1450,1456,1468
CTETRA,16921,2,3428,1269,1275,1456
CTETRA,16922,2,3428,1269,1456,1450
CTETRA,16923,2,3428,1275,1287,1468
CTETRA,16924,2,3428,1275,1468,1456
CTETRA,16925,2,3428,1287,1269,1468
CTETRA,16926,2,3428,1468,1269,1450
CTETRA,16927,2,3429,1257,1272,1249
CTETRA,16928,2,3429,1453,1438,1430
CTETRA,16929,2,3429,1272,1257,1453
CTETRA,16930,2,3429,1453,1257,1438
CTETRA,16931,2,3429,1257,1249,1438
CTETRA,16932,2,3429,1438,1249,1430
CTETRA,16933,2,3429,1249,1272,1453
CTETRA,16934,2,3429,1249,1453,1430
CTETRA,16935,2,3430,1287,1288,1275
CTETRA,16936,2,3430,1469,1468,1456
CTETRA,16937,2,3430,1288,1287,1469
CTETRA,16938,2,3430,1469,1287,1468
CTETRA,16939,2,3430,1287,1275,1468
CTETRA,16940,2,3430,1468,1275,1456
CTETRA,16941,2,3430,1275,1288,1469
CTETRA,16942,2,3430,1275,1469,1456
CTETRA,16943,2,3431,1272,1257,1282
CTETRA,16944,2,3431,1438,1453,1463
CTETRA,16945,2,3431,1257,1272,1453
CTETRA,16946,2,3431,1257,1453,1438
CTETRA,16947,2,3431,1272,1282,1463
CTETRA,16948,2,3431,1272,1463,1453
CTETRA,16949,2,3431,1282,1257,1463
CTETRA,16950,2,3431,1463,1257,1438
CTETRA,16951,2,3432,1279,1275,1288
CTETRA,16952,2,3432,1456,1460,1469
CTETRA,16953,2,3432,1275,1279,1460
CTETRA,16954,2,3432,1275,1460,1456
CTETRA,16955,2,3432,1279,1288,1469
CTETRA,16956,2,3432,1279,1469,1460
CTETRA,16957,2,3432,1288,1275,1469
CTETRA,16958,2,3432,1469,1275,1456
CTETRA,16959,2,3433,1278,1282,1257
CTETRA,16960,2,3433,1463,1459,1438
CTETRA,16961,2,3433,1282,1278,1463
CTETRA,16962,2,3433,1463,1278,1459
CTETRA,16963,2,3433,1278,1257,1459
CTETRA,16964,2,3433,1459,1257,1438
CTETRA,16965,2,3433,1257,1282,1463
CTETRA,16966,2,3433,1257,1463,1438
CTETRA,16967,2,3434,1288,1289,1279
CTETRA,16968,2,3434,1470,1469,1460
CTETRA,16969,2,3434,1289,1288,1470
CTETRA,16970,2,3434,1470,1288,1469
CTETRA,16971,2,3434,1288,1279,1469
CTETRA,16972,2,3434,1469,1279,1460
CTETRA,16973,2,3434,1279,1289,1470
CTETRA,16974,2,3434,1279,1470,1460
CTETRA,16975,2,3435,598,593,1230
CTETRA,16976,2,3435,592,597,1411
CTETRA,16977,2,3435,592,593,598
CTETRA,16978,2,3435,592,598,597
CTETRA,16979,2,3435,598,1230,1411
CTETRA,16980,2,3435,598,1411,597
CTETRA,16981,2,3435,1230,593,1411
CTETRA,16982,2,3435,1411,593,592
CTETRA,16983,2,3436,1283,1279,1289
CTETRA,16984,2,3436,1460,1464,1470
CTETRA,16985,2,3436,1279,1283,1464
CTETRA,16986,2,3436,1279,1464,1460
CTETRA,16987,2,3436,1283,1289,1470
CTETRA,16988,2,3436,1283,1470,1464
CTETRA,16989,2,3436,1289,1279,1470
CTETRA,16990,2,3436,1470,1279,1460
CTETRA,16991,2,3437,1217,1230,593
CTETRA,16992,2,3437,1411,1398,592
CTETRA,16993,2,3437,1230,1217,1411
CTETRA,16994,2,3437,1411,1217,1398
CTETRA,16995,2,3437,1217,593,1398
CTETRA,16996,2,3437,1398,593,592
CTETRA,16997,2,3437,593,1230,1411
CTETRA,16998,2,3437,593,1411,592
CTETRA,16999,2,3438,483,484,1285
CTETRA,17000,2,3438,486,485,1466
CTETRA,17001,2,3438,483,485,486
CTETRA,17002,2,3438,483,486,484
CTETRA,17003,2,3438,483,1285,1466
CTETRA,17004,2,3438,483,1466,485
CTETRA,17005,2,3438,1285,484,486
CTETRA,17006,2,3438,1285,486,1466
CTETRA,17007,2,3439,1274,1290,1278
CTETRA,17008,2,3439,1471,1455,1459
CTETRA,17009,2,3439,1290,1274,1471
CTETRA,17010,2,3439,1471,1274,1455
CTETRA,17011,2,3439,1274,1278,1459
CTETRA,17012,2,3439,1274,1459,1455
CTETRA,17013,2,3439,1278,1290,1471
CTETRA,17014,2,3439,1278,1471,1459
CTETRA,17015,2,3440,1316,1285,484
CTETRA,17016,2,3440,1466,1497,486
CTETRA,17017,2,3440,1285,1316,1497
CTETRA,17018,2,3440,1285,1497,1466
CTETRA,17019,2,3440,1316,484,486
CTETRA,17020,2,3440,1316,486,1497
CTETRA,17021,2,3440,484,1285,486
CTETRA,17022,2,3440,486,1285,1466
CTETRA,17023,2,3441,1230,1217,1234
CTETRA,17024,2,3441,1398,1411,1415
CTETRA,17025,2,3441,1217,1230,1411
CTETRA,17026,2,3441,1217,1411,1398
CTETRA,17027,2,3441,1230,1234,1415
CTETRA,17028,2,3441,1230,1415,1411
CTETRA,17029,2,3441,1234,1217,1415
CTETRA,17030,2,3441,1415,1217,1398
CTETRA,17031,2,3442,1296,1290,1289
CTETRA,17032,2,3442,1471,1477,1470
CTETRA,17033,2,3442,1290,1296,1477
CTETRA,17034,2,3442,1290,1477,1471
CTETRA,17035,2,3442,1296,1289,1477
CTETRA,17036,2,3442,1477,1289,1470
CTETRA,17037,2,3442,1289,1290,1471
CTETRA,17038,2,3442,1289,1471,1470
CTETRA,17039,2,3443,1228,1234,1217
CTETRA,17040,2,3443,1415,1409,1398
CTETRA,17041,2,3443,1234,1228,1415
CTETRA,17042,2,3443,1415,1228,1409
CTETRA,17043,2,3443,1228,1217,1409
CTETRA,17044,2,3443,1409,1217,1398
CTETRA,17045,2,3443,1217,1234,1415
CTETRA,17046,2,3443,1217,1415,1398
CTETRA,17047,2,3444,1285,1316,1286
CTETRA,17048,2,3444,1497,1466,1467
CTETRA,17049,2,3444,1316,1285,1497
CTETRA,17050,2,3444,1497,1285,1466
CTETRA,17051,2,3444,1285,1286,1467
CTETRA,17052,2,3444,1285,1467,1466
CTETRA,17053,2,3444,1286,1316,1497
CTETRA,17054,2,3444,1286,1497,1467
CTETRA,17055,2,3445,1234,1228,1249
CTETRA,17056,2,3445,1409,1415,1430
CTETRA,17057,2,3445,1228,1234,1415
CTETRA,17058,2,3445,1228,1415,1409
CTETRA,17059,2,3445,1234,1249,1430
CTETRA,17060,2,3445,1234,1430,1415
CTETRA,17061,2,3445,1249,1228,1430
CTETRA,17062,2,3445,1430,1228,1409
CTETRA,17063,2,3446,1310,1286,1316
CTETRA,17064,2,3446,1467,1491,1497
CTETRA,17065,2,3446,1286,1310,1491
CTETRA,17066,2,3446,1286,1491,1467
CTETRA,17067,2,3446,1310,1316,1497
CTETRA,17068,2,3446,1310,1497,1491
CTETRA,17069,2,3446,1316,1286,1497
CTETRA,17070,2,3446,1497,1286,1467
CTETRA,17071,2,3447,1239,1249,1228
CTETRA,17072,2,3447,1430,1420,1409
CTETRA,17073,2,3447,1249,1239,1430
CTETRA,17074,2,3447,1430,1239,1420
CTETRA,17075,2,3447,1239,1228,1420
CTETRA,17076,2,3447,1420,1228,1409
CTETRA,17077,2,3447,1228,1249,1430
CTETRA,17078,2,3447,1228,1430,1409
CTETRA,17079,2,3448,1286,1310,1287
CTETRA,17080,2,3448,1491,1467,1468
CTETRA,17081,2,3448,1310,1286,1491
CTETRA,17082,2,3448,1491,1286,1467
CTETRA,17083,2,3448,1286,1287,1468
CTETRA,17084,2,3448,1286,1468,1467
CTETRA,17085,2,3448,1287,1310,1491
CTETRA,17086,2,3448,1287,1491,1468
CTETRA,17087,2,3449,1249,1239,1257
CTETRA,17088,2,3449,1420,1430,1438
CTETRA,17089,2,3449,1239,1249,1430
CTETRA,17090,2,3449,1239,1430,1420
CTETRA,17091,2,3449,1249,1257,1438
CTETRA,17092,2,3449,1249,1438,1430
CTETRA,17093,2,3449,1257,1239,1438
CTETRA,17094,2,3449,1438,1239,1420
CTETRA,17095,2,3450,1304,1287,1310
CTETRA,17096,2,3450,1468,1485,1491
CTETRA,17097,2,3450,1287,1304,1485
CTETRA,17098,2,3450,1287,1485,1468
CTETRA,17099,2,3450,1304,1310,1491
CTETRA,17100,2,3450,1304,1491,1485
CTETRA,17101,2,3450,1310,1287,1491
CTETRA,17102,2,3450,1491,1287,1468
CTETRA,17103,2,3451,1253,1257,1239
CTETRA,17104,2,3451,1438,1434,1420
CTETRA,17105,2,3451,1257,1253,1438
CTETRA,17106,2,3451,1438,1253,1434
CTETRA,17107,2,3451,1253,1239,1434
CTETRA,17108,2,3451,1434,1239,1420
CTETRA,17109,2,3451,1239,1257,1438
CTETRA,17110,2,3451,1239,1438,1420
CTETRA,17111,2,3452,1287,1304,1288
CTETRA,17112,2,3452,1485,1468,1469
CTETRA,17113,2,3452,1304,1287,1485
CTETRA,17114,2,3452,1485,1287,1468
CTETRA,17115,2,3452,1287,1288,1469
CTETRA,17116,2,3452,1287,1469,1468
CTETRA,17117,2,3452,1288,1304,1485
CTETRA,17118,2,3452,1288,1485,1469
CTETRA,17119,2,3453,1257,1253,1278
CTETRA,17120,2,3453,1434,1438,1459
CTETRA,17121,2,3453,1253,1257,1438
CTETRA,17122,2,3453,1253,1438,1434
CTETRA,17123,2,3453,1257,1278,1459
CTETRA,17124,2,3453,1257,1459,1438
CTETRA,17125,2,3453,1278,1253,1459
CTETRA,17126,2,3453,1459,1253,1434
CTETRA,17127,2,3454,1300,1288,1304
CTETRA,17128,2,3454,1469,1481,1485
CTETRA,17129,2,3454,1288,1300,1481
CTETRA,17130,2,3454,1288,1481,1469
CTETRA,17131,2,3454,1300,1304,1485
CTETRA,17132,2,3454,1300,1485,1481
CTETRA,17133,2,3454,1304,1288,1485
CTETRA,17134,2,3454,1485,1288,1469
CTETRA,17135,2,3455,1274,1278,1253
CTETRA,17136,2,3455,1459,1455,1434
CTETRA,17137,2,3455,1278,1274,1459
CTETRA,17138,2,3455,1459,1274,1455
CTETRA,17139,2,3455,1274,1253,1455
CTETRA,17140,2,3455,1455,1253,1434
CTETRA,17141,2,3455,1253,1278,1459
CTETRA,17142,2,3455,1253,1459,1434
CTETRA,17143,2,3456,1288,1300,1289
CTETRA,17144,2,3456,1481,1469,1470
CTETRA,17145,2,3456,1300,1288,1481
CTETRA,17146,2,3456,1481,1288,1469
CTETRA,17147,2,3456,1288,1289,1470
CTETRA,17148,2,3456,1288,1470,1469
CTETRA,17149,2,3456,1289,1300,1481
CTETRA,17150,2,3456,1289,1481,1470
CTETRA,17151,2,3457,593,588,1217
CTETRA,17152,2,3457,587,592,1398
CTETRA,17153,2,3457,587,588,593
CTETRA,17154,2,3457,587,593,592
CTETRA,17155,2,3457,593,1217,1398
CTETRA,17156,2,3457,593,1398,592
CTETRA,17157,2,3457,1217,588,1398
CTETRA,17158,2,3457,1398,588,587
CTETRA,17159,2,3458,1296,1289,1300
CTETRA,17160,2,3458,1470,1477,1481
CTETRA,17161,2,3458,1289,1296,1477
CTETRA,17162,2,3458,1289,1477,1470
CTETRA,17163,2,3458,1296,1300,1481
CTETRA,17164,2,3458,1296,1481,1477
CTETRA,17165,2,3458,1300,1289,1481
CTETRA,17166,2,3458,1481,1289,1470
CTETRA,17167,2,3459,1211,1217,588
CTETRA,17168,2,3459,1398,1392,587
CTETRA,17169,2,3459,1217,1211,1398
CTETRA,17170,2,3459,1398,1211,1392
CTETRA,17171,2,3459,1211,588,1392
CTETRA,17172,2,3459,1392,588,587
CTETRA,17173,2,3459,588,1217,1398
CTETRA,17174,2,3459,588,1398,587
CTETRA,17175,2,3460,484,490,1316
CTETRA,17176,2,3460,491,486,1497
CTETRA,17177,2,3460,484,486,491
CTETRA,17178,2,3460,484,491,490
CTETRA,17179,2,3460,484,1316,486
CTETRA,17180,2,3460,486,1316,1497
CTETRA,17181,2,3460,1316,490,491
CTETRA,17182,2,3460,1316,491,1497
CTETRA,17183,2,3461,1268,1290,1274
CTETRA,17184,2,3461,1471,1449,1455
CTETRA,17185,2,3461,1290,1268,1471
CTETRA,17186,2,3461,1471,1268,1449
CTETRA,17187,2,3461,1268,1274,1455
CTETRA,17188,2,3461,1268,1455,1449
CTETRA,17189,2,3461,1274,1290,1471
CTETRA,17190,2,3461,1274,1471,1455
CTETRA,17191,2,3462,1335,1316,490
CTETRA,17192,2,3462,1497,1516,491
CTETRA,17193,2,3462,1316,1335,1516
CTETRA,17194,2,3462,1316,1516,1497
CTETRA,17195,2,3462,1335,490,491
CTETRA,17196,2,3462,1335,491,1516
CTETRA,17197,2,3462,490,1316,491
CTETRA,17198,2,3462,491,1316,1497
CTETRA,17199,2,3463,1217,1211,1228
CTETRA,17200,2,3463,1392,1398,1409
CTETRA,17201,2,3463,1211,1217,1398
CTETRA,17202,2,3463,1211,1398,1392
CTETRA,17203,2,3463,1217,1228,1409
CTETRA,17204,2,3463,1217,1409,1398
CTETRA,17205,2,3463,1228,1211,1409
CTETRA,17206,2,3463,1409,1211,1392
CTETRA,17207,2,3464,1298,1290,1296
CTETRA,17208,2,3464,1471,1479,1477
CTETRA,17209,2,3464,1290,1298,1479
CTETRA,17210,2,3464,1290,1479,1471
CTETRA,17211,2,3464,1298,1296,1479
CTETRA,17212,2,3464,1479,1296,1477
CTETRA,17213,2,3464,1296,1290,1477
CTETRA,17214,2,3464,1477,1290,1471
CTETRA,17215,2,3465,1219,1228,1211
CTETRA,17216,2,3465,1409,1400,1392
CTETRA,17217,2,3465,1228,1219,1409
CTETRA,17218,2,3465,1409,1219,1400
CTETRA,17219,2,3465,1219,1211,1400
CTETRA,17220,2,3465,1400,1211,1392
CTETRA,17221,2,3465,1211,1228,1409
CTETRA,17222,2,3465,1211,1409,1392
CTETRA,17223,2,3466,1316,1335,1310
CTETRA,17224,2,3466,1516,1497,1491
CTETRA,17225,2,3466,1335,1316,1516
CTETRA,17226,2,3466,1516,1316,1497
CTETRA,17227,2,3466,1316,1310,1497
CTETRA,17228,2,3466,1497,1310,1491
CTETRA,17229,2,3466,1310,1335,1516
CTETRA,17230,2,3466,1310,1516,1491
CTETRA,17231,2,3467,1228,1219,1239
CTETRA,17232,2,3467,1400,1409,1420
CTETRA,17233,2,3467,1219,1228,1409
CTETRA,17234,2,3467,1219,1409,1400
CTETRA,17235,2,3467,1228,1239,1420
CTETRA,17236,2,3467,1228,1420,1409
CTETRA,17237,2,3467,1239,1219,1420
CTETRA,17238,2,3467,1420,1219,1400
CTETRA,17239,2,3468,1329,1310,1335
CTETRA,17240,2,3468,1491,1510,1516
CTETRA,17241,2,3468,1310,1329,1510
CTETRA,17242,2,3468,1310,1510,1491
CTETRA,17243,2,3468,1329,1335,1516
CTETRA,17244,2,3468,1329,1516,1510
CTETRA,17245,2,3468,1335,1310,1516
CTETRA,17246,2,3468,1516,1310,1491
CTETRA,17247,2,3469,1232,1239,1219
CTETRA,17248,2,3469,1420,1413,1400
CTETRA,17249,2,3469,1239,1232,1420
CTETRA,17250,2,3469,1420,1232,1413
CTETRA,17251,2,3469,1232,1219,1413
CTETRA,17252,2,3469,1413,1219,1400
CTETRA,17253,2,3469,1219,1239,1420
CTETRA,17254,2,3469,1219,1420,1400
CTETRA,17255,2,3470,1310,1329,1304
CTETRA,17256,2,3470,1510,1491,1485
CTETRA,17257,2,3470,1329,1310,1510
CTETRA,17258,2,3470,1510,1310,1491
CTETRA,17259,2,3470,1310,1304,1491
CTETRA,17260,2,3470,1491,1304,1485
CTETRA,17261,2,3470,1304,1329,1510
CTETRA,17262,2,3470,1304,1510,1485
CTETRA,17263,2,3471,1239,1232,1253
CTETRA,17264,2,3471,1413,1420,1434
CTETRA,17265,2,3471,1232,1239,1420
CTETRA,17266,2,3471,1232,1420,1413
CTETRA,17267,2,3471,1239,1253,1434
CTETRA,17268,2,3471,1239,1434,1420
CTETRA,17269,2,3471,1253,1232,1434
CTETRA,17270,2,3471,1434,1232,1413
CTETRA,17271,2,3472,1325,1304,1329
CTETRA,17272,2,3472,1485,1506,1510
CTETRA,17273,2,3472,1304,1325,1506
CTETRA,17274,2,3472,1304,1506,1485
CTETRA,17275,2,3472,1325,1329,1510
CTETRA,17276,2,3472,1325,1510,1506
CTETRA,17277,2,3472,1329,1304,1510
CTETRA,17278,2,3472,1510,1304,1485
CTETRA,17279,2,3473,1247,1253,1232
CTETRA,17280,2,3473,1434,1428,1413
CTETRA,17281,2,3473,1253,1247,1434
CTETRA,17282,2,3473,1434,1247,1428
CTETRA,17283,2,3473,1247,1232,1428
CTETRA,17284,2,3473,1428,1232,1413
CTETRA,17285,2,3473,1232,1253,1434
CTETRA,17286,2,3473,1232,1434,1413
CTETRA,17287,2,3474,1304,1325,1300
CTETRA,17288,2,3474,1506,1485,1481
CTETRA,17289,2,3474,1325,1304,1506
CTETRA,17290,2,3474,1506,1304,1485
CTETRA,17291,2,3474,1304,1300,1485
CTETRA,17292,2,3474,1485,1300,1481
CTETRA,17293,2,3474,1300,1325,1506
CTETRA,17294,2,3474,1300,1506,1481
CTETRA,17295,2,3475,1253,1247,1274
CTETRA,17296,2,3475,1428,1434,1455
CTETRA,17297,2,3475,1247,1253,1434
CTETRA,17298,2,3475,1247,1434,1428
CTETRA,17299,2,3475,1253,1274,1455
CTETRA,17300,2,3475,1253,1455,1434
CTETRA,17301,2,3475,1274,1247,1455
CTETRA,17302,2,3475,1455,1247,1428
CTETRA,17303,2,3476,1308,1300,1325
CTETRA,17304,2,3476,1481,1489,1506
CTETRA,17305,2,3476,1300,1308,1489
CTETRA,17306,2,3476,1300,1489,1481
CTETRA,17307,2,3476,1308,1325,1506
CTETRA,17308,2,3476,1308,1506,1489
CTETRA,17309,2,3476,1325,1300,1506
CTETRA,17310,2,3476,1506,1300,1481
CTETRA,17311,2,3477,1268,1274,1247
CTETRA,17312,2,3477,1455,1449,1428
CTETRA,17313,2,3477,1274,1268,1455
CTETRA,17314,2,3477,1455,1268,1449
CTETRA,17315,2,3477,1268,1247,1449
CTETRA,17316,2,3477,1449,1247,1428
CTETRA,17317,2,3477,1247,1274,1455
CTETRA,17318,2,3477,1247,1455,1428
CTETRA,17319,2,3478,1300,1308,1296
CTETRA,17320,2,3478,1489,1481,1477
CTETRA,17321,2,3478,1308,1300,1489
CTETRA,17322,2,3478,1489,1300,1481
CTETRA,17323,2,3478,1300,1296,1481
CTETRA,17324,2,3478,1481,1296,1477
CTETRA,17325,2,3478,1296,1308,1489
CTETRA,17326,2,3478,1296,1489,1477
CTETRA,17327,2,3479,588,583,1211
CTETRA,17328,2,3479,582,587,1392
CTETRA,17329,2,3479,582,583,588
CTETRA,17330,2,3479,582,588,587
CTETRA,17331,2,3479,588,1211,1392
CTETRA,17332,2,3479,588,1392,587
CTETRA,17333,2,3479,1211,583,1392
CTETRA,17334,2,3479,1392,583,582
CTETRA,17335,2,3480,1298,1296,1308
CTETRA,17336,2,3480,1477,1479,1489
CTETRA,17337,2,3480,1296,1298,1479
CTETRA,17338,2,3480,1296,1479,1477
CTETRA,17339,2,3480,1298,1308,1489
CTETRA,17340,2,3480,1298,1489,1479
CTETRA,17341,2,3480,1308,1296,1489
CTETRA,17342,2,3480,1489,1296,1477
CTETRA,17343,2,3481,1206,1211,583
CTETRA,17344,2,3481,1392,1387,582
CTETRA,17345,2,3481,1211,1206,1392
CTETRA,17346,2,3481,1392,1206,1387
CTETRA,17347,2,3481,1206,583,1387
CTETRA,17348,2,3481,1387,583,582
CTETRA,17349,2,3481,583,1211,1392
CTETRA,17350,2,3481,583,1392,582
CTETRA,17351,2,3482,1302,1290,1298
CTETRA,17352,2,3482,1471,1483,1479
CTETRA,17353,2,3482,1290,1302,1483
CTETRA,17354,2,3482,1290,1483,1471
CTETRA,17355,2,3482,1302,1298,1483
CTETRA,17356,2,3482,1483,1298,1479
CTETRA,17357,2,3482,1298,1290,1479
CTETRA,17358,2,3482,1479,1290,1471
CTETRA,17359,2,3483,1215,1219,1206
CTETRA,17360,2,3483,1400,1396,1387
CTETRA,17361,2,3483,1219,1215,1400
CTETRA,17362,2,3483,1400,1215,1396
CTETRA,17363,2,3483,1215,1206,1396
CTETRA,17364,2,3483,1396,1206,1387
CTETRA,17365,2,3483,1206,1219,1400
CTETRA,17366,2,3483,1206,1400,1387
CTETRA,17367,2,3484,1335,1350,1329
CTETRA,17368,2,3484,1531,1516,1510
CTETRA,17369,2,3484,1350,1335,1531
CTETRA,17370,2,3484,1531,1335,1516
CTETRA,17371,2,3484,1335,1329,1516
CTETRA,17372,2,3484,1516,1329,1510
CTETRA,17373,2,3484,1329,1350,1531
CTETRA,17374,2,3484,1329,1531,1510
CTETRA,17375,2,3485,1219,1215,1232
CTETRA,17376,2,3485,1396,1400,1413
CTETRA,17377,2,3485,1215,1219,1400
CTETRA,17378,2,3485,1215,1400,1396
CTETRA,17379,2,3485,1219,1232,1413
CTETRA,17380,2,3485,1219,1413,1400
CTETRA,17381,2,3485,1232,1215,1413
CTETRA,17382,2,3485,1413,1215,1396
CTETRA,17383,2,3486,1325,1331,1308
CTETRA,17384,2,3486,1512,1506,1489
CTETRA,17385,2,3486,1331,1325,1512
CTETRA,17386,2,3486,1512,1325,1506
CTETRA,17387,2,3486,1325,1308,1506
CTETRA,17388,2,3486,1506,1308,1489
CTETRA,17389,2,3486,1308,1331,1512
CTETRA,17390,2,3486,1308,1512,1489
CTETRA,17391,2,3487,1323,1308,1331
CTETRA,17392,2,3487,1489,1504,1512
CTETRA,17393,2,3487,1308,1323,1504
CTETRA,17394,2,3487,1308,1504,1489
CTETRA,17395,2,3487,1323,1331,1512
CTETRA,17396,2,3487,1323,1512,1504
CTETRA,17397,2,3487,1331,1308,1512
CTETRA,17398,2,3487,1512,1308,1489
CTETRA,17399,2,3488,1308,1323,1298
CTETRA,17400,2,3488,1504,1489,1479
CTETRA,17401,2,3488,1323,1308,1504
CTETRA,17402,2,3488,1504,1308,1489
CTETRA,17403,2,3488,1308,1298,1489
CTETRA,17404,2,3488,1489,1298,1479
CTETRA,17405,2,3488,1298,1323,1504
CTETRA,17406,2,3488,1298,1504,1479
CTETRA,17407,2,3489,1302,1298,1323
CTETRA,17408,2,3489,1479,1483,1504
CTETRA,17409,2,3489,1298,1302,1483
CTETRA,17410,2,3489,1298,1483,1479
CTETRA,17411,2,3489,1302,1323,1504
CTETRA,17412,2,3489,1302,1504,1483
CTETRA,17413,2,3489,1323,1298,1504
CTETRA,17414,2,3489,1504,1298,1479
CTETRA,17415,2,3490,495,500,1350
CTETRA,17416,2,3490,501,496,1531
CTETRA,17417,2,3490,495,496,501
CTETRA,17418,2,3490,495,501,500
CTETRA,17419,2,3490,495,1350,496
CTETRA,17420,2,3490,496,1350,1531
CTETRA,17421,2,3490,1350,500,501
CTETRA,17422,2,3490,1350,501,1531
CTETRA,17423,2,3491,1363,1350,500
CTETRA,17424,2,3491,1531,1544,501
CTETRA,17425,2,3491,1350,1363,1544
CTETRA,17426,2,3491,1350,1544,1531
CTETRA,17427,2,3491,1363,500,501
CTETRA,17428,2,3491,1363,501,1544
CTETRA,17429,2,3491,500,1350,501
CTETRA,17430,2,3491,501,1350,1531
CTETRA,17431,2,3492,1306,1290,1302
CTETRA,17432,2,3492,1471,1487,1483
CTETRA,17433,2,3492,1290,1306,1487
CTETRA,17434,2,3492,1290,1487,1471
CTETRA,17435,2,3492,1306,1302,1487
CTETRA,17436,2,3492,1487,1302,1483
CTETRA,17437,2,3492,1302,1290,1483
CTETRA,17438,2,3492,1483,1290,1471
CTETRA,17439,2,3493,1350,1363,1346
CTETRA,17440,2,3493,1544,1531,1527
CTETRA,17441,2,3493,1363,1350,1544
CTETRA,17442,2,3493,1544,1350,1531
CTETRA,17443,2,3493,1350,1346,1531
CTETRA,17444,2,3493,1531,1346,1527
CTETRA,17445,2,3493,1346,1363,1544
CTETRA,17446,2,3493,1346,1544,1527
CTETRA,17447,2,3494,1352,1346,1363
CTETRA,17448,2,3494,1527,1533,1544
CTETRA,17449,2,3494,1346,1352,1533
CTETRA,17450,2,3494,1346,1533,1527
CTETRA,17451,2,3494,1352,1363,1544
CTETRA,17452,2,3494,1352,1544,1533
CTETRA,17453,2,3494,1363,1346,1544
CTETRA,17454,2,3494,1544,1346,1527
CTETRA,17455,2,3495,1346,1352,1331
CTETRA,17456,2,3495,1533,1527,1512
CTETRA,17457,2,3495,1352,1346,1533
CTETRA,17458,2,3495,1533,1346,1527
CTETRA,17459,2,3495,1346,1331,1527
CTETRA,17460,2,3495,1527,1331,1512
CTETRA,17461,2,3495,1331,1352,1533
CTETRA,17462,2,3495,1331,1533,1512
CTETRA,17463,2,3496,1341,1331,1352
CTETRA,17464,2,3496,1512,1522,1533
CTETRA,17465,2,3496,1331,1341,1522
CTETRA,17466,2,3496,1331,1522,1512
CTETRA,17467,2,3496,1341,1352,1533
CTETRA,17468,2,3496,1341,1533,1522
CTETRA,17469,2,3496,1352,1331,1533
CTETRA,17470,2,3496,1533,1331,1512
CTETRA,17471,2,3497,1331,1341,1323
CTETRA,17472,2,3497,1522,1512,1504
CTETRA,17473,2,3497,1341,1331,1522
CTETRA,17474,2,3497,1522,1331,1512
CTETRA,17475,2,3497,1331,1323,1512
CTETRA,17476,2,3497,1512,1323,1504
CTETRA,17477,2,3497,1323,1341,1522
CTETRA,17478,2,3497,1323,1522,1504
CTETRA,17479,2,3498,1327,1323,1341
CTETRA,17480,2,3498,1504,1508,1522
CTETRA,17481,2,3498,1323,1327,1508
CTETRA,17482,2,3498,1323,1508,1504
CTETRA,17483,2,3498,1327,1341,1522
CTETRA,17484,2,3498,1327,1522,1508
CTETRA,17485,2,3498,1341,1323,1522
CTETRA,17486,2,3498,1522,1323,1504
CTETRA,17487,2,3499,1323,1327,1302
CTETRA,17488,2,3499,1508,1504,1483
CTETRA,17489,2,3499,1327,1323,1508
CTETRA,17490,2,3499,1508,1323,1504
CTETRA,17491,2,3499,1323,1302,1504
CTETRA,17492,2,3499,1504,1302,1483
CTETRA,17493,2,3499,1302,1327,1508
CTETRA,17494,2,3499,1302,1508,1483
CTETRA,17495,2,3500,1306,1302,1327
CTETRA,17496,2,3500,1483,1487,1508
CTETRA,17497,2,3500,1302,1306,1487
CTETRA,17498,2,3500,1302,1487,1483
CTETRA,17499,2,3500,1306,1327,1508
CTETRA,17500,2,3500,1306,1508,1487
CTETRA,17501,2,3500,1327,1302,1508
CTETRA,17502,2,3500,1508,1302,1483
CTETRA,17503,2,3501,500,505,1363
CTETRA,17504,2,3501,506,501,1544
CTETRA,17505,2,3501,500,501,506
CTETRA,17506,2,3501,500,506,505
CTETRA,17507,2,3501,500,1363,501
CTETRA,17508,2,3501,501,1363,1544
CTETRA,17509,2,3501,1363,505,506
CTETRA,17510,2,3501,1363,506,1544
CTETRA,17511,2,3502,1369,1363,505
CTETRA,17512,2,3502,1544,1550,506
CTETRA,17513,2,3502,1363,1369,1550
CTETRA,17514,2,3502,1363,1550,1544
CTETRA,17515,2,3502,1369,505,506
CTETRA,17516,2,3502,1369,506,1550
CTETRA,17517,2,3502,505,1363,506
CTETRA,17518,2,3502,506,1363,1544
CTETRA,17519,2,3503,1312,1290,1306
CTETRA,17520,2,3503,1471,1493,1487
CTETRA,17521,2,3503,1290,1312,1493
CTETRA,17522,2,3503,1290,1493,1471
CTETRA,17523,2,3503,1312,1306,1493
CTETRA,17524,2,3503,1493,1306,1487
CTETRA,17525,2,3503,1306,1290,1487
CTETRA,17526,2,3503,1487,1290,1471
CTETRA,17527,2,3504,1363,1369,1352
CTETRA,17528,2,3504,1550,1544,1533
CTETRA,17529,2,3504,1369,1363,1550
CTETRA,17530,2,3504,1550,1363,1544
CTETRA,17531,2,3504,1363,1352,1544
CTETRA,17532,2,3504,1544,1352,1533
CTETRA,17533,2,3504,1352,1369,1550
CTETRA,17534,2,3504,1352,1550,1533
CTETRA,17535,2,3505,1361,1352,1369
CTETRA,17536,2,3505,1533,1542,1550
CTETRA,17537,2,3505,1352,1361,1542
CTETRA,17538,2,3505,1352,1542,1533
CTETRA,17539,2,3505,1361,1369,1550
CTETRA,17540,2,3505,1361,1550,1542
CTETRA,17541,2,3505,1369,1352,1550
CTETRA,17542,2,3505,1550,1352,1533
CTETRA,17543,2,3506,1352,1361,1341
CTETRA,17544,2,3506,1542,1533,1522
CTETRA,17545,2,3506,1361,1352,1542
CTETRA,17546,2,3506,1542,1352,1533
CTETRA,17547,2,3506,1352,1341,1533
CTETRA,17548,2,3506,1533,1341,1522
CTETRA,17549,2,3506,1341,1361,1542
CTETRA,17550,2,3506,1341,1542,1522
CTETRA,17551,2,3507,1348,1341,1361
CTETRA,17552,2,3507,1522,1529,1542
CTETRA,17553,2,3507,1341,1348,1529
CTETRA,17554,2,3507,1341,1529,1522
CTETRA,17555,2,3507,1348,1361,1542
CTETRA,17556,2,3507,1348,1542,1529
CTETRA,17557,2,3507,1361,1341,1542
CTETRA,17558,2,3507,1542,1341,1522
CTETRA,17559,2,3508,1341,1348,1327
CTETRA,17560,2,3508,1529,1522,1508
CTETRA,17561,2,3508,1348,1341,1529
CTETRA,17562,2,3508,1529,1341,1522
CTETRA,17563,2,3508,1341,1327,1522
CTETRA,17564,2,3508,1522,1327,1508
CTETRA,17565,2,3508,1327,1348,1529
CTETRA,17566,2,3508,1327,1529,1508
CTETRA,17567,2,3509,1333,1327,1348
CTETRA,17568,2,3509,1508,1514,1529
CTETRA,17569,2,3509,1327,1333,1514
CTETRA,17570,2,3509,1327,1514,1508
CTETRA,17571,2,3509,1333,1348,1529
CTETRA,17572,2,3509,1333,1529,1514
CTETRA,17573,2,3509,1348,1327,1529
CTETRA,17574,2,3509,1529,1327,1508
CTETRA,17575,2,3510,1327,1333,1306
CTETRA,17576,2,3510,1514,1508,1487
CTETRA,17577,2,3510,1333,1327,1514
CTETRA,17578,2,3510,1514,1327,1508
CTETRA,17579,2,3510,1327,1306,1508
CTETRA,17580,2,3510,1508,1306,1487
CTETRA,17581,2,3510,1306,1333,1514
CTETRA,17582,2,3510,1306,1514,1487
CTETRA,17583,2,3511,1312,1306,1333
CTETRA,17584,2,3511,1487,1493,1514
CTETRA,17585,2,3511,1306,1312,1493
CTETRA,17586,2,3511,1306,1493,1487
CTETRA,17587,2,3511,1312,1333,1514
CTETRA,17588,2,3511,1312,1514,1493
CTETRA,17589,2,3511,1333,1306,1514
CTETRA,17590,2,3511,1514,1306,1487
CTETRA,17591,2,3512,505,510,1369
CTETRA,17592,2,3512,511,506,1550
CTETRA,17593,2,3512,505,506,511
CTETRA,17594,2,3512,505,511,510
CTETRA,17595,2,3512,505,1369,506
CTETRA,17596,2,3512,506,1369,1550
CTETRA,17597,2,3512,1369,510,511
CTETRA,17598,2,3512,1369,511,1550
CTETRA,17599,2,3513,1374,1369,510
CTETRA,17600,2,3513,1550,1555,511
CTETRA,17601,2,3513,1369,1374,1555
CTETRA,17602,2,3513,1369,1555,1550
CTETRA,17603,2,3513,1374,510,511
CTETRA,17604,2,3513,1374,511,1555
CTETRA,17605,2,3513,510,1369,511
CTETRA,17606,2,3513,511,1369,1550
CTETRA,17607,2,3514,1314,1290,1312
CTETRA,17608,2,3514,1471,1495,1493
CTETRA,17609,2,3514,1290,1314,1495
CTETRA,17610,2,3514,1290,1495,1471
CTETRA,17611,2,3514,1314,1312,1495
CTETRA,17612,2,3514,1495,1312,1493
CTETRA,17613,2,3514,1312,1290,1493
CTETRA,17614,2,3514,1493,1290,1471
CTETRA,17615,2,3515,1369,1374,1361
CTETRA,17616,2,3515,1555,1550,1542
CTETRA,17617,2,3515,1374,1369,1555
CTETRA,17618,2,3515,1555,1369,1550
CTETRA,17619,2,3515,1369,1361,1550
CTETRA,17620,2,3515,1550,1361,1542
CTETRA,17621,2,3515,1361,1374,1555
CTETRA,17622,2,3515,1361,1555,1542
CTETRA,17623,2,3516,1365,1361,1374
CTETRA,17624,2,3516,1542,1546,1555
CTETRA,17625,2,3516,1361,1365,1546
CTETRA,17626,2,3516,1361,1546,1542
CTETRA,17627,2,3516,1365,1374,1555
CTETRA,17628,2,3516,1365,1555,1546
CTETRA,17629,2,3516,1374,1361,1555
CTETRA,17630,2,3516,1555,1361,1542
CTETRA,17631,2,3517,1361,1365,1348
CTETRA,17632,2,3517,1546,1542,1529
CTETRA,17633,2,3517,1365,1361,1546
CTETRA,17634,2,3517,1546,1361,1542
CTETRA,17635,2,3517,1361,1348,1542
CTETRA,17636,2,3517,1542,1348,1529
CTETRA,17637,2,3517,1348,1365,1546
CTETRA,17638,2,3517,1348,1546,1529
CTETRA,17639,2,3518,1354,1348,1365
CTETRA,17640,2,3518,1529,1535,1546
CTETRA,17641,2,3518,1348,1354,1535
CTETRA,17642,2,3518,1348,1535,1529
CTETRA,17643,2,3518,1354,1365,1546
CTETRA,17644,2,3518,1354,1546,1535
CTETRA,17645,2,3518,1365,1348,1546
CTETRA,17646,2,3518,1546,1348,1529
CTETRA,17647,2,3519,1348,1354,1333
CTETRA,17648,2,3519,1535,1529,1514
CTETRA,17649,2,3519,1354,1348,1535
CTETRA,17650,2,3519,1535,1348,1529
CTETRA,17651,2,3519,1348,1333,1529
CTETRA,17652,2,3519,1529,1333,1514
CTETRA,17653,2,3519,1333,1354,1535
CTETRA,17654,2,3519,1333,1535,1514
CTETRA,17655,2,3520,1337,1333,1354
CTETRA,17656,2,3520,1514,1518,1535
CTETRA,17657,2,3520,1333,1337,1518
CTETRA,17658,2,3520,1333,1518,1514
CTETRA,17659,2,3520,1337,1354,1535
CTETRA,17660,2,3520,1337,1535,1518
CTETRA,17661,2,3520,1354,1333,1535
CTETRA,17662,2,3520,1535,1333,1514
CTETRA,17663,2,3521,1333,1337,1312
CTETRA,17664,2,3521,1518,1514,1493
CTETRA,17665,2,3521,1337,1333,1518
CTETRA,17666,2,3521,1518,1333,1514
CTETRA,17667,2,3521,1333,1312,1514
CTETRA,17668,2,3521,1514,1312,1493
CTETRA,17669,2,3521,1312,1337,1518
CTETRA,17670,2,3521,1312,1518,1493
CTETRA,17671,2,3522,1314,1312,1337
CTETRA,17672,2,3522,1493,1495,1518
CTETRA,17673,2,3522,1312,1314,1495
CTETRA,17674,2,3522,1312,1495,1493
CTETRA,17675,2,3522,1314,1337,1518
CTETRA,17676,2,3522,1314,1518,1495
CTETRA,17677,2,3522,1337,1312,1518
CTETRA,17678,2,3522,1518,1312,1493
CTETRA,17679,2,3523,510,515,1374
CTETRA,17680,2,3523,516,511,1555
CTETRA,17681,2,3523,510,511,516
CTETRA,17682,2,3523,510,516,515
CTETRA,17683,2,3523,510,1374,511
CTETRA,17684,2,3523,511,1374,1555
CTETRA,17685,2,3523,1374,515,516
CTETRA,17686,2,3523,1374,516,1555
CTETRA,17687,2,3524,1376,1374,515
CTETRA,17688,2,3524,1555,1557,516
CTETRA,17689,2,3524,1374,1376,1557
CTETRA,17690,2,3524,1374,1557,1555
CTETRA,17691,2,3524,1376,515,516
CTETRA,17692,2,3524,1376,516,1557
CTETRA,17693,2,3524,515,1374,516
CTETRA,17694,2,3524,516,1374,1555
CTETRA,17695,2,3525,1318,1290,1314
CTETRA,17696,2,3525,1471,1499,1495
CTETRA,17697,2,3525,1290,1318,1499
CTETRA,17698,2,3525,1290,1499,1471
CTETRA,17699,2,3525,1318,1314,1499
CTETRA,17700,2,3525,1499,1314,1495
CTETRA,17701,2,3525,1314,1290,1495
CTETRA,17702,2,3525,1495,1290,1471
CTETRA,17703,2,3526,1374,1376,1365
CTETRA,17704,2,3526,1557,1555,1546
CTETRA,17705,2,3526,1376,1374,1557
CTETRA,17706,2,3526,1557,1374,1555
CTETRA,17707,2,3526,1374,1365,1555
CTETRA,17708,2,3526,1555,1365,1546
CTETRA,17709,2,3526,1365,1376,1557
CTETRA,17710,2,3526,1365,1557,1546
CTETRA,17711,2,3527,1367,1365,1376
CTETRA,17712,2,3527,1546,1548,1557
CTETRA,17713,2,3527,1365,1367,1548
CTETRA,17714,2,3527,1365,1548,1546
CTETRA,17715,2,3527,1367,1376,1557
CTETRA,17716,2,3527,1367,1557,1548
CTETRA,17717,2,3527,1376,1365,1557
CTETRA,17718,2,3527,1557,1365,1546
CTETRA,17719,2,3528,1365,1367,1354
CTETRA,17720,2,3528,1548,1546,1535
CTETRA,17721,2,3528,1367,1365,1548
CTETRA,17722,2,3528,1548,1365,1546
CTETRA,17723,2,3528,1365,1354,1546
CTETRA,17724,2,3528,1546,1354,1535
CTETRA,17725,2,3528,1354,1367,1548
CTETRA,17726,2,3528,1354,1548,1535
CTETRA,17727,2,3529,1354,1356,1337
CTETRA,17728,2,3529,1537,1535,1518
CTETRA,17729,2,3529,1356,1354,1537
CTETRA,17730,2,3529,1537,1354,1535
CTETRA,17731,2,3529,1354,1337,1535
CTETRA,17732,2,3529,1535,1337,1518
CTETRA,17733,2,3529,1337,1356,1537
CTETRA,17734,2,3529,1337,1537,1518
CTETRA,17735,2,3530,1337,1339,1314
CTETRA,17736,2,3530,1520,1518,1495
CTETRA,17737,2,3530,1339,1337,1520
CTETRA,17738,2,3530,1520,1337,1518
CTETRA,17739,2,3530,1337,1314,1518
CTETRA,17740,2,3530,1518,1314,1495
CTETRA,17741,2,3530,1314,1339,1520
CTETRA,17742,2,3530,1314,1520,1495
CTETRA,17743,2,3531,515,520,1376
CTETRA,17744,2,3531,521,516,1557
CTETRA,17745,2,3531,515,521,520
CTETRA,17746,2,3531,515,516,521
CTETRA,17747,2,3531,515,1376,516
CTETRA,17748,2,3531,516,1376,1557
CTETRA,17749,2,3531,1376,520,521
CTETRA,17750,2,3531,1376,521,1557
CTETRA,17751,2,3532,1320,1290,1318
CTETRA,17752,2,3532,1471,1501,1499
CTETRA,17753,2,3532,1290,1320,1501
CTETRA,17754,2,3532,1290,1501,1471
CTETRA,17755,2,3532,1320,1318,1501
CTETRA,17756,2,3532,1501,1318,1499
CTETRA,17757,2,3532,1318,1290,1499
CTETRA,17758,2,3532,1499,1290,1471
CTETRA,17759,2,3533,1371,1367,1378
CTETRA,17760,2,3533,1548,1552,1559
CTETRA,17761,2,3533,1367,1371,1552
CTETRA,17762,2,3533,1367,1552,1548
CTETRA,17763,2,3533,1371,1378,1559
CTETRA,17764,2,3533,1371,1559,1552
CTETRA,17765,2,3533,1378,1367,1559
CTETRA,17766,2,3533,1559,1367,1548
CTETRA,17767,2,3534,1358,1356,1371
CTETRA,17768,2,3534,1537,1539,1552
CTETRA,17769,2,3534,1356,1358,1539
CTETRA,17770,2,3534,1356,1539,1537
CTETRA,17771,2,3534,1358,1371,1552
CTETRA,17772,2,3534,1358,1552,1539
CTETRA,17773,2,3534,1371,1356,1552
CTETRA,17774,2,3534,1552,1356,1537
CTETRA,17775,2,3535,1343,1339,1358
CTETRA,17776,2,3535,1520,1524,1539
CTETRA,17777,2,3535,1339,1343,1524
CTETRA,17778,2,3535,1339,1524,1520
CTETRA,17779,2,3535,1343,1358,1539
CTETRA,17780,2,3535,1343,1539,1524
CTETRA,17781,2,3535,1358,1339,1539
CTETRA,17782,2,3535,1539,1339,1520
CTETRA,17783,2,3536,1320,1318,1343
CTETRA,17784,2,3536,1499,1501,1524
CTETRA,17785,2,3536,1318,1320,1501
CTETRA,17786,2,3536,1318,1501,1499
CTETRA,17787,2,3536,1320,1343,1524
CTETRA,17788,2,3536,1320,1524,1501
CTETRA,17789,2,3536,1343,1318,1524
CTETRA,17790,2,3536,1524,1318,1499
CTETRA,17791,2,3537,1378,520,1380
CTETRA,17792,2,3537,521,1559,1561
CTETRA,17793,2,3537,520,1378,521
CTETRA,17794,2,3537,521,1378,1559
CTETRA,17795,2,3537,1378,1380,1561
CTETRA,17796,2,3537,1378,1561,1559
CTETRA,17797,2,3537,1380,520,521
CTETRA,17798,2,3537,1380,521,1561
CTETRA,17799,2,3538,1378,1380,1371
CTETRA,17800,2,3538,1561,1559,1552
CTETRA,17801,2,3538,1380,1378,1561
CTETRA,17802,2,3538,1561,1378,1559
CTETRA,17803,2,3538,1378,1371,1559
CTETRA,17804,2,3538,1559,1371,1552
CTETRA,17805,2,3538,1371,1380,1561
CTETRA,17806,2,3538,1371,1561,1552
CTETRA,17807,2,3539,1371,1373,1358
CTETRA,17808,2,3539,1554,1552,1539
CTETRA,17809,2,3539,1373,1371,1554
CTETRA,17810,2,3539,1554,1371,1552
CTETRA,17811,2,3539,1371,1358,1552
CTETRA,17812,2,3539,1552,1358,1539
CTETRA,17813,2,3539,1358,1373,1554
CTETRA,17814,2,3539,1358,1554,1539
CTETRA,17815,2,3540,1358,1360,1343
CTETRA,17816,2,3540,1541,1539,1524
CTETRA,17817,2,3540,1360,1358,1541
CTETRA,17818,2,3540,1541,1358,1539
CTETRA,17819,2,3540,1358,1343,1539
CTETRA,17820,2,3540,1539,1343,1524
CTETRA,17821,2,3540,1343,1360,1541
CTETRA,17822,2,3540,1343,1541,1524
CTETRA,17823,2,3541,1343,1345,1320
CTETRA,17824,2,3541,1526,1524,1501
CTETRA,17825,2,3541,1345,1343,1526
CTETRA,17826,2,3541,1526,1343,1524
CTETRA,17827,2,3541,1343,1320,1524
CTETRA,17828,2,3541,1524,1320,1501
CTETRA,17829,2,3541,1320,1345,1526
CTETRA,17830,2,3541,1320,1526,1501
CTETRA,17831,2,3542,1406,1412,1423
CTETRA,17832,2,3542,399,398,434
CTETRA,17833,2,3542,1412,1406,399
CTETRA,17834,2,3542,399,1406,398
CTETRA,17835,2,3542,1406,1423,434
CTETRA,17836,2,3542,1406,434,398
CTETRA,17837,2,3542,1423,1412,434
CTETRA,17838,2,3542,434,1412,399
CTETRA,17839,2,3543,1505,1490,1484
CTETRA,17840,2,3543,420,419,455
CTETRA,17841,2,3543,1490,1505,419
CTETRA,17842,2,3543,1490,419,420
CTETRA,17843,2,3543,1505,1484,419
CTETRA,17844,2,3543,419,1484,455
CTETRA,17845,2,3543,1484,1490,420
CTETRA,17846,2,3543,1484,420,455
CTETRA,17847,2,3544,1422,1418,1443
CTETRA,17848,2,3544,430,429,465
CTETRA,17849,2,3544,1418,1422,429
CTETRA,17850,2,3544,1418,429,430
CTETRA,17851,2,3544,1422,1443,465
CTETRA,17852,2,3544,1422,465,429
CTETRA,17853,2,3544,1443,1418,465
CTETRA,17854,2,3544,465,1418,430
CTETRA,17855,2,3545,647,642,1558
CTETRA,17856,2,3545,262,261,307
CTETRA,17857,2,3545,262,647,261
CTETRA,17858,2,3545,262,642,647
CTETRA,17859,2,3545,647,1558,261
CTETRA,17860,2,3545,261,1558,307
CTETRA,17861,2,3545,1558,642,262
CTETRA,17862,2,3545,1558,262,307
CTETRA,17863,2,3546,547,542,1391
CTETRA,17864,2,3546,282,281,327
CTETRA,17865,2,3546,282,542,547
CTETRA,17866,2,3546,282,547,281
CTETRA,17867,2,3546,547,1391,327
CTETRA,17868,2,3546,547,327,281
CTETRA,17869,2,3546,1391,542,327
CTETRA,17870,2,3546,327,542,282
CTETRA,17871,2,3547,1478,1471,1480
CTETRA,17872,2,3547,295,457,456
CTETRA,17873,2,3547,1471,1478,457
CTETRA,17874,2,3547,1471,457,295
CTETRA,17875,2,3547,1478,1480,456
CTETRA,17876,2,3547,1478,456,457
CTETRA,17877,2,3547,1480,1471,456
CTETRA,17878,2,3547,456,1471,295
CTETRA,17879,2,3548,1402,1401,1389
CTETRA,17880,2,3548,395,396,360
CTETRA,17881,2,3548,1401,1402,396
CTETRA,17882,2,3548,1401,396,395
CTETRA,17883,2,3548,1402,1389,396
CTETRA,17884,2,3548,396,1389,360
CTETRA,17885,2,3548,1389,1401,395
CTETRA,17886,2,3548,1389,395,360
CTETRA,17887,2,3549,1515,1519,1530
CTETRA,17888,2,3549,416,417,381
CTETRA,17889,2,3549,1519,1515,416
CTETRA,17890,2,3549,416,1515,417
CTETRA,17891,2,3549,1515,1530,381
CTETRA,17892,2,3549,1515,381,417
CTETRA,17893,2,3549,1530,1519,381
CTETRA,17894,2,3549,381,1519,416
CTETRA,17895,2,3550,1440,1439,1417
CTETRA,17896,2,3550,467,468,432
CTETRA,17897,2,3550,1439,1440,468
CTETRA,17898,2,3550,1439,468,467
CTETRA,17899,2,3550,1440,1417,468
CTETRA,17900,2,3550,468,1417,432
CTETRA,17901,2,3550,1417,1439,467
CTETRA,17902,2,3550,1417,467,432
CTETRA,17903,2,3551,1545,1551,632
CTETRA,17904,2,3551,309,310,264
CTETRA,17905,2,3551,1551,1545,309
CTETRA,17906,2,3551,309,1545,310
CTETRA,17907,2,3551,1545,632,264
CTETRA,17908,2,3551,1545,264,310
CTETRA,17909,2,3551,632,1551,264
CTETRA,17910,2,3551,264,1551,309
CTETRA,17911,2,3552,1384,1386,1393
CTETRA,17912,2,3552,326,325,361
CTETRA,17913,2,3552,1386,1384,326
CTETRA,17914,2,3552,326,1384,325
CTETRA,17915,2,3552,1384,1393,361
CTETRA,17916,2,3552,1384,361,325
CTETRA,17917,2,3552,1393,1386,361
CTETRA,17918,2,3552,361,1386,326
CTETRA,17919,2,3553,1534,1528,1523
CTETRA,17920,2,3553,347,346,382
CTETRA,17921,2,3553,1528,1534,346
CTETRA,17922,2,3553,1528,346,347
CTETRA,17923,2,3553,1534,1523,346
CTETRA,17924,2,3553,346,1523,382
CTETRA,17925,2,3553,1523,1528,347
CTETRA,17926,2,3553,1523,347,382
CTETRA,17927,2,3554,1396,1394,1407
CTETRA,17928,2,3554,357,356,392
CTETRA,17929,2,3554,1394,1396,356
CTETRA,17930,2,3554,1394,356,357
CTETRA,17931,2,3554,1396,1407,392
CTETRA,17932,2,3554,1396,392,356
CTETRA,17933,2,3554,1407,1394,392
CTETRA,17934,2,3554,392,1394,357
CTETRA,17935,2,3555,1541,1540,1526
CTETRA,17936,2,3555,378,377,413
CTETRA,17937,2,3555,1540,1541,377
CTETRA,17938,2,3555,1540,377,378
CTETRA,17939,2,3555,1541,1526,377
CTETRA,17940,2,3555,377,1526,413
CTETRA,17941,2,3555,1526,1540,378
CTETRA,17942,2,3555,1526,378,413
CTETRA,17943,2,3556,1424,1422,1447
CTETRA,17944,2,3556,429,428,464
CTETRA,17945,2,3556,1422,1424,428
CTETRA,17946,2,3556,1422,428,429
CTETRA,17947,2,3556,1424,1447,464
CTETRA,17948,2,3556,1424,464,428
CTETRA,17949,2,3556,1447,1422,464
CTETRA,17950,2,3556,464,1422,429
CTETRA,17951,2,3557,652,647,1560
CTETRA,17952,2,3557,261,260,306
CTETRA,17953,2,3557,261,647,652
CTETRA,17954,2,3557,261,652,260
CTETRA,17955,2,3557,652,1560,260
CTETRA,17956,2,3557,260,1560,306
CTETRA,17957,2,3557,1560,647,261
CTETRA,17958,2,3557,1560,261,306
CTETRA,17959,2,3558,1537,1535,1548
CTETRA,17960,2,3558,374,375,339
CTETRA,17961,2,3558,1535,1537,375
CTETRA,17962,2,3558,1535,375,374
CTETRA,17963,2,3558,1537,1548,339
CTETRA,17964,2,3558,1537,339,375
CTETRA,17965,2,3558,1548,1535,339
CTETRA,17966,2,3558,339,1535,374
CTETRA,17967,2,3559,1423,1427,1446
CTETRA,17968,2,3559,435,434,470
CTETRA,17969,2,3559,1427,1423,435
CTETRA,17970,2,3559,435,1423,434
CTETRA,17971,2,3559,1423,1446,470
CTETRA,17972,2,3559,1423,470,434
CTETRA,17973,2,3559,1446,1427,470
CTETRA,17974,2,3559,470,1427,435
CTETRA,17975,2,3560,622,617,1517
CTETRA,17976,2,3560,267,266,312
CTETRA,17977,2,3560,267,617,622
CTETRA,17978,2,3560,267,622,266
CTETRA,17979,2,3560,622,1517,266
CTETRA,17980,2,3560,266,1517,312
CTETRA,17981,2,3560,1517,617,312
CTETRA,17982,2,3560,312,617,267
CTETRA,17983,2,3561,572,567,1383
CTETRA,17984,2,3561,277,276,322
CTETRA,17985,2,3561,277,567,572
CTETRA,17986,2,3561,277,572,276
CTETRA,17987,2,3561,572,1383,322
CTETRA,17988,2,3561,572,322,276
CTETRA,17989,2,3561,1383,567,322
CTETRA,17990,2,3561,322,567,277
CTETRA,17991,2,3562,1496,1471,1500
CTETRA,17992,2,3562,295,452,451
CTETRA,17993,2,3562,1471,1496,452
CTETRA,17994,2,3562,1471,452,295
CTETRA,17995,2,3562,1496,1500,451
CTETRA,17996,2,3562,1496,451,452
CTETRA,17997,2,3562,1500,1471,451
CTETRA,17998,2,3562,451,1471,295
CTETRA,17999,2,3563,1454,1471,1448
CTETRA,18000,2,3563,295,472,471
CTETRA,18001,2,3563,1471,1454,295
CTETRA,18002,2,3563,295,1454,472
CTETRA,18003,2,3563,1454,1448,472
CTETRA,18004,2,3563,472,1448,471
CTETRA,18005,2,3563,1448,1471,295
CTETRA,18006,2,3563,1448,295,471
CTETRA,18007,2,3564,1492,1511,1498
CTETRA,18008,2,3564,348,349,313
CTETRA,18009,2,3564,1511,1492,348
CTETRA,18010,2,3564,348,1492,349
CTETRA,18011,2,3564,1492,1498,313
CTETRA,18012,2,3564,1492,313,349
CTETRA,18013,2,3564,1498,1511,348
CTETRA,18014,2,3564,1498,348,313
CTETRA,18015,2,3565,1417,1416,1402
CTETRA,18016,2,3565,431,432,396
CTETRA,18017,2,3565,1416,1417,432
CTETRA,18018,2,3565,1416,432,431
CTETRA,18019,2,3565,1417,1402,432
CTETRA,18020,2,3565,432,1402,396
CTETRA,18021,2,3565,1402,1416,431
CTETRA,18022,2,3565,1402,431,396
CTETRA,18023,2,3566,1494,1496,1515
CTETRA,18024,2,3566,452,453,417
CTETRA,18025,2,3566,1496,1494,452
CTETRA,18026,2,3566,452,1494,453
CTETRA,18027,2,3566,1494,1515,417
CTETRA,18028,2,3566,1494,417,453
CTETRA,18029,2,3566,1515,1496,417
CTETRA,18030,2,3566,417,1496,452
CTETRA,18031,2,3567,1384,1382,557
CTETRA,18032,2,3567,324,325,279
CTETRA,18033,2,3567,1382,1384,325
CTETRA,18034,2,3567,1382,325,324
CTETRA,18035,2,3567,1384,557,325
CTETRA,18036,2,3567,325,557,279
CTETRA,18037,2,3567,557,1382,324
CTETRA,18038,2,3567,557,324,279
CTETRA,18039,2,3568,1551,1545,1543
CTETRA,18040,2,3568,310,309,345
CTETRA,18041,2,3568,1545,1551,309
CTETRA,18042,2,3568,1545,309,310
CTETRA,18043,2,3568,1551,1543,309
CTETRA,18044,2,3568,309,1543,345
CTETRA,18045,2,3568,1543,1545,310
CTETRA,18046,2,3568,1543,310,345
CTETRA,18047,2,3569,1393,1395,1404
CTETRA,18048,2,3569,362,361,397
CTETRA,18049,2,3569,1395,1393,362
CTETRA,18050,2,3569,362,1393,361
CTETRA,18051,2,3569,1393,1404,397
CTETRA,18052,2,3569,1393,397,361
CTETRA,18053,2,3569,1404,1395,397
CTETRA,18054,2,3569,397,1395,362
CTETRA,18055,2,3570,1523,1513,1509
CTETRA,18056,2,3570,383,382,418
CTETRA,18057,2,3570,1513,1523,382
CTETRA,18058,2,3570,1513,382,383
CTETRA,18059,2,3570,1523,1509,382
CTETRA,18060,2,3570,382,1509,418
CTETRA,18061,2,3570,1509,1513,383
CTETRA,18062,2,3570,1509,383,418
CTETRA,18063,2,3571,1407,1405,1424
CTETRA,18064,2,3571,393,392,428
CTETRA,18065,2,3571,1405,1407,392
CTETRA,18066,2,3571,1405,392,393
CTETRA,18067,2,3571,1407,1424,428
CTETRA,18068,2,3571,1407,428,392
CTETRA,18069,2,3571,1424,1405,428
CTETRA,18070,2,3571,428,1405,393
CTETRA,18071,2,3572,1526,1525,1503
CTETRA,18072,2,3572,414,413,449
CTETRA,18073,2,3572,1525,1526,413
CTETRA,18074,2,3572,1525,413,414
CTETRA,18075,2,3572,1526,1503,413
CTETRA,18076,2,3572,413,1503,449
CTETRA,18077,2,3572,1503,1525,414
CTETRA,18078,2,3572,1503,414,449
CTETRA,18079,2,3573,577,572,1385
CTETRA,18080,2,3573,276,275,321
CTETRA,18081,2,3573,276,572,577
CTETRA,18082,2,3573,276,577,275
CTETRA,18083,2,3573,577,1385,321
CTETRA,18084,2,3573,577,321,275
CTETRA,18085,2,3573,1385,572,321
CTETRA,18086,2,3573,321,572,276
CTETRA,18087,2,3574,1500,1471,1502
CTETRA,18088,2,3574,295,451,450
CTETRA,18089,2,3574,1471,1500,451
CTETRA,18090,2,3574,1471,451,295
CTETRA,18091,2,3574,1500,1502,450
CTETRA,18092,2,3574,1500,450,451
CTETRA,18093,2,3574,1502,1471,450
CTETRA,18094,2,3574,450,1471,295
CTETRA,18095,2,3575,1520,1518,1537
CTETRA,18096,2,3575,410,411,375
CTETRA,18097,2,3575,1518,1520,411
CTETRA,18098,2,3575,1518,411,410
CTETRA,18099,2,3575,1520,1537,375
CTETRA,18100,2,3575,1520,375,411
CTETRA,18101,2,3575,1537,1518,375
CTETRA,18102,2,3575,375,1518,410
CTETRA,18103,2,3576,1382,1384,1389
CTETRA,18104,2,3576,325,324,360
CTETRA,18105,2,3576,1384,1382,325
CTETRA,18106,2,3576,325,1382,324
CTETRA,18107,2,3576,1382,1389,360
CTETRA,18108,2,3576,1382,360,324
CTETRA,18109,2,3576,1389,1384,360
CTETRA,18110,2,3576,360,1384,325
CTETRA,18111,2,3577,1543,1534,1530
CTETRA,18112,2,3577,346,345,381
CTETRA,18113,2,3577,1534,1543,345
CTETRA,18114,2,3577,1534,345,346
CTETRA,18115,2,3577,1543,1530,345
CTETRA,18116,2,3577,345,1530,381
CTETRA,18117,2,3577,1530,1534,346
CTETRA,18118,2,3577,1530,346,381
CTETRA,18119,2,3578,1404,1406,1421
CTETRA,18120,2,3578,398,397,433
CTETRA,18121,2,3578,1406,1404,398
CTETRA,18122,2,3578,398,1404,397
CTETRA,18123,2,3578,1404,1421,433
CTETRA,18124,2,3578,1404,433,397
CTETRA,18125,2,3578,1421,1406,433
CTETRA,18126,2,3578,433,1406,398
CTETRA,18127,2,3579,1509,1505,1488
CTETRA,18128,2,3579,419,418,454
CTETRA,18129,2,3579,1505,1509,418
CTETRA,18130,2,3579,1505,418,419
CTETRA,18131,2,3579,1509,1488,418
CTETRA,18132,2,3579,418,1488,454
CTETRA,18133,2,3579,1488,1505,419
CTETRA,18134,2,3579,1488,419,454
CTETRA,18135,2,3580,1441,1471,1443
CTETRA,18136,2,3580,295,466,465
CTETRA,18137,2,3580,1471,1441,295
CTETRA,18138,2,3580,295,1441,466
CTETRA,18139,2,3580,1441,1443,465
CTETRA,18140,2,3580,1441,465,466
CTETRA,18141,2,3580,1443,1471,295
CTETRA,18142,2,3580,1443,295,465
CTETRA,18143,2,3581,1549,1553,1558
CTETRA,18144,2,3581,342,343,307
CTETRA,18145,2,3581,1553,1549,342
CTETRA,18146,2,3581,342,1549,343
CTETRA,18147,2,3581,1549,1558,307
CTETRA,18148,2,3581,1549,307,343
CTETRA,18149,2,3581,1558,1553,307
CTETRA,18150,2,3581,307,1553,342
CTETRA,18151,2,3582,1499,1495,1520
CTETRA,18152,2,3582,446,447,411
CTETRA,18153,2,3582,1495,1499,447
CTETRA,18154,2,3582,1495,447,446
CTETRA,18155,2,3582,1499,1520,411
CTETRA,18156,2,3582,1499,411,447
CTETRA,18157,2,3582,1520,1495,411
CTETRA,18158,2,3582,411,1495,446
CTETRA,18159,2,3583,1531,1516,496
CTETRA,18160,2,3583,298,299,289
CTETRA,18161,2,3583,1516,1531,299
CTETRA,18162,2,3583,1516,299,298
CTETRA,18163,2,3583,1531,496,289
CTETRA,18164,2,3583,1531,289,299
CTETRA,18165,2,3583,496,1516,289
CTETRA,18166,2,3583,289,1516,298
CTETRA,18167,2,3584,1392,1387,1400
CTETRA,18168,2,3584,320,319,355
CTETRA,18169,2,3584,1387,1392,319
CTETRA,18170,2,3584,1387,319,320
CTETRA,18171,2,3584,1392,1400,355
CTETRA,18172,2,3584,1392,355,319
CTETRA,18173,2,3584,1400,1387,355
CTETRA,18174,2,3584,355,1387,320
CTETRA,18175,2,3585,1389,1393,1402
CTETRA,18176,2,3585,361,360,396
CTETRA,18177,2,3585,1393,1389,361
CTETRA,18178,2,3585,361,1389,360
CTETRA,18179,2,3585,1389,1402,396
CTETRA,18180,2,3585,1389,396,360
CTETRA,18181,2,3585,1402,1393,396
CTETRA,18182,2,3585,396,1393,361
CTETRA,18183,2,3586,1530,1523,1515
CTETRA,18184,2,3586,382,381,417
CTETRA,18185,2,3586,1523,1530,381
CTETRA,18186,2,3586,1523,381,382
CTETRA,18187,2,3586,1530,1515,381
CTETRA,18188,2,3586,381,1515,417
CTETRA,18189,2,3586,1515,1523,382
CTETRA,18190,2,3586,1515,382,417
CTETRA,18191,2,3587,1421,1423,1442
CTETRA,18192,2,3587,434,433,469
CTETRA,18193,2,3587,1423,1421,434
CTETRA,18194,2,3587,434,1421,433
CTETRA,18195,2,3587,1421,1442,469
CTETRA,18196,2,3587,1421,469,433
CTETRA,18197,2,3587,1442,1423,469
CTETRA,18198,2,3587,469,1423,434
CTETRA,18199,2,3588,627,622,1532
CTETRA,18200,2,3588,266,265,311
CTETRA,18201,2,3588,266,622,627
CTETRA,18202,2,3588,266,627,265
CTETRA,18203,2,3588,627,1532,265
CTETRA,18204,2,3588,265,1532,311
CTETRA,18205,2,3588,1532,622,311
CTETRA,18206,2,3588,311,622,266
CTETRA,18207,2,3589,1390,1394,1383
CTETRA,18208,2,3589,357,358,322
CTETRA,18209,2,3589,1394,1390,357
CTETRA,18210,2,3589,357,1390,358
CTETRA,18211,2,3589,1390,1383,358
CTETRA,18212,2,3589,358,1383,322
CTETRA,18213,2,3589,1383,1394,357
CTETRA,18214,2,3589,1383,357,322
CTETRA,18215,2,3590,1538,1540,1549
CTETRA,18216,2,3590,378,379,343
CTETRA,18217,2,3590,1540,1538,378
CTETRA,18218,2,3590,378,1538,379
CTETRA,18219,2,3590,1538,1549,343
CTETRA,18220,2,3590,1538,343,379
CTETRA,18221,2,3590,1549,1540,343
CTETRA,18222,2,3590,343,1540,378
CTETRA,18223,2,3591,1559,1557,521
CTETRA,18224,2,3591,303,304,294
CTETRA,18225,2,3591,1557,1559,304
CTETRA,18226,2,3591,1557,304,303
CTETRA,18227,2,3591,1559,521,294
CTETRA,18228,2,3591,1559,294,304
CTETRA,18229,2,3591,521,1557,294
CTETRA,18230,2,3591,294,1557,303
CTETRA,18231,2,3592,1402,1404,1417
CTETRA,18232,2,3592,397,396,432
CTETRA,18233,2,3592,1404,1402,397
CTETRA,18234,2,3592,397,1402,396
CTETRA,18235,2,3592,1402,1417,432
CTETRA,18236,2,3592,1402,432,396
CTETRA,18237,2,3592,1417,1404,432
CTETRA,18238,2,3592,432,1404,397
CTETRA,18239,2,3593,1515,1509,1494
CTETRA,18240,2,3593,418,417,453
CTETRA,18241,2,3593,1509,1515,417
CTETRA,18242,2,3593,1509,417,418
CTETRA,18243,2,3593,1515,1494,417
CTETRA,18244,2,3593,417,1494,453
CTETRA,18245,2,3593,1494,1509,418
CTETRA,18246,2,3593,1494,418,453
CTETRA,18247,2,3594,552,547,1386
CTETRA,18248,2,3594,281,280,326
CTETRA,18249,2,3594,281,547,552
CTETRA,18250,2,3594,281,552,280
CTETRA,18251,2,3594,552,1386,326
CTETRA,18252,2,3594,552,326,280
CTETRA,18253,2,3594,1386,547,326
CTETRA,18254,2,3594,326,547,281
CTETRA,18255,2,3595,1480,1471,1484
CTETRA,18256,2,3595,295,456,455
CTETRA,18257,2,3595,1471,1480,456
CTETRA,18258,2,3595,1471,456,295
CTETRA,18259,2,3595,1480,1484,455
CTETRA,18260,2,3595,1480,455,456
CTETRA,18261,2,3595,1484,1471,455
CTETRA,18262,2,3595,455,1471,295
CTETRA,18263,2,3596,1403,1405,1390
CTETRA,18264,2,3596,393,394,358
CTETRA,18265,2,3596,1405,1403,393
CTETRA,18266,2,3596,393,1403,394
CTETRA,18267,2,3596,1403,1390,394
CTETRA,18268,2,3596,394,1390,358
CTETRA,18269,2,3596,1390,1405,393
CTETRA,18270,2,3596,1390,393,358
CTETRA,18271,2,3597,1521,1525,1538
CTETRA,18272,2,3597,414,415,379
CTETRA,18273,2,3597,1525,1521,414
CTETRA,18274,2,3597,414,1521,415
CTETRA,18275,2,3597,1521,1538,379
CTETRA,18276,2,3597,1521,379,415
CTETRA,18277,2,3597,1538,1525,379
CTETRA,18278,2,3597,379,1525,414
CTETRA,18279,2,3598,1557,1559,1548
CTETRA,18280,2,3598,304,303,339
CTETRA,18281,2,3598,1559,1557,304
CTETRA,18282,2,3598,304,1557,303
CTETRA,18283,2,3598,1557,1548,303
CTETRA,18284,2,3598,303,1548,339
CTETRA,18285,2,3598,1548,1559,304
CTETRA,18286,2,3598,1548,304,339
CTETRA,18287,2,3599,1510,1527,1506
CTETRA,18288,2,3599,335,334,370
CTETRA,18289,2,3599,1527,1510,335
CTETRA,18290,2,3599,335,1510,334
CTETRA,18291,2,3599,1510,1506,334
CTETRA,18292,2,3599,334,1506,370
CTETRA,18293,2,3599,1506,1527,335
CTETRA,18294,2,3599,1506,335,370
CTETRA,18295,2,3600,1413,1407,1428
CTETRA,18296,2,3600,392,391,427
CTETRA,18297,2,3600,1407,1413,391
CTETRA,18298,2,3600,1407,391,392
CTETRA,18299,2,3600,1413,1428,427
CTETRA,18300,2,3600,1413,427,391
CTETRA,18301,2,3600,1428,1407,427
CTETRA,18302,2,3600,427,1407,392
CTETRA,18303,2,3601,1417,1421,1440
CTETRA,18304,2,3601,433,432,468
CTETRA,18305,2,3601,1421,1417,433
CTETRA,18306,2,3601,433,1417,432
CTETRA,18307,2,3601,1417,1440,468
CTETRA,18308,2,3601,1417,468,432
CTETRA,18309,2,3601,1440,1421,468
CTETRA,18310,2,3601,468,1421,433
CTETRA,18311,2,3602,632,627,1545
CTETRA,18312,2,3602,265,264,310
CTETRA,18313,2,3602,265,627,632
CTETRA,18314,2,3602,265,632,264
CTETRA,18315,2,3602,632,1545,264
CTETRA,18316,2,3602,264,1545,310
CTETRA,18317,2,3602,1545,627,310
CTETRA,18318,2,3602,310,627,265
CTETRA,18319,2,3603,1448,1471,1446
CTETRA,18320,2,3603,295,471,470
CTETRA,18321,2,3603,1471,1448,295
CTETRA,18322,2,3603,295,1448,471
CTETRA,18323,2,3603,1448,1446,471
CTETRA,18324,2,3603,471,1446,470
CTETRA,18325,2,3603,1446,1471,295
CTETRA,18326,2,3603,1446,295,470
CTETRA,18327,2,3604,1511,1528,1517
CTETRA,18328,2,3604,347,348,312
CTETRA,18329,2,3604,1528,1511,347
CTETRA,18330,2,3604,347,1511,348
CTETRA,18331,2,3604,1511,1517,312
CTETRA,18332,2,3604,1511,312,348
CTETRA,18333,2,3604,1517,1528,347
CTETRA,18334,2,3604,1517,347,312
CTETRA,18335,2,3605,1418,1422,1403
CTETRA,18336,2,3605,429,430,394
CTETRA,18337,2,3605,1422,1418,429
CTETRA,18338,2,3605,429,1418,430
CTETRA,18339,2,3605,1418,1403,430
CTETRA,18340,2,3605,430,1403,394
CTETRA,18341,2,3605,1403,1422,429
CTETRA,18342,2,3605,1403,429,394
CTETRA,18343,2,3606,1500,1502,1521
CTETRA,18344,2,3606,450,451,415
CTETRA,18345,2,3606,1502,1500,450
CTETRA,18346,2,3606,450,1500,451
CTETRA,18347,2,3606,1500,1521,415
CTETRA,18348,2,3606,1500,415,451
CTETRA,18349,2,3606,1521,1502,415
CTETRA,18350,2,3606,415,1502,450
CTETRA,18351,2,3607,1548,1552,1537
CTETRA,18352,2,3607,340,339,375
CTETRA,18353,2,3607,1552,1548,340
CTETRA,18354,2,3607,340,1548,339
CTETRA,18355,2,3607,1548,1537,339
CTETRA,18356,2,3607,339,1537,375
CTETRA,18357,2,3607,1537,1552,340
CTETRA,18358,2,3607,1537,340,375
CTETRA,18359,2,3608,1428,1424,1449
CTETRA,18360,2,3608,428,427,463
CTETRA,18361,2,3608,1424,1428,427
CTETRA,18362,2,3608,1424,427,428
CTETRA,18363,2,3608,1428,1449,463
CTETRA,18364,2,3608,1428,463,427
CTETRA,18365,2,3608,1449,1424,463
CTETRA,18366,2,3608,463,1424,428
CTETRA,18367,2,3609,526,652,1561
CTETRA,18368,2,3609,260,259,305
CTETRA,18369,2,3609,260,526,259
CTETRA,18370,2,3609,260,652,526
CTETRA,18371,2,3609,526,1561,259
CTETRA,18372,2,3609,259,1561,305
CTETRA,18373,2,3609,1561,652,260
CTETRA,18374,2,3609,1561,260,305
CTETRA,18375,2,3610,557,552,1384
CTETRA,18376,2,3610,280,279,325
CTETRA,18377,2,3610,280,552,557
CTETRA,18378,2,3610,280,557,279
CTETRA,18379,2,3610,557,1384,325
CTETRA,18380,2,3610,557,325,279
CTETRA,18381,2,3610,1384,552,325
CTETRA,18382,2,3610,325,552,280
CTETRA,18383,2,3611,1484,1471,1488
CTETRA,18384,2,3611,295,455,454
CTETRA,18385,2,3611,1471,1484,455
CTETRA,18386,2,3611,1471,455,295
CTETRA,18387,2,3611,1484,1488,454
CTETRA,18388,2,3611,1484,454,455
CTETRA,18389,2,3611,1488,1471,454
CTETRA,18390,2,3611,454,1471,295
CTETRA,18391,2,3612,1399,1395,1391
CTETRA,18392,2,3612,362,363,327
CTETRA,18393,2,3612,1395,1399,363
CTETRA,18394,2,3612,1395,363,362
CTETRA,18395,2,3612,1399,1391,363
CTETRA,18396,2,3612,363,1391,327
CTETRA,18397,2,3612,1391,1395,362
CTETRA,18398,2,3612,1391,362,327
CTETRA,18399,2,3613,1507,1513,1511
CTETRA,18400,2,3613,383,384,348
CTETRA,18401,2,3613,1513,1507,383
CTETRA,18402,2,3613,383,1507,384
CTETRA,18403,2,3613,1507,1511,348
CTETRA,18404,2,3613,1507,348,384
CTETRA,18405,2,3613,1511,1513,383
CTETRA,18406,2,3613,1511,383,348
CTETRA,18407,2,3614,1441,1443,1418
CTETRA,18408,2,3614,465,466,430
CTETRA,18409,2,3614,1443,1441,465
CTETRA,18410,2,3614,465,1441,466
CTETRA,18411,2,3614,1441,1418,466
CTETRA,18412,2,3614,466,1418,430
CTETRA,18413,2,3614,1418,1443,465
CTETRA,18414,2,3614,1418,465,430
CTETRA,18415,2,3615,1556,1558,642
CTETRA,18416,2,3615,307,308,262
CTETRA,18417,2,3615,1558,1556,307
CTETRA,18418,2,3615,307,1556,308
CTETRA,18419,2,3615,1556,642,262
CTETRA,18420,2,3615,1556,262,308
CTETRA,18421,2,3615,642,1558,262
CTETRA,18422,2,3615,262,1558,307
CTETRA,18423,2,3616,1537,1539,1520
CTETRA,18424,2,3616,376,375,411
CTETRA,18425,2,3616,1539,1537,376
CTETRA,18426,2,3616,376,1537,375
CTETRA,18427,2,3616,1537,1520,375
CTETRA,18428,2,3616,375,1520,411
CTETRA,18429,2,3616,1520,1539,376
CTETRA,18430,2,3616,1520,376,411
CTETRA,18431,2,3617,582,577,1387
CTETRA,18432,2,3617,275,274,320
CTETRA,18433,2,3617,275,577,582
CTETRA,18434,2,3617,275,582,274
CTETRA,18435,2,3617,582,1387,320
CTETRA,18436,2,3617,582,320,274
CTETRA,18437,2,3617,1387,577,320
CTETRA,18438,2,3617,320,577,275
CTETRA,18439,2,3618,1502,1471,1503
CTETRA,18440,2,3618,295,450,449
CTETRA,18441,2,3618,1471,1502,450
CTETRA,18442,2,3618,1471,450,295
CTETRA,18443,2,3618,1502,1503,449
CTETRA,18444,2,3618,1502,449,450
CTETRA,18445,2,3618,1503,1471,449
CTETRA,18446,2,3618,449,1471,295
CTETRA,18447,2,3619,1446,1471,1442
CTETRA,18448,2,3619,295,470,469
CTETRA,18449,2,3619,1471,1446,295
CTETRA,18450,2,3619,295,1446,470
CTETRA,18451,2,3619,1446,1442,470
CTETRA,18452,2,3619,470,1442,469
CTETRA,18453,2,3619,1442,1471,295
CTETRA,18454,2,3619,1442,295,469
CTETRA,18455,2,3620,1528,1534,1532
CTETRA,18456,2,3620,346,347,311
CTETRA,18457,2,3620,1534,1528,346
CTETRA,18458,2,3620,346,1528,347
CTETRA,18459,2,3620,1528,1532,311
CTETRA,18460,2,3620,1528,311,347
CTETRA,18461,2,3620,1532,1534,346
CTETRA,18462,2,3620,1532,346,311
CTETRA,18463,2,3621,1412,1406,1399
CTETRA,18464,2,3621,398,399,363
CTETRA,18465,2,3621,1406,1412,399
CTETRA,18466,2,3621,1406,399,398
CTETRA,18467,2,3621,1412,1399,399
CTETRA,18468,2,3621,399,1399,363
CTETRA,18469,2,3621,1399,1406,398
CTETRA,18470,2,3621,1399,398,363
CTETRA,18471,2,3622,1490,1505,1507
CTETRA,18472,2,3622,419,420,384
CTETRA,18473,2,3622,1505,1490,419
CTETRA,18474,2,3622,419,1490,420
CTETRA,18475,2,3622,1490,1507,384
CTETRA,18476,2,3622,1490,384,420
CTETRA,18477,2,3622,1507,1505,384
CTETRA,18478,2,3622,384,1505,419
CTETRA,18479,2,3623,1381,1383,567
CTETRA,18480,2,3623,322,323,277
CTETRA,18481,2,3623,1383,1381,322
CTETRA,18482,2,3623,322,1381,323
CTETRA,18483,2,3623,1381,567,323
CTETRA,18484,2,3623,323,567,277
CTETRA,18485,2,3623,567,1383,322
CTETRA,18486,2,3623,567,322,277
CTETRA,18487,2,3624,1558,1556,1549
CTETRA,18488,2,3624,308,307,343
CTETRA,18489,2,3624,1556,1558,307
CTETRA,18490,2,3624,1556,307,308
CTETRA,18491,2,3624,1558,1549,307
CTETRA,18492,2,3624,307,1549,343
CTETRA,18493,2,3624,1549,1556,308
CTETRA,18494,2,3624,1549,308,343
CTETRA,18495,2,3625,1520,1524,1499
CTETRA,18496,2,3625,412,411,447
CTETRA,18497,2,3625,1524,1520,412
CTETRA,18498,2,3625,412,1520,411
CTETRA,18499,2,3625,1520,1499,411
CTETRA,18500,2,3625,411,1499,447
CTETRA,18501,2,3625,1499,1524,412
CTETRA,18502,2,3625,1499,412,447
CTETRA,18503,2,3626,1443,1471,1447
CTETRA,18504,2,3626,295,465,464
CTETRA,18505,2,3626,1471,1443,295
CTETRA,18506,2,3626,295,1443,465
CTETRA,18507,2,3626,1443,1447,464
CTETRA,18508,2,3626,1443,464,465
CTETRA,18509,2,3626,1447,1471,295
CTETRA,18510,2,3626,1447,295,464
CTETRA,18511,2,3627,1553,1554,1560
CTETRA,18512,2,3627,341,342,306
CTETRA,18513,2,3627,1554,1553,341
CTETRA,18514,2,3627,341,1553,342
CTETRA,18515,2,3627,1553,1560,306
CTETRA,18516,2,3627,1553,306,342
CTETRA,18517,2,3627,1560,1554,306
CTETRA,18518,2,3627,306,1554,341
CTETRA,18519,2,3628,1395,1393,1386
CTETRA,18520,2,3628,361,362,326
CTETRA,18521,2,3628,1393,1395,362
CTETRA,18522,2,3628,1393,362,361
CTETRA,18523,2,3628,1395,1386,362
CTETRA,18524,2,3628,362,1386,326
CTETRA,18525,2,3628,1386,1393,361
CTETRA,18526,2,3628,1386,361,326
CTETRA,18527,2,3629,1513,1523,1528
CTETRA,18528,2,3629,382,383,347
CTETRA,18529,2,3629,1523,1513,382
CTETRA,18530,2,3629,382,1513,383
CTETRA,18531,2,3629,1513,1528,347
CTETRA,18532,2,3629,1513,347,383
CTETRA,18533,2,3629,1528,1523,347
CTETRA,18534,2,3629,347,1523,382
CTETRA,18535,2,3630,1427,1423,1412
CTETRA,18536,2,3630,434,435,399
CTETRA,18537,2,3630,1423,1427,435
CTETRA,18538,2,3630,1423,435,434
CTETRA,18539,2,3630,1427,1412,435
CTETRA,18540,2,3630,435,1412,399
CTETRA,18541,2,3630,1412,1423,434
CTETRA,18542,2,3630,1412,434,399
CTETRA,18543,2,3631,1480,1484,1490
CTETRA,18544,2,3631,455,456,420
CTETRA,18545,2,3631,1484,1480,455
CTETRA,18546,2,3631,455,1480,456
CTETRA,18547,2,3631,1480,1490,420
CTETRA,18548,2,3631,1480,420,456
CTETRA,18549,2,3631,1490,1484,420
CTETRA,18550,2,3631,420,1484,455
CTETRA,18551,2,3632,1383,1381,1390
CTETRA,18552,2,3632,323,322,358
CTETRA,18553,2,3632,1381,1383,322
CTETRA,18554,2,3632,1381,322,323
CTETRA,18555,2,3632,1383,1390,358
CTETRA,18556,2,3632,1383,358,322
CTETRA,18557,2,3632,1390,1381,358
CTETRA,18558,2,3632,358,1381,323
CTETRA,18559,2,3633,1549,1547,1538
CTETRA,18560,2,3633,344,343,379
CTETRA,18561,2,3633,1547,1549,343
CTETRA,18562,2,3633,1547,343,344
CTETRA,18563,2,3633,1549,1538,343
CTETRA,18564,2,3633,343,1538,379
CTETRA,18565,2,3633,1538,1547,344
CTETRA,18566,2,3633,1538,344,379
CTETRA,18567,2,3634,526,1561,521
CTETRA,18568,2,3634,305,259,294
CTETRA,18569,2,3634,1561,526,259
CTETRA,18570,2,3634,1561,259,305
CTETRA,18571,2,3634,521,259,526
CTETRA,18572,2,3634,521,294,259
CTETRA,18573,2,3634,521,1561,294
CTETRA,18574,2,3634,294,1561,305
CTETRA,18575,2,3635,1394,1396,1385
CTETRA,18576,2,3635,356,357,321
CTETRA,18577,2,3635,1396,1394,356
CTETRA,18578,2,3635,356,1394,357
CTETRA,18579,2,3635,1394,1385,357
CTETRA,18580,2,3635,357,1385,321
CTETRA,18581,2,3635,1385,1396,356
CTETRA,18582,2,3635,1385,356,321
CTETRA,18583,2,3636,1540,1541,1553
CTETRA,18584,2,3636,377,378,342
CTETRA,18585,2,3636,1541,1540,377
CTETRA,18586,2,3636,377,1540,378
CTETRA,18587,2,3636,1540,1553,342
CTETRA,18588,2,3636,1540,342,378
CTETRA,18589,2,3636,1553,1541,342
CTETRA,18590,2,3636,342,1541,377
CTETRA,18591,2,3637,1406,1404,1395
CTETRA,18592,2,3637,397,398,362
CTETRA,18593,2,3637,1404,1406,398
CTETRA,18594,2,3637,1404,398,397
CTETRA,18595,2,3637,1406,1395,398
CTETRA,18596,2,3637,398,1395,362
CTETRA,18597,2,3637,1395,1404,397
CTETRA,18598,2,3637,1395,397,362
CTETRA,18599,2,3638,1505,1509,1513
CTETRA,18600,2,3638,418,419,383
CTETRA,18601,2,3638,1509,1505,418
CTETRA,18602,2,3638,418,1505,419
CTETRA,18603,2,3638,1505,1513,383
CTETRA,18604,2,3638,1505,383,419
CTETRA,18605,2,3638,1513,1509,383
CTETRA,18606,2,3638,383,1509,418
CTETRA,18607,2,3639,1448,1446,1427
CTETRA,18608,2,3639,470,471,435
CTETRA,18609,2,3639,1446,1448,471
CTETRA,18610,2,3639,1446,471,470
CTETRA,18611,2,3639,1448,1427,471
CTETRA,18612,2,3639,471,1427,435
CTETRA,18613,2,3639,1427,1446,470
CTETRA,18614,2,3639,1427,470,435
CTETRA,18615,2,3640,1498,1517,617
CTETRA,18616,2,3640,312,313,267
CTETRA,18617,2,3640,1517,1498,312
CTETRA,18618,2,3640,312,1498,313
CTETRA,18619,2,3640,1498,617,267
CTETRA,18620,2,3640,1498,267,313
CTETRA,18621,2,3640,617,1517,312
CTETRA,18622,2,3640,617,312,267
CTETRA,18623,2,3641,1390,1388,1403
CTETRA,18624,2,3641,359,358,394
CTETRA,18625,2,3641,1388,1390,358
CTETRA,18626,2,3641,1388,358,359
CTETRA,18627,2,3641,1390,1403,394
CTETRA,18628,2,3641,1390,394,358
CTETRA,18629,2,3641,1403,1388,394
CTETRA,18630,2,3641,394,1388,359
CTETRA,18631,2,3642,1538,1536,1521
CTETRA,18632,2,3642,380,379,415
CTETRA,18633,2,3642,1536,1538,379
CTETRA,18634,2,3642,1536,379,380
CTETRA,18635,2,3642,1538,1521,379
CTETRA,18636,2,3642,379,1521,415
CTETRA,18637,2,3642,1521,1536,380
CTETRA,18638,2,3642,1521,380,415
CTETRA,18639,2,3643,1503,1471,1501
CTETRA,18640,2,3643,295,449,448
CTETRA,18641,2,3643,1471,1503,449
CTETRA,18642,2,3643,1471,449,295
CTETRA,18643,2,3643,1503,1501,449
CTETRA,18644,2,3643,449,1501,448
CTETRA,18645,2,3643,1501,1471,448
CTETRA,18646,2,3643,448,1471,295
CTETRA,18647,2,3644,1405,1407,1394
CTETRA,18648,2,3644,392,393,357
CTETRA,18649,2,3644,1407,1405,392
CTETRA,18650,2,3644,392,1405,393
CTETRA,18651,2,3644,1405,1394,393
CTETRA,18652,2,3644,393,1394,357
CTETRA,18653,2,3644,1394,1407,392
CTETRA,18654,2,3644,1394,392,357
CTETRA,18655,2,3645,1525,1526,1540
CTETRA,18656,2,3645,413,414,378
CTETRA,18657,2,3645,1526,1525,413
CTETRA,18658,2,3645,413,1525,414
CTETRA,18659,2,3645,1525,1540,378
CTETRA,18660,2,3645,1525,378,414
CTETRA,18661,2,3645,1540,1526,378
CTETRA,18662,2,3645,378,1526,413
CTETRA,18663,2,3646,1423,1421,1406
CTETRA,18664,2,3646,433,434,398
CTETRA,18665,2,3646,1421,1423,434
CTETRA,18666,2,3646,1421,434,433
CTETRA,18667,2,3646,1423,1406,434
CTETRA,18668,2,3646,434,1406,398
CTETRA,18669,2,3646,1406,1421,433
CTETRA,18670,2,3646,1406,433,398
CTETRA,18671,2,3647,1484,1488,1505
CTETRA,18672,2,3647,454,455,419
CTETRA,18673,2,3647,1488,1484,454
CTETRA,18674,2,3647,454,1484,455
CTETRA,18675,2,3647,1484,1505,419
CTETRA,18676,2,3647,1484,419,455
CTETRA,18677,2,3647,1505,1488,419
CTETRA,18678,2,3647,419,1488,454
CTETRA,18679,2,3648,1403,1401,1418
CTETRA,18680,2,3648,395,394,430
CTETRA,18681,2,3648,1401,1403,394
CTETRA,18682,2,3648,1401,394,395
CTETRA,18683,2,3648,1403,1418,430
CTETRA,18684,2,3648,1403,430,394
CTETRA,18685,2,3648,1418,1401,430
CTETRA,18686,2,3648,430,1401,395
CTETRA,18687,2,3649,1521,1519,1500
CTETRA,18688,2,3649,416,415,451
CTETRA,18689,2,3649,1519,1521,415
CTETRA,18690,2,3649,1519,415,416
CTETRA,18691,2,3649,1521,1500,415
CTETRA,18692,2,3649,415,1500,451
CTETRA,18693,2,3649,1500,1519,416
CTETRA,18694,2,3649,1500,416,451
CTETRA,18695,2,3650,1554,1552,1561
CTETRA,18696,2,3650,340,341,305
CTETRA,18697,2,3650,1552,1554,341
CTETRA,18698,2,3650,1552,341,340
CTETRA,18699,2,3650,1554,1561,305
CTETRA,18700,2,3650,1554,305,341
CTETRA,18701,2,3650,1561,1552,305
CTETRA,18702,2,3650,305,1552,340
CTETRA,18703,2,3651,1422,1424,1405
CTETRA,18704,2,3651,428,429,393
CTETRA,18705,2,3651,1424,1422,428
CTETRA,18706,2,3651,428,1422,429
CTETRA,18707,2,3651,1422,1405,429
CTETRA,18708,2,3651,429,1405,393
CTETRA,18709,2,3651,1405,1424,428
CTETRA,18710,2,3651,1405,428,393
CTETRA,18711,2,3652,1502,1503,1525
CTETRA,18712,2,3652,449,450,414
CTETRA,18713,2,3652,1503,1502,449
CTETRA,18714,2,3652,449,1502,450
CTETRA,18715,2,3652,1502,1525,414
CTETRA,18716,2,3652,1502,414,450
CTETRA,18717,2,3652,1525,1503,414
CTETRA,18718,2,3652,414,1503,449
CTETRA,18719,2,3653,1446,1442,1423
CTETRA,18720,2,3653,469,470,434
CTETRA,18721,2,3653,1442,1446,470
CTETRA,18722,2,3653,1442,470,469
CTETRA,18723,2,3653,1446,1423,470
CTETRA,18724,2,3653,470,1423,434
CTETRA,18725,2,3653,1423,1442,469
CTETRA,18726,2,3653,1423,469,434
CTETRA,18727,2,3654,1517,1532,622
CTETRA,18728,2,3654,311,312,266
CTETRA,18729,2,3654,1532,1517,311
CTETRA,18730,2,3654,311,1517,312
CTETRA,18731,2,3654,1517,622,266
CTETRA,18732,2,3654,1517,266,312
CTETRA,18733,2,3654,622,1532,311
CTETRA,18734,2,3654,622,311,266
CTETRA,18735,2,3655,1418,1416,1441
CTETRA,18736,2,3655,431,430,466
CTETRA,18737,2,3655,1416,1418,430
CTETRA,18738,2,3655,1416,430,431
CTETRA,18739,2,3655,1418,1441,466
CTETRA,18740,2,3655,1418,466,430
CTETRA,18741,2,3655,1441,1416,466
CTETRA,18742,2,3655,466,1416,431
CTETRA,18743,2,3656,642,637,1556
CTETRA,18744,2,3656,263,262,308
CTETRA,18745,2,3656,263,637,642
CTETRA,18746,2,3656,263,642,262
CTETRA,18747,2,3656,642,1556,262
CTETRA,18748,2,3656,262,1556,308
CTETRA,18749,2,3656,1556,637,263
CTETRA,18750,2,3656,1556,263,308
CTETRA,18751,2,3657,1541,1539,1554
CTETRA,18752,2,3657,376,377,341
CTETRA,18753,2,3657,1539,1541,377
CTETRA,18754,2,3657,1539,377,376
CTETRA,18755,2,3657,1541,1554,341
CTETRA,18756,2,3657,1541,341,377
CTETRA,18757,2,3657,1554,1539,341
CTETRA,18758,2,3657,341,1539,376
CTETRA,18759,2,3658,1443,1447,1422
CTETRA,18760,2,3658,464,465,429
CTETRA,18761,2,3658,1447,1443,464
CTETRA,18762,2,3658,464,1443,465
CTETRA,18763,2,3658,1443,1422,465
CTETRA,18764,2,3658,465,1422,429
CTETRA,18765,2,3658,1422,1447,464
CTETRA,18766,2,3658,1422,464,429
CTETRA,18767,2,3659,1558,1560,647
CTETRA,18768,2,3659,306,307,261
CTETRA,18769,2,3659,1560,1558,306
CTETRA,18770,2,3659,306,1558,307
CTETRA,18771,2,3659,1558,647,261
CTETRA,18772,2,3659,1558,261,307
CTETRA,18773,2,3659,647,1560,261
CTETRA,18774,2,3659,261,1560,306
CTETRA,18775,2,3660,1391,1386,547
CTETRA,18776,2,3660,326,327,281
CTETRA,18777,2,3660,1386,1391,327
CTETRA,18778,2,3660,1386,327,326
CTETRA,18779,2,3660,1391,547,327
CTETRA,18780,2,3660,327,547,281
CTETRA,18781,2,3660,547,1386,326
CTETRA,18782,2,3660,547,326,281
CTETRA,18783,2,3661,1532,1517,1528
CTETRA,18784,2,3661,312,311,347
CTETRA,18785,2,3661,1517,1532,311
CTETRA,18786,2,3661,1517,311,312
CTETRA,18787,2,3661,1532,1528,311
CTETRA,18788,2,3661,311,1528,347
CTETRA,18789,2,3661,1528,1517,347
CTETRA,18790,2,3661,347,1517,312
CTETRA,18791,2,3662,567,562,1381
CTETRA,18792,2,3662,278,277,323
CTETRA,18793,2,3662,278,562,567
CTETRA,18794,2,3662,278,567,277
CTETRA,18795,2,3662,567,1381,323
CTETRA,18796,2,3662,567,323,277
CTETRA,18797,2,3662,1381,562,323
CTETRA,18798,2,3662,323,562,278
CTETRA,18799,2,3663,1494,1471,1496
CTETRA,18800,2,3663,295,453,452
CTETRA,18801,2,3663,1471,1494,453
CTETRA,18802,2,3663,1471,453,295
CTETRA,18803,2,3663,1494,1496,452
CTETRA,18804,2,3663,1494,452,453
CTETRA,18805,2,3663,1496,1471,452
CTETRA,18806,2,3663,452,1471,295
CTETRA,18807,2,3664,1526,1524,1541
CTETRA,18808,2,3664,412,413,377
CTETRA,18809,2,3664,1524,1526,413
CTETRA,18810,2,3664,1524,413,412
CTETRA,18811,2,3664,1526,1541,377
CTETRA,18812,2,3664,1526,377,413
CTETRA,18813,2,3664,1541,1524,377
CTETRA,18814,2,3664,377,1524,412
CTETRA,18815,2,3665,562,557,1382
CTETRA,18816,2,3665,279,278,324
CTETRA,18817,2,3665,279,557,562
CTETRA,18818,2,3665,279,562,278
CTETRA,18819,2,3665,562,1382,324
CTETRA,18820,2,3665,562,324,278
CTETRA,18821,2,3665,1382,557,324
CTETRA,18822,2,3665,324,557,279
CTETRA,18823,2,3666,1488,1471,1494
CTETRA,18824,2,3666,295,454,453
CTETRA,18825,2,3666,1471,1488,454
CTETRA,18826,2,3666,1471,454,295
CTETRA,18827,2,3666,1488,1494,453
CTETRA,18828,2,3666,1488,453,454
CTETRA,18829,2,3666,1494,1471,453
CTETRA,18830,2,3666,453,1471,295
CTETRA,18831,2,3667,491,496,1516
CTETRA,18832,2,3667,289,288,298
CTETRA,18833,2,3667,491,288,289
CTETRA,18834,2,3667,491,289,496
CTETRA,18835,2,3667,491,1516,288
CTETRA,18836,2,3667,288,1516,298
CTETRA,18837,2,3667,1516,496,289
CTETRA,18838,2,3667,1516,289,298
CTETRA,18839,2,3668,1447,1471,1449
CTETRA,18840,2,3668,295,464,463
CTETRA,18841,2,3668,1471,1447,295
CTETRA,18842,2,3668,295,1447,464
CTETRA,18843,2,3668,1447,1449,463
CTETRA,18844,2,3668,1447,463,464
CTETRA,18845,2,3668,1449,1471,295
CTETRA,18846,2,3668,1449,295,463
CTETRA,18847,2,3669,1383,1385,572
CTETRA,18848,2,3669,321,322,276
CTETRA,18849,2,3669,1385,1383,321
CTETRA,18850,2,3669,321,1383,322
CTETRA,18851,2,3669,1383,572,322
CTETRA,18852,2,3669,322,572,276
CTETRA,18853,2,3669,572,1385,321
CTETRA,18854,2,3669,572,321,276
CTETRA,18855,2,3670,1560,1558,1553
CTETRA,18856,2,3670,307,306,342
CTETRA,18857,2,3670,1558,1560,306
CTETRA,18858,2,3670,1558,306,307
CTETRA,18859,2,3670,1560,1553,306
CTETRA,18860,2,3670,306,1553,342
CTETRA,18861,2,3670,1553,1558,307
CTETRA,18862,2,3670,1553,307,342
CTETRA,18863,2,3671,1386,1391,1395
CTETRA,18864,2,3671,327,326,362
CTETRA,18865,2,3671,1391,1386,327
CTETRA,18866,2,3671,327,1386,326
CTETRA,18867,2,3671,1386,1395,362
CTETRA,18868,2,3671,1386,362,326
CTETRA,18869,2,3671,1395,1391,362
CTETRA,18870,2,3671,362,1391,327
CTETRA,18871,2,3672,1528,1511,1513
CTETRA,18872,2,3672,348,347,383
CTETRA,18873,2,3672,1511,1528,347
CTETRA,18874,2,3672,1511,347,348
CTETRA,18875,2,3672,1528,1513,347
CTETRA,18876,2,3672,347,1513,383
CTETRA,18877,2,3672,1513,1511,383
CTETRA,18878,2,3672,383,1511,348
CTETRA,18879,2,3673,1440,1471,1439
CTETRA,18880,2,3673,295,468,467
CTETRA,18881,2,3673,1471,1440,295
CTETRA,18882,2,3673,295,1440,468
CTETRA,18883,2,3673,1440,1439,468
CTETRA,18884,2,3673,468,1439,467
CTETRA,18885,2,3673,1439,1471,295
CTETRA,18886,2,3673,1439,295,467
CTETRA,18887,2,3674,1543,1547,1551
CTETRA,18888,2,3674,344,345,309
CTETRA,18889,2,3674,1547,1543,344
CTETRA,18890,2,3674,344,1543,345
CTETRA,18891,2,3674,1543,1551,309
CTETRA,18892,2,3674,1543,309,345
CTETRA,18893,2,3674,1551,1547,309
CTETRA,18894,2,3674,309,1547,344
CTETRA,18895,2,3675,1503,1501,1526
CTETRA,18896,2,3675,448,449,413
CTETRA,18897,2,3675,1501,1503,449
CTETRA,18898,2,3675,1501,449,448
CTETRA,18899,2,3675,1503,1526,413
CTETRA,18900,2,3675,1503,413,449
CTETRA,18901,2,3675,1526,1501,413
CTETRA,18902,2,3675,413,1501,448
CTETRA,18903,2,3676,1385,1383,1394
CTETRA,18904,2,3676,322,321,357
CTETRA,18905,2,3676,1383,1385,321
CTETRA,18906,2,3676,1383,321,322
CTETRA,18907,2,3676,1385,1394,357
CTETRA,18908,2,3676,1385,357,321
CTETRA,18909,2,3676,1394,1383,357
CTETRA,18910,2,3676,357,1383,322
CTETRA,18911,2,3677,1553,1549,1540
CTETRA,18912,2,3677,343,342,378
CTETRA,18913,2,3677,1549,1553,342
CTETRA,18914,2,3677,1549,342,343
CTETRA,18915,2,3677,1553,1540,342
CTETRA,18916,2,3677,342,1540,378
CTETRA,18917,2,3677,1540,1549,343
CTETRA,18918,2,3677,1540,343,378
CTETRA,18919,2,3678,1395,1399,1406
CTETRA,18920,2,3678,363,362,398
CTETRA,18921,2,3678,1399,1395,363
CTETRA,18922,2,3678,363,1395,362
CTETRA,18923,2,3678,1395,1406,398
CTETRA,18924,2,3678,1395,398,362
CTETRA,18925,2,3678,1406,1399,398
CTETRA,18926,2,3678,398,1399,363
CTETRA,18927,2,3679,1513,1507,1505
CTETRA,18928,2,3679,384,383,419
CTETRA,18929,2,3679,1507,1513,383
CTETRA,18930,2,3679,1507,383,384
CTETRA,18931,2,3679,1513,1505,383
CTETRA,18932,2,3679,383,1505,419
CTETRA,18933,2,3679,1505,1507,384
CTETRA,18934,2,3679,1505,384,419
CTETRA,18935,2,3680,1389,1388,1382
CTETRA,18936,2,3680,359,360,324
CTETRA,18937,2,3680,1388,1389,360
CTETRA,18938,2,3680,1388,360,359
CTETRA,18939,2,3680,1389,1382,360
CTETRA,18940,2,3680,360,1382,324
CTETRA,18941,2,3680,1382,1388,359
CTETRA,18942,2,3680,1382,359,324
CTETRA,18943,2,3681,1530,1536,1543
CTETRA,18944,2,3681,380,381,345
CTETRA,18945,2,3681,1536,1530,380
CTETRA,18946,2,3681,380,1530,381
CTETRA,18947,2,3681,1530,1543,345
CTETRA,18948,2,3681,1530,345,381
CTETRA,18949,2,3681,1543,1536,345
CTETRA,18950,2,3681,345,1536,380
CTETRA,18951,2,3682,1393,1389,1384
CTETRA,18952,2,3682,360,361,325
CTETRA,18953,2,3682,1389,1393,361
CTETRA,18954,2,3682,1389,361,360
CTETRA,18955,2,3682,1393,1384,361
CTETRA,18956,2,3682,361,1384,325
CTETRA,18957,2,3682,1384,1389,360
CTETRA,18958,2,3682,1384,360,325
CTETRA,18959,2,3683,1523,1530,1534
CTETRA,18960,2,3683,381,382,346
CTETRA,18961,2,3683,1530,1523,381
CTETRA,18962,2,3683,381,1523,382
CTETRA,18963,2,3683,1523,1534,346
CTETRA,18964,2,3683,1523,346,382
CTETRA,18965,2,3683,1534,1530,346
CTETRA,18966,2,3683,346,1530,381
CTETRA,18967,2,3684,1527,1510,1531
CTETRA,18968,2,3684,334,335,299
CTETRA,18969,2,3684,1510,1527,335
CTETRA,18970,2,3684,1510,335,334
CTETRA,18971,2,3684,1527,1531,299
CTETRA,18972,2,3684,1527,299,335
CTETRA,18973,2,3684,1531,1510,299
CTETRA,18974,2,3684,299,1510,334
CTETRA,18975,2,3685,1407,1413,1396
CTETRA,18976,2,3685,391,392,356
CTETRA,18977,2,3685,1413,1407,391
CTETRA,18978,2,3685,391,1407,392
CTETRA,18979,2,3685,1407,1396,392
CTETRA,18980,2,3685,392,1396,356
CTETRA,18981,2,3685,1396,1413,391
CTETRA,18982,2,3685,1396,391,356
CTETRA,18983,2,3686,1394,1390,1405
CTETRA,18984,2,3686,358,357,393
CTETRA,18985,2,3686,1390,1394,357
CTETRA,18986,2,3686,1390,357,358
CTETRA,18987,2,3686,1394,1405,393
CTETRA,18988,2,3686,1394,393,357
CTETRA,18989,2,3686,1405,1390,393
CTETRA,18990,2,3686,393,1390,358
CTETRA,18991,2,3687,1540,1538,1525
CTETRA,18992,2,3687,379,378,414
CTETRA,18993,2,3687,1538,1540,378
CTETRA,18994,2,3687,1538,378,379
CTETRA,18995,2,3687,1540,1525,378
CTETRA,18996,2,3687,378,1525,414
CTETRA,18997,2,3687,1525,1538,379
CTETRA,18998,2,3687,1525,379,414
CTETRA,18999,2,3688,1405,1403,1422
CTETRA,19000,2,3688,394,393,429
CTETRA,19001,2,3688,1403,1405,393
CTETRA,19002,2,3688,1403,393,394
CTETRA,19003,2,3688,1405,1422,429
CTETRA,19004,2,3688,1405,429,393
CTETRA,19005,2,3688,1422,1403,429
CTETRA,19006,2,3688,429,1403,394
CTETRA,19007,2,3689,1525,1521,1502
CTETRA,19008,2,3689,415,414,450
CTETRA,19009,2,3689,1521,1525,414
CTETRA,19010,2,3689,1521,414,415
CTETRA,19011,2,3689,1525,1502,414
CTETRA,19012,2,3689,414,1502,450
CTETRA,19013,2,3689,1502,1521,415
CTETRA,19014,2,3689,1502,415,450
CTETRA,19015,2,3690,1404,1402,1393
CTETRA,19016,2,3690,396,397,361
CTETRA,19017,2,3690,1402,1404,397
CTETRA,19018,2,3690,1402,397,396
CTETRA,19019,2,3690,1404,1393,397
CTETRA,19020,2,3690,397,1393,361
CTETRA,19021,2,3690,1393,1402,396
CTETRA,19022,2,3690,1393,396,361
CTETRA,19023,2,3691,1509,1515,1523
CTETRA,19024,2,3691,417,418,382
CTETRA,19025,2,3691,1515,1509,417
CTETRA,19026,2,3691,417,1509,418
CTETRA,19027,2,3691,1509,1523,382
CTETRA,19028,2,3691,1509,382,418
CTETRA,19029,2,3691,1523,1515,382
CTETRA,19030,2,3691,382,1515,417
CTETRA,19031,2,3692,1512,1506,1527
CTETRA,19032,2,3692,370,371,335
CTETRA,19033,2,3692,1506,1512,371
CTETRA,19034,2,3692,1506,371,370
CTETRA,19035,2,3692,1512,1527,335
CTETRA,19036,2,3692,1512,335,371
CTETRA,19037,2,3692,1527,1506,335
CTETRA,19038,2,3692,335,1506,370
CTETRA,19039,2,3693,1424,1428,1407
CTETRA,19040,2,3693,427,428,392
CTETRA,19041,2,3693,1428,1424,427
CTETRA,19042,2,3693,427,1424,428
CTETRA,19043,2,3693,1424,1407,428
CTETRA,19044,2,3693,428,1407,392
CTETRA,19045,2,3693,1407,1428,427
CTETRA,19046,2,3693,1407,427,392
CTETRA,19047,2,3694,1421,1417,1404
CTETRA,19048,2,3694,432,433,397
CTETRA,19049,2,3694,1417,1421,433
CTETRA,19050,2,3694,1417,433,432
CTETRA,19051,2,3694,1421,1404,433
CTETRA,19052,2,3694,433,1404,397
CTETRA,19053,2,3694,1404,1417,432
CTETRA,19054,2,3694,1404,432,397
CTETRA,19055,2,3695,1488,1494,1509
CTETRA,19056,2,3695,453,454,418
CTETRA,19057,2,3695,1494,1488,453
CTETRA,19058,2,3695,453,1488,454
CTETRA,19059,2,3695,1488,1509,418
CTETRA,19060,2,3695,1488,418,454
CTETRA,19061,2,3695,1509,1494,418
CTETRA,19062,2,3695,418,1494,453
CTETRA,19063,2,3696,1447,1449,1424
CTETRA,19064,2,3696,463,464,428
CTETRA,19065,2,3696,1449,1447,463
CTETRA,19066,2,3696,463,1447,464
CTETRA,19067,2,3696,1447,1424,464
CTETRA,19068,2,3696,464,1424,428
CTETRA,19069,2,3696,1424,1449,463
CTETRA,19070,2,3696,1424,463,428
CTETRA,19071,2,3697,1560,1561,652
CTETRA,19072,2,3697,305,306,260
CTETRA,19073,2,3697,1561,1560,305
CTETRA,19074,2,3697,305,1560,306
CTETRA,19075,2,3697,1560,652,260
CTETRA,19076,2,3697,1560,260,306
CTETRA,19077,2,3697,652,1561,260
CTETRA,19078,2,3697,260,1561,305
CTETRA,19079,2,3698,1442,1440,1421
CTETRA,19080,2,3698,468,469,433
CTETRA,19081,2,3698,1440,1442,469
CTETRA,19082,2,3698,1440,469,468
CTETRA,19083,2,3698,1442,1421,469
CTETRA,19084,2,3698,469,1421,433
CTETRA,19085,2,3698,1421,1440,468
CTETRA,19086,2,3698,1421,468,433
CTETRA,19087,2,3699,1532,1545,627
CTETRA,19088,2,3699,310,311,265
CTETRA,19089,2,3699,1545,1532,310
CTETRA,19090,2,3699,310,1532,311
CTETRA,19091,2,3699,1532,627,265
CTETRA,19092,2,3699,1532,265,311
CTETRA,19093,2,3699,627,1545,310
CTETRA,19094,2,3699,627,310,265
CTETRA,19095,2,3700,1385,1387,577
CTETRA,19096,2,3700,320,321,275
CTETRA,19097,2,3700,1387,1385,320
CTETRA,19098,2,3700,320,1385,321
CTETRA,19099,2,3700,1385,577,321
CTETRA,19100,2,3700,321,577,275
CTETRA,19101,2,3700,577,1387,320
CTETRA,19102,2,3700,577,320,275
CTETRA,19103,2,3701,1561,1560,1554
CTETRA,19104,2,3701,306,305,341
CTETRA,19105,2,3701,1560,1561,305
CTETRA,19106,2,3701,1560,305,306
CTETRA,19107,2,3701,1561,1554,305
CTETRA,19108,2,3701,305,1554,341
CTETRA,19109,2,3701,1554,1560,306
CTETRA,19110,2,3701,1554,306,341
CTETRA,19111,2,3702,1386,1384,552
CTETRA,19112,2,3702,325,326,280
CTETRA,19113,2,3702,1384,1386,326
CTETRA,19114,2,3702,1384,326,325
CTETRA,19115,2,3702,1386,552,326
CTETRA,19116,2,3702,326,552,280
CTETRA,19117,2,3702,552,1384,325
CTETRA,19118,2,3702,552,325,280
CTETRA,19119,2,3703,1545,1532,1534
CTETRA,19120,2,3703,311,310,346
CTETRA,19121,2,3703,1532,1545,310
CTETRA,19122,2,3703,1532,310,311
CTETRA,19123,2,3703,1545,1534,310
CTETRA,19124,2,3703,310,1534,346
CTETRA,19125,2,3703,1534,1532,346
CTETRA,19126,2,3703,346,1532,311
CTETRA,19127,2,3704,1387,1385,1396
CTETRA,19128,2,3704,321,320,356
CTETRA,19129,2,3704,1385,1387,320
CTETRA,19130,2,3704,1385,320,321
CTETRA,19131,2,3704,1387,1396,356
CTETRA,19132,2,3704,1387,356,320
CTETRA,19133,2,3704,1396,1385,356
CTETRA,19134,2,3704,356,1385,321
CTETRA,19135,2,3705,1554,1553,1541
CTETRA,19136,2,3705,342,341,377
CTETRA,19137,2,3705,1553,1554,341
CTETRA,19138,2,3705,1553,341,342
CTETRA,19139,2,3705,1554,1541,341
CTETRA,19140,2,3705,341,1541,377
CTETRA,19141,2,3705,1541,1553,342
CTETRA,19142,2,3705,1541,342,377
CTETRA,19143,2,3706,1439,1471,1441
CTETRA,19144,2,3706,295,467,466
CTETRA,19145,2,3706,1471,1439,295
CTETRA,19146,2,3706,295,1439,467
CTETRA,19147,2,3706,1439,1441,466
CTETRA,19148,2,3706,1439,466,467
CTETRA,19149,2,3706,1441,1471,295
CTETRA,19150,2,3706,1441,295,466
CTETRA,19151,2,3707,1547,1549,1556
CTETRA,19152,2,3707,343,344,308
CTETRA,19153,2,3707,1549,1547,343
CTETRA,19154,2,3707,343,1547,344
CTETRA,19155,2,3707,1547,1556,308
CTETRA,19156,2,3707,1547,308,344
CTETRA,19157,2,3707,1556,1549,308
CTETRA,19158,2,3707,308,1549,343
CTETRA,19159,2,3708,1388,1390,1381
CTETRA,19160,2,3708,358,359,323
CTETRA,19161,2,3708,1390,1388,358
CTETRA,19162,2,3708,358,1388,359
CTETRA,19163,2,3708,1388,1381,359
CTETRA,19164,2,3708,359,1381,323
CTETRA,19165,2,3708,1381,1390,358
CTETRA,19166,2,3708,1381,358,323
CTETRA,19167,2,3709,1536,1538,1547
CTETRA,19168,2,3709,379,380,344
CTETRA,19169,2,3709,1538,1536,379
CTETRA,19170,2,3709,379,1536,380
CTETRA,19171,2,3709,1536,1547,344
CTETRA,19172,2,3709,1536,344,380
CTETRA,19173,2,3709,1547,1538,344
CTETRA,19174,2,3709,344,1538,379
CTETRA,19175,2,3710,1401,1403,1388
CTETRA,19176,2,3710,394,395,359
CTETRA,19177,2,3710,1403,1401,394
CTETRA,19178,2,3710,394,1401,395
CTETRA,19179,2,3710,1401,1388,395
CTETRA,19180,2,3710,395,1388,359
CTETRA,19181,2,3710,1388,1403,394
CTETRA,19182,2,3710,1388,394,359
CTETRA,19183,2,3711,1519,1521,1536
CTETRA,19184,2,3711,415,416,380
CTETRA,19185,2,3711,1521,1519,415
CTETRA,19186,2,3711,415,1519,416
CTETRA,19187,2,3711,1519,1536,380
CTETRA,19188,2,3711,1519,380,416
CTETRA,19189,2,3711,1536,1521,380
CTETRA,19190,2,3711,380,1521,415
CTETRA,19191,2,3712,1416,1418,1401
CTETRA,19192,2,3712,430,431,395
CTETRA,19193,2,3712,1418,1416,430
CTETRA,19194,2,3712,430,1416,431
CTETRA,19195,2,3712,1416,1401,431
CTETRA,19196,2,3712,431,1401,395
CTETRA,19197,2,3712,1401,1418,430
CTETRA,19198,2,3712,1401,430,395
CTETRA,19199,2,3713,1496,1500,1519
CTETRA,19200,2,3713,451,452,416
CTETRA,19201,2,3713,1500,1496,451
CTETRA,19202,2,3713,451,1496,452
CTETRA,19203,2,3713,1496,1519,416
CTETRA,19204,2,3713,1496,416,452
CTETRA,19205,2,3713,1519,1500,416
CTETRA,19206,2,3713,416,1500,451
CTETRA,19207,2,3714,1439,1441,1416
CTETRA,19208,2,3714,466,467,431
CTETRA,19209,2,3714,1441,1439,466
CTETRA,19210,2,3714,466,1439,467
CTETRA,19211,2,3714,1439,1416,467
CTETRA,19212,2,3714,467,1416,431
CTETRA,19213,2,3714,1416,1441,466
CTETRA,19214,2,3714,1416,466,431
CTETRA,19215,2,3715,1551,1556,637
CTETRA,19216,2,3715,308,309,263
CTETRA,19217,2,3715,1556,1551,308
CTETRA,19218,2,3715,308,1551,309
CTETRA,19219,2,3715,1551,637,263
CTETRA,19220,2,3715,1551,263,309
CTETRA,19221,2,3715,637,1556,263
CTETRA,19222,2,3715,263,1556,308
CTETRA,19223,2,3716,1382,1381,562
CTETRA,19224,2,3716,323,324,278
CTETRA,19225,2,3716,1381,1382,324
CTETRA,19226,2,3716,1381,324,323
CTETRA,19227,2,3716,1382,562,324
CTETRA,19228,2,3716,324,562,278
CTETRA,19229,2,3716,562,1381,323
CTETRA,19230,2,3716,562,323,278
CTETRA,19231,2,3717,1556,1551,1547
CTETRA,19232,2,3717,309,308,344
CTETRA,19233,2,3717,1551,1556,308
CTETRA,19234,2,3717,1551,308,309
CTETRA,19235,2,3717,1556,1547,308
CTETRA,19236,2,3717,308,1547,344
CTETRA,19237,2,3717,1547,1551,309
CTETRA,19238,2,3717,1547,309,344
CTETRA,19239,2,3718,1381,1382,1388
CTETRA,19240,2,3718,324,323,359
CTETRA,19241,2,3718,1382,1381,324
CTETRA,19242,2,3718,324,1381,323
CTETRA,19243,2,3718,1381,1388,359
CTETRA,19244,2,3718,1381,359,323
CTETRA,19245,2,3718,1388,1382,359
CTETRA,19246,2,3718,359,1382,324
CTETRA,19247,2,3719,1547,1543,1536
CTETRA,19248,2,3719,345,344,380
CTETRA,19249,2,3719,1543,1547,344
CTETRA,19250,2,3719,1543,344,345
CTETRA,19251,2,3719,1547,1536,344
CTETRA,19252,2,3719,344,1536,380
CTETRA,19253,2,3719,1536,1543,345
CTETRA,19254,2,3719,1536,345,380
CTETRA,19255,2,3720,1388,1389,1401
CTETRA,19256,2,3720,360,359,395
CTETRA,19257,2,3720,1389,1388,360
CTETRA,19258,2,3720,360,1388,359
CTETRA,19259,2,3720,1388,1401,395
CTETRA,19260,2,3720,1388,395,359
CTETRA,19261,2,3720,1401,1389,395
CTETRA,19262,2,3720,395,1389,360
CTETRA,19263,2,3721,1536,1530,1519
CTETRA,19264,2,3721,381,380,416
CTETRA,19265,2,3721,1530,1536,380
CTETRA,19266,2,3721,1530,380,381
CTETRA,19267,2,3721,1536,1519,380
CTETRA,19268,2,3721,380,1519,416
CTETRA,19269,2,3721,1519,1530,381
CTETRA,19270,2,3721,1519,381,416
CTETRA,19271,2,3722,1401,1402,1416
CTETRA,19272,2,3722,396,395,431
CTETRA,19273,2,3722,1402,1401,396
CTETRA,19274,2,3722,396,1401,395
CTETRA,19275,2,3722,1401,1416,431
CTETRA,19276,2,3722,1401,431,395
CTETRA,19277,2,3722,1416,1402,431
CTETRA,19278,2,3722,431,1402,396
CTETRA,19279,2,3723,1519,1515,1496
CTETRA,19280,2,3723,417,416,452
CTETRA,19281,2,3723,1515,1519,416
CTETRA,19282,2,3723,1515,416,417
CTETRA,19283,2,3723,1519,1496,416
CTETRA,19284,2,3723,416,1496,452
CTETRA,19285,2,3723,1496,1515,417
CTETRA,19286,2,3723,1496,417,452
CTETRA,19287,2,3724,1416,1417,1439
CTETRA,19288,2,3724,432,431,467
CTETRA,19289,2,3724,1417,1416,432
CTETRA,19290,2,3724,432,1416,431
CTETRA,19291,2,3724,1416,1439,467
CTETRA,19292,2,3724,1416,467,431
CTETRA,19293,2,3724,1439,1417,467
CTETRA,19294,2,3724,467,1417,432
CTETRA,19295,2,3725,637,632,1551
CTETRA,19296,2,3725,264,263,309
CTETRA,19297,2,3725,264,632,637
CTETRA,19298,2,3725,264,637,263
CTETRA,19299,2,3725,637,1551,263
CTETRA,19300,2,3725,263,1551,309
CTETRA,19301,2,3725,1551,632,264
CTETRA,19302,2,3725,1551,264,309
CTETRA,19303,2,3726,1442,1471,1440
CTETRA,19304,2,3726,295,469,468
CTETRA,19305,2,3726,1471,1442,295
CTETRA,19306,2,3726,295,1442,469
CTETRA,19307,2,3726,1442,1440,469
CTETRA,19308,2,3726,469,1440,468
CTETRA,19309,2,3726,1440,1471,295
CTETRA,19310,2,3726,1440,295,468
CTETRA,19311,2,3727,1534,1543,1545
CTETRA,19312,2,3727,345,346,310
CTETRA,19313,2,3727,1543,1534,345
CTETRA,19314,2,3727,345,1534,346
CTETRA,19315,2,3727,1534,1545,310
CTETRA,19316,2,3727,1534,310,346
CTETRA,19317,2,3727,1545,1543,310
CTETRA,19318,2,3727,310,1543,345
CTETRA,19319,2,3728,1397,1391,542
CTETRA,19320,2,3728,327,328,282
CTETRA,19321,2,3728,1391,1397,328
CTETRA,19322,2,3728,1391,328,327
CTETRA,19323,2,3728,1397,542,328
CTETRA,19324,2,3728,328,542,282
CTETRA,19325,2,3728,542,1391,327
CTETRA,19326,2,3728,542,327,282
CTETRA,19327,2,3729,1517,1498,1511
CTETRA,19328,2,3729,313,312,348
CTETRA,19329,2,3729,1498,1517,312
CTETRA,19330,2,3729,1498,312,313
CTETRA,19331,2,3729,1517,1511,312
CTETRA,19332,2,3729,312,1511,348
CTETRA,19333,2,3729,1511,1498,348
CTETRA,19334,2,3729,348,1498,313
CTETRA,19335,2,3730,1391,1397,1399
CTETRA,19336,2,3730,328,327,363
CTETRA,19337,2,3730,1397,1391,328
CTETRA,19338,2,3730,328,1391,327
CTETRA,19339,2,3730,1391,1399,363
CTETRA,19340,2,3730,1391,363,327
CTETRA,19341,2,3730,1399,1397,363
CTETRA,19342,2,3730,363,1397,328
CTETRA,19343,2,3731,1511,1492,1507
CTETRA,19344,2,3731,349,348,384
CTETRA,19345,2,3731,1492,1511,348
CTETRA,19346,2,3731,1492,348,349
CTETRA,19347,2,3731,1511,1507,348
CTETRA,19348,2,3731,348,1507,384
CTETRA,19349,2,3731,1507,1492,384
CTETRA,19350,2,3731,384,1492,349
CTETRA,19351,2,3732,1408,1399,1397
CTETRA,19352,2,3732,363,364,328
CTETRA,19353,2,3732,1399,1408,364
CTETRA,19354,2,3732,1399,364,363
CTETRA,19355,2,3732,1408,1397,364
CTETRA,19356,2,3732,364,1397,328
CTETRA,19357,2,3732,1397,1399,363
CTETRA,19358,2,3732,1397,363,328
CTETRA,19359,2,3733,1486,1507,1492
CTETRA,19360,2,3733,384,385,349
CTETRA,19361,2,3733,1507,1486,384
CTETRA,19362,2,3733,384,1486,385
CTETRA,19363,2,3733,1486,1492,349
CTETRA,19364,2,3733,1486,349,385
CTETRA,19365,2,3733,1492,1507,384
CTETRA,19366,2,3733,1492,384,349
CTETRA,19367,2,3734,1399,1408,1412
CTETRA,19368,2,3734,364,363,399
CTETRA,19369,2,3734,1408,1399,364
CTETRA,19370,2,3734,364,1399,363
CTETRA,19371,2,3734,1399,1412,399
CTETRA,19372,2,3734,1399,399,363
CTETRA,19373,2,3734,1412,1408,399
CTETRA,19374,2,3734,399,1408,364
CTETRA,19375,2,3735,1507,1486,1490
CTETRA,19376,2,3735,385,384,420
CTETRA,19377,2,3735,1486,1507,384
CTETRA,19378,2,3735,1486,384,385
CTETRA,19379,2,3735,1507,1490,384
CTETRA,19380,2,3735,384,1490,420
CTETRA,19381,2,3735,1490,1486,420
CTETRA,19382,2,3735,420,1486,385
CTETRA,19383,2,3736,1419,1412,1408
CTETRA,19384,2,3736,399,400,364
CTETRA,19385,2,3736,1412,1419,400
CTETRA,19386,2,3736,1412,400,399
CTETRA,19387,2,3736,1419,1408,400
CTETRA,19388,2,3736,400,1408,364
CTETRA,19389,2,3736,1408,1412,399
CTETRA,19390,2,3736,1408,399,364
CTETRA,19391,2,3737,1482,1490,1486
CTETRA,19392,2,3737,420,421,385
CTETRA,19393,2,3737,1490,1482,420
CTETRA,19394,2,3737,420,1482,421
CTETRA,19395,2,3737,1482,1486,385
CTETRA,19396,2,3737,1482,385,421
CTETRA,19397,2,3737,1486,1490,420
CTETRA,19398,2,3737,1486,420,385
CTETRA,19399,2,3738,1412,1419,1427
CTETRA,19400,2,3738,400,399,435
CTETRA,19401,2,3738,1419,1412,400
CTETRA,19402,2,3738,400,1412,399
CTETRA,19403,2,3738,1412,1427,435
CTETRA,19404,2,3738,1412,435,399
CTETRA,19405,2,3738,1427,1419,435
CTETRA,19406,2,3738,435,1419,400
CTETRA,19407,2,3739,1490,1482,1480
CTETRA,19408,2,3739,421,420,456
CTETRA,19409,2,3739,1482,1490,420
CTETRA,19410,2,3739,1482,420,421
CTETRA,19411,2,3739,1490,1480,420
CTETRA,19412,2,3739,420,1480,456
CTETRA,19413,2,3739,1480,1482,421
CTETRA,19414,2,3739,1480,421,456
CTETRA,19415,2,3740,1433,1427,1419
CTETRA,19416,2,3740,435,436,400
CTETRA,19417,2,3740,1427,1433,436
CTETRA,19418,2,3740,1427,436,435
CTETRA,19419,2,3740,1433,1419,436
CTETRA,19420,2,3740,436,1419,400
CTETRA,19421,2,3740,1419,1427,435
CTETRA,19422,2,3740,1419,435,400
CTETRA,19423,2,3741,1478,1480,1482
CTETRA,19424,2,3741,456,457,421
CTETRA,19425,2,3741,1480,1478,456
CTETRA,19426,2,3741,456,1478,457
CTETRA,19427,2,3741,1478,1482,421
CTETRA,19428,2,3741,1478,421,457
CTETRA,19429,2,3741,1482,1480,421
CTETRA,19430,2,3741,421,1480,456
CTETRA,19431,2,3742,1427,1433,1448
CTETRA,19432,2,3742,436,435,471
CTETRA,19433,2,3742,1433,1427,436
CTETRA,19434,2,3742,436,1427,435
CTETRA,19435,2,3742,1427,1448,471
CTETRA,19436,2,3742,1427,471,435
CTETRA,19437,2,3742,1448,1433,471
CTETRA,19438,2,3742,471,1433,436
CTETRA,19439,2,3743,617,612,1498
CTETRA,19440,2,3743,268,267,313
CTETRA,19441,2,3743,268,612,617
CTETRA,19442,2,3743,268,617,267
CTETRA,19443,2,3743,617,1498,267
CTETRA,19444,2,3743,267,1498,313
CTETRA,19445,2,3743,1498,612,313
CTETRA,19446,2,3743,313,612,268
CTETRA,19447,2,3744,1454,1448,1433
CTETRA,19448,2,3744,471,472,436
CTETRA,19449,2,3744,1448,1454,472
CTETRA,19450,2,3744,1448,472,471
CTETRA,19451,2,3744,1454,1433,472
CTETRA,19452,2,3744,472,1433,436
CTETRA,19453,2,3744,1433,1448,471
CTETRA,19454,2,3744,1433,471,436
CTETRA,19455,2,3745,1476,1498,612
CTETRA,19456,2,3745,313,314,268
CTETRA,19457,2,3745,1498,1476,313
CTETRA,19458,2,3745,313,1476,314
CTETRA,19459,2,3745,1476,612,268
CTETRA,19460,2,3745,1476,268,314
CTETRA,19461,2,3745,612,1498,313
CTETRA,19462,2,3745,612,313,268
CTETRA,19463,2,3746,542,537,1397
CTETRA,19464,2,3746,283,282,328
CTETRA,19465,2,3746,283,537,542
CTETRA,19466,2,3746,283,542,282
CTETRA,19467,2,3746,542,1397,328
CTETRA,19468,2,3746,542,328,282
CTETRA,19469,2,3746,1397,537,283
CTETRA,19470,2,3746,1397,283,328
CTETRA,19471,2,3747,1472,1471,1478
CTETRA,19472,2,3747,295,458,457
CTETRA,19473,2,3747,1471,1472,458
CTETRA,19474,2,3747,1471,458,295
CTETRA,19475,2,3747,1472,1478,457
CTETRA,19476,2,3747,1472,457,458
CTETRA,19477,2,3747,1478,1471,457
CTETRA,19478,2,3747,457,1471,295
CTETRA,19479,2,3748,1410,1397,537
CTETRA,19480,2,3748,328,329,283
CTETRA,19481,2,3748,1397,1410,329
CTETRA,19482,2,3748,1397,329,328
CTETRA,19483,2,3748,1410,537,329
CTETRA,19484,2,3748,329,537,283
CTETRA,19485,2,3748,537,1397,283
CTETRA,19486,2,3748,283,1397,328
CTETRA,19487,2,3749,1498,1476,1492
CTETRA,19488,2,3749,314,313,349
CTETRA,19489,2,3749,1476,1498,313
CTETRA,19490,2,3749,1476,313,314
CTETRA,19491,2,3749,1498,1492,313
CTETRA,19492,2,3749,313,1492,349
CTETRA,19493,2,3749,1492,1476,349
CTETRA,19494,2,3749,349,1476,314
CTETRA,19495,2,3750,1458,1471,1454
CTETRA,19496,2,3750,295,473,472
CTETRA,19497,2,3750,1471,1458,295
CTETRA,19498,2,3750,295,1458,473
CTETRA,19499,2,3750,1458,1454,473
CTETRA,19500,2,3750,473,1454,472
CTETRA,19501,2,3750,1454,1471,295
CTETRA,19502,2,3750,1454,295,472
CTETRA,19503,2,3751,1475,1492,1476
CTETRA,19504,2,3751,349,350,314
CTETRA,19505,2,3751,1492,1475,349
CTETRA,19506,2,3751,349,1475,350
CTETRA,19507,2,3751,1475,1476,314
CTETRA,19508,2,3751,1475,314,350
CTETRA,19509,2,3751,1476,1492,349
CTETRA,19510,2,3751,1476,349,314
CTETRA,19511,2,3752,1397,1410,1408
CTETRA,19512,2,3752,329,328,364
CTETRA,19513,2,3752,1410,1397,329
CTETRA,19514,2,3752,329,1397,328
CTETRA,19515,2,3752,1397,1408,364
CTETRA,19516,2,3752,1397,364,328
CTETRA,19517,2,3752,1408,1410,329
CTETRA,19518,2,3752,1408,329,364
CTETRA,19519,2,3753,1492,1475,1486
CTETRA,19520,2,3753,350,349,385
CTETRA,19521,2,3753,1475,1492,349
CTETRA,19522,2,3753,1475,349,350
CTETRA,19523,2,3753,1492,1486,349
CTETRA,19524,2,3753,349,1486,385
CTETRA,19525,2,3753,1486,1475,385
CTETRA,19526,2,3753,385,1475,350
CTETRA,19527,2,3754,1414,1408,1410
CTETRA,19528,2,3754,364,365,329
CTETRA,19529,2,3754,1408,1414,365
CTETRA,19530,2,3754,1408,365,364
CTETRA,19531,2,3754,1414,1410,365
CTETRA,19532,2,3754,365,1410,329
CTETRA,19533,2,3754,1410,1408,329
CTETRA,19534,2,3754,329,1408,364
CTETRA,19535,2,3755,1474,1486,1475
CTETRA,19536,2,3755,385,386,350
CTETRA,19537,2,3755,1486,1474,385
CTETRA,19538,2,3755,385,1474,386
CTETRA,19539,2,3755,1474,1475,350
CTETRA,19540,2,3755,1474,350,386
CTETRA,19541,2,3755,1475,1486,385
CTETRA,19542,2,3755,1475,385,350
CTETRA,19543,2,3756,1408,1414,1419
CTETRA,19544,2,3756,365,364,400
CTETRA,19545,2,3756,1414,1408,365
CTETRA,19546,2,3756,365,1408,364
CTETRA,19547,2,3756,1408,1419,400
CTETRA,19548,2,3756,1408,400,364
CTETRA,19549,2,3756,1419,1414,400
CTETRA,19550,2,3756,400,1414,365
CTETRA,19551,2,3757,1486,1474,1482
CTETRA,19552,2,3757,386,385,421
CTETRA,19553,2,3757,1474,1486,385
CTETRA,19554,2,3757,1474,385,386
CTETRA,19555,2,3757,1486,1482,385
CTETRA,19556,2,3757,385,1482,421
CTETRA,19557,2,3757,1482,1474,421
CTETRA,19558,2,3757,421,1474,386
CTETRA,19559,2,3758,1429,1419,1414
CTETRA,19560,2,3758,400,401,365
CTETRA,19561,2,3758,1419,1429,401
CTETRA,19562,2,3758,1419,401,400
CTETRA,19563,2,3758,1429,1414,401
CTETRA,19564,2,3758,401,1414,365
CTETRA,19565,2,3758,1414,1419,400
CTETRA,19566,2,3758,1414,400,365
CTETRA,19567,2,3759,1473,1482,1474
CTETRA,19568,2,3759,421,422,386
CTETRA,19569,2,3759,1482,1473,421
CTETRA,19570,2,3759,421,1473,422
CTETRA,19571,2,3759,1473,1474,386
CTETRA,19572,2,3759,1473,386,422
CTETRA,19573,2,3759,1474,1482,421
CTETRA,19574,2,3759,1474,421,386
CTETRA,19575,2,3760,1419,1429,1433
CTETRA,19576,2,3760,401,400,436
CTETRA,19577,2,3760,1429,1419,401
CTETRA,19578,2,3760,401,1419,400
CTETRA,19579,2,3760,1419,1433,436
CTETRA,19580,2,3760,1419,436,400
CTETRA,19581,2,3760,1433,1429,436
CTETRA,19582,2,3760,436,1429,401
CTETRA,19583,2,3761,1482,1473,1478
CTETRA,19584,2,3761,422,421,457
CTETRA,19585,2,3761,1473,1482,421
CTETRA,19586,2,3761,1473,421,422
CTETRA,19587,2,3761,1482,1478,421
CTETRA,19588,2,3761,421,1478,457
CTETRA,19589,2,3761,1478,1473,457
CTETRA,19590,2,3761,457,1473,422
CTETRA,19591,2,3762,1437,1433,1429
CTETRA,19592,2,3762,436,437,401
CTETRA,19593,2,3762,1433,1437,437
CTETRA,19594,2,3762,1433,437,436
CTETRA,19595,2,3762,1437,1429,437
CTETRA,19596,2,3762,437,1429,401
CTETRA,19597,2,3762,1429,1433,436
CTETRA,19598,2,3762,1429,436,401
CTETRA,19599,2,3763,1472,1478,1473
CTETRA,19600,2,3763,457,458,422
CTETRA,19601,2,3763,1478,1472,457
CTETRA,19602,2,3763,457,1472,458
CTETRA,19603,2,3763,1472,1473,422
CTETRA,19604,2,3763,1472,422,458
CTETRA,19605,2,3763,1473,1478,457
CTETRA,19606,2,3763,1473,457,422
CTETRA,19607,2,3764,1433,1437,1454
CTETRA,19608,2,3764,437,436,472
CTETRA,19609,2,3764,1437,1433,437
CTETRA,19610,2,3764,437,1433,436
CTETRA,19611,2,3764,1433,1454,472
CTETRA,19612,2,3764,1433,472,436
CTETRA,19613,2,3764,1454,1437,472
CTETRA,19614,2,3764,472,1437,437
CTETRA,19615,2,3765,612,607,1476
CTETRA,19616,2,3765,269,268,314
CTETRA,19617,2,3765,269,607,612
CTETRA,19618,2,3765,269,612,268
CTETRA,19619,2,3765,612,1476,268
CTETRA,19620,2,3765,268,1476,314
CTETRA,19621,2,3765,1476,607,314
CTETRA,19622,2,3765,314,607,269
CTETRA,19623,2,3766,1458,1454,1437
CTETRA,19624,2,3766,472,473,437
CTETRA,19625,2,3766,1454,1458,473
CTETRA,19626,2,3766,1454,473,472
CTETRA,19627,2,3766,1458,1437,473
CTETRA,19628,2,3766,473,1437,437
CTETRA,19629,2,3766,1437,1454,472
CTETRA,19630,2,3766,1437,472,437
CTETRA,19631,2,3767,1445,1476,607
CTETRA,19632,2,3767,314,315,269
CTETRA,19633,2,3767,1476,1445,314
CTETRA,19634,2,3767,314,1445,315
CTETRA,19635,2,3767,1445,607,315
CTETRA,19636,2,3767,315,607,269
CTETRA,19637,2,3767,607,1476,314
CTETRA,19638,2,3767,607,314,269
CTETRA,19639,2,3768,537,532,1410
CTETRA,19640,2,3768,284,283,329
CTETRA,19641,2,3768,284,537,283
CTETRA,19642,2,3768,284,532,537
CTETRA,19643,2,3768,537,1410,329
CTETRA,19644,2,3768,537,329,283
CTETRA,19645,2,3768,1410,532,284
CTETRA,19646,2,3768,1410,284,329
CTETRA,19647,2,3769,1465,1471,1472
CTETRA,19648,2,3769,295,459,458
CTETRA,19649,2,3769,1471,1465,295
CTETRA,19650,2,3769,295,1465,459
CTETRA,19651,2,3769,1465,1472,458
CTETRA,19652,2,3769,1465,458,459
CTETRA,19653,2,3769,1472,1471,458
CTETRA,19654,2,3769,458,1471,295
CTETRA,19655,2,3770,1425,1410,532
CTETRA,19656,2,3770,329,330,284
CTETRA,19657,2,3770,1410,1425,330
CTETRA,19658,2,3770,1410,330,329
CTETRA,19659,2,3770,1425,532,330
CTETRA,19660,2,3770,330,532,284
CTETRA,19661,2,3770,532,1410,284
CTETRA,19662,2,3770,284,1410,329
CTETRA,19663,2,3771,1476,1445,1475
CTETRA,19664,2,3771,315,314,350
CTETRA,19665,2,3771,1445,1476,314
CTETRA,19666,2,3771,1445,314,315
CTETRA,19667,2,3771,1476,1475,314
CTETRA,19668,2,3771,314,1475,350
CTETRA,19669,2,3771,1475,1445,350
CTETRA,19670,2,3771,350,1445,315
CTETRA,19671,2,3772,1462,1471,1458
CTETRA,19672,2,3772,295,474,473
CTETRA,19673,2,3772,1471,1462,295
CTETRA,19674,2,3772,295,1462,474
CTETRA,19675,2,3772,1462,1458,474
CTETRA,19676,2,3772,474,1458,473
CTETRA,19677,2,3772,1458,1471,295
CTETRA,19678,2,3772,1458,295,473
CTETRA,19679,2,3773,1451,1475,1445
CTETRA,19680,2,3773,350,351,315
CTETRA,19681,2,3773,1475,1451,350
CTETRA,19682,2,3773,350,1451,351
CTETRA,19683,2,3773,1451,1445,351
CTETRA,19684,2,3773,351,1445,315
CTETRA,19685,2,3773,1445,1475,350
CTETRA,19686,2,3773,1445,350,315
CTETRA,19687,2,3774,1410,1425,1414
CTETRA,19688,2,3774,330,329,365
CTETRA,19689,2,3774,1425,1410,330
CTETRA,19690,2,3774,330,1410,329
CTETRA,19691,2,3774,1410,1414,365
CTETRA,19692,2,3774,1410,365,329
CTETRA,19693,2,3774,1414,1425,330
CTETRA,19694,2,3774,1414,330,365
CTETRA,19695,2,3775,1475,1451,1474
CTETRA,19696,2,3775,351,350,386
CTETRA,19697,2,3775,1451,1475,350
CTETRA,19698,2,3775,1451,350,351
CTETRA,19699,2,3775,1475,1474,350
CTETRA,19700,2,3775,350,1474,386
CTETRA,19701,2,3775,1474,1451,386
CTETRA,19702,2,3775,386,1451,351
CTETRA,19703,2,3776,1431,1414,1425
CTETRA,19704,2,3776,365,366,330
CTETRA,19705,2,3776,1414,1431,366
CTETRA,19706,2,3776,1414,366,365
CTETRA,19707,2,3776,1431,1425,366
CTETRA,19708,2,3776,366,1425,330
CTETRA,19709,2,3776,1425,1414,330
CTETRA,19710,2,3776,330,1414,365
CTETRA,19711,2,3777,1457,1474,1451
CTETRA,19712,2,3777,386,387,351
CTETRA,19713,2,3777,1474,1457,386
CTETRA,19714,2,3777,386,1457,387
CTETRA,19715,2,3777,1457,1451,387
CTETRA,19716,2,3777,387,1451,351
CTETRA,19717,2,3777,1451,1474,386
CTETRA,19718,2,3777,1451,386,351
CTETRA,19719,2,3778,1414,1431,1429
CTETRA,19720,2,3778,366,365,401
CTETRA,19721,2,3778,1431,1414,366
CTETRA,19722,2,3778,366,1414,365
CTETRA,19723,2,3778,1414,1429,401
CTETRA,19724,2,3778,1414,401,365
CTETRA,19725,2,3778,1429,1431,366
CTETRA,19726,2,3778,1429,366,401
CTETRA,19727,2,3779,1474,1457,1473
CTETRA,19728,2,3779,387,386,422
CTETRA,19729,2,3779,1457,1474,386
CTETRA,19730,2,3779,1457,386,387
CTETRA,19731,2,3779,1474,1473,386
CTETRA,19732,2,3779,386,1473,422
CTETRA,19733,2,3779,1473,1457,422
CTETRA,19734,2,3779,422,1457,387
CTETRA,19735,2,3780,1435,1429,1431
CTETRA,19736,2,3780,401,402,366
CTETRA,19737,2,3780,1429,1435,402
CTETRA,19738,2,3780,1429,402,401
CTETRA,19739,2,3780,1435,1431,402
CTETRA,19740,2,3780,402,1431,366
CTETRA,19741,2,3780,1431,1429,366
CTETRA,19742,2,3780,366,1429,401
CTETRA,19743,2,3781,1461,1473,1457
CTETRA,19744,2,3781,422,423,387
CTETRA,19745,2,3781,1473,1461,422
CTETRA,19746,2,3781,422,1461,423
CTETRA,19747,2,3781,1461,1457,423
CTETRA,19748,2,3781,423,1457,387
CTETRA,19749,2,3781,1457,1473,422
CTETRA,19750,2,3781,1457,422,387
CTETRA,19751,2,3782,1429,1435,1437
CTETRA,19752,2,3782,402,401,437
CTETRA,19753,2,3782,1435,1429,402
CTETRA,19754,2,3782,402,1429,401
CTETRA,19755,2,3782,1429,1437,437
CTETRA,19756,2,3782,1429,437,401
CTETRA,19757,2,3782,1437,1435,437
CTETRA,19758,2,3782,437,1435,402
CTETRA,19759,2,3783,1473,1461,1472
CTETRA,19760,2,3783,423,422,458
CTETRA,19761,2,3783,1461,1473,422
CTETRA,19762,2,3783,1461,422,423
CTETRA,19763,2,3783,1473,1472,422
CTETRA,19764,2,3783,422,1472,458
CTETRA,19765,2,3783,1472,1461,458
CTETRA,19766,2,3783,458,1461,423
CTETRA,19767,2,3784,1452,1437,1435
CTETRA,19768,2,3784,437,438,402
CTETRA,19769,2,3784,1437,1452,438
CTETRA,19770,2,3784,1437,438,437
CTETRA,19771,2,3784,1452,1435,438
CTETRA,19772,2,3784,438,1435,402
CTETRA,19773,2,3784,1435,1437,437
CTETRA,19774,2,3784,1435,437,402
CTETRA,19775,2,3785,1465,1472,1461
CTETRA,19776,2,3785,458,459,423
CTETRA,19777,2,3785,1472,1465,458
CTETRA,19778,2,3785,458,1465,459
CTETRA,19779,2,3785,1465,1461,459
CTETRA,19780,2,3785,459,1461,423
CTETRA,19781,2,3785,1461,1472,458
CTETRA,19782,2,3785,1461,458,423
CTETRA,19783,2,3786,1437,1452,1458
CTETRA,19784,2,3786,438,437,473
CTETRA,19785,2,3786,1452,1437,438
CTETRA,19786,2,3786,438,1437,437
CTETRA,19787,2,3786,1437,1458,473
CTETRA,19788,2,3786,1437,473,437
CTETRA,19789,2,3786,1458,1452,473
CTETRA,19790,2,3786,473,1452,438
CTETRA,19791,2,3787,607,602,1445
CTETRA,19792,2,3787,270,269,315
CTETRA,19793,2,3787,270,602,607
CTETRA,19794,2,3787,270,607,269
CTETRA,19795,2,3787,607,1445,315
CTETRA,19796,2,3787,607,315,269
CTETRA,19797,2,3787,1445,602,315
CTETRA,19798,2,3787,315,602,270
CTETRA,19799,2,3788,1462,1458,1452
CTETRA,19800,2,3788,473,474,438
CTETRA,19801,2,3788,1458,1462,474
CTETRA,19802,2,3788,1458,474,473
CTETRA,19803,2,3788,1462,1452,474
CTETRA,19804,2,3788,474,1452,438
CTETRA,19805,2,3788,1452,1458,473
CTETRA,19806,2,3788,1452,473,438
CTETRA,19807,2,3789,1426,1445,602
CTETRA,19808,2,3789,315,316,270
CTETRA,19809,2,3789,1445,1426,315
CTETRA,19810,2,3789,315,1426,316
CTETRA,19811,2,3789,1426,602,316
CTETRA,19812,2,3789,316,602,270
CTETRA,19813,2,3789,602,1445,315
CTETRA,19814,2,3789,602,315,270
CTETRA,19815,2,3790,532,527,1425
CTETRA,19816,2,3790,285,284,330
CTETRA,19817,2,3790,285,532,284
CTETRA,19818,2,3790,285,527,532
CTETRA,19819,2,3790,532,1425,330
CTETRA,19820,2,3790,532,330,284
CTETRA,19821,2,3790,1425,527,285
CTETRA,19822,2,3790,1425,285,330
CTETRA,19823,2,3791,1463,1471,1465
CTETRA,19824,2,3791,295,460,459
CTETRA,19825,2,3791,1471,1463,295
CTETRA,19826,2,3791,295,1463,460
CTETRA,19827,2,3791,1463,1465,459
CTETRA,19828,2,3791,1463,459,460
CTETRA,19829,2,3791,1465,1471,295
CTETRA,19830,2,3791,1465,295,459
CTETRA,19831,2,3792,1444,1425,527
CTETRA,19832,2,3792,330,331,285
CTETRA,19833,2,3792,1425,1444,331
CTETRA,19834,2,3792,1425,331,330
CTETRA,19835,2,3792,1444,527,331
CTETRA,19836,2,3792,331,527,285
CTETRA,19837,2,3792,527,1425,285
CTETRA,19838,2,3792,285,1425,330
CTETRA,19839,2,3793,1445,1426,1451
CTETRA,19840,2,3793,316,315,351
CTETRA,19841,2,3793,1426,1445,315
CTETRA,19842,2,3793,1426,315,316
CTETRA,19843,2,3793,1445,1451,351
CTETRA,19844,2,3793,1445,351,315
CTETRA,19845,2,3793,1451,1426,351
CTETRA,19846,2,3793,351,1426,316
CTETRA,19847,2,3794,1464,1471,1462
CTETRA,19848,2,3794,295,475,474
CTETRA,19849,2,3794,1471,1464,295
CTETRA,19850,2,3794,295,1464,475
CTETRA,19851,2,3794,1464,1462,475
CTETRA,19852,2,3794,475,1462,474
CTETRA,19853,2,3794,1462,1471,295
CTETRA,19854,2,3794,1462,295,474
CTETRA,19855,2,3795,1432,1451,1426
CTETRA,19856,2,3795,351,352,316
CTETRA,19857,2,3795,1451,1432,351
CTETRA,19858,2,3795,351,1432,352
CTETRA,19859,2,3795,1432,1426,352
CTETRA,19860,2,3795,352,1426,316
CTETRA,19861,2,3795,1426,1451,351
CTETRA,19862,2,3795,1426,351,316
CTETRA,19863,2,3796,1425,1444,1431
CTETRA,19864,2,3796,331,330,366
CTETRA,19865,2,3796,1444,1425,331
CTETRA,19866,2,3796,331,1425,330
CTETRA,19867,2,3796,1425,1431,366
CTETRA,19868,2,3796,1425,366,330
CTETRA,19869,2,3796,1431,1444,331
CTETRA,19870,2,3796,1431,331,366
CTETRA,19871,2,3797,1451,1432,1457
CTETRA,19872,2,3797,352,351,387
CTETRA,19873,2,3797,1432,1451,351
CTETRA,19874,2,3797,1432,351,352
CTETRA,19875,2,3797,1451,1457,387
CTETRA,19876,2,3797,1451,387,351
CTETRA,19877,2,3797,1457,1432,387
CTETRA,19878,2,3797,387,1432,352
CTETRA,19879,2,3798,1450,1431,1444
CTETRA,19880,2,3798,366,367,331
CTETRA,19881,2,3798,1431,1450,367
CTETRA,19882,2,3798,1431,367,366
CTETRA,19883,2,3798,1450,1444,367
CTETRA,19884,2,3798,367,1444,331
CTETRA,19885,2,3798,1444,1431,331
CTETRA,19886,2,3798,331,1431,366
CTETRA,19887,2,3799,1436,1457,1432
CTETRA,19888,2,3799,387,388,352
CTETRA,19889,2,3799,1457,1436,387
CTETRA,19890,2,3799,387,1436,388
CTETRA,19891,2,3799,1436,1432,388
CTETRA,19892,2,3799,388,1432,352
CTETRA,19893,2,3799,1432,1457,387
CTETRA,19894,2,3799,1432,387,352
CTETRA,19895,2,3800,1431,1450,1435
CTETRA,19896,2,3800,367,366,402
CTETRA,19897,2,3800,1450,1431,367
CTETRA,19898,2,3800,367,1431,366
CTETRA,19899,2,3800,1431,1435,402
CTETRA,19900,2,3800,1431,402,366
CTETRA,19901,2,3800,1435,1450,367
CTETRA,19902,2,3800,1435,367,402
CTETRA,19903,2,3801,1457,1436,1461
CTETRA,19904,2,3801,388,387,423
CTETRA,19905,2,3801,1436,1457,387
CTETRA,19906,2,3801,1436,387,388
CTETRA,19907,2,3801,1457,1461,423
CTETRA,19908,2,3801,1457,423,387
CTETRA,19909,2,3801,1461,1436,423
CTETRA,19910,2,3801,423,1436,388
CTETRA,19911,2,3802,1456,1435,1450
CTETRA,19912,2,3802,402,403,367
CTETRA,19913,2,3802,1435,1456,403
CTETRA,19914,2,3802,1435,403,402
CTETRA,19915,2,3802,1456,1450,403
CTETRA,19916,2,3802,403,1450,367
CTETRA,19917,2,3802,1450,1435,367
CTETRA,19918,2,3802,367,1435,402
CTETRA,19919,2,3803,1453,1461,1436
CTETRA,19920,2,3803,423,424,388
CTETRA,19921,2,3803,1461,1453,423
CTETRA,19922,2,3803,423,1453,424
CTETRA,19923,2,3803,1453,1436,424
CTETRA,19924,2,3803,424,1436,388
CTETRA,19925,2,3803,1436,1461,423
CTETRA,19926,2,3803,1436,423,388
CTETRA,19927,2,3804,1435,1456,1452
CTETRA,19928,2,3804,403,402,438
CTETRA,19929,2,3804,1456,1435,403
CTETRA,19930,2,3804,403,1435,402
CTETRA,19931,2,3804,1435,1452,438
CTETRA,19932,2,3804,1435,438,402
CTETRA,19933,2,3804,1452,1456,403
CTETRA,19934,2,3804,1452,403,438
CTETRA,19935,2,3805,1461,1453,1465
CTETRA,19936,2,3805,424,423,459
CTETRA,19937,2,3805,1453,1461,423
CTETRA,19938,2,3805,1453,423,424
CTETRA,19939,2,3805,1461,1465,459
CTETRA,19940,2,3805,1461,459,423
CTETRA,19941,2,3805,1465,1453,459
CTETRA,19942,2,3805,459,1453,424
CTETRA,19943,2,3806,1460,1452,1456
CTETRA,19944,2,3806,438,439,403
CTETRA,19945,2,3806,1452,1460,439
CTETRA,19946,2,3806,1452,439,438
CTETRA,19947,2,3806,1460,1456,439
CTETRA,19948,2,3806,439,1456,403
CTETRA,19949,2,3806,1456,1452,403
CTETRA,19950,2,3806,403,1452,438
CTETRA,19951,2,3807,1463,1465,1453
CTETRA,19952,2,3807,459,460,424
CTETRA,19953,2,3807,1465,1463,459
CTETRA,19954,2,3807,459,1463,460
CTETRA,19955,2,3807,1463,1453,460
CTETRA,19956,2,3807,460,1453,424
CTETRA,19957,2,3807,1453,1465,459
CTETRA,19958,2,3807,1453,459,424
CTETRA,19959,2,3808,1452,1460,1462
CTETRA,19960,2,3808,439,438,474
CTETRA,19961,2,3808,1460,1452,439
CTETRA,19962,2,3808,439,1452,438
CTETRA,19963,2,3808,1452,1462,474
CTETRA,19964,2,3808,1452,474,438
CTETRA,19965,2,3808,1462,1460,474
CTETRA,19966,2,3808,474,1460,439
CTETRA,19967,2,3809,602,597,1426
CTETRA,19968,2,3809,271,270,316
CTETRA,19969,2,3809,271,602,270
CTETRA,19970,2,3809,271,597,602
CTETRA,19971,2,3809,602,1426,316
CTETRA,19972,2,3809,602,316,270
CTETRA,19973,2,3809,1426,597,316
CTETRA,19974,2,3809,316,597,271
CTETRA,19975,2,3810,1464,1462,1460
CTETRA,19976,2,3810,474,475,439
CTETRA,19977,2,3810,1462,1464,475
CTETRA,19978,2,3810,1462,475,474
CTETRA,19979,2,3810,1464,1460,475
CTETRA,19980,2,3810,475,1460,439
CTETRA,19981,2,3810,1460,1462,474
CTETRA,19982,2,3810,1460,474,439
CTETRA,19983,2,3811,1411,1426,597
CTETRA,19984,2,3811,316,317,271
CTETRA,19985,2,3811,1426,1411,316
CTETRA,19986,2,3811,316,1411,317
CTETRA,19987,2,3811,1411,597,317
CTETRA,19988,2,3811,317,597,271
CTETRA,19989,2,3811,597,1426,316
CTETRA,19990,2,3811,597,316,271
CTETRA,19991,2,3812,527,485,1444
CTETRA,19992,2,3812,286,285,331
CTETRA,19993,2,3812,286,527,285
CTETRA,19994,2,3812,286,485,527
CTETRA,19995,2,3812,527,1444,331
CTETRA,19996,2,3812,527,331,285
CTETRA,19997,2,3812,1444,485,286
CTETRA,19998,2,3812,1444,286,331
CTETRA,19999,2,3813,1459,1471,1463
CTETRA,20000,2,3813,295,461,460
CTETRA,20001,2,3813,1471,1459,295
CTETRA,20002,2,3813,295,1459,461
CTETRA,20003,2,3813,1459,1463,460
CTETRA,20004,2,3813,1459,460,461
CTETRA,20005,2,3813,1463,1471,295
CTETRA,20006,2,3813,1463,295,460
CTETRA,20007,2,3814,1466,1444,485
CTETRA,20008,2,3814,331,296,286
CTETRA,20009,2,3814,1444,1466,296
CTETRA,20010,2,3814,1444,296,331
CTETRA,20011,2,3814,1466,485,296
CTETRA,20012,2,3814,296,485,286
CTETRA,20013,2,3814,485,1444,286
CTETRA,20014,2,3814,286,1444,331
CTETRA,20015,2,3815,1426,1411,1432
CTETRA,20016,2,3815,317,316,352
CTETRA,20017,2,3815,1411,1426,316
CTETRA,20018,2,3815,1411,316,317
CTETRA,20019,2,3815,1426,1432,352
CTETRA,20020,2,3815,1426,352,316
CTETRA,20021,2,3815,1432,1411,352
CTETRA,20022,2,3815,352,1411,317
CTETRA,20023,2,3816,1470,1471,1464
CTETRA,20024,2,3816,295,440,475
CTETRA,20025,2,3816,1471,1470,295
CTETRA,20026,2,3816,295,1470,440
CTETRA,20027,2,3816,1470,1464,440
CTETRA,20028,2,3816,440,1464,475
CTETRA,20029,2,3816,1464,1471,295
CTETRA,20030,2,3816,1464,295,475
CTETRA,20031,2,3817,1415,1432,1411
CTETRA,20032,2,3817,352,353,317
CTETRA,20033,2,3817,1432,1415,352
CTETRA,20034,2,3817,352,1415,353
CTETRA,20035,2,3817,1415,1411,353
CTETRA,20036,2,3817,353,1411,317
CTETRA,20037,2,3817,1411,1432,352
CTETRA,20038,2,3817,1411,352,317
CTETRA,20039,2,3818,1466,1467,1444
CTETRA,20040,2,3818,332,296,331
CTETRA,20041,2,3818,1467,1466,332
CTETRA,20042,2,3818,332,1466,296
CTETRA,20043,2,3818,1466,1444,296
CTETRA,20044,2,3818,296,1444,331
CTETRA,20045,2,3818,1444,1467,332
CTETRA,20046,2,3818,1444,332,331
CTETRA,20047,2,3819,1432,1415,1436
CTETRA,20048,2,3819,353,352,388
CTETRA,20049,2,3819,1415,1432,352
CTETRA,20050,2,3819,1415,352,353
CTETRA,20051,2,3819,1432,1436,388
CTETRA,20052,2,3819,1432,388,352
CTETRA,20053,2,3819,1436,1415,388
CTETRA,20054,2,3819,388,1415,353
CTETRA,20055,2,3820,1450,1444,1467
CTETRA,20056,2,3820,331,367,332
CTETRA,20057,2,3820,1444,1450,367
CTETRA,20058,2,3820,1444,367,331
CTETRA,20059,2,3820,1450,1467,332
CTETRA,20060,2,3820,1450,332,367
CTETRA,20061,2,3820,1467,1444,332
CTETRA,20062,2,3820,332,1444,331
CTETRA,20063,2,3821,1430,1436,1415
CTETRA,20064,2,3821,388,389,353
CTETRA,20065,2,3821,1436,1430,388
CTETRA,20066,2,3821,388,1430,389
CTETRA,20067,2,3821,1430,1415,389
CTETRA,20068,2,3821,389,1415,353
CTETRA,20069,2,3821,1415,1436,388
CTETRA,20070,2,3821,1415,388,353
CTETRA,20071,2,3822,1467,1468,1450
CTETRA,20072,2,3822,368,332,367
CTETRA,20073,2,3822,1468,1467,368
CTETRA,20074,2,3822,368,1467,332
CTETRA,20075,2,3822,1467,1450,332
CTETRA,20076,2,3822,332,1450,367
CTETRA,20077,2,3822,1450,1468,368
CTETRA,20078,2,3822,1450,368,367
CTETRA,20079,2,3823,1436,1430,1453
CTETRA,20080,2,3823,389,388,424
CTETRA,20081,2,3823,1430,1436,388
CTETRA,20082,2,3823,1430,388,389
CTETRA,20083,2,3823,1436,1453,424
CTETRA,20084,2,3823,1436,424,388
CTETRA,20085,2,3823,1453,1430,424
CTETRA,20086,2,3823,424,1430,389
CTETRA,20087,2,3824,1456,1450,1468
CTETRA,20088,2,3824,367,403,368
CTETRA,20089,2,3824,1450,1456,403
CTETRA,20090,2,3824,1450,403,367
CTETRA,20091,2,3824,1456,1468,368
CTETRA,20092,2,3824,1456,368,403
CTETRA,20093,2,3824,1468,1450,368
CTETRA,20094,2,3824,368,1450,367
CTETRA,20095,2,3825,1438,1453,1430
CTETRA,20096,2,3825,424,425,389
CTETRA,20097,2,3825,1453,1438,424
CTETRA,20098,2,3825,424,1438,425
CTETRA,20099,2,3825,1438,1430,425
CTETRA,20100,2,3825,425,1430,389
CTETRA,20101,2,3825,1430,1453,424
CTETRA,20102,2,3825,1430,424,389
CTETRA,20103,2,3826,1468,1469,1456
CTETRA,20104,2,3826,404,368,403
CTETRA,20105,2,3826,1469,1468,404
CTETRA,20106,2,3826,404,1468,368
CTETRA,20107,2,3826,1468,1456,368
CTETRA,20108,2,3826,368,1456,403
CTETRA,20109,2,3826,1456,1469,404
CTETRA,20110,2,3826,1456,404,403
CTETRA,20111,2,3827,1453,1438,1463
CTETRA,20112,2,3827,425,424,460
CTETRA,20113,2,3827,1438,1453,424
CTETRA,20114,2,3827,1438,424,425
CTETRA,20115,2,3827,1453,1463,460
CTETRA,20116,2,3827,1453,460,424
CTETRA,20117,2,3827,1463,1438,460
CTETRA,20118,2,3827,460,1438,425
CTETRA,20119,2,3828,1460,1456,1469
CTETRA,20120,2,3828,403,439,404
CTETRA,20121,2,3828,1456,1460,439
CTETRA,20122,2,3828,1456,439,403
CTETRA,20123,2,3828,1460,1469,404
CTETRA,20124,2,3828,1460,404,439
CTETRA,20125,2,3828,1469,1456,404
CTETRA,20126,2,3828,404,1456,403
CTETRA,20127,2,3829,1459,1463,1438
CTETRA,20128,2,3829,460,461,425
CTETRA,20129,2,3829,1463,1459,460
CTETRA,20130,2,3829,460,1459,461
CTETRA,20131,2,3829,1459,1438,461
CTETRA,20132,2,3829,461,1438,425
CTETRA,20133,2,3829,1438,1463,460
CTETRA,20134,2,3829,1438,460,425
CTETRA,20135,2,3830,1469,1470,1460
CTETRA,20136,2,3830,440,404,439
CTETRA,20137,2,3830,1470,1469,440
CTETRA,20138,2,3830,440,1469,404
CTETRA,20139,2,3830,1469,1460,404
CTETRA,20140,2,3830,404,1460,439
CTETRA,20141,2,3830,1460,1470,440
CTETRA,20142,2,3830,1460,440,439
CTETRA,20143,2,3831,597,592,1411
CTETRA,20144,2,3831,272,271,317
CTETRA,20145,2,3831,272,592,597
CTETRA,20146,2,3831,272,597,271
CTETRA,20147,2,3831,597,1411,317
CTETRA,20148,2,3831,597,317,271
CTETRA,20149,2,3831,1411,592,317
CTETRA,20150,2,3831,317,592,272
CTETRA,20151,2,3832,1464,1460,1470
CTETRA,20152,2,3832,439,475,440
CTETRA,20153,2,3832,1460,1464,475
CTETRA,20154,2,3832,1460,475,439
CTETRA,20155,2,3832,1464,1470,440
CTETRA,20156,2,3832,1464,440,475
CTETRA,20157,2,3832,1470,1460,440
CTETRA,20158,2,3832,440,1460,439
CTETRA,20159,2,3833,1398,1411,592
CTETRA,20160,2,3833,317,318,272
CTETRA,20161,2,3833,1411,1398,317
CTETRA,20162,2,3833,317,1398,318
CTETRA,20163,2,3833,1398,592,318
CTETRA,20164,2,3833,318,592,272
CTETRA,20165,2,3833,592,1411,317
CTETRA,20166,2,3833,592,317,272
CTETRA,20167,2,3834,485,486,1466
CTETRA,20168,2,3834,287,286,296
CTETRA,20169,2,3834,485,286,287
CTETRA,20170,2,3834,485,287,486
CTETRA,20171,2,3834,485,1466,296
CTETRA,20172,2,3834,485,296,286
CTETRA,20173,2,3834,1466,486,287
CTETRA,20174,2,3834,1466,287,296
CTETRA,20175,2,3835,1455,1471,1459
CTETRA,20176,2,3835,295,462,461
CTETRA,20177,2,3835,1471,1455,295
CTETRA,20178,2,3835,295,1455,462
CTETRA,20179,2,3835,1455,1459,461
CTETRA,20180,2,3835,1455,461,462
CTETRA,20181,2,3835,1459,1471,295
CTETRA,20182,2,3835,1459,295,461
CTETRA,20183,2,3836,1497,1466,486
CTETRA,20184,2,3836,296,297,287
CTETRA,20185,2,3836,1466,1497,297
CTETRA,20186,2,3836,1466,297,296
CTETRA,20187,2,3836,1497,486,287
CTETRA,20188,2,3836,1497,287,297
CTETRA,20189,2,3836,486,1466,287
CTETRA,20190,2,3836,287,1466,296
CTETRA,20191,2,3837,1411,1398,1415
CTETRA,20192,2,3837,318,317,353
CTETRA,20193,2,3837,1398,1411,317
CTETRA,20194,2,3837,1398,317,318
CTETRA,20195,2,3837,1411,1415,353
CTETRA,20196,2,3837,1411,353,317
CTETRA,20197,2,3837,1415,1398,353
CTETRA,20198,2,3837,353,1398,318
CTETRA,20199,2,3838,1477,1471,1470
CTETRA,20200,2,3838,295,441,440
CTETRA,20201,2,3838,1471,1477,441
CTETRA,20202,2,3838,1471,441,295
CTETRA,20203,2,3838,1477,1470,441
CTETRA,20204,2,3838,441,1470,440
CTETRA,20205,2,3838,1470,1471,295
CTETRA,20206,2,3838,1470,295,440
CTETRA,20207,2,3839,1409,1415,1398
CTETRA,20208,2,3839,353,354,318
CTETRA,20209,2,3839,1415,1409,353
CTETRA,20210,2,3839,353,1409,354
CTETRA,20211,2,3839,1409,1398,354
CTETRA,20212,2,3839,354,1398,318
CTETRA,20213,2,3839,1398,1415,353
CTETRA,20214,2,3839,1398,353,318
CTETRA,20215,2,3840,1466,1497,1467
CTETRA,20216,2,3840,297,296,332
CTETRA,20217,2,3840,1497,1466,297
CTETRA,20218,2,3840,297,1466,296
CTETRA,20219,2,3840,1466,1467,332
CTETRA,20220,2,3840,1466,332,296
CTETRA,20221,2,3840,1467,1497,297
CTETRA,20222,2,3840,1467,297,332
CTETRA,20223,2,3841,1415,1409,1430
CTETRA,20224,2,3841,354,353,389
CTETRA,20225,2,3841,1409,1415,353
CTETRA,20226,2,3841,1409,353,354
CTETRA,20227,2,3841,1415,1430,389
CTETRA,20228,2,3841,1415,389,353
CTETRA,20229,2,3841,1430,1409,389
CTETRA,20230,2,3841,389,1409,354
CTETRA,20231,2,3842,1491,1467,1497
CTETRA,20232,2,3842,332,333,297
CTETRA,20233,2,3842,1467,1491,333
CTETRA,20234,2,3842,1467,333,332
CTETRA,20235,2,3842,1491,1497,297
CTETRA,20236,2,3842,1491,297,333
CTETRA,20237,2,3842,1497,1467,297
CTETRA,20238,2,3842,297,1467,332
CTETRA,20239,2,3843,1420,1430,1409
CTETRA,20240,2,3843,389,390,354
CTETRA,20241,2,3843,1430,1420,389
CTETRA,20242,2,3843,389,1420,390
CTETRA,20243,2,3843,1420,1409,390
CTETRA,20244,2,3843,390,1409,354
CTETRA,20245,2,3843,1409,1430,389
CTETRA,20246,2,3843,1409,389,354
CTETRA,20247,2,3844,1467,1491,1468
CTETRA,20248,2,3844,333,332,368
CTETRA,20249,2,3844,1491,1467,333
CTETRA,20250,2,3844,333,1467,332
CTETRA,20251,2,3844,1467,1468,368
CTETRA,20252,2,3844,1467,368,332
CTETRA,20253,2,3844,1468,1491,333
CTETRA,20254,2,3844,1468,333,368
CTETRA,20255,2,3845,1430,1420,1438
CTETRA,20256,2,3845,390,389,425
CTETRA,20257,2,3845,1420,1430,389
CTETRA,20258,2,3845,1420,389,390
CTETRA,20259,2,3845,1430,1438,425
CTETRA,20260,2,3845,1430,425,389
CTETRA,20261,2,3845,1438,1420,425
CTETRA,20262,2,3845,425,1420,390
CTETRA,20263,2,3846,1485,1468,1491
CTETRA,20264,2,3846,368,369,333
CTETRA,20265,2,3846,1468,1485,369
CTETRA,20266,2,3846,1468,369,368
CTETRA,20267,2,3846,1485,1491,333
CTETRA,20268,2,3846,1485,333,369
CTETRA,20269,2,3846,1491,1468,333
CTETRA,20270,2,3846,333,1468,368
CTETRA,20271,2,3847,1434,1438,1420
CTETRA,20272,2,3847,425,426,390
CTETRA,20273,2,3847,1438,1434,425
CTETRA,20274,2,3847,425,1434,426
CTETRA,20275,2,3847,1434,1420,426
CTETRA,20276,2,3847,426,1420,390
CTETRA,20277,2,3847,1420,1438,425
CTETRA,20278,2,3847,1420,425,390
CTETRA,20279,2,3848,1468,1485,1469
CTETRA,20280,2,3848,369,368,404
CTETRA,20281,2,3848,1485,1468,369
CTETRA,20282,2,3848,369,1468,368
CTETRA,20283,2,3848,1468,1469,404
CTETRA,20284,2,3848,1468,404,368
CTETRA,20285,2,3848,1469,1485,369
CTETRA,20286,2,3848,1469,369,404
CTETRA,20287,2,3849,1438,1434,1459
CTETRA,20288,2,3849,426,425,461
CTETRA,20289,2,3849,1434,1438,425
CTETRA,20290,2,3849,1434,425,426
CTETRA,20291,2,3849,1438,1459,461
CTETRA,20292,2,3849,1438,461,425
CTETRA,20293,2,3849,1459,1434,461
CTETRA,20294,2,3849,461,1434,426
CTETRA,20295,2,3850,1481,1469,1485
CTETRA,20296,2,3850,404,405,369
CTETRA,20297,2,3850,1469,1481,405
CTETRA,20298,2,3850,1469,405,404
CTETRA,20299,2,3850,1481,1485,369
CTETRA,20300,2,3850,1481,369,405
CTETRA,20301,2,3850,1485,1469,369
CTETRA,20302,2,3850,369,1469,404
CTETRA,20303,2,3851,1455,1459,1434
CTETRA,20304,2,3851,461,462,426
CTETRA,20305,2,3851,1459,1455,461
CTETRA,20306,2,3851,461,1455,462
CTETRA,20307,2,3851,1455,1434,462
CTETRA,20308,2,3851,462,1434,426
CTETRA,20309,2,3851,1434,1459,461
CTETRA,20310,2,3851,1434,461,426
CTETRA,20311,2,3852,1469,1481,1470
CTETRA,20312,2,3852,405,404,440
CTETRA,20313,2,3852,1481,1469,405
CTETRA,20314,2,3852,405,1469,404
CTETRA,20315,2,3852,1469,1470,440
CTETRA,20316,2,3852,1469,440,404
CTETRA,20317,2,3852,1470,1481,405
CTETRA,20318,2,3852,1470,405,440
CTETRA,20319,2,3853,592,587,1398
CTETRA,20320,2,3853,273,272,318
CTETRA,20321,2,3853,273,587,592
CTETRA,20322,2,3853,273,592,272
CTETRA,20323,2,3853,592,1398,318
CTETRA,20324,2,3853,592,318,272
CTETRA,20325,2,3853,1398,587,318
CTETRA,20326,2,3853,318,587,273
CTETRA,20327,2,3854,1477,1470,1481
CTETRA,20328,2,3854,440,441,405
CTETRA,20329,2,3854,1470,1477,441
CTETRA,20330,2,3854,1470,441,440
CTETRA,20331,2,3854,1477,1481,405
CTETRA,20332,2,3854,1477,405,441
CTETRA,20333,2,3854,1481,1470,405
CTETRA,20334,2,3854,405,1470,440
CTETRA,20335,2,3855,1392,1398,587
CTETRA,20336,2,3855,318,319,273
CTETRA,20337,2,3855,1398,1392,318
CTETRA,20338,2,3855,318,1392,319
CTETRA,20339,2,3855,1392,587,319
CTETRA,20340,2,3855,319,587,273
CTETRA,20341,2,3855,587,1398,318
CTETRA,20342,2,3855,587,318,273
CTETRA,20343,2,3856,486,491,1497
CTETRA,20344,2,3856,288,287,297
CTETRA,20345,2,3856,486,287,288
CTETRA,20346,2,3856,486,288,491
CTETRA,20347,2,3856,486,1497,287
CTETRA,20348,2,3856,287,1497,297
CTETRA,20349,2,3856,1497,491,288
CTETRA,20350,2,3856,1497,288,297
CTETRA,20351,2,3857,1449,1471,1455
CTETRA,20352,2,3857,295,463,462
CTETRA,20353,2,3857,1471,1449,295
CTETRA,20354,2,3857,295,1449,463
CTETRA,20355,2,3857,1449,1455,462
CTETRA,20356,2,3857,1449,462,463
CTETRA,20357,2,3857,1455,1471,295
CTETRA,20358,2,3857,1455,295,462
CTETRA,20359,2,3858,1516,1497,491
CTETRA,20360,2,3858,297,298,288
CTETRA,20361,2,3858,1497,1516,298
CTETRA,20362,2,3858,1497,298,297
CTETRA,20363,2,3858,1516,491,288
CTETRA,20364,2,3858,1516,288,298
CTETRA,20365,2,3858,491,1497,288
CTETRA,20366,2,3858,288,1497,297
CTETRA,20367,2,3859,1398,1392,1409
CTETRA,20368,2,3859,319,318,354
CTETRA,20369,2,3859,1392,1398,318
CTETRA,20370,2,3859,1392,318,319
CTETRA,20371,2,3859,1398,1409,354
CTETRA,20372,2,3859,1398,354,318
CTETRA,20373,2,3859,1409,1392,354
CTETRA,20374,2,3859,354,1392,319
CTETRA,20375,2,3860,1479,1471,1477
CTETRA,20376,2,3860,295,442,441
CTETRA,20377,2,3860,1471,1479,442
CTETRA,20378,2,3860,1471,442,295
CTETRA,20379,2,3860,1479,1477,442
CTETRA,20380,2,3860,442,1477,441
CTETRA,20381,2,3860,1477,1471,441
CTETRA,20382,2,3860,441,1471,295
CTETRA,20383,2,3861,1400,1409,1392
CTETRA,20384,2,3861,354,355,319
CTETRA,20385,2,3861,1409,1400,354
CTETRA,20386,2,3861,354,1400,355
CTETRA,20387,2,3861,1400,1392,355
CTETRA,20388,2,3861,355,1392,319
CTETRA,20389,2,3861,1392,1409,354
CTETRA,20390,2,3861,1392,354,319
CTETRA,20391,2,3862,1497,1516,1491
CTETRA,20392,2,3862,298,297,333
CTETRA,20393,2,3862,1516,1497,298
CTETRA,20394,2,3862,298,1497,297
CTETRA,20395,2,3862,1497,1491,297
CTETRA,20396,2,3862,297,1491,333
CTETRA,20397,2,3862,1491,1516,298
CTETRA,20398,2,3862,1491,298,333
CTETRA,20399,2,3863,1409,1400,1420
CTETRA,20400,2,3863,355,354,390
CTETRA,20401,2,3863,1400,1409,354
CTETRA,20402,2,3863,1400,354,355
CTETRA,20403,2,3863,1409,1420,390
CTETRA,20404,2,3863,1409,390,354
CTETRA,20405,2,3863,1420,1400,390
CTETRA,20406,2,3863,390,1400,355
CTETRA,20407,2,3864,1510,1491,1516
CTETRA,20408,2,3864,333,334,298
CTETRA,20409,2,3864,1491,1510,334
CTETRA,20410,2,3864,1491,334,333
CTETRA,20411,2,3864,1510,1516,298
CTETRA,20412,2,3864,1510,298,334
CTETRA,20413,2,3864,1516,1491,298
CTETRA,20414,2,3864,298,1491,333
CTETRA,20415,2,3865,1413,1420,1400
CTETRA,20416,2,3865,390,391,355
CTETRA,20417,2,3865,1420,1413,390
CTETRA,20418,2,3865,390,1413,391
CTETRA,20419,2,3865,1413,1400,391
CTETRA,20420,2,3865,391,1400,355
CTETRA,20421,2,3865,1400,1420,390
CTETRA,20422,2,3865,1400,390,355
CTETRA,20423,2,3866,1491,1510,1485
CTETRA,20424,2,3866,334,333,369
CTETRA,20425,2,3866,1510,1491,334
CTETRA,20426,2,3866,334,1491,333
CTETRA,20427,2,3866,1491,1485,333
CTETRA,20428,2,3866,333,1485,369
CTETRA,20429,2,3866,1485,1510,334
CTETRA,20430,2,3866,1485,334,369
CTETRA,20431,2,3867,1420,1413,1434
CTETRA,20432,2,3867,391,390,426
CTETRA,20433,2,3867,1413,1420,390
CTETRA,20434,2,3867,1413,390,391
CTETRA,20435,2,3867,1420,1434,426
CTETRA,20436,2,3867,1420,426,390
CTETRA,20437,2,3867,1434,1413,426
CTETRA,20438,2,3867,426,1413,391
CTETRA,20439,2,3868,1506,1485,1510
CTETRA,20440,2,3868,369,370,334
CTETRA,20441,2,3868,1485,1506,370
CTETRA,20442,2,3868,1485,370,369
CTETRA,20443,2,3868,1506,1510,334
CTETRA,20444,2,3868,1506,334,370
CTETRA,20445,2,3868,1510,1485,334
CTETRA,20446,2,3868,334,1485,369
CTETRA,20447,2,3869,1428,1434,1413
CTETRA,20448,2,3869,426,427,391
CTETRA,20449,2,3869,1434,1428,426
CTETRA,20450,2,3869,426,1428,427
CTETRA,20451,2,3869,1428,1413,427
CTETRA,20452,2,3869,427,1413,391
CTETRA,20453,2,3869,1413,1434,426
CTETRA,20454,2,3869,1413,426,391
CTETRA,20455,2,3870,1485,1506,1481
CTETRA,20456,2,3870,370,369,405
CTETRA,20457,2,3870,1506,1485,370
CTETRA,20458,2,3870,370,1485,369
CTETRA,20459,2,3870,1485,1481,369
CTETRA,20460,2,3870,369,1481,405
CTETRA,20461,2,3870,1481,1506,370
CTETRA,20462,2,3870,1481,370,405
CTETRA,20463,2,3871,1434,1428,1455
CTETRA,20464,2,3871,427,426,462
CTETRA,20465,2,3871,1428,1434,426
CTETRA,20466,2,3871,1428,426,427
CTETRA,20467,2,3871,1434,1455,462
CTETRA,20468,2,3871,1434,462,426
CTETRA,20469,2,3871,1455,1428,462
CTETRA,20470,2,3871,462,1428,427
CTETRA,20471,2,3872,1489,1481,1506
CTETRA,20472,2,3872,405,406,370
CTETRA,20473,2,3872,1481,1489,406
CTETRA,20474,2,3872,1481,406,405
CTETRA,20475,2,3872,1489,1506,370
CTETRA,20476,2,3872,1489,370,406
CTETRA,20477,2,3872,1506,1481,370
CTETRA,20478,2,3872,370,1481,405
CTETRA,20479,2,3873,1449,1455,1428
CTETRA,20480,2,3873,462,463,427
CTETRA,20481,2,3873,1455,1449,462
CTETRA,20482,2,3873,462,1449,463
CTETRA,20483,2,3873,1449,1428,463
CTETRA,20484,2,3873,463,1428,427
CTETRA,20485,2,3873,1428,1455,462
CTETRA,20486,2,3873,1428,462,427
CTETRA,20487,2,3874,1481,1489,1477
CTETRA,20488,2,3874,406,405,441
CTETRA,20489,2,3874,1489,1481,406
CTETRA,20490,2,3874,406,1481,405
CTETRA,20491,2,3874,1481,1477,405
CTETRA,20492,2,3874,405,1477,441
CTETRA,20493,2,3874,1477,1489,406
CTETRA,20494,2,3874,1477,406,441
CTETRA,20495,2,3875,587,582,1392
CTETRA,20496,2,3875,274,273,319
CTETRA,20497,2,3875,274,582,587
CTETRA,20498,2,3875,274,587,273
CTETRA,20499,2,3875,587,1392,319
CTETRA,20500,2,3875,587,319,273
CTETRA,20501,2,3875,1392,582,319
CTETRA,20502,2,3875,319,582,274
CTETRA,20503,2,3876,1479,1477,1489
CTETRA,20504,2,3876,441,442,406
CTETRA,20505,2,3876,1477,1479,442
CTETRA,20506,2,3876,1477,442,441
CTETRA,20507,2,3876,1479,1489,406
CTETRA,20508,2,3876,1479,406,442
CTETRA,20509,2,3876,1489,1477,406
CTETRA,20510,2,3876,406,1477,441
CTETRA,20511,2,3877,1387,1392,582
CTETRA,20512,2,3877,319,320,274
CTETRA,20513,2,3877,1392,1387,319
CTETRA,20514,2,3877,319,1387,320
CTETRA,20515,2,3877,1387,582,320
CTETRA,20516,2,3877,320,582,274
CTETRA,20517,2,3877,582,1392,319
CTETRA,20518,2,3877,582,319,274
CTETRA,20519,2,3878,1483,1471,1479
CTETRA,20520,2,3878,295,443,442
CTETRA,20521,2,3878,1471,1483,443
CTETRA,20522,2,3878,1471,443,295
CTETRA,20523,2,3878,1483,1479,443
CTETRA,20524,2,3878,443,1479,442
CTETRA,20525,2,3878,1479,1471,442
CTETRA,20526,2,3878,442,1471,295
CTETRA,20527,2,3879,1396,1400,1387
CTETRA,20528,2,3879,355,356,320
CTETRA,20529,2,3879,1400,1396,355
CTETRA,20530,2,3879,355,1396,356
CTETRA,20531,2,3879,1396,1387,356
CTETRA,20532,2,3879,356,1387,320
CTETRA,20533,2,3879,1387,1400,355
CTETRA,20534,2,3879,1387,355,320
CTETRA,20535,2,3880,1516,1531,1510
CTETRA,20536,2,3880,299,298,334
CTETRA,20537,2,3880,1531,1516,299
CTETRA,20538,2,3880,299,1516,298
CTETRA,20539,2,3880,1516,1510,298
CTETRA,20540,2,3880,298,1510,334
CTETRA,20541,2,3880,1510,1531,299
CTETRA,20542,2,3880,1510,299,334
CTETRA,20543,2,3881,1400,1396,1413
CTETRA,20544,2,3881,356,355,391
CTETRA,20545,2,3881,1396,1400,355
CTETRA,20546,2,3881,1396,355,356
CTETRA,20547,2,3881,1400,1413,391
CTETRA,20548,2,3881,1400,391,355
CTETRA,20549,2,3881,1413,1396,391
CTETRA,20550,2,3881,391,1396,356
CTETRA,20551,2,3882,1506,1512,1489
CTETRA,20552,2,3882,371,370,406
CTETRA,20553,2,3882,1512,1506,371
CTETRA,20554,2,3882,371,1506,370
CTETRA,20555,2,3882,1506,1489,370
CTETRA,20556,2,3882,370,1489,406
CTETRA,20557,2,3882,1489,1512,371
CTETRA,20558,2,3882,1489,371,406
CTETRA,20559,2,3883,1504,1489,1512
CTETRA,20560,2,3883,406,407,371
CTETRA,20561,2,3883,1489,1504,407
CTETRA,20562,2,3883,1489,407,406
CTETRA,20563,2,3883,1504,1512,371
CTETRA,20564,2,3883,1504,371,407
CTETRA,20565,2,3883,1512,1489,371
CTETRA,20566,2,3883,371,1489,406
CTETRA,20567,2,3884,1489,1504,1479
CTETRA,20568,2,3884,407,406,442
CTETRA,20569,2,3884,1504,1489,407
CTETRA,20570,2,3884,407,1489,406
CTETRA,20571,2,3884,1489,1479,406
CTETRA,20572,2,3884,406,1479,442
CTETRA,20573,2,3884,1479,1504,407
CTETRA,20574,2,3884,1479,407,442
CTETRA,20575,2,3885,1483,1479,1504
CTETRA,20576,2,3885,442,443,407
CTETRA,20577,2,3885,1479,1483,443
CTETRA,20578,2,3885,1479,443,442
CTETRA,20579,2,3885,1483,1504,407
CTETRA,20580,2,3885,1483,407,443
CTETRA,20581,2,3885,1504,1479,407
CTETRA,20582,2,3885,407,1479,442
CTETRA,20583,2,3886,496,501,1531
CTETRA,20584,2,3886,290,289,299
CTETRA,20585,2,3886,496,289,290
CTETRA,20586,2,3886,496,290,501
CTETRA,20587,2,3886,496,1531,289
CTETRA,20588,2,3886,289,1531,299
CTETRA,20589,2,3886,1531,501,290
CTETRA,20590,2,3886,1531,290,299
CTETRA,20591,2,3887,1544,1531,501
CTETRA,20592,2,3887,299,300,290
CTETRA,20593,2,3887,1531,1544,300
CTETRA,20594,2,3887,1531,300,299
CTETRA,20595,2,3887,1544,501,290
CTETRA,20596,2,3887,1544,290,300
CTETRA,20597,2,3887,501,1531,290
CTETRA,20598,2,3887,290,1531,299
CTETRA,20599,2,3888,1487,1471,1483
CTETRA,20600,2,3888,295,444,443
CTETRA,20601,2,3888,1471,1487,444
CTETRA,20602,2,3888,1471,444,295
CTETRA,20603,2,3888,1487,1483,444
CTETRA,20604,2,3888,444,1483,443
CTETRA,20605,2,3888,1483,1471,443
CTETRA,20606,2,3888,443,1471,295
CTETRA,20607,2,3889,1531,1544,1527
CTETRA,20608,2,3889,300,299,335
CTETRA,20609,2,3889,1544,1531,300
CTETRA,20610,2,3889,300,1531,299
CTETRA,20611,2,3889,1531,1527,299
CTETRA,20612,2,3889,299,1527,335
CTETRA,20613,2,3889,1527,1544,300
CTETRA,20614,2,3889,1527,300,335
CTETRA,20615,2,3890,1533,1527,1544
CTETRA,20616,2,3890,335,336,300
CTETRA,20617,2,3890,1527,1533,336
CTETRA,20618,2,3890,1527,336,335
CTETRA,20619,2,3890,1533,1544,300
CTETRA,20620,2,3890,1533,300,336
CTETRA,20621,2,3890,1544,1527,300
CTETRA,20622,2,3890,300,1527,335
CTETRA,20623,2,3891,1527,1533,1512
CTETRA,20624,2,3891,336,335,371
CTETRA,20625,2,3891,1533,1527,336
CTETRA,20626,2,3891,336,1527,335
CTETRA,20627,2,3891,1527,1512,335
CTETRA,20628,2,3891,335,1512,371
CTETRA,20629,2,3891,1512,1533,336
CTETRA,20630,2,3891,1512,336,371
CTETRA,20631,2,3892,1522,1512,1533
CTETRA,20632,2,3892,371,372,336
CTETRA,20633,2,3892,1512,1522,372
CTETRA,20634,2,3892,1512,372,371
CTETRA,20635,2,3892,1522,1533,336
CTETRA,20636,2,3892,1522,336,372
CTETRA,20637,2,3892,1533,1512,336
CTETRA,20638,2,3892,336,1512,371
CTETRA,20639,2,3893,1512,1522,1504
CTETRA,20640,2,3893,372,371,407
CTETRA,20641,2,3893,1522,1512,372
CTETRA,20642,2,3893,372,1512,371
CTETRA,20643,2,3893,1512,1504,371
CTETRA,20644,2,3893,371,1504,407
CTETRA,20645,2,3893,1504,1522,372
CTETRA,20646,2,3893,1504,372,407
CTETRA,20647,2,3894,1508,1504,1522
CTETRA,20648,2,3894,407,408,372
CTETRA,20649,2,3894,1504,1508,408
CTETRA,20650,2,3894,1504,408,407
CTETRA,20651,2,3894,1508,1522,372
CTETRA,20652,2,3894,1508,372,408
CTETRA,20653,2,3894,1522,1504,372
CTETRA,20654,2,3894,372,1504,407
CTETRA,20655,2,3895,1504,1508,1483
CTETRA,20656,2,3895,408,407,443
CTETRA,20657,2,3895,1508,1504,408
CTETRA,20658,2,3895,408,1504,407
CTETRA,20659,2,3895,1504,1483,407
CTETRA,20660,2,3895,407,1483,443
CTETRA,20661,2,3895,1483,1508,408
CTETRA,20662,2,3895,1483,408,443
CTETRA,20663,2,3896,1487,1483,1508
CTETRA,20664,2,3896,443,444,408
CTETRA,20665,2,3896,1483,1487,444
CTETRA,20666,2,3896,1483,444,443
CTETRA,20667,2,3896,1487,1508,408
CTETRA,20668,2,3896,1487,408,444
CTETRA,20669,2,3896,1508,1483,408
CTETRA,20670,2,3896,408,1483,443
CTETRA,20671,2,3897,501,506,1544
CTETRA,20672,2,3897,291,290,300
CTETRA,20673,2,3897,501,290,291
CTETRA,20674,2,3897,501,291,506
CTETRA,20675,2,3897,501,1544,290
CTETRA,20676,2,3897,290,1544,300
CTETRA,20677,2,3897,1544,506,291
CTETRA,20678,2,3897,1544,291,300
CTETRA,20679,2,3898,1550,1544,506
CTETRA,20680,2,3898,300,301,291
CTETRA,20681,2,3898,1544,1550,301
CTETRA,20682,2,3898,1544,301,300
CTETRA,20683,2,3898,1550,506,291
CTETRA,20684,2,3898,1550,291,301
CTETRA,20685,2,3898,506,1544,291
CTETRA,20686,2,3898,291,1544,300
CTETRA,20687,2,3899,1493,1471,1487
CTETRA,20688,2,3899,295,445,444
CTETRA,20689,2,3899,1471,1493,445
CTETRA,20690,2,3899,1471,445,295
CTETRA,20691,2,3899,1493,1487,445
CTETRA,20692,2,3899,445,1487,444
CTETRA,20693,2,3899,1487,1471,444
CTETRA,20694,2,3899,444,1471,295
CTETRA,20695,2,3900,1544,1550,1533
CTETRA,20696,2,3900,301,300,336
CTETRA,20697,2,3900,1550,1544,301
CTETRA,20698,2,3900,301,1544,300
CTETRA,20699,2,3900,1544,1533,300
CTETRA,20700,2,3900,300,1533,336
CTETRA,20701,2,3900,1533,1550,301
CTETRA,20702,2,3900,1533,301,336
CTETRA,20703,2,3901,1542,1533,1550
CTETRA,20704,2,3901,336,337,301
CTETRA,20705,2,3901,1533,1542,337
CTETRA,20706,2,3901,1533,337,336
CTETRA,20707,2,3901,1542,1550,301
CTETRA,20708,2,3901,1542,301,337
CTETRA,20709,2,3901,1550,1533,301
CTETRA,20710,2,3901,301,1533,336
CTETRA,20711,2,3902,1533,1542,1522
CTETRA,20712,2,3902,337,336,372
CTETRA,20713,2,3902,1542,1533,337
CTETRA,20714,2,3902,337,1533,336
CTETRA,20715,2,3902,1533,1522,336
CTETRA,20716,2,3902,336,1522,372
CTETRA,20717,2,3902,1522,1542,337
CTETRA,20718,2,3902,1522,337,372
CTETRA,20719,2,3903,1529,1522,1542
CTETRA,20720,2,3903,372,373,337
CTETRA,20721,2,3903,1522,1529,373
CTETRA,20722,2,3903,1522,373,372
CTETRA,20723,2,3903,1529,1542,337
CTETRA,20724,2,3903,1529,337,373
CTETRA,20725,2,3903,1542,1522,337
CTETRA,20726,2,3903,337,1522,372
CTETRA,20727,2,3904,1522,1529,1508
CTETRA,20728,2,3904,373,372,408
CTETRA,20729,2,3904,1529,1522,373
CTETRA,20730,2,3904,373,1522,372
CTETRA,20731,2,3904,1522,1508,372
CTETRA,20732,2,3904,372,1508,408
CTETRA,20733,2,3904,1508,1529,373
CTETRA,20734,2,3904,1508,373,408
CTETRA,20735,2,3905,1514,1508,1529
CTETRA,20736,2,3905,408,409,373
CTETRA,20737,2,3905,1508,1514,409
CTETRA,20738,2,3905,1508,409,408
CTETRA,20739,2,3905,1514,1529,373
CTETRA,20740,2,3905,1514,373,409
CTETRA,20741,2,3905,1529,1508,373
CTETRA,20742,2,3905,373,1508,408
CTETRA,20743,2,3906,1508,1514,1487
CTETRA,20744,2,3906,409,408,444
CTETRA,20745,2,3906,1514,1508,409
CTETRA,20746,2,3906,409,1508,408
CTETRA,20747,2,3906,1508,1487,408
CTETRA,20748,2,3906,408,1487,444
CTETRA,20749,2,3906,1487,1514,409
CTETRA,20750,2,3906,1487,409,444
CTETRA,20751,2,3907,1493,1487,1514
CTETRA,20752,2,3907,444,445,409
CTETRA,20753,2,3907,1487,1493,445
CTETRA,20754,2,3907,1487,445,444
CTETRA,20755,2,3907,1493,1514,409
CTETRA,20756,2,3907,1493,409,445
CTETRA,20757,2,3907,1514,1487,409
CTETRA,20758,2,3907,409,1487,444
CTETRA,20759,2,3908,506,511,1550
CTETRA,20760,2,3908,292,291,301
CTETRA,20761,2,3908,506,291,292
CTETRA,20762,2,3908,506,292,511
CTETRA,20763,2,3908,506,1550,291
CTETRA,20764,2,3908,291,1550,301
CTETRA,20765,2,3908,1550,511,292
CTETRA,20766,2,3908,1550,292,301
CTETRA,20767,2,3909,1555,1550,511
CTETRA,20768,2,3909,301,302,292
CTETRA,20769,2,3909,1550,1555,302
CTETRA,20770,2,3909,1550,302,301
CTETRA,20771,2,3909,1555,511,292
CTETRA,20772,2,3909,1555,292,302
CTETRA,20773,2,3909,511,1550,292
CTETRA,20774,2,3909,292,1550,301
CTETRA,20775,2,3910,1495,1471,1493
CTETRA,20776,2,3910,295,446,445
CTETRA,20777,2,3910,1471,1495,446
CTETRA,20778,2,3910,1471,446,295
CTETRA,20779,2,3910,1495,1493,446
CTETRA,20780,2,3910,446,1493,445
CTETRA,20781,2,3910,1493,1471,445
CTETRA,20782,2,3910,445,1471,295
CTETRA,20783,2,3911,1550,1555,1542
CTETRA,20784,2,3911,302,301,337
CTETRA,20785,2,3911,1555,1550,302
CTETRA,20786,2,3911,302,1550,301
CTETRA,20787,2,3911,1550,1542,301
CTETRA,20788,2,3911,301,1542,337
CTETRA,20789,2,3911,1542,1555,302
CTETRA,20790,2,3911,1542,302,337
CTETRA,20791,2,3912,1546,1542,1555
CTETRA,20792,2,3912,337,338,302
CTETRA,20793,2,3912,1542,1546,338
CTETRA,20794,2,3912,1542,338,337
CTETRA,20795,2,3912,1546,1555,302
CTETRA,20796,2,3912,1546,302,338
CTETRA,20797,2,3912,1555,1542,302
CTETRA,20798,2,3912,302,1542,337
CTETRA,20799,2,3913,1542,1546,1529
CTETRA,20800,2,3913,338,337,373
CTETRA,20801,2,3913,1546,1542,338
CTETRA,20802,2,3913,338,1542,337
CTETRA,20803,2,3913,1542,1529,337
CTETRA,20804,2,3913,337,1529,373
CTETRA,20805,2,3913,1529,1546,338
CTETRA,20806,2,3913,1529,338,373
CTETRA,20807,2,3914,1535,1529,1546
CTETRA,20808,2,3914,373,374,338
CTETRA,20809,2,3914,1529,1535,374
CTETRA,20810,2,3914,1529,374,373
CTETRA,20811,2,3914,1535,1546,338
CTETRA,20812,2,3914,1535,338,374
CTETRA,20813,2,3914,1546,1529,338
CTETRA,20814,2,3914,338,1529,373
CTETRA,20815,2,3915,1529,1535,1514
CTETRA,20816,2,3915,374,373,409
CTETRA,20817,2,3915,1535,1529,374
CTETRA,20818,2,3915,374,1529,373
CTETRA,20819,2,3915,1529,1514,373
CTETRA,20820,2,3915,373,1514,409
CTETRA,20821,2,3915,1514,1535,374
CTETRA,20822,2,3915,1514,374,409
CTETRA,20823,2,3916,1518,1514,1535
CTETRA,20824,2,3916,409,410,374
CTETRA,20825,2,3916,1514,1518,410
CTETRA,20826,2,3916,1514,410,409
CTETRA,20827,2,3916,1518,1535,374
CTETRA,20828,2,3916,1518,374,410
CTETRA,20829,2,3916,1535,1514,374
CTETRA,20830,2,3916,374,1514,409
CTETRA,20831,2,3917,1514,1518,1493
CTETRA,20832,2,3917,410,409,445
CTETRA,20833,2,3917,1518,1514,410
CTETRA,20834,2,3917,410,1514,409
CTETRA,20835,2,3917,1514,1493,409
CTETRA,20836,2,3917,409,1493,445
CTETRA,20837,2,3917,1493,1518,410
CTETRA,20838,2,3917,1493,410,445
CTETRA,20839,2,3918,1495,1493,1518
CTETRA,20840,2,3918,445,446,410
CTETRA,20841,2,3918,1493,1495,446
CTETRA,20842,2,3918,1493,446,445
CTETRA,20843,2,3918,1495,1518,410
CTETRA,20844,2,3918,1495,410,446
CTETRA,20845,2,3918,1518,1493,410
CTETRA,20846,2,3918,410,1493,445
CTETRA,20847,2,3919,511,516,1555
CTETRA,20848,2,3919,293,292,302
CTETRA,20849,2,3919,511,292,293
CTETRA,20850,2,3919,511,293,516
CTETRA,20851,2,3919,511,1555,292
CTETRA,20852,2,3919,292,1555,302
CTETRA,20853,2,3919,1555,516,293
CTETRA,20854,2,3919,1555,293,302
CTETRA,20855,2,3920,1557,1555,516
CTETRA,20856,2,3920,302,303,293
CTETRA,20857,2,3920,1555,1557,303
CTETRA,20858,2,3920,1555,303,302
CTETRA,20859,2,3920,1557,516,293
CTETRA,20860,2,3920,1557,293,303
CTETRA,20861,2,3920,516,1555,293
CTETRA,20862,2,3920,293,1555,302
CTETRA,20863,2,3921,1499,1471,1495
CTETRA,20864,2,3921,295,447,446
CTETRA,20865,2,3921,1471,1499,447
CTETRA,20866,2,3921,1471,447,295
CTETRA,20867,2,3921,1499,1495,447
CTETRA,20868,2,3921,447,1495,446
CTETRA,20869,2,3921,1495,1471,446
CTETRA,20870,2,3921,446,1471,295
CTETRA,20871,2,3922,1555,1557,1546
CTETRA,20872,2,3922,303,302,338
CTETRA,20873,2,3922,1557,1555,303
CTETRA,20874,2,3922,303,1555,302
CTETRA,20875,2,3922,1555,1546,302
CTETRA,20876,2,3922,302,1546,338
CTETRA,20877,2,3922,1546,1557,303
CTETRA,20878,2,3922,1546,303,338
CTETRA,20879,2,3923,1548,1546,1557
CTETRA,20880,2,3923,338,339,303
CTETRA,20881,2,3923,1546,1548,339
CTETRA,20882,2,3923,1546,339,338
CTETRA,20883,2,3923,1548,1557,303
CTETRA,20884,2,3923,1548,303,339
CTETRA,20885,2,3923,1557,1546,303
CTETRA,20886,2,3923,303,1546,338
CTETRA,20887,2,3924,1546,1548,1535
CTETRA,20888,2,3924,339,338,374
CTETRA,20889,2,3924,1548,1546,339
CTETRA,20890,2,3924,339,1546,338
CTETRA,20891,2,3924,1546,1535,338
CTETRA,20892,2,3924,338,1535,374
CTETRA,20893,2,3924,1535,1548,339
CTETRA,20894,2,3924,1535,339,374
CTETRA,20895,2,3925,1535,1537,1518
CTETRA,20896,2,3925,375,374,410
CTETRA,20897,2,3925,1537,1535,375
CTETRA,20898,2,3925,375,1535,374
CTETRA,20899,2,3925,1535,1518,374
CTETRA,20900,2,3925,374,1518,410
CTETRA,20901,2,3925,1518,1537,375
CTETRA,20902,2,3925,1518,375,410
CTETRA,20903,2,3926,1518,1520,1495
CTETRA,20904,2,3926,411,410,446
CTETRA,20905,2,3926,1520,1518,411
CTETRA,20906,2,3926,411,1518,410
CTETRA,20907,2,3926,1518,1495,410
CTETRA,20908,2,3926,410,1495,446
CTETRA,20909,2,3926,1495,1520,411
CTETRA,20910,2,3926,1495,411,446
CTETRA,20911,2,3927,516,521,1557
CTETRA,20912,2,3927,294,293,303
CTETRA,20913,2,3927,516,294,521
CTETRA,20914,2,3927,516,293,294
CTETRA,20915,2,3927,516,1557,293
CTETRA,20916,2,3927,293,1557,303
CTETRA,20917,2,3927,1557,521,294
CTETRA,20918,2,3927,1557,294,303
CTETRA,20919,2,3928,1501,1471,1499
CTETRA,20920,2,3928,295,448,447
CTETRA,20921,2,3928,1471,1501,448
CTETRA,20922,2,3928,1471,448,295
CTETRA,20923,2,3928,1501,1499,448
CTETRA,20924,2,3928,448,1499,447
CTETRA,20925,2,3928,1499,1471,447
CTETRA,20926,2,3928,447,1471,295
CTETRA,20927,2,3929,1552,1548,1559
CTETRA,20928,2,3929,339,340,304
CTETRA,20929,2,3929,1548,1552,340
CTETRA,20930,2,3929,1548,340,339
CTETRA,20931,2,3929,1552,1559,304
CTETRA,20932,2,3929,1552,304,340
CTETRA,20933,2,3929,1559,1548,304
CTETRA,20934,2,3929,304,1548,339
CTETRA,20935,2,3930,1539,1537,1552
CTETRA,20936,2,3930,375,376,340
CTETRA,20937,2,3930,1537,1539,376
CTETRA,20938,2,3930,1537,376,375
CTETRA,20939,2,3930,1539,1552,340
CTETRA,20940,2,3930,1539,340,376
CTETRA,20941,2,3930,1552,1537,340
CTETRA,20942,2,3930,340,1537,375
CTETRA,20943,2,3931,1524,1520,1539
CTETRA,20944,2,3931,411,412,376
CTETRA,20945,2,3931,1520,1524,412
CTETRA,20946,2,3931,1520,412,411
CTETRA,20947,2,3931,1524,1539,376
CTETRA,20948,2,3931,1524,376,412
CTETRA,20949,2,3931,1539,1520,376
CTETRA,20950,2,3931,376,1520,411
CTETRA,20951,2,3932,1501,1499,1524
CTETRA,20952,2,3932,447,448,412
CTETRA,20953,2,3932,1499,1501,448
CTETRA,20954,2,3932,1499,448,447
CTETRA,20955,2,3932,1501,1524,412
CTETRA,20956,2,3932,1501,412,448
CTETRA,20957,2,3932,1524,1499,412
CTETRA,20958,2,3932,412,1499,447
CTETRA,20959,2,3933,1559,521,1561
CTETRA,20960,2,3933,294,304,305
CTETRA,20961,2,3933,521,1559,294
CTETRA,20962,2,3933,294,1559,304
CTETRA,20963,2,3933,1559,1561,305
CTETRA,20964,2,3933,1559,305,304
CTETRA,20965,2,3933,1561,521,294
CTETRA,20966,2,3933,1561,294,305
CTETRA,20967,2,3934,1559,1561,1552
CTETRA,20968,2,3934,305,304,340
CTETRA,20969,2,3934,1561,1559,305
CTETRA,20970,2,3934,305,1559,304
CTETRA,20971,2,3934,1559,1552,304
CTETRA,20972,2,3934,304,1552,340
CTETRA,20973,2,3934,1552,1561,305
CTETRA,20974,2,3934,1552,305,340
CTETRA,20975,2,3935,1552,1554,1539
CTETRA,20976,2,3935,341,340,376
CTETRA,20977,2,3935,1554,1552,341
CTETRA,20978,2,3935,341,1552,340
CTETRA,20979,2,3935,1552,1539,340
CTETRA,20980,2,3935,340,1539,376
CTETRA,20981,2,3935,1539,1554,341
CTETRA,20982,2,3935,1539,341,376
CTETRA,20983,2,3936,1539,1541,1524
CTETRA,20984,2,3936,377,376,412
CTETRA,20985,2,3936,1541,1539,377
CTETRA,20986,2,3936,377,1539,376
CTETRA,20987,2,3936,1539,1524,376
CTETRA,20988,2,3936,376,1524,412
CTETRA,20989,2,3936,1524,1541,377
CTETRA,20990,2,3936,1524,377,412
CTETRA,20991,2,3937,1524,1526,1501
CTETRA,20992,2,3937,413,412,448
CTETRA,20993,2,3937,1526,1524,413
CTETRA,20994,2,3937,413,1524,412
CTETRA,20995,2,3937,1524,1501,412
CTETRA,20996,2,3937,412,1501,448
CTETRA,20997,2,3937,1501,1526,413
CTETRA,20998,2,3937,1501,413,448
ENDDATA
