id,product,group,setting,datatype,unit,object_scope,class_or_api,field_path,read_api,write_api,read_evidence,write_evidence,apply_status,sample_value,active_condition,checks_needed,source,source_line,notes
SCH-00001,Power Unit (excite),Load Data,Multiple Copy,Bool,,Schema declaration; instance not resolved,DuplicateSpeed,mcopy,Candidate: GetIntValue(field),"Candidate: SetIntValue(field,value)",Schema field/label confirmed; full path + instance + runtime read not verified,Generic API available; this field write NOT verified,Not eligible for Apply; resolve path and test first,,<visibility_change>,Resolve actual instance/full path; check ASE vs ACT; selection/enable flags; enum mapping; binding; units; round-trip,<AVL_ROOT>/AWS/appl/clients/excite/res/cpp/newloadgen.h,82,Declaring class is context only; struct nesting and array indexing are not resolved
SCH-00002,Power Unit (excite),Load Data,New Speed,double,"ang_vel,rpm,rpm",Schema declaration; instance not resolved,DuplicateSpeed,nspeed,"Candidate: GetDblValueU(field,unit)","Candidate: SetDblValueU(field,value,unit)",Schema field/label confirmed; full path + instance + runtime read not verified,Generic API available; this field write NOT verified,Not eligible for Apply; resolve path and test first,,"<visibility=mcopy,value-int,1>",Resolve actual instance/full path; check ASE vs ACT; selection/enable flags; enum mapping; binding; units; round-trip,<AVL_ROOT>/AWS/appl/clients/excite/res/cpp/newloadgen.h,85,Declaring class is context only; struct nesting and array indexing are not resolved
SCH-00003,Power Unit (excite),Load Data,Start Speed,double,"ang_vel,rpm,rpm",Schema declaration; instance not resolved,DuplicateSpeed,start,"Candidate: GetDblValueU(field,unit)","Candidate: SetDblValueU(field,value,unit)",Schema field/label confirmed; full path + instance + runtime read not verified,Generic API available; this field write NOT verified,Not eligible for Apply; resolve path and test first,,Check type/enable/visibility rules in source,Resolve actual instance/full path; check ASE vs ACT; selection/enable flags; enum mapping; binding; units; round-trip,<AVL_ROOT>/AWS/appl/clients/excite/res/cpp/newloadgen.h,88,Declaring class is context only; struct nesting and array indexing are not resolved
SCH-00004,Power Unit (excite),Load Data,End Speed,double,"ang_vel,rpm,rpm",Schema declaration; instance not resolved,DuplicateSpeed,end,"Candidate: GetDblValueU(field,unit)","Candidate: SetDblValueU(field,value,unit)",Schema field/label confirmed; full path + instance + runtime read not verified,Generic API available; this field write NOT verified,Not eligible for Apply; resolve path and test first,,Check type/enable/visibility rules in source,Resolve actual instance/full path; check ASE vs ACT; selection/enable flags; enum mapping; binding; units; round-trip,<AVL_ROOT>/AWS/appl/clients/excite/res/cpp/newloadgen.h,89,Declaring class is context only; struct nesting and array indexing are not resolved
SCH-00005,Power Unit (excite),Load Data,Step,double,"ang_vel,rpm,rpm",Schema declaration; instance not resolved,DuplicateSpeed,step,"Candidate: GetDblValueU(field,unit)","Candidate: SetDblValueU(field,value,unit)",Schema field/label confirmed; full path + instance + runtime read not verified,Generic API available; this field write NOT verified,Not eligible for Apply; resolve path and test first,,Check type/enable/visibility rules in source,Resolve actual instance/full path; check ASE vs ACT; selection/enable flags; enum mapping; binding; units; round-trip,<AVL_ROOT>/AWS/appl/clients/excite/res/cpp/newloadgen.h,90,Declaring class is context only; struct nesting and array indexing are not resolved
SCH-00006,Power Unit (excite),Load Data,Replace Speed in directory name,Bool,,Schema declaration; instance not resolved,DuplicateSpeed,rDname,Candidate: GetIntValue(field),"Candidate: SetIntValue(field,value)",Schema field/label confirmed; full path + instance + runtime read not verified,Generic API available; this field write NOT verified,Not eligible for Apply; resolve path and test first,,Check type/enable/visibility rules in source,Resolve actual instance/full path; check ASE vs ACT; selection/enable flags; enum mapping; binding; units; round-trip,<AVL_ROOT>/AWS/appl/clients/excite/res/cpp/newloadgen.h,94,Declaring class is context only; struct nesting and array indexing are not resolved
SCH-00007,Power Unit (excite),Load Data,Replace Speed in file name,Bool,,Schema declaration; instance not resolved,DuplicateSpeed,rFname,Candidate: GetIntValue(field),"Candidate: SetIntValue(field,value)",Schema field/label confirmed; full path + instance + runtime read not verified,Generic API available; this field write NOT verified,Not eligible for Apply; resolve path and test first,,Check type/enable/visibility rules in source,Resolve actual instance/full path; check ASE vs ACT; selection/enable flags; enum mapping; binding; units; round-trip,<AVL_ROOT>/AWS/appl/clients/excite/res/cpp/newloadgen.h,95,Declaring class is context only; struct nesting and array indexing are not resolved
SCH-00008,Power Unit (excite),Load Data,New Item Name,char*,"ang_vel,rpm,rpm",Schema declaration; instance not resolved,DuplicateLoadItem,newitemname,Candidate: GetStrValue(field),"Candidate: SetStrValue(field,value)",Schema field/label confirmed; full path + instance + runtime read not verified,Generic API available; this field write NOT verified,Not eligible for Apply; resolve path and test first,,Check type/enable/visibility rules in source,Resolve actual instance/full path; check ASE vs ACT; selection/enable flags; enum mapping; binding; units; round-trip,<AVL_ROOT>/AWS/appl/clients/excite/res/cpp/newloadgen.h,108,Declaring class is context only; struct nesting and array indexing are not resolved
SCH-00009,Power Unit (excite),Load Data,New File Path,char*,"ang_vel,rpm,rpm",Schema declaration; instance not resolved,DuplicateLoadItem,newfilepath,Candidate: GetStrValue(field),"Candidate: SetStrValue(field,value)",Schema field/label confirmed; full path + instance + runtime read not verified,Generic API available; this field write NOT verified,Not eligible for Apply; resolve path and test first,,"<visibility=mcopy,value-int,1>",Resolve actual instance/full path; check ASE vs ACT; selection/enable flags; enum mapping; binding; units; round-trip,<AVL_ROOT>/AWS/appl/clients/excite/res/cpp/newloadgen.h,109,Declaring class is context only; struct nesting and array indexing are not resolved
SCH-00010,Power Unit (excite),Load Data,From,char*,,Schema declaration; instance not resolved,DuplicateLoadItem,start_1,Candidate: GetStrValue(field),"Candidate: SetStrValue(field,value)",Schema field/label confirmed; full path + instance + runtime read not verified,Generic API available; this field write NOT verified,Not eligible for Apply; resolve path and test first,,Check type/enable/visibility rules in source,Resolve actual instance/full path; check ASE vs ACT; selection/enable flags; enum mapping; binding; units; round-trip,<AVL_ROOT>/AWS/appl/clients/excite/res/cpp/newloadgen.h,133,Declaring class is context only; struct nesting and array indexing are not resolved
SCH-00011,Power Unit (excite),Load Data,To,char*,,Schema declaration; instance not resolved,DuplicateLoadItem,end_1,Candidate: GetStrValue(field),"Candidate: SetStrValue(field,value)",Schema field/label confirmed; full path + instance + runtime read not verified,Generic API available; this field write NOT verified,Not eligible for Apply; resolve path and test first,,Check type/enable/visibility rules in source,Resolve actual instance/full path; check ASE vs ACT; selection/enable flags; enum mapping; binding; units; round-trip,<AVL_ROOT>/AWS/appl/clients/excite/res/cpp/newloadgen.h,134,Declaring class is context only; struct nesting and array indexing are not resolved
SCH-00012,Power Unit (excite),Load Data,Step,char*,,Schema declaration; instance not resolved,DuplicateLoadItem,step_1,Candidate: GetStrValue(field),"Candidate: SetStrValue(field,value)",Schema field/label confirmed; full path + instance + runtime read not verified,Generic API available; this field write NOT verified,Not eligible for Apply; resolve path and test first,,Check type/enable/visibility rules in source,Resolve actual instance/full path; check ASE vs ACT; selection/enable flags; enum mapping; binding; units; round-trip,<AVL_ROOT>/AWS/appl/clients/excite/res/cpp/newloadgen.h,135,Declaring class is context only; struct nesting and array indexing are not resolved
SCH-00013,Power Unit (excite),Load Data,From,char*,,Schema declaration; instance not resolved,DuplicateLoadItem,start_2,Candidate: GetStrValue(field),"Candidate: SetStrValue(field,value)",Schema field/label confirmed; full path + instance + runtime read not verified,Generic API available; this field write NOT verified,Not eligible for Apply; resolve path and test first,,Check type/enable/visibility rules in source,Resolve actual instance/full path; check ASE vs ACT; selection/enable flags; enum mapping; binding; units; round-trip,<AVL_ROOT>/AWS/appl/clients/excite/res/cpp/newloadgen.h,140,Declaring class is context only; struct nesting and array indexing are not resolved
SCH-00014,Power Unit (excite),Load Data,To,char*,,Schema declaration; instance not resolved,DuplicateLoadItem,end_2,Candidate: GetStrValue(field),"Candidate: SetStrValue(field,value)",Schema field/label confirmed; full path + instance + runtime read not verified,Generic API available; this field write NOT verified,Not eligible for Apply; resolve path and test first,,Check type/enable/visibility rules in source,Resolve actual instance/full path; check ASE vs ACT; selection/enable flags; enum mapping; binding; units; round-trip,<AVL_ROOT>/AWS/appl/clients/excite/res/cpp/newloadgen.h,141,Declaring class is context only; struct nesting and array indexing are not resolved
SCH-00015,Power Unit (excite),Load Data,Step,char*,,Schema declaration; instance not resolved,DuplicateLoadItem,step_2,Candidate: GetStrValue(field),"Candidate: SetStrValue(field,value)",Schema field/label confirmed; full path + instance + runtime read not verified,Generic API available; this field write NOT verified,Not eligible for Apply; resolve path and test first,,Check type/enable/visibility rules in source,Resolve actual instance/full path; check ASE vs ACT; selection/enable flags; enum mapping; binding; units; round-trip,<AVL_ROOT>/AWS/appl/clients/excite/res/cpp/newloadgen.h,142,Declaring class is context only; struct nesting and array indexing are not resolved
SCH-00016,Power Unit (excite),Load Data,Skip items if source file not available,Bool,,Schema declaration; instance not resolved,DuplicateLoadItem,skipFname,Candidate: GetIntValue(field),"Candidate: SetIntValue(field,value)",Schema field/label confirmed; full path + instance + runtime read not verified,Generic API available; this field write NOT verified,Not eligible for Apply; resolve path and test first,,Check type/enable/visibility rules in source,Resolve actual instance/full path; check ASE vs ACT; selection/enable flags; enum mapping; binding; units; round-trip,<AVL_ROOT>/AWS/appl/clients/excite/res/cpp/newloadgen.h,148,Declaring class is context only; struct nesting and array indexing are not resolved
SCH-00017,Power Unit (excite),Load Data,Use 2nd variation,Bool,,Schema declaration; instance not resolved,DuplicateLoadItem,secondVar,Candidate: GetIntValue(field),"Candidate: SetIntValue(field,value)",Schema field/label confirmed; full path + instance + runtime read not verified,Generic API available; this field write NOT verified,Not eligible for Apply; resolve path and test first,,<visibility_change>,Resolve actual instance/full path; check ASE vs ACT; selection/enable flags; enum mapping; binding; units; round-trip,<AVL_ROOT>/AWS/appl/clients/excite/res/cpp/newloadgen.h,149,Declaring class is context only; struct nesting and array indexing are not resolved
SCH-00018,Power Unit (excite),Load Data,Load Item,char*,"ang_vel,rpm,rpm",Schema declaration; instance not resolved,DuplicateLoadSet,newitemname,Candidate: GetStrValue(field),"Candidate: SetStrValue(field,value)",Schema field/label confirmed; full path + instance + runtime read not verified,Generic API available; this field write NOT verified,Not eligible for Apply; resolve path and test first,,"<visibility=mcopy,value-int,1>",Resolve actual instance/full path; check ASE vs ACT; selection/enable flags; enum mapping; binding; units; round-trip,<AVL_ROOT>/AWS/appl/clients/excite/res/cpp/newloadgen.h,166,Declaring class is context only; struct nesting and array indexing are not resolved
SCH-00019,Power Unit (excite),Load Data,[ID] in range from,char*,,Schema declaration; instance not resolved,DuplicateLoadSet,start_1,Candidate: GetStrValue(field),"Candidate: SetStrValue(field,value)",Schema field/label confirmed; full path + instance + runtime read not verified,Generic API available; this field write NOT verified,Not eligible for Apply; resolve path and test first,,Check type/enable/visibility rules in source,Resolve actual instance/full path; check ASE vs ACT; selection/enable flags; enum mapping; binding; units; round-trip,<AVL_ROOT>/AWS/appl/clients/excite/res/cpp/newloadgen.h,170,Declaring class is context only; struct nesting and array indexing are not resolved
SCH-00020,Power Unit (excite),Load Data,to,char*,,Schema declaration; instance not resolved,DuplicateLoadSet,end_1,Candidate: GetStrValue(field),"Candidate: SetStrValue(field,value)",Schema field/label confirmed; full path + instance + runtime read not verified,Generic API available; this field write NOT verified,Not eligible for Apply; resolve path and test first,,Check type/enable/visibility rules in source,Resolve actual instance/full path; check ASE vs ACT; selection/enable flags; enum mapping; binding; units; round-trip,<AVL_ROOT>/AWS/appl/clients/excite/res/cpp/newloadgen.h,172,Declaring class is context only; struct nesting and array indexing are not resolved
SCH-00021,Power Unit (excite),Load Data,step,char*,,Schema declaration; instance not resolved,DuplicateLoadSet,step_1,Candidate: GetStrValue(field),"Candidate: SetStrValue(field,value)",Schema field/label confirmed; full path + instance + runtime read not verified,Generic API available; this field write NOT verified,Not eligible for Apply; resolve path and test first,,Check type/enable/visibility rules in source,Resolve actual instance/full path; check ASE vs ACT; selection/enable flags; enum mapping; binding; units; round-trip,<AVL_ROOT>/AWS/appl/clients/excite/res/cpp/newloadgen.h,174,Declaring class is context only; struct nesting and array indexing are not resolved
SCH-00022,Power Unit (excite),Load Data,Apply to node(s),char*,"ang_vel,rpm,rpm",Schema declaration; instance not resolved,DuplicateLoadSet,new_nset,Candidate: GetStrValue(field),"Candidate: SetStrValue(field,value)",Schema field/label confirmed; full path + instance + runtime read not verified,Generic API available; this field write NOT verified,Not eligible for Apply; resolve path and test first,,"<visibility=mcopy,value-int,1>",Resolve actual instance/full path; check ASE vs ACT; selection/enable flags; enum mapping; binding; units; round-trip,<AVL_ROOT>/AWS/appl/clients/excite/res/cpp/newloadgen.h,181,Declaring class is context only; struct nesting and array indexing are not resolved
SCH-00023,Power Unit (excite),Load Data,[NODE] in range from,char*,,Schema declaration; instance not resolved,DuplicateLoadSet,start_2,Candidate: GetStrValue(field),"Candidate: SetStrValue(field,value)",Schema field/label confirmed; full path + instance + runtime read not verified,Generic API available; this field write NOT verified,Not eligible for Apply; resolve path and test first,,Check type/enable/visibility rules in source,Resolve actual instance/full path; check ASE vs ACT; selection/enable flags; enum mapping; binding; units; round-trip,<AVL_ROOT>/AWS/appl/clients/excite/res/cpp/newloadgen.h,185,Declaring class is context only; struct nesting and array indexing are not resolved
SCH-00024,Power Unit (excite),Load Data,From,double,"simtime1,deg",Schema declaration; instance not resolved,DuplicateLoadSet,start_3,"Candidate: GetDblValueU(field,unit)","Candidate: SetDblValueU(field,value,unit)",Schema field/label confirmed; full path + instance + runtime read not verified,Generic API available; this field write NOT verified,Not eligible for Apply; resolve path and test first,,Check type/enable/visibility rules in source,Resolve actual instance/full path; check ASE vs ACT; selection/enable flags; enum mapping; binding; units; round-trip,<AVL_ROOT>/AWS/appl/clients/excite/res/cpp/newloadgen.h,196,Declaring class is context only; struct nesting and array indexing are not resolved
SCH-00025,Power Unit (excite),Load Data,Speed,double,"ang_vel,rpm,rpm",Schema declaration; instance not resolved,CylPressure,espeed,"Candidate: GetDblValueU(field,unit)","Candidate: SetDblValueU(field,value,unit)",Schema field/label confirmed; full path + instance + runtime read not verified,Generic API available; this field write NOT verified,Not eligible for Apply; resolve path and test first,,Check type/enable/visibility rules in source,Resolve actual instance/full path; check ASE vs ACT; selection/enable flags; enum mapping; binding; units; round-trip,<AVL_ROOT>/AWS/appl/clients/excite/res/cpp/newloadgen.h,213,Declaring class is context only; struct nesting and array indexing are not resolved
SCH-00026,Power Unit (excite),Load Data,Shift to Base Period (0-360/720 deg),Bool,,Schema declaration; instance not resolved,CylPressure,shift_to_base,Candidate: GetIntValue(field),"Candidate: SetIntValue(field,value)",Schema field/label confirmed; full path + instance + runtime read not verified,Generic API available; this field write NOT verified,Not eligible for Apply; resolve path and test first,,Check type/enable/visibility rules in source,Resolve actual instance/full path; check ASE vs ACT; selection/enable flags; enum mapping; binding; units; round-trip,<AVL_ROOT>/AWS/appl/clients/excite/res/cpp/newloadgen.h,228,Declaring class is context only; struct nesting and array indexing are not resolved
SCH-00027,Power Unit (excite),Load Data,Cyclic Shift,Bool,,Schema declaration; instance not resolved,CylPressure,cyclic,Candidate: GetIntValue(field),"Candidate: SetIntValue(field,value)",Schema field/label confirmed; full path + instance + runtime read not verified,Generic API available; this field write NOT verified,Not eligible for Apply; resolve path and test first,,<visibility_change>,Resolve actual instance/full path; check ASE vs ACT; selection/enable flags; enum mapping; binding; units; round-trip,<AVL_ROOT>/AWS/appl/clients/excite/res/cpp/newloadgen.h,231,Declaring class is context only; struct nesting and array indexing are not resolved
SCH-00028,Power Unit (excite),Load Data,Pressure Factor,double,,Schema declaration; instance not resolved,CylPressure,yfac,"Candidate: GetDblValueU(field,unit)","Candidate: SetDblValueU(field,value,unit)",Schema field/label confirmed; full path + instance + runtime read not verified,Generic API available; this field write NOT verified,Not eligible for Apply; resolve path and test first,,Check type/enable/visibility rules in source,Resolve actual instance/full path; check ASE vs ACT; selection/enable flags; enum mapping; binding; units; round-trip,<AVL_ROOT>/AWS/appl/clients/excite/res/cpp/newloadgen.h,238,Declaring class is context only; struct nesting and array indexing are not resolved
SCH-00029,Power Unit (excite),Load Data,Pressure Shift,double,"pressure,bar",Schema declaration; instance not resolved,CylPressure,presshift,"Candidate: GetDblValueU(field,unit)","Candidate: SetDblValueU(field,value,unit)",Schema field/label confirmed; full path + instance + runtime read not verified,Generic API available; this field write NOT verified,Not eligible for Apply; resolve path and test first,,Check type/enable/visibility rules in source,Resolve actual instance/full path; check ASE vs ACT; selection/enable flags; enum mapping; binding; units; round-trip,<AVL_ROOT>/AWS/appl/clients/excite/res/cpp/newloadgen.h,240,Declaring class is context only; struct nesting and array indexing are not resolved
SCH-00030,Power Unit (excite),Load Data,Cylinder Pressure Data,double**,,Schema declaration; instance not resolved,CylPressure,data,"Candidate: WSClass.GetWSMatrix(field,0)",Candidate: WSMatrix typed setters + ReleaseHandle,Schema field/label confirmed; full path + instance + runtime read not verified,Generic API available; this field write NOT verified,Not eligible for Apply; resolve path and test first,,Check type/enable/visibility rules in source,Resolve actual instance/full path; check ASE vs ACT; selection/enable flags; enum mapping; binding; units; round-trip,<AVL_ROOT>/AWS/appl/clients/excite/res/cpp/newloadgen.h,245,Declaring class is context only; struct nesting and array indexing are not resolved
SCH-00031,Power Unit (excite),Load Data,Cylinder Pressure File,char*,,Schema declaration; instance not resolved,CylPressure,file,Candidate: GetStrValue(field),"Candidate: SetStrValue(field,value)",Schema field/label confirmed; full path + instance + runtime read not verified,Generic API available; this field write NOT verified,Not eligible for Apply; resolve path and test first,,Check type/enable/visibility rules in source,Resolve actual instance/full path; check ASE vs ACT; selection/enable flags; enum mapping; binding; units; round-trip,<AVL_ROOT>/AWS/appl/clients/excite/res/cpp/newloadgen.h,265,Declaring class is context only; struct nesting and array indexing are not resolved
SCH-00032,Power Unit (excite),Load Data,Automatic Reload,Bool,,Schema declaration; instance not resolved,CylPressure,aut_rel,Candidate: GetIntValue(field),"Candidate: SetIntValue(field,value)",Schema field/label confirmed; full path + instance + runtime read not verified,Generic API available; this field write NOT verified,Not eligible for Apply; resolve path and test first,,Check type/enable/visibility rules in source,Resolve actual instance/full path; check ASE vs ACT; selection/enable flags; enum mapping; binding; units; round-trip,<AVL_ROOT>/AWS/appl/clients/excite/res/cpp/newloadgen.h,268,Declaring class is context only; struct nesting and array indexing are not resolved
SCH-00033,Power Unit (excite),Load Data,Use Data File Path Parameter,Bool,,Schema declaration; instance not resolved,CylPressure,def_pat,Candidate: GetIntValue(field),"Candidate: SetIntValue(field,value)",Schema field/label confirmed; full path + instance + runtime read not verified,Generic API available; this field write NOT verified,Not eligible for Apply; resolve path and test first,,Check type/enable/visibility rules in source,Resolve actual instance/full path; check ASE vs ACT; selection/enable flags; enum mapping; binding; units; round-trip,<AVL_ROOT>/AWS/appl/clients/excite/res/cpp/newloadgen.h,271,Declaring class is context only; struct nesting and array indexing are not resolved
SCH-00034,Power Unit (excite),Load Data,Load Condition,char*,,Schema declaration; instance not resolved,CylPressSpeedIndep,node_name,Candidate: GetStrValue(field),"Candidate: SetStrValue(field,value)",Schema field/label confirmed; full path + instance + runtime read not verified,Generic API available; this field write NOT verified,Not eligible for Apply; resolve path and test first,,Check type/enable/visibility rules in source,Resolve actual instance/full path; check ASE vs ACT; selection/enable flags; enum mapping; binding; units; round-trip,<AVL_ROOT>/AWS/appl/clients/excite/res/cpp/newloadgen.h,284,Declaring class is context only; struct nesting and array indexing are not resolved
SCH-00035,Power Unit (excite),Load Data,Shift to Base Period (0-360/720 deg),Bool,,Schema declaration; instance not resolved,CylPressSpeedIndep,shift_to_base,Candidate: GetIntValue(field),"Candidate: SetIntValue(field,value)",Schema field/label confirmed; full path + instance + runtime read not verified,Generic API available; this field write NOT verified,Not eligible for Apply; resolve path and test first,,Check type/enable/visibility rules in source,Resolve actual instance/full path; check ASE vs ACT; selection/enable flags; enum mapping; binding; units; round-trip,<AVL_ROOT>/AWS/appl/clients/excite/res/cpp/newloadgen.h,293,Declaring class is context only; struct nesting and array indexing are not resolved
SCH-00036,Power Unit (excite),Load Data,Cyclic Shift,Bool,,Schema declaration; instance not resolved,CylPressSpeedIndep,cyclic,Candidate: GetIntValue(field),"Candidate: SetIntValue(field,value)",Schema field/label confirmed; full path + instance + runtime read not verified,Generic API available; this field write NOT verified,Not eligible for Apply; resolve path and test first,,<visibility_change>,Resolve actual instance/full path; check ASE vs ACT; selection/enable flags; enum mapping; binding; units; round-trip,<AVL_ROOT>/AWS/appl/clients/excite/res/cpp/newloadgen.h,296,Declaring class is context only; struct nesting and array indexing are not resolved
SCH-00037,Power Unit (excite),Load Data,Pressure Factor,double,,Schema declaration; instance not resolved,CylPressSpeedIndep,yfac,"Candidate: GetDblValueU(field,unit)","Candidate: SetDblValueU(field,value,unit)",Schema field/label confirmed; full path + instance + runtime read not verified,Generic API available; this field write NOT verified,Not eligible for Apply; resolve path and test first,,Check type/enable/visibility rules in source,Resolve actual instance/full path; check ASE vs ACT; selection/enable flags; enum mapping; binding; units; round-trip,<AVL_ROOT>/AWS/appl/clients/excite/res/cpp/newloadgen.h,303,Declaring class is context only; struct nesting and array indexing are not resolved
SCH-00038,Power Unit (excite),Load Data,Pressure Shift,double,"pressure,bar",Schema declaration; instance not resolved,CylPressSpeedIndep,presshift,"Candidate: GetDblValueU(field,unit)","Candidate: SetDblValueU(field,value,unit)",Schema field/label confirmed; full path + instance + runtime read not verified,Generic API available; this field write NOT verified,Not eligible for Apply; resolve path and test first,,Check type/enable/visibility rules in source,Resolve actual instance/full path; check ASE vs ACT; selection/enable flags; enum mapping; binding; units; round-trip,<AVL_ROOT>/AWS/appl/clients/excite/res/cpp/newloadgen.h,305,Declaring class is context only; struct nesting and array indexing are not resolved
SCH-00039,Power Unit (excite),Load Data,Cylinder Pressure Data,double**,,Schema declaration; instance not resolved,CylPressSpeedIndep,data,"Candidate: WSClass.GetWSMatrix(field,0)",Candidate: WSMatrix typed setters + ReleaseHandle,Schema field/label confirmed; full path + instance + runtime read not verified,Generic API available; this field write NOT verified,Not eligible for Apply; resolve path and test first,,Check type/enable/visibility rules in source,Resolve actual instance/full path; check ASE vs ACT; selection/enable flags; enum mapping; binding; units; round-trip,<AVL_ROOT>/AWS/appl/clients/excite/res/cpp/newloadgen.h,310,Declaring class is context only; struct nesting and array indexing are not resolved
SCH-00040,Power Unit (excite),Load Data,Cylinder Pressure File,char*,,Schema declaration; instance not resolved,CylPressSpeedIndep,file,Candidate: GetStrValue(field),"Candidate: SetStrValue(field,value)",Schema field/label confirmed; full path + instance + runtime read not verified,Generic API available; this field write NOT verified,Not eligible for Apply; resolve path and test first,,Check type/enable/visibility rules in source,Resolve actual instance/full path; check ASE vs ACT; selection/enable flags; enum mapping; binding; units; round-trip,<AVL_ROOT>/AWS/appl/clients/excite/res/cpp/newloadgen.h,330,Declaring class is context only; struct nesting and array indexing are not resolved
SCH-00041,Power Unit (excite),Load Data,Automatic Reload,Bool,,Schema declaration; instance not resolved,CylPressSpeedIndep,aut_rel,Candidate: GetIntValue(field),"Candidate: SetIntValue(field,value)",Schema field/label confirmed; full path + instance + runtime read not verified,Generic API available; this field write NOT verified,Not eligible for Apply; resolve path and test first,,Check type/enable/visibility rules in source,Resolve actual instance/full path; check ASE vs ACT; selection/enable flags; enum mapping; binding; units; round-trip,<AVL_ROOT>/AWS/appl/clients/excite/res/cpp/newloadgen.h,332,Declaring class is context only; struct nesting and array indexing are not resolved
SCH-00042,Power Unit (excite),Load Data,Use Data File Path Parameter,Bool,,Schema declaration; instance not resolved,CylPressSpeedIndep,def_pat,Candidate: GetIntValue(field),"Candidate: SetIntValue(field,value)",Schema field/label confirmed; full path + instance + runtime read not verified,Generic API available; this field write NOT verified,Not eligible for Apply; resolve path and test first,,Check type/enable/visibility rules in source,Resolve actual instance/full path; check ASE vs ACT; selection/enable flags; enum mapping; binding; units; round-trip,<AVL_ROOT>/AWS/appl/clients/excite/res/cpp/newloadgen.h,335,Declaring class is context only; struct nesting and array indexing are not resolved
SCH-00043,Power Unit (excite),Load Data,Load Condition,char*,,Schema declaration; instance not resolved,CylPressSpeedDep,node_name,Candidate: GetStrValue(field),"Candidate: SetStrValue(field,value)",Schema field/label confirmed; full path + instance + runtime read not verified,Generic API available; this field write NOT verified,Not eligible for Apply; resolve path and test first,,Check type/enable/visibility rules in source,Resolve actual instance/full path; check ASE vs ACT; selection/enable flags; enum mapping; binding; units; round-trip,<AVL_ROOT>/AWS/appl/clients/excite/res/cpp/newloadgen.h,362,Declaring class is context only; struct nesting and array indexing are not resolved
SCH-00044,Power Unit (excite),Load Data,Adjust Excite Model to Work with Imported Pressure Shifts (only selected cylinders),Bool,,Schema declaration; instance not resolved,BoostCylpImportSel,updPressShifts,Candidate: GetIntValue(field),"Candidate: SetIntValue(field,value)",Schema field/label confirmed; full path + instance + runtime read not verified,Generic API available; this field write NOT verified,Not eligible for Apply; resolve path and test first,,Check type/enable/visibility rules in source,Resolve actual instance/full path; check ASE vs ACT; selection/enable flags; enum mapping; binding; units; round-trip,<AVL_ROOT>/AWS/appl/clients/excite/res/cpp/newloadgen.h,426,Declaring class is context only; struct nesting and array indexing are not resolved
SCH-00045,Power Unit (excite),Load Data,Use Window for Peak Search during Interpolation Process,Bool,,Schema declaration; instance not resolved,CylPressLConditions,peakSearchType,Candidate: GetIntValue(field),"Candidate: SetIntValue(field,value)",Schema field/label confirmed; full path + instance + runtime read not verified,Generic API available; this field write NOT verified,Not eligible for Apply; resolve path and test first,,<visibility_change>,Resolve actual instance/full path; check ASE vs ACT; selection/enable flags; enum mapping; binding; units; round-trip,<AVL_ROOT>/AWS/appl/clients/excite/res/cpp/newloadgen.h,455,Declaring class is context only; struct nesting and array indexing are not resolved
SCH-00046,Power Unit (excite),Load Data,Window Width,double,"angle,deg,deg",Schema declaration; instance not resolved,CylPressLConditions,peakSearchWidth,"Candidate: GetDblValueU(field,unit)","Candidate: SetDblValueU(field,value,unit)",Schema field/label confirmed; full path + instance + runtime read not verified,Generic API available; this field write NOT verified,Not eligible for Apply; resolve path and test first,,Check type/enable/visibility rules in source,Resolve actual instance/full path; check ASE vs ACT; selection/enable flags; enum mapping; binding; units; round-trip,<AVL_ROOT>/AWS/appl/clients/excite/res/cpp/newloadgen.h,457,Declaring class is context only; struct nesting and array indexing are not resolved
SCH-00047,Power Unit (excite),Load Data,Speed,double,"ang_vel,rpm,rpm",Schema declaration; instance not resolved,LoadItem,espeed,"Candidate: GetDblValueU(field,unit)","Candidate: SetDblValueU(field,value,unit)",Schema field/label confirmed; full path + instance + runtime read not verified,Generic API available; this field write NOT verified,Not eligible for Apply; resolve path and test first,,Check type/enable/visibility rules in source,Resolve actual instance/full path; check ASE vs ACT; selection/enable flags; enum mapping; binding; units; round-trip,<AVL_ROOT>/AWS/appl/clients/excite/res/cpp/newloadgen.h,507,Declaring class is context only; struct nesting and array indexing are not resolved
SCH-00048,Power Unit (excite),Load Data,Load Item,char*,,Schema declaration; instance not resolved,LoadItem,node_name,Candidate: GetStrValue(field),"Candidate: SetStrValue(field,value)",Schema field/label confirmed; full path + instance + runtime read not verified,Generic API available; this field write NOT verified,Not eligible for Apply; resolve path and test first,,Check type/enable/visibility rules in source,Resolve actual instance/full path; check ASE vs ACT; selection/enable flags; enum mapping; binding; units; round-trip,<AVL_ROOT>/AWS/appl/clients/excite/res/cpp/newloadgen.h,517,Declaring class is context only; struct nesting and array indexing are not resolved
SCH-00049,Power Unit (excite),Load Data,Constant,Bool,,Schema declaration; instance not resolved,LoadItem,constLoadItem,Candidate: GetIntValue(field),"Candidate: SetIntValue(field,value)",Schema field/label confirmed; full path + instance + runtime read not verified,Generic API available; this field write NOT verified,Not eligible for Apply; resolve path and test first,,<visibility_change>,Resolve actual instance/full path; check ASE vs ACT; selection/enable flags; enum mapping; binding; units; round-trip,<AVL_ROOT>/AWS/appl/clients/excite/res/cpp/newloadgen.h,551,Declaring class is context only; struct nesting and array indexing are not resolved
SCH-00050,Power Unit (excite),Load Data,Shift,double**,,Schema declaration; instance not resolved,LoadItem,constLoadData,"Candidate: WSClass.GetWSMatrix(field,0)",Candidate: WSMatrix typed setters + ReleaseHandle,Schema field/label confirmed; full path + instance + runtime read not verified,Generic API available; this field write NOT verified,Not eligible for Apply; resolve path and test first,,Check type/enable/visibility rules in source,Resolve actual instance/full path; check ASE vs ACT; selection/enable flags; enum mapping; binding; units; round-trip,<AVL_ROOT>/AWS/appl/clients/excite/res/cpp/newloadgen.h,554,Declaring class is context only; struct nesting and array indexing are not resolved
SCH-00051,Power Unit (excite),Load Data,Make Periodic,Bool,,Schema declaration; instance not resolved,LoadItem,make_periodic,Candidate: GetIntValue(field),"Candidate: SetIntValue(field,value)",Schema field/label confirmed; full path + instance + runtime read not verified,Generic API available; this field write NOT verified,Not eligible for Apply; resolve path and test first,,Check type/enable/visibility rules in source,Resolve actual instance/full path; check ASE vs ACT; selection/enable flags; enum mapping; binding; units; round-trip,<AVL_ROOT>/AWS/appl/clients/excite/res/cpp/newloadgen.h,569,Declaring class is context only; struct nesting and array indexing are not resolved
SCH-00052,Power Unit (excite),Load Data,Shift to Base Period (0-360/720 deg),Bool,,Schema declaration; instance not resolved,LoadItem,shift_to_base,Candidate: GetIntValue(field),"Candidate: SetIntValue(field,value)",Schema field/label confirmed; full path + instance + runtime read not verified,Generic API available; this field write NOT verified,Not eligible for Apply; resolve path and test first,,Check type/enable/visibility rules in source,Resolve actual instance/full path; check ASE vs ACT; selection/enable flags; enum mapping; binding; units; round-trip,<AVL_ROOT>/AWS/appl/clients/excite/res/cpp/newloadgen.h,570,Declaring class is context only; struct nesting and array indexing are not resolved
SCH-00053,Power Unit (excite),Load Data,Cyclic Shift,Bool,,Schema declaration; instance not resolved,LoadItem,cyclic_flag,Candidate: GetIntValue(field),"Candidate: SetIntValue(field,value)",Schema field/label confirmed; full path + instance + runtime read not verified,Generic API available; this field write NOT verified,Not eligible for Apply; resolve path and test first,,<visibility_change>,Resolve actual instance/full path; check ASE vs ACT; selection/enable flags; enum mapping; binding; units; round-trip,<AVL_ROOT>/AWS/appl/clients/excite/res/cpp/newloadgen.h,572,Declaring class is context only; struct nesting and array indexing are not resolved
SCH-00054,Power Unit (excite),Load Data,Add (A),Bool,,Schema declaration; instance not resolved,LoadItem,trans_shift,Candidate: GetIntValue(field),"Candidate: SetIntValue(field,value)",Schema field/label confirmed; full path + instance + runtime read not verified,Generic API available; this field write NOT verified,Not eligible for Apply; resolve path and test first,,<visibility_change>,Resolve actual instance/full path; check ASE vs ACT; selection/enable flags; enum mapping; binding; units; round-trip,<AVL_ROOT>/AWS/appl/clients/excite/res/cpp/newloadgen.h,579,Declaring class is context only; struct nesting and array indexing are not resolved
SCH-00055,Power Unit (excite),Load Data,Scale (S),Bool,,Schema declaration; instance not resolved,LoadItem,trans_scale,Candidate: GetIntValue(field),"Candidate: SetIntValue(field,value)",Schema field/label confirmed; full path + instance + runtime read not verified,Generic API available; this field write NOT verified,Not eligible for Apply; resolve path and test first,,<visibility_change>,Resolve actual instance/full path; check ASE vs ACT; selection/enable flags; enum mapping; binding; units; round-trip,<AVL_ROOT>/AWS/appl/clients/excite/res/cpp/newloadgen.h,581,Declaring class is context only; struct nesting and array indexing are not resolved
SCH-00056,Power Unit (excite),Load Data,Rotate (R),Bool,,Schema declaration; instance not resolved,LoadItem,trans_rotate,Candidate: GetIntValue(field),"Candidate: SetIntValue(field,value)",Schema field/label confirmed; full path + instance + runtime read not verified,Generic API available; this field write NOT verified,Not eligible for Apply; resolve path and test first,,<visibility_change>,Resolve actual instance/full path; check ASE vs ACT; selection/enable flags; enum mapping; binding; units; round-trip,<AVL_ROOT>/AWS/appl/clients/excite/res/cpp/newloadgen.h,583,Declaring class is context only; struct nesting and array indexing are not resolved
SCH-00057,Power Unit (excite),Load Data,Shift,double**,,Schema declaration; instance not resolved,LoadItem,addmat,"Candidate: WSClass.GetWSMatrix(field,0)",Candidate: WSMatrix typed setters + ReleaseHandle,Schema field/label confirmed; full path + instance + runtime read not verified,Generic API available; this field write NOT verified,Not eligible for Apply; resolve path and test first,,Check type/enable/visibility rules in source,Resolve actual instance/full path; check ASE vs ACT; selection/enable flags; enum mapping; binding; units; round-trip,<AVL_ROOT>/AWS/appl/clients/excite/res/cpp/newloadgen.h,587,Declaring class is context only; struct nesting and array indexing are not resolved
SCH-00058,Power Unit (excite),Load Data,Scale,double**,,Schema declaration; instance not resolved,LoadItem,scalemat,"Candidate: WSClass.GetWSMatrix(field,0)",Candidate: WSMatrix typed setters + ReleaseHandle,Schema field/label confirmed; full path + instance + runtime read not verified,Generic API available; this field write NOT verified,Not eligible for Apply; resolve path and test first,,Check type/enable/visibility rules in source,Resolve actual instance/full path; check ASE vs ACT; selection/enable flags; enum mapping; binding; units; round-trip,<AVL_ROOT>/AWS/appl/clients/excite/res/cpp/newloadgen.h,598,Declaring class is context only; struct nesting and array indexing are not resolved
SCH-00059,Power Unit (excite),Load Data,RotMatrix,double**,,Schema declaration; instance not resolved,LoadItem,rmat,"Candidate: WSClass.GetWSMatrix(field,0)",Candidate: WSMatrix typed setters + ReleaseHandle,Schema field/label confirmed; full path + instance + runtime read not verified,Generic API available; this field write NOT verified,Not eligible for Apply; resolve path and test first,,Check type/enable/visibility rules in source,Resolve actual instance/full path; check ASE vs ACT; selection/enable flags; enum mapping; binding; units; round-trip,<AVL_ROOT>/AWS/appl/clients/excite/res/cpp/newloadgen.h,606,Declaring class is context only; struct nesting and array indexing are not resolved
SCH-00060,Power Unit (excite),Load Data,Load Data,double**,,Schema declaration; instance not resolved,LoadItem,data,"Candidate: WSClass.GetWSMatrix(field,0)",Candidate: WSMatrix typed setters + ReleaseHandle,Schema field/label confirmed; full path + instance + runtime read not verified,Generic API available; this field write NOT verified,Not eligible for Apply; resolve path and test first,,Check type/enable/visibility rules in source,Resolve actual instance/full path; check ASE vs ACT; selection/enable flags; enum mapping; binding; units; round-trip,<AVL_ROOT>/AWS/appl/clients/excite/res/cpp/newloadgen.h,616,Declaring class is context only; struct nesting and array indexing are not resolved
SCH-00061,Power Unit (excite),Load Data,Load Data,double**,,Schema declaration; instance not resolved,LoadItem,data_harmonics,"Candidate: WSClass.GetWSMatrix(field,0)",Candidate: WSMatrix typed setters + ReleaseHandle,Schema field/label confirmed; full path + instance + runtime read not verified,Generic API available; this field write NOT verified,Not eligible for Apply; resolve path and test first,,Check type/enable/visibility rules in source,Resolve actual instance/full path; check ASE vs ACT; selection/enable flags; enum mapping; binding; units; round-trip,<AVL_ROOT>/AWS/appl/clients/excite/res/cpp/newloadgen.h,634,Declaring class is context only; struct nesting and array indexing are not resolved
SCH-00062,Power Unit (excite),Load Data,File Name,char*,,Schema declaration; instance not resolved,LoadItem,file,Candidate: GetStrValue(field),"Candidate: SetStrValue(field,value)",Schema field/label confirmed; full path + instance + runtime read not verified,Generic API available; this field write NOT verified,Not eligible for Apply; resolve path and test first,,"<visibility=type,value-int,3,4>",Resolve actual instance/full path; check ASE vs ACT; selection/enable flags; enum mapping; binding; units; round-trip,<AVL_ROOT>/AWS/appl/clients/excite/res/cpp/newloadgen.h,679,Declaring class is context only; struct nesting and array indexing are not resolved
SCH-00063,Power Unit (excite),Load Data,File Name,char*,,Schema declaration; instance not resolved,LoadItem,file_harmonics,Candidate: GetStrValue(field),"Candidate: SetStrValue(field,value)",Schema field/label confirmed; full path + instance + runtime read not verified,Generic API available; this field write NOT verified,Not eligible for Apply; resolve path and test first,,Check type/enable/visibility rules in source,Resolve actual instance/full path; check ASE vs ACT; selection/enable flags; enum mapping; binding; units; round-trip,<AVL_ROOT>/AWS/appl/clients/excite/res/cpp/newloadgen.h,682,Declaring class is context only; struct nesting and array indexing are not resolved
SCH-00064,Power Unit (excite),Load Data,Automatic Reload,Bool,,Schema declaration; instance not resolved,LoadItem,aut_rel,Candidate: GetIntValue(field),"Candidate: SetIntValue(field,value)",Schema field/label confirmed; full path + instance + runtime read not verified,Generic API available; this field write NOT verified,Not eligible for Apply; resolve path and test first,,"<visibility=type,value-int,3,4>",Resolve actual instance/full path; check ASE vs ACT; selection/enable flags; enum mapping; binding; units; round-trip,<AVL_ROOT>/AWS/appl/clients/excite/res/cpp/newloadgen.h,687,Declaring class is context only; struct nesting and array indexing are not resolved
SCH-00065,Power Unit (excite),Load Data,Automatic Reload,Bool,,Schema declaration; instance not resolved,LoadItem,aut_rel_harmonics,Candidate: GetIntValue(field),"Candidate: SetIntValue(field,value)",Schema field/label confirmed; full path + instance + runtime read not verified,Generic API available; this field write NOT verified,Not eligible for Apply; resolve path and test first,,"<visibility=type,value-int,0,1,2>",Resolve actual instance/full path; check ASE vs ACT; selection/enable flags; enum mapping; binding; units; round-trip,<AVL_ROOT>/AWS/appl/clients/excite/res/cpp/newloadgen.h,690,Declaring class is context only; struct nesting and array indexing are not resolved
SCH-00066,Power Unit (excite),Load Data,Use Data File Path Parameter,Bool,,Schema declaration; instance not resolved,LoadItem,def_pat,Candidate: GetIntValue(field),"Candidate: SetIntValue(field,value)",Schema field/label confirmed; full path + instance + runtime read not verified,Generic API available; this field write NOT verified,Not eligible for Apply; resolve path and test first,,"<visibility=type,value-int,3,4>",Resolve actual instance/full path; check ASE vs ACT; selection/enable flags; enum mapping; binding; units; round-trip,<AVL_ROOT>/AWS/appl/clients/excite/res/cpp/newloadgen.h,695,Declaring class is context only; struct nesting and array indexing are not resolved
SCH-00067,Power Unit (excite),Load Data,Use Data File Path Parameter,Bool,,Schema declaration; instance not resolved,LoadItem,def_pat_harmonics,Candidate: GetIntValue(field),"Candidate: SetIntValue(field,value)",Schema field/label confirmed; full path + instance + runtime read not verified,Generic API available; this field write NOT verified,Not eligible for Apply; resolve path and test first,,Check type/enable/visibility rules in source,Resolve actual instance/full path; check ASE vs ACT; selection/enable flags; enum mapping; binding; units; round-trip,<AVL_ROOT>/AWS/appl/clients/excite/res/cpp/newloadgen.h,700,Declaring class is context only; struct nesting and array indexing are not resolved
SCH-00068,Power Unit (excite),Load Data,Load Item,char*,,Schema declaration; instance not resolved,LoadItemSpeedDep,node_name,Candidate: GetStrValue(field),"Candidate: SetStrValue(field,value)",Schema field/label confirmed; full path + instance + runtime read not verified,Generic API available; this field write NOT verified,Not eligible for Apply; resolve path and test first,,Check type/enable/visibility rules in source,Resolve actual instance/full path; check ASE vs ACT; selection/enable flags; enum mapping; binding; units; round-trip,<AVL_ROOT>/AWS/appl/clients/excite/res/cpp/newloadgen.h,717,Declaring class is context only; struct nesting and array indexing are not resolved
SCH-00069,Power Unit (excite),Load Data,At Engine Speed,double,"ang_vel,rpm,rpm",Schema declaration; instance not resolved,LoadItemAutoGenerated,speed,"Candidate: GetDblValueU(field,unit)","Candidate: SetDblValueU(field,value,unit)",Schema field/label confirmed; full path + instance + runtime read not verified,Generic API available; this field write NOT verified,Not eligible for Apply; resolve path and test first,,"<visibility=1_isRunup,class-int,1>",Resolve actual instance/full path; check ASE vs ACT; selection/enable flags; enum mapping; binding; units; round-trip,<AVL_ROOT>/AWS/appl/clients/excite/res/cpp/newloadgen.h,758,Declaring class is context only; struct nesting and array indexing are not resolved
SCH-00070,Power Unit (excite),Load Data,Piston,Bool,,Schema declaration; instance not resolved,LoadItemAutoGenerated,piston,Candidate: GetIntValue(field),"Candidate: SetIntValue(field,value)",Schema field/label confirmed; full path + instance + runtime read not verified,Generic API available; this field write NOT verified,Not eligible for Apply; resolve path and test first,,Check type/enable/visibility rules in source,Resolve actual instance/full path; check ASE vs ACT; selection/enable flags; enum mapping; binding; units; round-trip,<AVL_ROOT>/AWS/appl/clients/excite/res/cpp/newloadgen.h,775,Declaring class is context only; struct nesting and array indexing are not resolved
SCH-00071,Power Unit (excite),Load Data,Crank Pin,Bool,,Schema declaration; instance not resolved,LoadItemAutoGenerated,crpin,Candidate: GetIntValue(field),"Candidate: SetIntValue(field,value)",Schema field/label confirmed; full path + instance + runtime read not verified,Generic API available; this field write NOT verified,Not eligible for Apply; resolve path and test first,,Check type/enable/visibility rules in source,Resolve actual instance/full path; check ASE vs ACT; selection/enable flags; enum mapping; binding; units; round-trip,<AVL_ROOT>/AWS/appl/clients/excite/res/cpp/newloadgen.h,776,Declaring class is context only; struct nesting and array indexing are not resolved
SCH-00072,Power Unit (excite),Load Data,Main Bearing,Bool,,Schema declaration; instance not resolved,LoadItemAutoGenerated,mj,Candidate: GetIntValue(field),"Candidate: SetIntValue(field,value)",Schema field/label confirmed; full path + instance + runtime read not verified,Generic API available; this field write NOT verified,Not eligible for Apply; resolve path and test first,,Check type/enable/visibility rules in source,Resolve actual instance/full path; check ASE vs ACT; selection/enable flags; enum mapping; binding; units; round-trip,<AVL_ROOT>/AWS/appl/clients/excite/res/cpp/newloadgen.h,777,Declaring class is context only; struct nesting and array indexing are not resolved
SCH-00073,Power Unit (excite),Load Data,Conrod Small End,Bool,,Schema declaration; instance not resolved,LoadItemAutoGenerated,conrod_se,Candidate: GetIntValue(field),"Candidate: SetIntValue(field,value)",Schema field/label confirmed; full path + instance + runtime read not verified,Generic API available; this field write NOT verified,Not eligible for Apply; resolve path and test first,,Check type/enable/visibility rules in source,Resolve actual instance/full path; check ASE vs ACT; selection/enable flags; enum mapping; binding; units; round-trip,<AVL_ROOT>/AWS/appl/clients/excite/res/cpp/newloadgen.h,779,Declaring class is context only; struct nesting and array indexing are not resolved
SCH-00074,Power Unit (excite),Load Data,Piston Boss,Bool,,Schema declaration; instance not resolved,LoadItemAutoGenerated,pboss,Candidate: GetIntValue(field),"Candidate: SetIntValue(field,value)",Schema field/label confirmed; full path + instance + runtime read not verified,Generic API available; this field write NOT verified,Not eligible for Apply; resolve path and test first,,Check type/enable/visibility rules in source,Resolve actual instance/full path; check ASE vs ACT; selection/enable flags; enum mapping; binding; units; round-trip,<AVL_ROOT>/AWS/appl/clients/excite/res/cpp/newloadgen.h,780,Declaring class is context only; struct nesting and array indexing are not resolved
SCH-00075,Power Unit (excite),Load Data,Web,Bool,,Schema declaration; instance not resolved,LoadItemAutoGenerated,webl,Candidate: GetIntValue(field),"Candidate: SetIntValue(field,value)",Schema field/label confirmed; full path + instance + runtime read not verified,Generic API available; this field write NOT verified,Not eligible for Apply; resolve path and test first,,Check type/enable/visibility rules in source,Resolve actual instance/full path; check ASE vs ACT; selection/enable flags; enum mapping; binding; units; round-trip,<AVL_ROOT>/AWS/appl/clients/excite/res/cpp/newloadgen.h,781,Declaring class is context only; struct nesting and array indexing are not resolved
SCH-00076,Power Unit (excite),Load Data,Output Torque,Bool,,Schema declaration; instance not resolved,LoadItemAutoGenerated,torque,Candidate: GetIntValue(field),"Candidate: SetIntValue(field,value)",Schema field/label confirmed; full path + instance + runtime read not verified,Generic API available; this field write NOT verified,Not eligible for Apply; resolve path and test first,,Check type/enable/visibility rules in source,Resolve actual instance/full path; check ASE vs ACT; selection/enable flags; enum mapping; binding; units; round-trip,<AVL_ROOT>/AWS/appl/clients/excite/res/cpp/newloadgen.h,783,Declaring class is context only; struct nesting and array indexing are not resolved
SCH-00077,Power Unit (excite),Load Data,Period Length,double,"simtime1,deg",Schema declaration; instance not resolved,LoadItemAutoGenerated,phaseOutTPout,"Candidate: GetDblValueU(field,unit)","Candidate: SetDblValueU(field,value,unit)",Schema field/label confirmed; full path + instance + runtime read not verified,Generic API available; this field write NOT verified,Not eligible for Apply; resolve path and test first,,Check type/enable/visibility rules in source,Resolve actual instance/full path; check ASE vs ACT; selection/enable flags; enum mapping; binding; units; round-trip,<AVL_ROOT>/AWS/appl/clients/excite/res/cpp/newloadgen.h,788,Declaring class is context only; struct nesting and array indexing are not resolved
SCH-00078,Power Unit (excite),Load Data,Search Filter,char*,,Schema declaration; instance not resolved,FilterNamesDialog,textFilter,Candidate: GetStrValue(field),"Candidate: SetStrValue(field,value)",Schema field/label confirmed; full path + instance + runtime read not verified,Generic API available; this field write NOT verified,Not eligible for Apply; resolve path and test first,,Check type/enable/visibility rules in source,Resolve actual instance/full path; check ASE vs ACT; selection/enable flags; enum mapping; binding; units; round-trip,<AVL_ROOT>/AWS/appl/clients/excite/res/cpp/newloadgen.h,881,Declaring class is context only; struct nesting and array indexing are not resolved
SCH-00079,Power Unit (excite),Load Data,Body Load,char*,,Schema declaration; instance not resolved,NLoadSet,node_name,Candidate: GetStrValue(field),"Candidate: SetStrValue(field,value)",Schema field/label confirmed; full path + instance + runtime read not verified,Generic API available; this field write NOT verified,Not eligible for Apply; resolve path and test first,,Check type/enable/visibility rules in source,Resolve actual instance/full path; check ASE vs ACT; selection/enable flags; enum mapping; binding; units; round-trip,<AVL_ROOT>/AWS/appl/clients/excite/res/cpp/newloadgen.h,1010,Declaring class is context only; struct nesting and array indexing are not resolved
SCH-00080,Power Unit (excite),Load Data,Activate Load,Bool,,Schema declaration; instance not resolved,NLoadSet,setActive,Candidate: GetIntValue(field),"Candidate: SetIntValue(field,value)",Schema field/label confirmed; full path + instance + runtime read not verified,Generic API available; this field write NOT verified,Not eligible for Apply; resolve path and test first,,<visibility_change>,Resolve actual instance/full path; check ASE vs ACT; selection/enable flags; enum mapping; binding; units; round-trip,<AVL_ROOT>/AWS/appl/clients/excite/res/cpp/newloadgen.h,1016,Declaring class is context only; struct nesting and array indexing are not resolved
SCH-00081,Power Unit (excite),Load Data,Load is defined vs local rotation angle,Bool,,Schema declaration; instance not resolved,NLoadSet,loadVsLocRAngle,Candidate: GetIntValue(field),"Candidate: SetIntValue(field,value)",Schema field/label confirmed; full path + instance + runtime read not verified,Generic API available; this field write NOT verified,Not eligible for Apply; resolve path and test first,,<visibility_change>,Resolve actual instance/full path; check ASE vs ACT; selection/enable flags; enum mapping; binding; units; round-trip,<AVL_ROOT>/AWS/appl/clients/excite/res/cpp/newloadgen.h,1048,Declaring class is context only; struct nesting and array indexing are not resolved
SCH-00082,Power Unit (excite),Load Data,Ignore Initial Rotation of Reference Body,Bool,,Schema declaration; instance not resolved,NLoadSet,iirorb,Candidate: GetIntValue(field),"Candidate: SetIntValue(field,value)",Schema field/label confirmed; full path + instance + runtime read not verified,Generic API available; this field write NOT verified,Not eligible for Apply; resolve path and test first,,Check type/enable/visibility rules in source,Resolve actual instance/full path; check ASE vs ACT; selection/enable flags; enum mapping; binding; units; round-trip,<AVL_ROOT>/AWS/appl/clients/excite/res/cpp/newloadgen.h,1090,Declaring class is context only; struct nesting and array indexing are not resolved
SCH-00083,Power Unit (excite),Load Data,X-Shift,Bool,,Schema declaration; instance not resolved,NLoadSet,useXshift,Candidate: GetIntValue(field),"Candidate: SetIntValue(field,value)",Schema field/label confirmed; full path + instance + runtime read not verified,Generic API available; this field write NOT verified,Not eligible for Apply; resolve path and test first,,<visibility_change>,Resolve actual instance/full path; check ASE vs ACT; selection/enable flags; enum mapping; binding; units; round-trip,<AVL_ROOT>/AWS/appl/clients/excite/res/cpp/newloadgen.h,1094,Declaring class is context only; struct nesting and array indexing are not resolved
SCH-00084,Power Unit (excite),Load Data,Uniform Distribution (Scale),Bool,,Schema declaration; instance not resolved,NLoadSet,uniform,Candidate: GetIntValue(field),"Candidate: SetIntValue(field,value)",Schema field/label confirmed; full path + instance + runtime read not verified,Generic API available; this field write NOT verified,Not eligible for Apply; resolve path and test first,,"<visibility=1_useNS,class-int,1>",Resolve actual instance/full path; check ASE vs ACT; selection/enable flags; enum mapping; binding; units; round-trip,<AVL_ROOT>/AWS/appl/clients/excite/res/cpp/newloadgen.h,1106,Declaring class is context only; struct nesting and array indexing are not resolved
SCH-00085,Power Unit (excite),Load Data,Body,ASEenum,,Schema declaration; instance not resolved,NLoadSet,rbody_ld,Candidate: GetIntValue(field),"Candidate: SetIntValue(field,value)",Schema field/label confirmed; full path + instance + runtime read not verified,Generic API available; this field write NOT verified,Not eligible for Apply; resolve path and test first,,Check type/enable/visibility rules in source,Resolve actual instance/full path; check ASE vs ACT; selection/enable flags; enum mapping; binding; units; round-trip,<AVL_ROOT>/AWS/appl/clients/excite/res/cpp/newloadgen.h,1145,"Schema labels: """""
SCH-00086,Power Unit (excite),Load Data,Reference Speed,double,"ang_vel,rpm",Schema declaration; instance not resolved,NLoadSet,omega_ld,"Candidate: GetDblValueU(field,unit)","Candidate: SetDblValueU(field,value,unit)",Schema field/label confirmed; full path + instance + runtime read not verified,Generic API available; this field write NOT verified,Not eligible for Apply; resolve path and test first,,Check type/enable/visibility rules in source,Resolve actual instance/full path; check ASE vs ACT; selection/enable flags; enum mapping; binding; units; round-trip,<AVL_ROOT>/AWS/appl/clients/excite/res/cpp/newloadgen.h,1156,Declaring class is context only; struct nesting and array indexing are not resolved
SCH-00087,Power Unit (excite),Load Data,Link to CTG,Bool,,Schema declaration; instance not resolved,NLoadSet,link_ld,Candidate: GetIntValue(field),"Candidate: SetIntValue(field,value)",Schema field/label confirmed; full path + instance + runtime read not verified,Generic API available; this field write NOT verified,Not eligible for Apply; resolve path and test first,,Check type/enable/visibility rules in source,Resolve actual instance/full path; check ASE vs ACT; selection/enable flags; enum mapping; binding; units; round-trip,<AVL_ROOT>/AWS/appl/clients/excite/res/cpp/newloadgen.h,1159,Declaring class is context only; struct nesting and array indexing are not resolved
SCH-00088,Power Unit (excite),Load Data,Sensor,ASEenum,,Schema declaration; instance not resolved,NLoadSet,sensor,Candidate: GetIntValue(field),"Candidate: SetIntValue(field,value)",Schema field/label confirmed; full path + instance + runtime read not verified,Generic API available; this field write NOT verified,Not eligible for Apply; resolve path and test first,,Check type/enable/visibility rules in source,Resolve actual instance/full path; check ASE vs ACT; selection/enable flags; enum mapping; binding; units; round-trip,<AVL_ROOT>/AWS/appl/clients/excite/res/cpp/newloadgen.h,1185,Declaring class is context only; struct nesting and array indexing are not resolved
SCH-00089,Power Unit (excite),Load Data,Name,char*,,Schema declaration; instance not resolved,NLoadSet,channel_name,Candidate: GetStrValue(field),"Candidate: SetStrValue(field,value)",Schema field/label confirmed; full path + instance + runtime read not verified,Generic API available; this field write NOT verified,Not eligible for Apply; resolve path and test first,,Check type/enable/visibility rules in source,Resolve actual instance/full path; check ASE vs ACT; selection/enable flags; enum mapping; binding; units; round-trip,<AVL_ROOT>/AWS/appl/clients/excite/res/cpp/newloadgen.h,1187,Declaring class is context only; struct nesting and array indexing are not resolved
SCH-00090,Power Unit (excite),Load Data,Reference system,ASEenum,,Schema declaration; instance not resolved,NLoadSet,ref_system,Candidate: GetIntValue(field),"Candidate: SetIntValue(field,value)",Schema field/label confirmed; full path + instance + runtime read not verified,Generic API available; this field write NOT verified,Not eligible for Apply; resolve path and test first,,Check type/enable/visibility rules in source,Resolve actual instance/full path; check ASE vs ACT; selection/enable flags; enum mapping; binding; units; round-trip,<AVL_ROOT>/AWS/appl/clients/excite/res/cpp/newloadgen.h,1189,Declaring class is context only; struct nesting and array indexing are not resolved
SCH-00091,Power Unit (excite),Load Data,Define custom rotation,Bool,,Schema declaration; instance not resolved,NLoadSet,custom,Candidate: GetIntValue(field),"Candidate: SetIntValue(field,value)",Schema field/label confirmed; full path + instance + runtime read not verified,Generic API available; this field write NOT verified,Not eligible for Apply; resolve path and test first,,<visibility_change>,Resolve actual instance/full path; check ASE vs ACT; selection/enable flags; enum mapping; binding; units; round-trip,<AVL_ROOT>/AWS/appl/clients/excite/res/cpp/newloadgen.h,1193,Declaring class is context only; struct nesting and array indexing are not resolved
SCH-00092,Power Unit (excite),Load Data,Initial angle,double,"angle,rad,rad",Schema declaration; instance not resolved,NLoadSet,ang_r,"Candidate: GetDblValueU(field,unit)","Candidate: SetDblValueU(field,value,unit)",Schema field/label confirmed; full path + instance + runtime read not verified,Generic API available; this field write NOT verified,Not eligible for Apply; resolve path and test first,,Check type/enable/visibility rules in source,Resolve actual instance/full path; check ASE vs ACT; selection/enable flags; enum mapping; binding; units; round-trip,<AVL_ROOT>/AWS/appl/clients/excite/res/cpp/newloadgen.h,1201,Declaring class is context only; struct nesting and array indexing are not resolved
SCH-00093,Power Unit (excite),Load Data,Reference Speed,double,"ang_vel,rpm",Schema declaration; instance not resolved,NLoadSet,omega_senesor,"Candidate: GetDblValueU(field,unit)","Candidate: SetDblValueU(field,value,unit)",Schema field/label confirmed; full path + instance + runtime read not verified,Generic API available; this field write NOT verified,Not eligible for Apply; resolve path and test first,,Check type/enable/visibility rules in source,Resolve actual instance/full path; check ASE vs ACT; selection/enable flags; enum mapping; binding; units; round-trip,<AVL_ROOT>/AWS/appl/clients/excite/res/cpp/newloadgen.h,1207,Declaring class is context only; struct nesting and array indexing are not resolved
SCH-00094,Power Unit (excite),Load Data,Link to CTG,Bool,,Schema declaration; instance not resolved,NLoadSet,link_sensor,Candidate: GetIntValue(field),"Candidate: SetIntValue(field,value)",Schema field/label confirmed; full path + instance + runtime read not verified,Generic API available; this field write NOT verified,Not eligible for Apply; resolve path and test first,,Check type/enable/visibility rules in source,Resolve actual instance/full path; check ASE vs ACT; selection/enable flags; enum mapping; binding; units; round-trip,<AVL_ROOT>/AWS/appl/clients/excite/res/cpp/newloadgen.h,1210,Declaring class is context only; struct nesting and array indexing are not resolved
SCH-00095,Power Unit (excite),Load Data,Neg. Slope,ASEenum,,Schema declaration; instance not resolved,NLoadSet,neg_slope,Candidate: GetIntValue(field),"Candidate: SetIntValue(field,value)",Schema field/label confirmed; full path + instance + runtime read not verified,Generic API available; this field write NOT verified,Not eligible for Apply; resolve path and test first,,Check type/enable/visibility rules in source,Resolve actual instance/full path; check ASE vs ACT; selection/enable flags; enum mapping; binding; units; round-trip,<AVL_ROOT>/AWS/appl/clients/excite/res/cpp/newloadgen.h,1228,"Schema labels: ""Auto"",""Value"""
SCH-00096,Power Unit (excite),Load Data,Pos. Slope,ASEenum,,Schema declaration; instance not resolved,NLoadSet,pos_slope,Candidate: GetIntValue(field),"Candidate: SetIntValue(field,value)",Schema field/label confirmed; full path + instance + runtime read not verified,Generic API available; this field write NOT verified,Not eligible for Apply; resolve path and test first,,Check type/enable/visibility rules in source,Resolve actual instance/full path; check ASE vs ACT; selection/enable flags; enum mapping; binding; units; round-trip,<AVL_ROOT>/AWS/appl/clients/excite/res/cpp/newloadgen.h,1229,"Schema labels: ""Auto"",""Value"""
SCH-00097,Power Unit (excite),Load Data,Same Pressure for all Cylinders,Bool,,Schema declaration; instance not resolved,CylinderPressureAssignment,same4all,Candidate: GetIntValue(field),"Candidate: SetIntValue(field,value)",Schema field/label confirmed; full path + instance + runtime read not verified,Generic API available; this field write NOT verified,Not eligible for Apply; resolve path and test first,,<visibility_change>,Resolve actual instance/full path; check ASE vs ACT; selection/enable flags; enum mapping; binding; units; round-trip,<AVL_ROOT>/AWS/appl/clients/excite/res/cpp/newloadgen.h,1266,Declaring class is context only; struct nesting and array indexing are not resolved
SCH-00098,Power Unit (excite),Load Data,Cylinder,char**,,Schema declaration; instance not resolved,CylinderPressureAssignment,conditions,"Candidate: WSClass.GetWSMatrix(field,0)",Candidate: WSMatrix typed setters + ReleaseHandle,Schema field/label confirmed; full path + instance + runtime read not verified,Generic API available; this field write NOT verified,Not eligible for Apply; resolve path and test first,,Check type/enable/visibility rules in source,Resolve actual instance/full path; check ASE vs ACT; selection/enable flags; enum mapping; binding; units; round-trip,<AVL_ROOT>/AWS/appl/clients/excite/res/cpp/newloadgen.h,1277,Declaring class is context only; struct nesting and array indexing are not resolved
SCH-00099,Power Unit (excite),Load Data,Node Label,int,,Schema declaration; instance not resolved,CylinderPressureAssignment,otnode_label,Candidate: GetIntValue(field),"Candidate: SetIntValue(field,value)",Schema field/label confirmed; full path + instance + runtime read not verified,Generic API available; this field write NOT verified,Not eligible for Apply; resolve path and test first,,Check type/enable/visibility rules in source,Resolve actual instance/full path; check ASE vs ACT; selection/enable flags; enum mapping; binding; units; round-trip,<AVL_ROOT>/AWS/appl/clients/excite/res/cpp/newloadgen.h,1292,Declaring class is context only; struct nesting and array indexing are not resolved
SCH-00100,Power Unit (excite),Load Data,Scale Factor,double,,Schema declaration; instance not resolved,CylinderPressureAssignment,cor_factor,"Candidate: GetDblValueU(field,unit)","Candidate: SetDblValueU(field,value,unit)",Schema field/label confirmed; full path + instance + runtime read not verified,Generic API available; this field write NOT verified,Not eligible for Apply; resolve path and test first,,Check type/enable/visibility rules in source,Resolve actual instance/full path; check ASE vs ACT; selection/enable flags; enum mapping; binding; units; round-trip,<AVL_ROOT>/AWS/appl/clients/excite/res/cpp/newloadgen.h,1295,Declaring class is context only; struct nesting and array indexing are not resolved
SCH-00101,Power Unit (excite),Load Data,Gas Force Load Sets,Bool,,Schema declaration; instance not resolved,GasForce,useGFlsets,Candidate: GetIntValue(field),"Candidate: SetIntValue(field,value)",Schema field/label confirmed; full path + instance + runtime read not verified,Generic API available; this field write NOT verified,Not eligible for Apply; resolve path and test first,,<visibility_change>,Resolve actual instance/full path; check ASE vs ACT; selection/enable flags; enum mapping; binding; units; round-trip,<AVL_ROOT>/AWS/appl/clients/excite/res/cpp/newloadgen.h,1307,Declaring class is context only; struct nesting and array indexing are not resolved
SCH-00102,Power Unit (excite),Load Data,EXCITE Piston && Rings,Bool,,Schema declaration; instance not resolved,PistonSlap,usePSlsets,Candidate: GetIntValue(field),"Candidate: SetIntValue(field,value)",Schema field/label confirmed; full path + instance + runtime read not verified,Generic API available; this field write NOT verified,Not eligible for Apply; resolve path and test first,,<visibility_change>,Resolve actual instance/full path; check ASE vs ACT; selection/enable flags; enum mapping; binding; units; round-trip,<AVL_ROOT>/AWS/appl/clients/excite/res/cpp/newloadgen.h,1345,Declaring class is context only; struct nesting and array indexing are not resolved
SCH-00103,Power Unit (excite),Load Data,EXCITE Piston and Rings Model Path,char*,,Schema declaration; instance not resolved,PistonSlap,modelpath,Candidate: GetStrValue(field),"Candidate: SetStrValue(field,value)",Schema field/label confirmed; full path + instance + runtime read not verified,Generic API available; this field write NOT verified,Not eligible for Apply; resolve path and test first,,Check type/enable/visibility rules in source,Resolve actual instance/full path; check ASE vs ACT; selection/enable flags; enum mapping; binding; units; round-trip,<AVL_ROOT>/AWS/appl/clients/excite/res/cpp/newloadgen.h,1362,Declaring class is context only; struct nesting and array indexing are not resolved
SCH-00104,Power Unit (excite),Load Data,EXCITE Piston and Rings Model,char*,,Schema declaration; instance not resolved,PistonSlap,model,Candidate: GetStrValue(field),"Candidate: SetStrValue(field,value)",Schema field/label confirmed; full path + instance + runtime read not verified,Generic API available; this field write NOT verified,Not eligible for Apply; resolve path and test first,,Check type/enable/visibility rules in source,Resolve actual instance/full path; check ASE vs ACT; selection/enable flags; enum mapping; binding; units; round-trip,<AVL_ROOT>/AWS/appl/clients/excite/res/cpp/newloadgen.h,1368,"Schema labels: ""SameAsExcite"""
SCH-00105,Power Unit (excite),Load Data,Case,char*,,Schema declaration; instance not resolved,PistonSlap,case,Candidate: GetStrValue(field),"Candidate: SetStrValue(field,value)",Schema field/label confirmed; full path + instance + runtime read not verified,Generic API available; this field write NOT verified,Not eligible for Apply; resolve path and test first,,Check type/enable/visibility rules in source,Resolve actual instance/full path; check ASE vs ACT; selection/enable flags; enum mapping; binding; units; round-trip,<AVL_ROOT>/AWS/appl/clients/excite/res/cpp/newloadgen.h,1372,"Schema labels: ""SameAsExcite"""
SCH-00106,Power Unit (excite),Load Data,EXCITE Timing Drive Link,Bool,,Schema declaration; instance not resolved,TimingDrive,useTDlsets,Candidate: GetIntValue(field),"Candidate: SetIntValue(field,value)",Schema field/label confirmed; full path + instance + runtime read not verified,Generic API available; this field write NOT verified,Not eligible for Apply; resolve path and test first,,<visibility_change>,Resolve actual instance/full path; check ASE vs ACT; selection/enable flags; enum mapping; binding; units; round-trip,<AVL_ROOT>/AWS/appl/clients/excite/res/cpp/newloadgen.h,1439,Declaring class is context only; struct nesting and array indexing are not resolved
SCH-00107,Power Unit (excite),Load Data,EXCITE Timing Drive Model Path,char*,,Schema declaration; instance not resolved,TimingDrive,modelpath,Candidate: GetStrValue(field),"Candidate: SetStrValue(field,value)",Schema field/label confirmed; full path + instance + runtime read not verified,Generic API available; this field write NOT verified,Not eligible for Apply; resolve path and test first,,Check type/enable/visibility rules in source,Resolve actual instance/full path; check ASE vs ACT; selection/enable flags; enum mapping; binding; units; round-trip,<AVL_ROOT>/AWS/appl/clients/excite/res/cpp/newloadgen.h,1460,Declaring class is context only; struct nesting and array indexing are not resolved
SCH-00108,Power Unit (excite),Load Data,EXCITE Timing Drive Model,char*,,Schema declaration; instance not resolved,TimingDrive,model,Candidate: GetStrValue(field),"Candidate: SetStrValue(field,value)",Schema field/label confirmed; full path + instance + runtime read not verified,Generic API available; this field write NOT verified,Not eligible for Apply; resolve path and test first,,Check type/enable/visibility rules in source,Resolve actual instance/full path; check ASE vs ACT; selection/enable flags; enum mapping; binding; units; round-trip,<AVL_ROOT>/AWS/appl/clients/excite/res/cpp/newloadgen.h,1468,"Schema labels: ""AVL_Leader"""
SCH-00109,Power Unit (excite),Load Data,Case,char*,,Schema declaration; instance not resolved,TimingDrive,case,Candidate: GetStrValue(field),"Candidate: SetStrValue(field,value)",Schema field/label confirmed; full path + instance + runtime read not verified,Generic API available; this field write NOT verified,Not eligible for Apply; resolve path and test first,,Check type/enable/visibility rules in source,Resolve actual instance/full path; check ASE vs ACT; selection/enable flags; enum mapping; binding; units; round-trip,<AVL_ROOT>/AWS/appl/clients/excite/res/cpp/newloadgen.h,1472,"Schema labels: ""3000_full"""
SCH-00110,Power Unit (excite),Load Data,Transformation Matrix (Xexcite_td=R.Xexcite),double**,,Schema declaration; instance not resolved,TimingDrive,rmat,"Candidate: WSClass.GetWSMatrix(field,0)",Candidate: WSMatrix typed setters + ReleaseHandle,Schema field/label confirmed; full path + instance + runtime read not verified,Generic API available; this field write NOT verified,Not eligible for Apply; resolve path and test first,,Check type/enable/visibility rules in source,Resolve actual instance/full path; check ASE vs ACT; selection/enable flags; enum mapping; binding; units; round-trip,<AVL_ROOT>/AWS/appl/clients/excite/res/cpp/newloadgen.h,1482,Declaring class is context only; struct nesting and array indexing are not resolved
SCH-00111,Power Unit (excite),Load Data,Co-Simulation with EXCITE Timing Drive,Bool,,Schema declaration; instance not resolved,TimingDrive,coupling,Candidate: GetIntValue(field),"Candidate: SetIntValue(field,value)",Schema field/label confirmed; full path + instance + runtime read not verified,Generic API available; this field write NOT verified,Not eligible for Apply; resolve path and test first,,<visibility_change>,Resolve actual instance/full path; check ASE vs ACT; selection/enable flags; enum mapping; binding; units; round-trip,<AVL_ROOT>/AWS/appl/clients/excite/res/cpp/newloadgen.h,1488,Declaring class is context only; struct nesting and array indexing are not resolved
SCH-00112,Power Unit (excite),Load Data,Other Loads,char*,,Schema declaration; instance not resolved,Others,node_name,Candidate: GetStrValue(field),"Candidate: SetStrValue(field,value)",Schema field/label confirmed; full path + instance + runtime read not verified,Generic API available; this field write NOT verified,Not eligible for Apply; resolve path and test first,,Check type/enable/visibility rules in source,Resolve actual instance/full path; check ASE vs ACT; selection/enable flags; enum mapping; binding; units; round-trip,<AVL_ROOT>/AWS/appl/clients/excite/res/cpp/newloadgen.h,1507,Declaring class is context only; struct nesting and array indexing are not resolved
SCH-00113,Power Unit (excite),Load Data,Reduced Number of Load Steps,int,,Schema declaration; instance not resolved,RunupWarning,redPts,Candidate: GetIntValue(field),"Candidate: SetIntValue(field,value)",Schema field/label confirmed; full path + instance + runtime read not verified,Generic API available; this field write NOT verified,Not eligible for Apply; resolve path and test first,,Check type/enable/visibility rules in source,Resolve actual instance/full path; check ASE vs ACT; selection/enable flags; enum mapping; binding; units; round-trip,<AVL_ROOT>/AWS/appl/clients/excite/res/cpp/newloadgen.h,1555,Declaring class is context only; struct nesting and array indexing are not resolved
SCH-00114,Power Unit (excite),Load Data,Final Number of Load Steps,int,,Schema declaration; instance not resolved,RunupWarning,finPts,Candidate: GetIntValue(field),"Candidate: SetIntValue(field,value)",Schema field/label confirmed; full path + instance + runtime read not verified,Generic API available; this field write NOT verified,Not eligible for Apply; resolve path and test first,,Check type/enable/visibility rules in source,Resolve actual instance/full path; check ASE vs ACT; selection/enable flags; enum mapping; binding; units; round-trip,<AVL_ROOT>/AWS/appl/clients/excite/res/cpp/newloadgen.h,1556,Declaring class is context only; struct nesting and array indexing are not resolved
SCH-00115,Power Unit (excite),Load Data,Load Case,char*,,Schema declaration; instance not resolved,LoadCase,node_name,Candidate: GetStrValue(field),"Candidate: SetStrValue(field,value)",Schema field/label confirmed; full path + instance + runtime read not verified,Generic API available; this field write NOT verified,Not eligible for Apply; resolve path and test first,,Check type/enable/visibility rules in source,Resolve actual instance/full path; check ASE vs ACT; selection/enable flags; enum mapping; binding; units; round-trip,<AVL_ROOT>/AWS/appl/clients/excite/res/cpp/newloadgen.h,1570,Declaring class is context only; struct nesting and array indexing are not resolved
SCH-00116,Power Unit (excite),Load Data,Default Reference,ASEenum,,Schema declaration; instance not resolved,LoadCase,def_ref,Candidate: GetIntValue(field),"Candidate: SetIntValue(field,value)",Schema field/label confirmed; full path + instance + runtime read not verified,Generic API available; this field write NOT verified,Not eligible for Apply; resolve path and test first,,"<visibility=1_isSensor,class-int,1>",Resolve actual instance/full path; check ASE vs ACT; selection/enable flags; enum mapping; binding; units; round-trip,<AVL_ROOT>/AWS/appl/clients/excite/res/cpp/newloadgen.h,1633,"Schema labels: ""Reference Body ()"""
SCH-00117,Power Unit (excite),Load Data,Reference system,ASEenum,,Schema declaration; instance not resolved,LoadCase,ref_system,Candidate: GetIntValue(field),"Candidate: SetIntValue(field,value)",Schema field/label confirmed; full path + instance + runtime read not verified,Generic API available; this field write NOT verified,Not eligible for Apply; resolve path and test first,,Check type/enable/visibility rules in source,Resolve actual instance/full path; check ASE vs ACT; selection/enable flags; enum mapping; binding; units; round-trip,<AVL_ROOT>/AWS/appl/clients/excite/res/cpp/newloadgen.h,1635,"Schema labels: ""Absolute"""
SCH-00118,Power Unit (excite),Load Data,Define custom rotation,Bool,,Schema declaration; instance not resolved,LoadCase,custom,Candidate: GetIntValue(field),"Candidate: SetIntValue(field,value)",Schema field/label confirmed; full path + instance + runtime read not verified,Generic API available; this field write NOT verified,Not eligible for Apply; resolve path and test first,,<visibility_change>,Resolve actual instance/full path; check ASE vs ACT; selection/enable flags; enum mapping; binding; units; round-trip,<AVL_ROOT>/AWS/appl/clients/excite/res/cpp/newloadgen.h,1638,Declaring class is context only; struct nesting and array indexing are not resolved
SCH-00119,Power Unit (excite),Load Data,Initial angle,double,"angle,rad,rad",Schema declaration; instance not resolved,LoadCase,ang_r,"Candidate: GetDblValueU(field,unit)","Candidate: SetDblValueU(field,value,unit)",Schema field/label confirmed; full path + instance + runtime read not verified,Generic API available; this field write NOT verified,Not eligible for Apply; resolve path and test first,,Check type/enable/visibility rules in source,Resolve actual instance/full path; check ASE vs ACT; selection/enable flags; enum mapping; binding; units; round-trip,<AVL_ROOT>/AWS/appl/clients/excite/res/cpp/newloadgen.h,1647,Declaring class is context only; struct nesting and array indexing are not resolved
SCH-00120,Power Unit (excite),Load Data,Reference Speed,double,"ang_vel,rpm",Schema declaration; instance not resolved,LoadCase,omega,"Candidate: GetDblValueU(field,unit)","Candidate: SetDblValueU(field,value,unit)",Schema field/label confirmed; full path + instance + runtime read not verified,Generic API available; this field write NOT verified,Not eligible for Apply; resolve path and test first,,Check type/enable/visibility rules in source,Resolve actual instance/full path; check ASE vs ACT; selection/enable flags; enum mapping; binding; units; round-trip,<AVL_ROOT>/AWS/appl/clients/excite/res/cpp/newloadgen.h,1653,Declaring class is context only; struct nesting and array indexing are not resolved
SCH-00121,Power Unit (excite),Load Data,Link to Crank Train Globals,Bool,,Schema declaration; instance not resolved,LoadCase,link,Candidate: GetIntValue(field),"Candidate: SetIntValue(field,value)",Schema field/label confirmed; full path + instance + runtime read not verified,Generic API available; this field write NOT verified,Not eligible for Apply; resolve path and test first,,Check type/enable/visibility rules in source,Resolve actual instance/full path; check ASE vs ACT; selection/enable flags; enum mapping; binding; units; round-trip,<AVL_ROOT>/AWS/appl/clients/excite/res/cpp/newloadgen.h,1656,Declaring class is context only; struct nesting and array indexing are not resolved
SCH-00122,Power Unit (excite),Load Data,Constant Acceleration (e.g. Gravity),Bool,,Schema declaration; instance not resolved,LoadCase,constGrav,Candidate: GetIntValue(field),"Candidate: SetIntValue(field,value)",Schema field/label confirmed; full path + instance + runtime read not verified,Generic API available; this field write NOT verified,Not eligible for Apply; resolve path and test first,,<visibility_change>,Resolve actual instance/full path; check ASE vs ACT; selection/enable flags; enum mapping; binding; units; round-trip,<AVL_ROOT>/AWS/appl/clients/excite/res/cpp/newloadgen.h,1663,Declaring class is context only; struct nesting and array indexing are not resolved
SCH-00123,Power Unit (excite),Load Data,Engine Run-up,Bool,,Schema declaration; instance not resolved,LoadCase,is_engineRun,Candidate: GetIntValue(field),"Candidate: SetIntValue(field,value)",Schema field/label confirmed; full path + instance + runtime read not verified,Generic API available; this field write NOT verified,Not eligible for Apply; resolve path and test first,,<visibility_change>,Resolve actual instance/full path; check ASE vs ACT; selection/enable flags; enum mapping; binding; units; round-trip,<AVL_ROOT>/AWS/appl/clients/excite/res/cpp/newloadgen.h,1672,Declaring class is context only; struct nesting and array indexing are not resolved
SCH-00124,Power Unit (excite),Load Data,System Inertia,double,"mom_inert,kgm2",Schema declaration; instance not resolved,LoadCase,ctrainInertia,"Candidate: GetDblValueU(field,unit)","Candidate: SetDblValueU(field,value,unit)",Schema field/label confirmed; full path + instance + runtime read not verified,Generic API available; this field write NOT verified,Not eligible for Apply; resolve path and test first,,"<visibility=1_sole_pack,class-int,0>",Resolve actual instance/full path; check ASE vs ACT; selection/enable flags; enum mapping; binding; units; round-trip,<AVL_ROOT>/AWS/appl/clients/excite/res/cpp/newloadgen.h,1679,Declaring class is context only; struct nesting and array indexing are not resolved
SCH-00125,Power Unit (excite),Load Data,Link to Crank Train -> Mass Props,Bool,,Schema declaration; instance not resolved,LoadCase,linkToCtr,Candidate: GetIntValue(field),"Candidate: SetIntValue(field,value)",Schema field/label confirmed; full path + instance + runtime read not verified,Generic API available; this field write NOT verified,Not eligible for Apply; resolve path and test first,,Check type/enable/visibility rules in source,Resolve actual instance/full path; check ASE vs ACT; selection/enable flags; enum mapping; binding; units; round-trip,<AVL_ROOT>/AWS/appl/clients/excite/res/cpp/newloadgen.h,1683,Declaring class is context only; struct nesting and array indexing are not resolved
SCH-00126,Power Unit (excite),Load Data,Ramp Definition,ASEenum,,Schema declaration; instance not resolved,LoadCase,rampType,Candidate: GetIntValue(field),"Candidate: SetIntValue(field,value)",Schema field/label confirmed; full path + instance + runtime read not verified,Generic API available; this field write NOT verified,Not eligible for Apply; resolve path and test first,,<visibility_change>,Resolve actual instance/full path; check ASE vs ACT; selection/enable flags; enum mapping; binding; units; round-trip,<AVL_ROOT>/AWS/appl/clients/excite/res/cpp/newloadgen.h,1687,"Schema labels: ""Versus Time"",""Versus Angle"""
SCH-00127,Power Unit (excite),Load Data,Ramp End:,double,"time,s",Schema declaration; instance not resolved,LoadCase,rampEnd,"Candidate: GetDblValueU(field,unit)","Candidate: SetDblValueU(field,value,unit)",Schema field/label confirmed; full path + instance + runtime read not verified,Generic API available; this field write NOT verified,Not eligible for Apply; resolve path and test first,,Check type/enable/visibility rules in source,Resolve actual instance/full path; check ASE vs ACT; selection/enable flags; enum mapping; binding; units; round-trip,<AVL_ROOT>/AWS/appl/clients/excite/res/cpp/newloadgen.h,1690,Declaring class is context only; struct nesting and array indexing are not resolved
SCH-00128,Power Unit (excite),Load Data,Engine Speed vs Time,double**,,Schema declaration; instance not resolved,LoadCase,espeedRunT,"Candidate: WSClass.GetWSMatrix(field,0)",Candidate: WSMatrix typed setters + ReleaseHandle,Schema field/label confirmed; full path + instance + runtime read not verified,Generic API available; this field write NOT verified,Not eligible for Apply; resolve path and test first,,Check type/enable/visibility rules in source,Resolve actual instance/full path; check ASE vs ACT; selection/enable flags; enum mapping; binding; units; round-trip,<AVL_ROOT>/AWS/appl/clients/excite/res/cpp/newloadgen.h,1695,Declaring class is context only; struct nesting and array indexing are not resolved
SCH-00129,Power Unit (excite),Load Data,Engine Speed vs Angle,double**,,Schema declaration; instance not resolved,LoadCase,espeedRunA,"Candidate: WSClass.GetWSMatrix(field,0)",Candidate: WSMatrix typed setters + ReleaseHandle,Schema field/label confirmed; full path + instance + runtime read not verified,Generic API available; this field write NOT verified,Not eligible for Apply; resolve path and test first,,Check type/enable/visibility rules in source,Resolve actual instance/full path; check ASE vs ACT; selection/enable flags; enum mapping; binding; units; round-trip,<AVL_ROOT>/AWS/appl/clients/excite/res/cpp/newloadgen.h,1714,Declaring class is context only; struct nesting and array indexing are not resolved
SCH-00130,Power Unit (excite),Load Data,Angular Step,double,"simangle,deg,deg",Schema declaration; instance not resolved,LoadCase,angleStep,"Candidate: GetDblValueU(field,unit)","Candidate: SetDblValueU(field,value,unit)",Schema field/label confirmed; full path + instance + runtime read not verified,Generic API available; this field write NOT verified,Not eligible for Apply; resolve path and test first,,Check type/enable/visibility rules in source,Resolve actual instance/full path; check ASE vs ACT; selection/enable flags; enum mapping; binding; units; round-trip,<AVL_ROOT>/AWS/appl/clients/excite/res/cpp/newloadgen.h,1734,Declaring class is context only; struct nesting and array indexing are not resolved
SCH-00131,Power Unit (excite),Load Data,N cycles:,double,"simangle,cycle,cycle",Schema declaration; instance not resolved,LoadCase,nCycles,"Candidate: GetDblValueU(field,unit)","Candidate: SetDblValueU(field,value,unit)",Schema field/label confirmed; full path + instance + runtime read not verified,Generic API available; this field write NOT verified,Not eligible for Apply; resolve path and test first,,Check type/enable/visibility rules in source,Resolve actual instance/full path; check ASE vs ACT; selection/enable flags; enum mapping; binding; units; round-trip,<AVL_ROOT>/AWS/appl/clients/excite/res/cpp/newloadgen.h,1735,Declaring class is context only; struct nesting and array indexing are not resolved
SCH-00132,Power Unit (excite),Load Data,Number of Load Steps,int,,Schema declaration; instance not resolved,LoadCase,nSteps,Candidate: GetIntValue(field),"Candidate: SetIntValue(field,value)",Schema field/label confirmed; full path + instance + runtime read not verified,Generic API available; this field write NOT verified,Not eligible for Apply; resolve path and test first,,"<visibility=1_isRunupReduced,class-int,1>",Resolve actual instance/full path; check ASE vs ACT; selection/enable flags; enum mapping; binding; units; round-trip,<AVL_ROOT>/AWS/appl/clients/excite/res/cpp/newloadgen.h,1737,Declaring class is context only; struct nesting and array indexing are not resolved
SCH-00133,Power Unit (excite),Load Data,Use Uniform Sampling for Load Items and Cylinder Pressure,Bool,,Schema declaration; instance not resolved,LoadCase,doResample,Candidate: GetIntValue(field),"Candidate: SetIntValue(field,value)",Schema field/label confirmed; full path + instance + runtime read not verified,Generic API available; this field write NOT verified,Not eligible for Apply; resolve path and test first,,<visibility_change>,Resolve actual instance/full path; check ASE vs ACT; selection/enable flags; enum mapping; binding; units; round-trip,<AVL_ROOT>/AWS/appl/clients/excite/res/cpp/newloadgen.h,1746,Declaring class is context only; struct nesting and array indexing are not resolved
SCH-00134,Power Unit (excite),Load Data,Sampling Step,double,"simtime1,deg,deg",Schema declaration; instance not resolved,LoadCase,resampleAngleStep,"Candidate: GetDblValueU(field,unit)","Candidate: SetDblValueU(field,value,unit)",Schema field/label confirmed; full path + instance + runtime read not verified,Generic API available; this field write NOT verified,Not eligible for Apply; resolve path and test first,,Check type/enable/visibility rules in source,Resolve actual instance/full path; check ASE vs ACT; selection/enable flags; enum mapping; binding; units; round-trip,<AVL_ROOT>/AWS/appl/clients/excite/res/cpp/newloadgen.h,1748,Declaring class is context only; struct nesting and array indexing are not resolved
SCH-00135,Power Unit (excite),Load Data,Active Load Case,ASEenum,,Schema declaration; instance not resolved,ActiveLoadCase,activecase,Candidate: GetIntValue(field),"Candidate: SetIntValue(field,value)",Schema field/label confirmed; full path + instance + runtime read not verified,Generic API available; this field write NOT verified,Not eligible for Apply; resolve path and test first,,Check type/enable/visibility rules in source,Resolve actual instance/full path; check ASE vs ACT; selection/enable flags; enum mapping; binding; units; round-trip,<AVL_ROOT>/AWS/appl/clients/excite/res/cpp/newloadgen.h,1759,Declaring class is context only; struct nesting and array indexing are not resolved
SCH-00136,Power Unit (excite),Load Data,Use Parameter for Active Load Case,Bool,,Schema declaration; instance not resolved,ActiveLoadCase,use_param,Candidate: GetIntValue(field),"Candidate: SetIntValue(field,value)",Schema field/label confirmed; full path + instance + runtime read not verified,Generic API available; this field write NOT verified,Not eligible for Apply; resolve path and test first,,Check type/enable/visibility rules in source,Resolve actual instance/full path; check ASE vs ACT; selection/enable flags; enum mapping; binding; units; round-trip,<AVL_ROOT>/AWS/appl/clients/excite/res/cpp/newloadgen.h,1762,Declaring class is context only; struct nesting and array indexing are not resolved
SCH-00137,Power Unit (excite),Crank Train,Short (summary) Report,Bool,,Schema declaration; instance not resolved,UnbReportControl,ssr,Candidate: GetIntValue(field),"Candidate: SetIntValue(field,value)",Schema field/label confirmed; full path + instance + runtime read not verified,Generic API available; this field write NOT verified,Not eligible for Apply; resolve path and test first,,Check type/enable/visibility rules in source,Resolve actual instance/full path; check ASE vs ACT; selection/enable flags; enum mapping; binding; units; round-trip,<AVL_ROOT>/AWS/appl/clients/excite/res/cpp/ctrain.h,73,Declaring class is context only; struct nesting and array indexing are not resolved
SCH-00138,Power Unit (excite),Crank Train,Long Engine Report,Bool,,Schema declaration; instance not resolved,UnbReportControl,ler,Candidate: GetIntValue(field),"Candidate: SetIntValue(field,value)",Schema field/label confirmed; full path + instance + runtime read not verified,Generic API available; this field write NOT verified,Not eligible for Apply; resolve path and test first,,Check type/enable/visibility rules in source,Resolve actual instance/full path; check ASE vs ACT; selection/enable flags; enum mapping; binding; units; round-trip,<AVL_ROOT>/AWS/appl/clients/excite/res/cpp/ctrain.h,74,Declaring class is context only; struct nesting and array indexing are not resolved
SCH-00139,Power Unit (excite),Crank Train,Throw Wise Report,Bool,,Schema declaration; instance not resolved,UnbReportControl,twr,Candidate: GetIntValue(field),"Candidate: SetIntValue(field,value)",Schema field/label confirmed; full path + instance + runtime read not verified,Generic API available; this field write NOT verified,Not eligible for Apply; resolve path and test first,,Check type/enable/visibility rules in source,Resolve actual instance/full path; check ASE vs ACT; selection/enable flags; enum mapping; binding; units; round-trip,<AVL_ROOT>/AWS/appl/clients/excite/res/cpp/ctrain.h,75,Declaring class is context only; struct nesting and array indexing are not resolved
SCH-00140,Power Unit (excite),Crank Train,Engine Speed,double,"ang_vel,rpm",Schema declaration; instance not resolved,CTrainGeneral,speed,"Candidate: GetDblValueU(field,unit)","Candidate: SetDblValueU(field,value,unit)",Schema field/label confirmed; full path + instance + runtime read not verified,Generic API available; this field write NOT verified,Not eligible for Apply; resolve path and test first,,"<visibility=/1_isRunup,class-int,1>",Resolve actual instance/full path; check ASE vs ACT; selection/enable flags; enum mapping; binding; units; round-trip,<AVL_ROOT>/AWS/appl/clients/excite/res/cpp/ctrain.h,83,Declaring class is context only; struct nesting and array indexing are not resolved
SCH-00141,Power Unit (excite),Crank Train,Initial Engine Speed,double,"ang_vel,rpm,rpm",Schema declaration; instance not resolved,CTrainGeneral,in_speed,"Candidate: GetDblValueU(field,unit)","Candidate: SetDblValueU(field,value,unit)",Schema field/label confirmed; full path + instance + runtime read not verified,Generic API available; this field write NOT verified,Not eligible for Apply; resolve path and test first,,Check type/enable/visibility rules in source,Resolve actual instance/full path; check ASE vs ACT; selection/enable flags; enum mapping; binding; units; round-trip,<AVL_ROOT>/AWS/appl/clients/excite/res/cpp/ctrain.h,97,Declaring class is context only; struct nesting and array indexing are not resolved
SCH-00142,Power Unit (excite),Crank Train,Number of Cylinders,int,,Schema declaration; instance not resolved,CTrainGeneral,num,Candidate: GetIntValue(field),"Candidate: SetIntValue(field,value)",Schema field/label confirmed; full path + instance + runtime read not verified,Generic API available; this field write NOT verified,Not eligible for Apply; resolve path and test first,,Check type/enable/visibility rules in source,Resolve actual instance/full path; check ASE vs ACT; selection/enable flags; enum mapping; binding; units; round-trip,<AVL_ROOT>/AWS/appl/clients/excite/res/cpp/ctrain.h,108,Declaring class is context only; struct nesting and array indexing are not resolved
SCH-00143,Power Unit (excite),Crank Train,Bore,double,"length,mm",Schema declaration; instance not resolved,CTrainGeneral,bore,"Candidate: GetDblValueU(field,unit)","Candidate: SetDblValueU(field,value,unit)",Schema field/label confirmed; full path + instance + runtime read not verified,Generic API available; this field write NOT verified,Not eligible for Apply; resolve path and test first,,Check type/enable/visibility rules in source,Resolve actual instance/full path; check ASE vs ACT; selection/enable flags; enum mapping; binding; units; round-trip,<AVL_ROOT>/AWS/appl/clients/excite/res/cpp/ctrain.h,109,Declaring class is context only; struct nesting and array indexing are not resolved
SCH-00144,Power Unit (excite),Crank Train,Stroke,double,"length,mm",Schema declaration; instance not resolved,CTrainGeneral,stroke,"Candidate: GetDblValueU(field,unit)","Candidate: SetDblValueU(field,value,unit)",Schema field/label confirmed; full path + instance + runtime read not verified,Generic API available; this field write NOT verified,Not eligible for Apply; resolve path and test first,,Check type/enable/visibility rules in source,Resolve actual instance/full path; check ASE vs ACT; selection/enable flags; enum mapping; binding; units; round-trip,<AVL_ROOT>/AWS/appl/clients/excite/res/cpp/ctrain.h,110,Declaring class is context only; struct nesting and array indexing are not resolved
SCH-00145,Power Unit (excite),Crank Train,Conrod Length,double,"length,mm",Schema declaration; instance not resolved,CTrainGeneral,lrod,"Candidate: GetDblValueU(field,unit)","Candidate: SetDblValueU(field,value,unit)",Schema field/label confirmed; full path + instance + runtime read not verified,Generic API available; this field write NOT verified,Not eligible for Apply; resolve path and test first,,Check type/enable/visibility rules in source,Resolve actual instance/full path; check ASE vs ACT; selection/enable flags; enum mapping; binding; units; round-trip,<AVL_ROOT>/AWS/appl/clients/excite/res/cpp/ctrain.h,111,Declaring class is context only; struct nesting and array indexing are not resolved
SCH-00146,Power Unit (excite),Crank Train,Engine Coordinate System,ASEenum,,Schema declaration; instance not resolved,CTrainGeneral,_csys_,Candidate: GetIntValue(field),"Candidate: SetIntValue(field,value)",Schema field/label confirmed; full path + instance + runtime read not verified,Generic API available; this field write NOT verified,Not eligible for Apply; resolve path and test first,,Check type/enable/visibility rules in source,Resolve actual instance/full path; check ASE vs ACT; selection/enable flags; enum mapping; binding; units; round-trip,<AVL_ROOT>/AWS/appl/clients/excite/res/cpp/ctrain.h,138,"Schema labels: ""-"""
SCH-00147,Power Unit (excite),Crank Train,Piston,Bool,,Schema declaration; instance not resolved,CTrainGeneral,piston,Candidate: GetIntValue(field),"Candidate: SetIntValue(field,value)",Schema field/label confirmed; full path + instance + runtime read not verified,Generic API available; this field write NOT verified,Not eligible for Apply; resolve path and test first,,Check type/enable/visibility rules in source,Resolve actual instance/full path; check ASE vs ACT; selection/enable flags; enum mapping; binding; units; round-trip,<AVL_ROOT>/AWS/appl/clients/excite/res/cpp/ctrain.h,143,Declaring class is context only; struct nesting and array indexing are not resolved
SCH-00148,Power Unit (excite),Crank Train,Crank Pin,Bool,,Schema declaration; instance not resolved,CTrainGeneral,crpin,Candidate: GetIntValue(field),"Candidate: SetIntValue(field,value)",Schema field/label confirmed; full path + instance + runtime read not verified,Generic API available; this field write NOT verified,Not eligible for Apply; resolve path and test first,,Check type/enable/visibility rules in source,Resolve actual instance/full path; check ASE vs ACT; selection/enable flags; enum mapping; binding; units; round-trip,<AVL_ROOT>/AWS/appl/clients/excite/res/cpp/ctrain.h,144,Declaring class is context only; struct nesting and array indexing are not resolved
SCH-00149,Power Unit (excite),Crank Train,Main Bearing,Bool,,Schema declaration; instance not resolved,CTrainGeneral,mj,Candidate: GetIntValue(field),"Candidate: SetIntValue(field,value)",Schema field/label confirmed; full path + instance + runtime read not verified,Generic API available; this field write NOT verified,Not eligible for Apply; resolve path and test first,,Check type/enable/visibility rules in source,Resolve actual instance/full path; check ASE vs ACT; selection/enable flags; enum mapping; binding; units; round-trip,<AVL_ROOT>/AWS/appl/clients/excite/res/cpp/ctrain.h,145,Declaring class is context only; struct nesting and array indexing are not resolved
SCH-00150,Power Unit (excite),Crank Train,Unbalance,Bool,,Schema declaration; instance not resolved,CTrainGeneral,unb,Candidate: GetIntValue(field),"Candidate: SetIntValue(field,value)",Schema field/label confirmed; full path + instance + runtime read not verified,Generic API available; this field write NOT verified,Not eligible for Apply; resolve path and test first,,Check type/enable/visibility rules in source,Resolve actual instance/full path; check ASE vs ACT; selection/enable flags; enum mapping; binding; units; round-trip,<AVL_ROOT>/AWS/appl/clients/excite/res/cpp/ctrain.h,147,Declaring class is context only; struct nesting and array indexing are not resolved
SCH-00151,Power Unit (excite),Crank Train,Conrod Small End,Bool,,Schema declaration; instance not resolved,CTrainGeneral,conrod_se,Candidate: GetIntValue(field),"Candidate: SetIntValue(field,value)",Schema field/label confirmed; full path + instance + runtime read not verified,Generic API available; this field write NOT verified,Not eligible for Apply; resolve path and test first,,Check type/enable/visibility rules in source,Resolve actual instance/full path; check ASE vs ACT; selection/enable flags; enum mapping; binding; units; round-trip,<AVL_ROOT>/AWS/appl/clients/excite/res/cpp/ctrain.h,150,Declaring class is context only; struct nesting and array indexing are not resolved
SCH-00152,Power Unit (excite),Crank Train,Piston Boss,Bool,,Schema declaration; instance not resolved,CTrainGeneral,pboss,Candidate: GetIntValue(field),"Candidate: SetIntValue(field,value)",Schema field/label confirmed; full path + instance + runtime read not verified,Generic API available; this field write NOT verified,Not eligible for Apply; resolve path and test first,,Check type/enable/visibility rules in source,Resolve actual instance/full path; check ASE vs ACT; selection/enable flags; enum mapping; binding; units; round-trip,<AVL_ROOT>/AWS/appl/clients/excite/res/cpp/ctrain.h,151,Declaring class is context only; struct nesting and array indexing are not resolved
SCH-00153,Power Unit (excite),Crank Train,Web,Bool,,Schema declaration; instance not resolved,CTrainGeneral,webl,Candidate: GetIntValue(field),"Candidate: SetIntValue(field,value)",Schema field/label confirmed; full path + instance + runtime read not verified,Generic API available; this field write NOT verified,Not eligible for Apply; resolve path and test first,,Check type/enable/visibility rules in source,Resolve actual instance/full path; check ASE vs ACT; selection/enable flags; enum mapping; binding; units; round-trip,<AVL_ROOT>/AWS/appl/clients/excite/res/cpp/ctrain.h,152,Declaring class is context only; struct nesting and array indexing are not resolved
SCH-00154,Power Unit (excite),Crank Train,Output Torque,Bool,,Schema declaration; instance not resolved,CTrainGeneral,torque,Candidate: GetIntValue(field),"Candidate: SetIntValue(field,value)",Schema field/label confirmed; full path + instance + runtime read not verified,Generic API available; this field write NOT verified,Not eligible for Apply; resolve path and test first,,Check type/enable/visibility rules in source,Resolve actual instance/full path; check ASE vs ACT; selection/enable flags; enum mapping; binding; units; round-trip,<AVL_ROOT>/AWS/appl/clients/excite/res/cpp/ctrain.h,154,Declaring class is context only; struct nesting and array indexing are not resolved
SCH-00155,Power Unit (excite),Crank Train,Piston Skirt Height,double,"length,mm",Schema declaration; instance not resolved,CTrainGeneral,skirt_height,"Candidate: GetDblValueU(field,unit)","Candidate: SetDblValueU(field,value,unit)",Schema field/label confirmed; full path + instance + runtime read not verified,Generic API available; this field write NOT verified,Not eligible for Apply; resolve path and test first,,Check type/enable/visibility rules in source,Resolve actual instance/full path; check ASE vs ACT; selection/enable flags; enum mapping; binding; units; round-trip,<AVL_ROOT>/AWS/appl/clients/excite/res/cpp/ctrain.h,159,Declaring class is context only; struct nesting and array indexing are not resolved
SCH-00156,Power Unit (excite),Crank Train,Liner Height,double,"length,mm",Schema declaration; instance not resolved,CTrainGeneral,liner_height,"Candidate: GetDblValueU(field,unit)","Candidate: SetDblValueU(field,value,unit)",Schema field/label confirmed; full path + instance + runtime read not verified,Generic API available; this field write NOT verified,Not eligible for Apply; resolve path and test first,,Check type/enable/visibility rules in source,Resolve actual instance/full path; check ASE vs ACT; selection/enable flags; enum mapping; binding; units; round-trip,<AVL_ROOT>/AWS/appl/clients/excite/res/cpp/ctrain.h,160,Declaring class is context only; struct nesting and array indexing are not resolved
SCH-00157,Power Unit (excite),Crank Train,Distance Crankshaft Axis - Liner Top,double,"length,mm",Schema declaration; instance not resolved,CTrainGeneral,d_ax_ltop,"Candidate: GetDblValueU(field,unit)","Candidate: SetDblValueU(field,value,unit)",Schema field/label confirmed; full path + instance + runtime read not verified,Generic API available; this field write NOT verified,Not eligible for Apply; resolve path and test first,,Check type/enable/visibility rules in source,Resolve actual instance/full path; check ASE vs ACT; selection/enable flags; enum mapping; binding; units; round-trip,<AVL_ROOT>/AWS/appl/clients/excite/res/cpp/ctrain.h,161,Declaring class is context only; struct nesting and array indexing are not resolved
SCH-00158,Power Unit (excite),Crank Train,Initial Rotation of Crank Train System (for Initial Conditions),Bool,,Schema declaration; instance not resolved,CTrainGeometry,doRot,Candidate: GetIntValue(field),"Candidate: SetIntValue(field,value)",Schema field/label confirmed; full path + instance + runtime read not verified,Generic API available; this field write NOT verified,Not eligible for Apply; resolve path and test first,,<visibility_change>,Resolve actual instance/full path; check ASE vs ACT; selection/enable flags; enum mapping; binding; units; round-trip,<AVL_ROOT>/AWS/appl/clients/excite/res/cpp/ctrain.h,223,Declaring class is context only; struct nesting and array indexing are not resolved
SCH-00159,Power Unit (excite),Crank Train,Axial Distance Pin Center - Origin Of Piston (FE),double,"length,mm",Schema declaration; instance not resolved,CTrainGeometry,axial_offset,"Candidate: GetDblValueU(field,unit)","Candidate: SetDblValueU(field,value,unit)",Schema field/label confirmed; full path + instance + runtime read not verified,Generic API available; this field write NOT verified,Not eligible for Apply; resolve path and test first,,Check type/enable/visibility rules in source,Resolve actual instance/full path; check ASE vs ACT; selection/enable flags; enum mapping; binding; units; round-trip,<AVL_ROOT>/AWS/appl/clients/excite/res/cpp/ctrain.h,237,Declaring class is context only; struct nesting and array indexing are not resolved
SCH-00160,Power Unit (excite),Crank Train,Main Bearing Locations,double**,,Schema declaration; instance not resolved,MBearingLocations,locations,"Candidate: WSClass.GetWSMatrix(field,0)",Candidate: WSMatrix typed setters + ReleaseHandle,Schema field/label confirmed; full path + instance + runtime read not verified,Generic API available; this field write NOT verified,Not eligible for Apply; resolve path and test first,,Check type/enable/visibility rules in source,Resolve actual instance/full path; check ASE vs ACT; selection/enable flags; enum mapping; binding; units; round-trip,<AVL_ROOT>/AWS/appl/clients/excite/res/cpp/ctrain.h,248,Declaring class is context only; struct nesting and array indexing are not resolved
SCH-00161,Power Unit (excite),Crank Train,Web Locations,double**,,Schema declaration; instance not resolved,WebLocations,locations,"Candidate: WSClass.GetWSMatrix(field,0)",Candidate: WSMatrix typed setters + ReleaseHandle,Schema field/label confirmed; full path + instance + runtime read not verified,Generic API available; this field write NOT verified,Not eligible for Apply; resolve path and test first,,Check type/enable/visibility rules in source,Resolve actual instance/full path; check ASE vs ACT; selection/enable flags; enum mapping; binding; units; round-trip,<AVL_ROOT>/AWS/appl/clients/excite/res/cpp/ctrain.h,262,Declaring class is context only; struct nesting and array indexing are not resolved
SCH-00162,Power Unit (excite),Crank Train,Counterweights,double**,,Schema declaration; instance not resolved,EccentricMasses,masses,"Candidate: WSClass.GetWSMatrix(field,0)",Candidate: WSMatrix typed setters + ReleaseHandle,Schema field/label confirmed; full path + instance + runtime read not verified,Generic API available; this field write NOT verified,Not eligible for Apply; resolve path and test first,,Check type/enable/visibility rules in source,Resolve actual instance/full path; check ASE vs ACT; selection/enable flags; enum mapping; binding; units; round-trip,<AVL_ROOT>/AWS/appl/clients/excite/res/cpp/ctrain.h,278,Declaring class is context only; struct nesting and array indexing are not resolved
SCH-00163,Power Unit (excite),Crank Train,Non-structural Mass Locations,double**,,Schema declaration; instance not resolved,NsmLocations,nsmLocations,"Candidate: WSClass.GetWSMatrix(field,0)",Candidate: WSMatrix typed setters + ReleaseHandle,Schema field/label confirmed; full path + instance + runtime read not verified,Generic API available; this field write NOT verified,Not eligible for Apply; resolve path and test first,,Check type/enable/visibility rules in source,Resolve actual instance/full path; check ASE vs ACT; selection/enable flags; enum mapping; binding; units; round-trip,<AVL_ROOT>/AWS/appl/clients/excite/res/cpp/ctrain.h,293,Declaring class is context only; struct nesting and array indexing are not resolved
SCH-00164,Power Unit (excite),Crank Train,Mass,double,"mass,t",Schema declaration; instance not resolved,ConrodMass,pistmass,"Candidate: GetDblValueU(field,unit)","Candidate: SetDblValueU(field,value,unit)",Schema field/label confirmed; full path + instance + runtime read not verified,Generic API available; this field write NOT verified,Not eligible for Apply; resolve path and test first,,Check type/enable/visibility rules in source,Resolve actual instance/full path; check ASE vs ACT; selection/enable flags; enum mapping; binding; units; round-trip,<AVL_ROOT>/AWS/appl/clients/excite/res/cpp/ctrain.h,308,Declaring class is context only; struct nesting and array indexing are not resolved
SCH-00165,Power Unit (excite),Crank Train,Mass,double,"mass,t",Schema declaration; instance not resolved,ConrodMass,ppmass,"Candidate: GetDblValueU(field,unit)","Candidate: SetDblValueU(field,value,unit)",Schema field/label confirmed; full path + instance + runtime read not verified,Generic API available; this field write NOT verified,Not eligible for Apply; resolve path and test first,,Check type/enable/visibility rules in source,Resolve actual instance/full path; check ASE vs ACT; selection/enable flags; enum mapping; binding; units; round-trip,<AVL_ROOT>/AWS/appl/clients/excite/res/cpp/ctrain.h,313,Declaring class is context only; struct nesting and array indexing are not resolved
SCH-00166,Power Unit (excite),Crank Train,Use Conrod Modeler,Bool,,Schema declaration; instance not resolved,ConrodMass,use_cm,Candidate: GetIntValue(field),"Candidate: SetIntValue(field,value)",Schema field/label confirmed; full path + instance + runtime read not verified,Generic API available; this field write NOT verified,Not eligible for Apply; resolve path and test first,,Check type/enable/visibility rules in source,Resolve actual instance/full path; check ASE vs ACT; selection/enable flags; enum mapping; binding; units; round-trip,<AVL_ROOT>/AWS/appl/clients/excite/res/cpp/ctrain.h,335,Declaring class is context only; struct nesting and array indexing are not resolved
SCH-00167,Power Unit (excite),Crank Train,At Small End,double,"mass,t",Schema declaration; instance not resolved,ConrodMass,se,"Candidate: GetDblValueU(field,unit)","Candidate: SetDblValueU(field,value,unit)",Schema field/label confirmed; full path + instance + runtime read not verified,Generic API available; this field write NOT verified,Not eligible for Apply; resolve path and test first,,Check type/enable/visibility rules in source,Resolve actual instance/full path; check ASE vs ACT; selection/enable flags; enum mapping; binding; units; round-trip,<AVL_ROOT>/AWS/appl/clients/excite/res/cpp/ctrain.h,348,Declaring class is context only; struct nesting and array indexing are not resolved
SCH-00168,Power Unit (excite),Crank Train,At Intermediate Point,double,"mass,t",Schema declaration; instance not resolved,ConrodMass,cp,"Candidate: GetDblValueU(field,unit)","Candidate: SetDblValueU(field,value,unit)",Schema field/label confirmed; full path + instance + runtime read not verified,Generic API available; this field write NOT verified,Not eligible for Apply; resolve path and test first,,Check type/enable/visibility rules in source,Resolve actual instance/full path; check ASE vs ACT; selection/enable flags; enum mapping; binding; units; round-trip,<AVL_ROOT>/AWS/appl/clients/excite/res/cpp/ctrain.h,349,Declaring class is context only; struct nesting and array indexing are not resolved
SCH-00169,Power Unit (excite),Crank Train,At Big End,double,"mass,t",Schema declaration; instance not resolved,ConrodMass,be,"Candidate: GetDblValueU(field,unit)","Candidate: SetDblValueU(field,value,unit)",Schema field/label confirmed; full path + instance + runtime read not verified,Generic API available; this field write NOT verified,Not eligible for Apply; resolve path and test first,,Check type/enable/visibility rules in source,Resolve actual instance/full path; check ASE vs ACT; selection/enable flags; enum mapping; binding; units; round-trip,<AVL_ROOT>/AWS/appl/clients/excite/res/cpp/ctrain.h,350,Declaring class is context only; struct nesting and array indexing are not resolved
SCH-00170,Power Unit (excite),Crank Train,At Small End,double,"mom_inert,tmm2",Schema declaration; instance not resolved,ConrodMass,se,"Candidate: GetDblValueU(field,unit)","Candidate: SetDblValueU(field,value,unit)",Schema field/label confirmed; full path + instance + runtime read not verified,Generic API available; this field write NOT verified,Not eligible for Apply; resolve path and test first,,Check type/enable/visibility rules in source,Resolve actual instance/full path; check ASE vs ACT; selection/enable flags; enum mapping; binding; units; round-trip,<AVL_ROOT>/AWS/appl/clients/excite/res/cpp/ctrain.h,356,Declaring class is context only; struct nesting and array indexing are not resolved
SCH-00171,Power Unit (excite),Crank Train,At Intermediate Point,double,"mom_inert,tmm2",Schema declaration; instance not resolved,ConrodMass,cp,"Candidate: GetDblValueU(field,unit)","Candidate: SetDblValueU(field,value,unit)",Schema field/label confirmed; full path + instance + runtime read not verified,Generic API available; this field write NOT verified,Not eligible for Apply; resolve path and test first,,Check type/enable/visibility rules in source,Resolve actual instance/full path; check ASE vs ACT; selection/enable flags; enum mapping; binding; units; round-trip,<AVL_ROOT>/AWS/appl/clients/excite/res/cpp/ctrain.h,357,Declaring class is context only; struct nesting and array indexing are not resolved
SCH-00172,Power Unit (excite),Crank Train,At Big End,double,"mom_inert,tmm2",Schema declaration; instance not resolved,ConrodMass,be,"Candidate: GetDblValueU(field,unit)","Candidate: SetDblValueU(field,value,unit)",Schema field/label confirmed; full path + instance + runtime read not verified,Generic API available; this field write NOT verified,Not eligible for Apply; resolve path and test first,,Check type/enable/visibility rules in source,Resolve actual instance/full path; check ASE vs ACT; selection/enable flags; enum mapping; binding; units; round-trip,<AVL_ROOT>/AWS/appl/clients/excite/res/cpp/ctrain.h,358,Declaring class is context only; struct nesting and array indexing are not resolved
SCH-00173,Power Unit (excite),Crank Train,Distance between Intermediate Point and Center of Big End,double,"length,mm",Schema declaration; instance not resolved,ConrodMass,cpdist,"Candidate: GetDblValueU(field,unit)","Candidate: SetDblValueU(field,value,unit)",Schema field/label confirmed; full path + instance + runtime read not verified,Generic API available; this field write NOT verified,Not eligible for Apply; resolve path and test first,,Check type/enable/visibility rules in source,Resolve actual instance/full path; check ASE vs ACT; selection/enable flags; enum mapping; binding; units; round-trip,<AVL_ROOT>/AWS/appl/clients/excite/res/cpp/ctrain.h,363,Declaring class is context only; struct nesting and array indexing are not resolved
SCH-00174,Power Unit (excite),Crank Train,Mass per Conrod,double,"mass,t",Schema declaration; instance not resolved,ConrodMass,pimass,"Candidate: GetDblValueU(field,unit)","Candidate: SetDblValueU(field,value,unit)",Schema field/label confirmed; full path + instance + runtime read not verified,Generic API available; this field write NOT verified,Not eligible for Apply; resolve path and test first,,Check type/enable/visibility rules in source,Resolve actual instance/full path; check ASE vs ACT; selection/enable flags; enum mapping; binding; units; round-trip,<AVL_ROOT>/AWS/appl/clients/excite/res/cpp/ctrain.h,369,Declaring class is context only; struct nesting and array indexing are not resolved
SCH-00175,Power Unit (excite),Crank Train,Calculate mass using shaft model data (CrankPin1),Bool,,Schema declaration; instance not resolved,ConrodMass,link_to_cpin,Candidate: GetIntValue(field),"Candidate: SetIntValue(field,value)",Schema field/label confirmed; full path + instance + runtime read not verified,Generic API available; this field write NOT verified,Not eligible for Apply; resolve path and test first,,Check type/enable/visibility rules in source,Resolve actual instance/full path; check ASE vs ACT; selection/enable flags; enum mapping; binding; units; round-trip,<AVL_ROOT>/AWS/appl/clients/excite/res/cpp/ctrain.h,374,Declaring class is context only; struct nesting and array indexing are not resolved
SCH-00176,Power Unit (excite),Crank Train,System Inertia,double,"mom_inert,kgm2",Schema declaration; instance not resolved,ConrodMass,ctrainInertia,"Candidate: GetDblValueU(field,unit)","Candidate: SetDblValueU(field,value,unit)",Schema field/label confirmed; full path + instance + runtime read not verified,Generic API available; this field write NOT verified,Not eligible for Apply; resolve path and test first,,Check type/enable/visibility rules in source,Resolve actual instance/full path; check ASE vs ACT; selection/enable flags; enum mapping; binding; units; round-trip,<AVL_ROOT>/AWS/appl/clients/excite/res/cpp/ctrain.h,381,Declaring class is context only; struct nesting and array indexing are not resolved
SCH-00177,Power Unit (excite),Crank Train,Speed,double,"ang_vel,rpm",Schema declaration; instance not resolved,CTrainGeneralII,speed,"Candidate: GetDblValueU(field,unit)","Candidate: SetDblValueU(field,value,unit)",Schema field/label confirmed; full path + instance + runtime read not verified,Generic API available; this field write NOT verified,Not eligible for Apply; resolve path and test first,,Check type/enable/visibility rules in source,Resolve actual instance/full path; check ASE vs ACT; selection/enable flags; enum mapping; binding; units; round-trip,<AVL_ROOT>/AWS/appl/clients/excite/res/cpp/ctrain.h,392,Declaring class is context only; struct nesting and array indexing are not resolved
SCH-00178,Power Unit (excite),Crank Train,Cycle Length,double*,"angle,deg,deg",Schema declaration; instance not resolved,CTrainGeneralII,cycleLength,"Candidate: GetDblValueU(field,unit)","Candidate: SetDblValueU(field,value,unit)",Schema field/label confirmed; full path + instance + runtime read not verified,Generic API available; this field write NOT verified,Not eligible for Apply; resolve path and test first,,Check type/enable/visibility rules in source,Resolve actual instance/full path; check ASE vs ACT; selection/enable flags; enum mapping; binding; units; round-trip,<AVL_ROOT>/AWS/appl/clients/excite/res/cpp/ctrain.h,393,Declaring class is context only; struct nesting and array indexing are not resolved
SCH-00179,Power Unit (excite),Simulation Control,Link to Simulation Control,Bool,,Schema declaration; instance not resolved,WearAccumulationCycles,linkToSC,Candidate: GetIntValue(field),"Candidate: SetIntValue(field,value)",Schema field/label confirmed; full path + instance + runtime read not verified,Generic API available; this field write NOT verified,Not eligible for Apply; resolve path and test first,,Check type/enable/visibility rules in source,Resolve actual instance/full path; check ASE vs ACT; selection/enable flags; enum mapping; binding; units; round-trip,<AVL_ROOT>/AWS/appl/clients/excite/res/cpp/solctr.h,37,Declaring class is context only; struct nesting and array indexing are not resolved
SCH-00180,Power Unit (excite),Simulation Control,File Name,char*,,Schema declaration; instance not resolved,WearAccumulationCycles,file_angle,Candidate: GetStrValue(field),"Candidate: SetStrValue(field,value)",Schema field/label confirmed; full path + instance + runtime read not verified,Generic API available; this field write NOT verified,Not eligible for Apply; resolve path and test first,,Check type/enable/visibility rules in source,Resolve actual instance/full path; check ASE vs ACT; selection/enable flags; enum mapping; binding; units; round-trip,<AVL_ROOT>/AWS/appl/clients/excite/res/cpp/solctr.h,57,Declaring class is context only; struct nesting and array indexing are not resolved
SCH-00181,Power Unit (excite),Simulation Control,Automatic Reload,Bool,,Schema declaration; instance not resolved,WearAccumulationCycles,aut_rel_angle,Candidate: GetIntValue(field),"Candidate: SetIntValue(field,value)",Schema field/label confirmed; full path + instance + runtime read not verified,Generic API available; this field write NOT verified,Not eligible for Apply; resolve path and test first,,Check type/enable/visibility rules in source,Resolve actual instance/full path; check ASE vs ACT; selection/enable flags; enum mapping; binding; units; round-trip,<AVL_ROOT>/AWS/appl/clients/excite/res/cpp/solctr.h,60,Declaring class is context only; struct nesting and array indexing are not resolved
SCH-00182,Power Unit (excite),Simulation Control,Use Data File Path Parameter,Bool,,Schema declaration; instance not resolved,WearAccumulationCycles,def_pat_angle,Candidate: GetIntValue(field),"Candidate: SetIntValue(field,value)",Schema field/label confirmed; full path + instance + runtime read not verified,Generic API available; this field write NOT verified,Not eligible for Apply; resolve path and test first,,Check type/enable/visibility rules in source,Resolve actual instance/full path; check ASE vs ACT; selection/enable flags; enum mapping; binding; units; round-trip,<AVL_ROOT>/AWS/appl/clients/excite/res/cpp/solctr.h,63,Declaring class is context only; struct nesting and array indexing are not resolved
SCH-00183,Power Unit (excite),Simulation Control,File Name,char*,,Schema declaration; instance not resolved,WearAccumulationCycles,file_time,Candidate: GetStrValue(field),"Candidate: SetStrValue(field,value)",Schema field/label confirmed; full path + instance + runtime read not verified,Generic API available; this field write NOT verified,Not eligible for Apply; resolve path and test first,,Check type/enable/visibility rules in source,Resolve actual instance/full path; check ASE vs ACT; selection/enable flags; enum mapping; binding; units; round-trip,<AVL_ROOT>/AWS/appl/clients/excite/res/cpp/solctr.h,83,Declaring class is context only; struct nesting and array indexing are not resolved
SCH-00184,Power Unit (excite),Simulation Control,Automatic Reload,Bool,,Schema declaration; instance not resolved,WearAccumulationCycles,aut_rel_time,Candidate: GetIntValue(field),"Candidate: SetIntValue(field,value)",Schema field/label confirmed; full path + instance + runtime read not verified,Generic API available; this field write NOT verified,Not eligible for Apply; resolve path and test first,,Check type/enable/visibility rules in source,Resolve actual instance/full path; check ASE vs ACT; selection/enable flags; enum mapping; binding; units; round-trip,<AVL_ROOT>/AWS/appl/clients/excite/res/cpp/solctr.h,86,Declaring class is context only; struct nesting and array indexing are not resolved
SCH-00185,Power Unit (excite),Simulation Control,Use Data File Path Parameter,Bool,,Schema declaration; instance not resolved,WearAccumulationCycles,def_pat_time,Candidate: GetIntValue(field),"Candidate: SetIntValue(field,value)",Schema field/label confirmed; full path + instance + runtime read not verified,Generic API available; this field write NOT verified,Not eligible for Apply; resolve path and test first,,Check type/enable/visibility rules in source,Resolve actual instance/full path; check ASE vs ACT; selection/enable flags; enum mapping; binding; units; round-trip,<AVL_ROOT>/AWS/appl/clients/excite/res/cpp/solctr.h,89,Declaring class is context only; struct nesting and array indexing are not resolved
SCH-00186,Power Unit (excite),Simulation Control,Automatic Averaging Interval Detection,Bool,,Schema declaration; instance not resolved,TempConvAcc,aaid,Candidate: GetIntValue(field),"Candidate: SetIntValue(field,value)",Schema field/label confirmed; full path + instance + runtime read not verified,Generic API available; this field write NOT verified,Not eligible for Apply; resolve path and test first,,<visibility_change>,Resolve actual instance/full path; check ASE vs ACT; selection/enable flags; enum mapping; binding; units; round-trip,<AVL_ROOT>/AWS/appl/clients/excite/res/cpp/solctr.h,98,Declaring class is context only; struct nesting and array indexing are not resolved
SCH-00187,Power Unit (excite),Simulation Control,Averaging Interval,double,"simtime1,cycle,cycle",Schema declaration; instance not resolved,TempConvAcc,avrg_intrv,"Candidate: GetDblValueU(field,unit)","Candidate: SetDblValueU(field,value,unit)",Schema field/label confirmed; full path + instance + runtime read not verified,Generic API available; this field write NOT verified,Not eligible for Apply; resolve path and test first,,Check type/enable/visibility rules in source,Resolve actual instance/full path; check ASE vs ACT; selection/enable flags; enum mapping; binding; units; round-trip,<AVL_ROOT>/AWS/appl/clients/excite/res/cpp/solctr.h,101,Declaring class is context only; struct nesting and array indexing are not resolved
SCH-00188,Power Unit (excite),Simulation Control,Nr. of Bearing Rotations inside One Averaging Interval,double,"dimensionless,no",Schema declaration; instance not resolved,TempConvAcc,nobri_oain,"Candidate: GetDblValueU(field,unit)","Candidate: SetDblValueU(field,value,unit)",Schema field/label confirmed; full path + instance + runtime read not verified,Generic API available; this field write NOT verified,Not eligible for Apply; resolve path and test first,,Check type/enable/visibility rules in source,Resolve actual instance/full path; check ASE vs ACT; selection/enable flags; enum mapping; binding; units; round-trip,<AVL_ROOT>/AWS/appl/clients/excite/res/cpp/solctr.h,105,Declaring class is context only; struct nesting and array indexing are not resolved
SCH-00189,Power Unit (excite),Simulation Control,Convergence Accuracy,double,"temp_rel,K",Schema declaration; instance not resolved,TempConvAcc,cnvrg_accr,"Candidate: GetDblValueU(field,unit)","Candidate: SetDblValueU(field,value,unit)",Schema field/label confirmed; full path + instance + runtime read not verified,Generic API available; this field write NOT verified,Not eligible for Apply; resolve path and test first,,Check type/enable/visibility rules in source,Resolve actual instance/full path; check ASE vs ACT; selection/enable flags; enum mapping; binding; units; round-trip,<AVL_ROOT>/AWS/appl/clients/excite/res/cpp/solctr.h,109,Declaring class is context only; struct nesting and array indexing are not resolved
SCH-00190,Power Unit (excite),Simulation Control,Acceleration Time Interval,double,"time,s",Schema declaration; instance not resolved,TempConvAcc,actm_intrv,"Candidate: GetDblValueU(field,unit)","Candidate: SetDblValueU(field,value,unit)",Schema field/label confirmed; full path + instance + runtime read not verified,Generic API available; this field write NOT verified,Not eligible for Apply; resolve path and test first,,Check type/enable/visibility rules in source,Resolve actual instance/full path; check ASE vs ACT; selection/enable flags; enum mapping; binding; units; round-trip,<AVL_ROOT>/AWS/appl/clients/excite/res/cpp/solctr.h,110,Declaring class is context only; struct nesting and array indexing are not resolved
SCH-00191,Power Unit (excite),Simulation Control,Acceleration Maximum Accuracy,double,"temp_rel,K",Schema declaration; instance not resolved,TempConvAcc,accmx_accr,"Candidate: GetDblValueU(field,unit)","Candidate: SetDblValueU(field,value,unit)",Schema field/label confirmed; full path + instance + runtime read not verified,Generic API available; this field write NOT verified,Not eligible for Apply; resolve path and test first,,Check type/enable/visibility rules in source,Resolve actual instance/full path; check ASE vs ACT; selection/enable flags; enum mapping; binding; units; round-trip,<AVL_ROOT>/AWS/appl/clients/excite/res/cpp/solctr.h,111,Declaring class is context only; struct nesting and array indexing are not resolved
SCH-00192,Power Unit (excite),Simulation Control,Acceleration End at Maximum,double,"simtime1,cycle,cycle",Schema declaration; instance not resolved,TempConvAcc,accend_max,"Candidate: GetDblValueU(field,unit)","Candidate: SetDblValueU(field,value,unit)",Schema field/label confirmed; full path + instance + runtime read not verified,Generic API available; this field write NOT verified,Not eligible for Apply; resolve path and test first,,Check type/enable/visibility rules in source,Resolve actual instance/full path; check ASE vs ACT; selection/enable flags; enum mapping; binding; units; round-trip,<AVL_ROOT>/AWS/appl/clients/excite/res/cpp/solctr.h,112,Declaring class is context only; struct nesting and array indexing are not resolved
SCH-00193,Power Unit (excite),Simulation Control,Result Step Size,double,"time,s",Schema declaration; instance not resolved,TempConvAcc,rstep_size,"Candidate: GetDblValueU(field,unit)","Candidate: SetDblValueU(field,value,unit)",Schema field/label confirmed; full path + instance + runtime read not verified,Generic API available; this field write NOT verified,Not eligible for Apply; resolve path and test first,,Check type/enable/visibility rules in source,Resolve actual instance/full path; check ASE vs ACT; selection/enable flags; enum mapping; binding; units; round-trip,<AVL_ROOT>/AWS/appl/clients/excite/res/cpp/solctr.h,121,Declaring class is context only; struct nesting and array indexing are not resolved
SCH-00194,Power Unit (excite),Simulation Control,Initial Delay before first Averaging Interval,double,"simtime1,s",Schema declaration; instance not resolved,TempConvAcc,oioid_tass,"Candidate: GetDblValueU(field,unit)","Candidate: SetDblValueU(field,value,unit)",Schema field/label confirmed; full path + instance + runtime read not verified,Generic API available; this field write NOT verified,Not eligible for Apply; resolve path and test first,,Check type/enable/visibility rules in source,Resolve actual instance/full path; check ASE vs ACT; selection/enable flags; enum mapping; binding; units; round-trip,<AVL_ROOT>/AWS/appl/clients/excite/res/cpp/solctr.h,122,Declaring class is context only; struct nesting and array indexing are not resolved
SCH-00195,Power Unit (excite),Simulation Control,Delay for every further Averaging Interval,double,"simtime1,s",Schema declaration; instance not resolved,TempConvAcc,oiodt_ffat,"Candidate: GetDblValueU(field,unit)","Candidate: SetDblValueU(field,value,unit)",Schema field/label confirmed; full path + instance + runtime read not verified,Generic API available; this field write NOT verified,Not eligible for Apply; resolve path and test first,,Check type/enable/visibility rules in source,Resolve actual instance/full path; check ASE vs ACT; selection/enable flags; enum mapping; binding; units; round-trip,<AVL_ROOT>/AWS/appl/clients/excite/res/cpp/solctr.h,124,Declaring class is context only; struct nesting and array indexing are not resolved
SCH-00196,Power Unit (excite),Simulation Control,Step Size,double,"simtime1,deg,deg",Schema declaration; instance not resolved,Solctr_param,dt,"Candidate: GetDblValueU(field,unit)","Candidate: SetDblValueU(field,value,unit)",Schema field/label confirmed; full path + instance + runtime read not verified,Generic API available; this field write NOT verified,Not eligible for Apply; resolve path and test first,,Check type/enable/visibility rules in source,Resolve actual instance/full path; check ASE vs ACT; selection/enable flags; enum mapping; binding; units; round-trip,<AVL_ROOT>/AWS/appl/clients/excite/res/cpp/solctr.h,137,Declaring class is context only; struct nesting and array indexing are not resolved
SCH-00197,Power Unit (excite),Simulation Control,Start,double,"simtime1,cycle,cycle",Schema declaration; instance not resolved,Solctr_param,beg,"Candidate: GetDblValueU(field,unit)","Candidate: SetDblValueU(field,value,unit)",Schema field/label confirmed; full path + instance + runtime read not verified,Generic API available; this field write NOT verified,Not eligible for Apply; resolve path and test first,,Check type/enable/visibility rules in source,Resolve actual instance/full path; check ASE vs ACT; selection/enable flags; enum mapping; binding; units; round-trip,<AVL_ROOT>/AWS/appl/clients/excite/res/cpp/solctr.h,139,Declaring class is context only; struct nesting and array indexing are not resolved
SCH-00198,Power Unit (excite),Simulation Control,End,double,"simtime1,cycle,cycle",Schema declaration; instance not resolved,Solctr_param,end,"Candidate: GetDblValueU(field,unit)","Candidate: SetDblValueU(field,value,unit)",Schema field/label confirmed; full path + instance + runtime read not verified,Generic API available; this field write NOT verified,Not eligible for Apply; resolve path and test first,,Check type/enable/visibility rules in source,Resolve actual instance/full path; check ASE vs ACT; selection/enable flags; enum mapping; binding; units; round-trip,<AVL_ROOT>/AWS/appl/clients/excite/res/cpp/solctr.h,140,Declaring class is context only; struct nesting and array indexing are not resolved
SCH-00199,Power Unit (excite),Simulation Control,Use Step Size Control,Bool,,Schema declaration; instance not resolved,Solctr_param,use,Candidate: GetIntValue(field),"Candidate: SetIntValue(field,value)",Schema field/label confirmed; full path + instance + runtime read not verified,Generic API available; this field write NOT verified,Not eligible for Apply; resolve path and test first,,<visibility_change>,Resolve actual instance/full path; check ASE vs ACT; selection/enable flags; enum mapping; binding; units; round-trip,<AVL_ROOT>/AWS/appl/clients/excite/res/cpp/solctr.h,144,Declaring class is context only; struct nesting and array indexing are not resolved
SCH-00200,Power Unit (excite),Simulation Control,Minimum Size,double,"simtime1,deg,deg",Schema declaration; instance not resolved,Solctr_param,min,"Candidate: GetDblValueU(field,unit)","Candidate: SetDblValueU(field,value,unit)",Schema field/label confirmed; full path + instance + runtime read not verified,Generic API available; this field write NOT verified,Not eligible for Apply; resolve path and test first,,Check type/enable/visibility rules in source,Resolve actual instance/full path; check ASE vs ACT; selection/enable flags; enum mapping; binding; units; round-trip,<AVL_ROOT>/AWS/appl/clients/excite/res/cpp/solctr.h,146,Declaring class is context only; struct nesting and array indexing are not resolved
SCH-00201,Power Unit (excite),Simulation Control,Maximum Size,double,"simtime1,deg,deg",Schema declaration; instance not resolved,Solctr_param,max,"Candidate: GetDblValueU(field,unit)","Candidate: SetDblValueU(field,value,unit)",Schema field/label confirmed; full path + instance + runtime read not verified,Generic API available; this field write NOT verified,Not eligible for Apply; resolve path and test first,,Check type/enable/visibility rules in source,Resolve actual instance/full path; check ASE vs ACT; selection/enable flags; enum mapping; binding; units; round-trip,<AVL_ROOT>/AWS/appl/clients/excite/res/cpp/solctr.h,147,Declaring class is context only; struct nesting and array indexing are not resolved
SCH-00202,Power Unit (excite),Simulation Control,Factor for Change,double,,Schema declaration; instance not resolved,Solctr_param,fac,"Candidate: GetDblValueU(field,unit)","Candidate: SetDblValueU(field,value,unit)",Schema field/label confirmed; full path + instance + runtime read not verified,Generic API available; this field write NOT verified,Not eligible for Apply; resolve path and test first,,Check type/enable/visibility rules in source,Resolve actual instance/full path; check ASE vs ACT; selection/enable flags; enum mapping; binding; units; round-trip,<AVL_ROOT>/AWS/appl/clients/excite/res/cpp/solctr.h,150,Declaring class is context only; struct nesting and array indexing are not resolved
SCH-00203,Power Unit (excite),Simulation Control,Clearance Initiation,Bool,,Schema declaration; instance not resolved,Solctr_param,c_endi,Candidate: GetIntValue(field),"Candidate: SetIntValue(field,value)",Schema field/label confirmed; full path + instance + runtime read not verified,Generic API available; this field write NOT verified,Not eligible for Apply; resolve path and test first,,Check type/enable/visibility rules in source,Resolve actual instance/full path; check ASE vs ACT; selection/enable flags; enum mapping; binding; units; round-trip,<AVL_ROOT>/AWS/appl/clients/excite/res/cpp/solctr.h,155,Declaring class is context only; struct nesting and array indexing are not resolved
SCH-00204,Power Unit (excite),Simulation Control,Load Initiation,Bool,,Schema declaration; instance not resolved,Solctr_param,c_lodi,Candidate: GetIntValue(field),"Candidate: SetIntValue(field,value)",Schema field/label confirmed; full path + instance + runtime read not verified,Generic API available; this field write NOT verified,Not eligible for Apply; resolve path and test first,,Check type/enable/visibility rules in source,Resolve actual instance/full path; check ASE vs ACT; selection/enable flags; enum mapping; binding; units; round-trip,<AVL_ROOT>/AWS/appl/clients/excite/res/cpp/solctr.h,156,Declaring class is context only; struct nesting and array indexing are not resolved
SCH-00205,Power Unit (excite),Simulation Control,End of Init. Phase,double,"simtime1,deg",Schema declaration; instance not resolved,Solctr_param,endi,"Candidate: GetDblValueU(field,unit)","Candidate: SetDblValueU(field,value,unit)",Schema field/label confirmed; full path + instance + runtime read not verified,Generic API available; this field write NOT verified,Not eligible for Apply; resolve path and test first,,Check type/enable/visibility rules in source,Resolve actual instance/full path; check ASE vs ACT; selection/enable flags; enum mapping; binding; units; round-trip,<AVL_ROOT>/AWS/appl/clients/excite/res/cpp/solctr.h,163,Declaring class is context only; struct nesting and array indexing are not resolved
SCH-00206,Power Unit (excite),Simulation Control,End of Init. Phase,double,"simtime1,deg",Schema declaration; instance not resolved,Solctr_param,lodi,"Candidate: GetDblValueU(field,unit)","Candidate: SetDblValueU(field,value,unit)",Schema field/label confirmed; full path + instance + runtime read not verified,Generic API available; this field write NOT verified,Not eligible for Apply; resolve path and test first,,Check type/enable/visibility rules in source,Resolve actual instance/full path; check ASE vs ACT; selection/enable flags; enum mapping; binding; units; round-trip,<AVL_ROOT>/AWS/appl/clients/excite/res/cpp/solctr.h,166,Declaring class is context only; struct nesting and array indexing are not resolved
SCH-00207,Power Unit (excite),Simulation Control,Wear Evaluation,Bool,,Schema declaration; instance not resolved,Solctr_param,c_bege,Candidate: GetIntValue(field),"Candidate: SetIntValue(field,value)",Schema field/label confirmed; full path + instance + runtime read not verified,Generic API available; this field write NOT verified,Not eligible for Apply; resolve path and test first,,Check type/enable/visibility rules in source,Resolve actual instance/full path; check ASE vs ACT; selection/enable flags; enum mapping; binding; units; round-trip,<AVL_ROOT>/AWS/appl/clients/excite/res/cpp/solctr.h,172,Declaring class is context only; struct nesting and array indexing are not resolved
SCH-00208,Power Unit (excite),Simulation Control,Extremum Evaluation,Bool,,Schema declaration; instance not resolved,Solctr_param,c_cege,Candidate: GetIntValue(field),"Candidate: SetIntValue(field,value)",Schema field/label confirmed; full path + instance + runtime read not verified,Generic API available; this field write NOT verified,Not eligible for Apply; resolve path and test first,,Check type/enable/visibility rules in source,Resolve actual instance/full path; check ASE vs ACT; selection/enable flags; enum mapping; binding; units; round-trip,<AVL_ROOT>/AWS/appl/clients/excite/res/cpp/solctr.h,190,Declaring class is context only; struct nesting and array indexing are not resolved
SCH-00209,Power Unit (excite),Simulation Control,Heat Flux Evaluation,Bool,,Schema declaration; instance not resolved,Solctr_param,c_dege,Candidate: GetIntValue(field),"Candidate: SetIntValue(field,value)",Schema field/label confirmed; full path + instance + runtime read not verified,Generic API available; this field write NOT verified,Not eligible for Apply; resolve path and test first,,Check type/enable/visibility rules in source,Resolve actual instance/full path; check ASE vs ACT; selection/enable flags; enum mapping; binding; units; round-trip,<AVL_ROOT>/AWS/appl/clients/excite/res/cpp/solctr.h,191,Declaring class is context only; struct nesting and array indexing are not resolved
SCH-00210,Power Unit (excite),Simulation Control,Start of Evaluation,double,"simtime1,cycle,cycle",Schema declaration; instance not resolved,Solctr_param,cege,"Candidate: GetDblValueU(field,unit)","Candidate: SetDblValueU(field,value,unit)",Schema field/label confirmed; full path + instance + runtime read not verified,Generic API available; this field write NOT verified,Not eligible for Apply; resolve path and test first,,Check type/enable/visibility rules in source,Resolve actual instance/full path; check ASE vs ACT; selection/enable flags; enum mapping; binding; units; round-trip,<AVL_ROOT>/AWS/appl/clients/excite/res/cpp/solctr.h,195,Declaring class is context only; struct nesting and array indexing are not resolved
SCH-00211,Power Unit (excite),Simulation Control,Start of Evaluation,double,"simtime1,cycle,cycle",Schema declaration; instance not resolved,Solctr_param,dege,"Candidate: GetDblValueU(field,unit)","Candidate: SetDblValueU(field,value,unit)",Schema field/label confirmed; full path + instance + runtime read not verified,Generic API available; this field write NOT verified,Not eligible for Apply; resolve path and test first,,Check type/enable/visibility rules in source,Resolve actual instance/full path; check ASE vs ACT; selection/enable flags; enum mapping; binding; units; round-trip,<AVL_ROOT>/AWS/appl/clients/excite/res/cpp/solctr.h,198,Declaring class is context only; struct nesting and array indexing are not resolved
SCH-00212,Power Unit (excite),Simulation Control,Temperature Convergence Acceleration,Bool,,Schema declaration; instance not resolved,Solctr_param,temp_conv_acc,Candidate: GetIntValue(field),"Candidate: SetIntValue(field,value)",Schema field/label confirmed; full path + instance + runtime read not verified,Generic API available; this field write NOT verified,Not eligible for Apply; resolve path and test first,,Check type/enable/visibility rules in source,Resolve actual instance/full path; check ASE vs ACT; selection/enable flags; enum mapping; binding; units; round-trip,<AVL_ROOT>/AWS/appl/clients/excite/res/cpp/solctr.h,206,Declaring class is context only; struct nesting and array indexing are not resolved
SCH-00213,Power Unit (excite),Simulation Control,Body Equations,double,,Schema declaration; instance not resolved,Solctr_param,epsr,"Candidate: GetDblValueU(field,unit)","Candidate: SetDblValueU(field,value,unit)",Schema field/label confirmed; full path + instance + runtime read not verified,Generic API available; this field write NOT verified,Not eligible for Apply; resolve path and test first,,Check type/enable/visibility rules in source,Resolve actual instance/full path; check ASE vs ACT; selection/enable flags; enum mapping; binding; units; round-trip,<AVL_ROOT>/AWS/appl/clients/excite/res/cpp/solctr.h,214,Declaring class is context only; struct nesting and array indexing are not resolved
SCH-00214,Power Unit (excite),Simulation Control,Maximum Iterations,int,,Schema declaration; instance not resolved,Solctr_param,imax,Candidate: GetIntValue(field),"Candidate: SetIntValue(field,value)",Schema field/label confirmed; full path + instance + runtime read not verified,Generic API available; this field write NOT verified,Not eligible for Apply; resolve path and test first,,Check type/enable/visibility rules in source,Resolve actual instance/full path; check ASE vs ACT; selection/enable flags; enum mapping; binding; units; round-trip,<AVL_ROOT>/AWS/appl/clients/excite/res/cpp/solctr.h,215,Declaring class is context only; struct nesting and array indexing are not resolved
SCH-00215,Power Unit (excite),Simulation Control,Structural Forces,double,,Schema declaration; instance not resolved,Solctr_param,epsu,"Candidate: GetDblValueU(field,unit)","Candidate: SetDblValueU(field,value,unit)",Schema field/label confirmed; full path + instance + runtime read not verified,Generic API available; this field write NOT verified,Not eligible for Apply; resolve path and test first,,Check type/enable/visibility rules in source,Resolve actual instance/full path; check ASE vs ACT; selection/enable flags; enum mapping; binding; units; round-trip,<AVL_ROOT>/AWS/appl/clients/excite/res/cpp/solctr.h,218,Declaring class is context only; struct nesting and array indexing are not resolved
SCH-00216,Power Unit (excite),Simulation Control,Mixed Lubricated Contact Forces,double,,Schema declaration; instance not resolved,Solctr_param,epse,"Candidate: GetDblValueU(field,unit)","Candidate: SetDblValueU(field,value,unit)",Schema field/label confirmed; full path + instance + runtime read not verified,Generic API available; this field write NOT verified,Not eligible for Apply; resolve path and test first,,Check type/enable/visibility rules in source,Resolve actual instance/full path; check ASE vs ACT; selection/enable flags; enum mapping; binding; units; round-trip,<AVL_ROOT>/AWS/appl/clients/excite/res/cpp/solctr.h,219,Declaring class is context only; struct nesting and array indexing are not resolved
SCH-00217,Power Unit (excite),Simulation Control,Alpha,double,"dimensionless,no",Schema declaration; instance not resolved,Solctr_param,alpha,"Candidate: GetDblValueU(field,unit)","Candidate: SetDblValueU(field,value,unit)",Schema field/label confirmed; full path + instance + runtime read not verified,Generic API available; this field write NOT verified,Not eligible for Apply; resolve path and test first,,Check type/enable/visibility rules in source,Resolve actual instance/full path; check ASE vs ACT; selection/enable flags; enum mapping; binding; units; round-trip,<AVL_ROOT>/AWS/appl/clients/excite/res/cpp/solctr.h,230,Declaring class is context only; struct nesting and array indexing are not resolved
SCH-00218,Power Unit (excite),Simulation Control,Delta,double,"dimensionless,no",Schema declaration; instance not resolved,Solctr_param,delta,"Candidate: GetDblValueU(field,unit)","Candidate: SetDblValueU(field,value,unit)",Schema field/label confirmed; full path + instance + runtime read not verified,Generic API available; this field write NOT verified,Not eligible for Apply; resolve path and test first,,"<visibility=method,value-int,1>",Resolve actual instance/full path; check ASE vs ACT; selection/enable flags; enum mapping; binding; units; round-trip,<AVL_ROOT>/AWS/appl/clients/excite/res/cpp/solctr.h,231,Declaring class is context only; struct nesting and array indexing are not resolved
SCH-00219,Power Unit (excite),Simulation Control,Gamma,double,"dimensionless,no",Schema declaration; instance not resolved,Solctr_param,gamma,"Candidate: GetDblValueU(field,unit)","Candidate: SetDblValueU(field,value,unit)",Schema field/label confirmed; full path + instance + runtime read not verified,Generic API available; this field write NOT verified,Not eligible for Apply; resolve path and test first,,Check type/enable/visibility rules in source,Resolve actual instance/full path; check ASE vs ACT; selection/enable flags; enum mapping; binding; units; round-trip,<AVL_ROOT>/AWS/appl/clients/excite/res/cpp/solctr.h,234,Declaring class is context only; struct nesting and array indexing are not resolved
SCH-00220,Power Unit (excite),Simulation Control,Consider Force/Moments of Previous Timestep,Bool,,Schema declaration; instance not resolved,Solctr_param,prev,Candidate: GetIntValue(field),"Candidate: SetIntValue(field,value)",Schema field/label confirmed; full path + instance + runtime read not verified,Generic API available; this field write NOT verified,Not eligible for Apply; resolve path and test first,,"<visibility=method,value-int,2>",Resolve actual instance/full path; check ASE vs ACT; selection/enable flags; enum mapping; binding; units; round-trip,<AVL_ROOT>/AWS/appl/clients/excite/res/cpp/solctr.h,235,Declaring class is context only; struct nesting and array indexing are not resolved
SCH-00221,Power Unit (excite),Simulation Control,Alpha-B,double,"dimensionless,no",Schema declaration; instance not resolved,Solctr_param,alphb,"Candidate: GetDblValueU(field,unit)","Candidate: SetDblValueU(field,value,unit)",Schema field/label confirmed; full path + instance + runtime read not verified,Generic API available; this field write NOT verified,Not eligible for Apply; resolve path and test first,,Check type/enable/visibility rules in source,Resolve actual instance/full path; check ASE vs ACT; selection/enable flags; enum mapping; binding; units; round-trip,<AVL_ROOT>/AWS/appl/clients/excite/res/cpp/solctr.h,238,Declaring class is context only; struct nesting and array indexing are not resolved
SCH-00222,Power Unit (excite),Simulation Control,Alpha-H,double,"dimensionless,no",Schema declaration; instance not resolved,Solctr_param,alphh,"Candidate: GetDblValueU(field,unit)","Candidate: SetDblValueU(field,value,unit)",Schema field/label confirmed; full path + instance + runtime read not verified,Generic API available; this field write NOT verified,Not eligible for Apply; resolve path and test first,,Check type/enable/visibility rules in source,Resolve actual instance/full path; check ASE vs ACT; selection/enable flags; enum mapping; binding; units; round-trip,<AVL_ROOT>/AWS/appl/clients/excite/res/cpp/solctr.h,239,Declaring class is context only; struct nesting and array indexing are not resolved
SCH-00223,Power Unit (excite),Simulation Control,Absolute,double,"length,m",Schema declaration; instance not resolved,CouplingSettings,attr,"Candidate: GetDblValueU(field,unit)","Candidate: SetDblValueU(field,value,unit)",Schema field/label confirmed; full path + instance + runtime read not verified,Generic API available; this field write NOT verified,Not eligible for Apply; resolve path and test first,,Check type/enable/visibility rules in source,Resolve actual instance/full path; check ASE vs ACT; selection/enable flags; enum mapping; binding; units; round-trip,<AVL_ROOT>/AWS/appl/clients/excite/res/cpp/solctr.h,255,Declaring class is context only; struct nesting and array indexing are not resolved
SCH-00224,Power Unit (excite),Simulation Control,Relative,double,"dimensionless,no",Schema declaration; instance not resolved,CouplingSettings,rttr,"Candidate: GetDblValueU(field,unit)","Candidate: SetDblValueU(field,value,unit)",Schema field/label confirmed; full path + instance + runtime read not verified,Generic API available; this field write NOT verified,Not eligible for Apply; resolve path and test first,,Check type/enable/visibility rules in source,Resolve actual instance/full path; check ASE vs ACT; selection/enable flags; enum mapping; binding; units; round-trip,<AVL_ROOT>/AWS/appl/clients/excite/res/cpp/solctr.h,256,Declaring class is context only; struct nesting and array indexing are not resolved
SCH-00225,Power Unit (excite),Simulation Control,Absolute,double,"angle,rad",Schema declaration; instance not resolved,CouplingSettings,atro,"Candidate: GetDblValueU(field,unit)","Candidate: SetDblValueU(field,value,unit)",Schema field/label confirmed; full path + instance + runtime read not verified,Generic API available; this field write NOT verified,Not eligible for Apply; resolve path and test first,,Check type/enable/visibility rules in source,Resolve actual instance/full path; check ASE vs ACT; selection/enable flags; enum mapping; binding; units; round-trip,<AVL_ROOT>/AWS/appl/clients/excite/res/cpp/solctr.h,258,Declaring class is context only; struct nesting and array indexing are not resolved
SCH-00226,Power Unit (excite),Simulation Control,Relative,double,"dimensionless,no",Schema declaration; instance not resolved,CouplingSettings,rtro,"Candidate: GetDblValueU(field,unit)","Candidate: SetDblValueU(field,value,unit)",Schema field/label confirmed; full path + instance + runtime read not verified,Generic API available; this field write NOT verified,Not eligible for Apply; resolve path and test first,,Check type/enable/visibility rules in source,Resolve actual instance/full path; check ASE vs ACT; selection/enable flags; enum mapping; binding; units; round-trip,<AVL_ROOT>/AWS/appl/clients/excite/res/cpp/solctr.h,259,Declaring class is context only; struct nesting and array indexing are not resolved
SCH-00227,Power Unit (excite),Simulation Control,Starts after Iteration No.,int,,Schema declaration; instance not resolved,CouplingSettings,nast,Candidate: GetIntValue(field),"Candidate: SetIntValue(field,value)",Schema field/label confirmed; full path + instance + runtime read not verified,Generic API available; this field write NOT verified,Not eligible for Apply; resolve path and test first,,Check type/enable/visibility rules in source,Resolve actual instance/full path; check ASE vs ACT; selection/enable flags; enum mapping; binding; units; round-trip,<AVL_ROOT>/AWS/appl/clients/excite/res/cpp/solctr.h,263,Declaring class is context only; struct nesting and array indexing are not resolved
SCH-00228,Power Unit (excite),Simulation Control,Synchronizing after each n-th approximations,int,,Schema declaration; instance not resolved,CouplingSettings,nasy,Candidate: GetIntValue(field),"Candidate: SetIntValue(field,value)",Schema field/label confirmed; full path + instance + runtime read not verified,Generic API available; this field write NOT verified,Not eligible for Apply; resolve path and test first,,Check type/enable/visibility rules in source,Resolve actual instance/full path; check ASE vs ACT; selection/enable flags; enum mapping; binding; units; round-trip,<AVL_ROOT>/AWS/appl/clients/excite/res/cpp/solctr.h,264,Declaring class is context only; struct nesting and array indexing are not resolved
SCH-00229,Power Unit (excite),Simulation Control,Initial Velocity Calculation,Bool,,Schema declaration; instance not resolved,Solctr_adv,inVeloCalc,Candidate: GetIntValue(field),"Candidate: SetIntValue(field,value)",Schema field/label confirmed; full path + instance + runtime read not verified,Generic API available; this field write NOT verified,Not eligible for Apply; resolve path and test first,,Check type/enable/visibility rules in source,Resolve actual instance/full path; check ASE vs ACT; selection/enable flags; enum mapping; binding; units; round-trip,<AVL_ROOT>/AWS/appl/clients/excite/res/cpp/solctr.h,273,Declaring class is context only; struct nesting and array indexing are not resolved
SCH-00230,Power Unit (excite),Simulation Control,Interpolation,ASEenum,,Schema declaration; instance not resolved,Solctr_adv,sci,Candidate: GetIntValue(field),"Candidate: SetIntValue(field,value)",Schema field/label confirmed; full path + instance + runtime read not verified,Generic API available; this field write NOT verified,Not eligible for Apply; resolve path and test first,,Check type/enable/visibility rules in source,Resolve actual instance/full path; check ASE vs ACT; selection/enable flags; enum mapping; binding; units; round-trip,<AVL_ROOT>/AWS/appl/clients/excite/res/cpp/solctr.h,281,"Schema labels: ""Linear    "",""Cubic (applied to displacement/angle tables only)"""
SCH-00231,Power Unit (excite),Simulation Control,Extrapolation,ASEenum,,Schema declaration; instance not resolved,Solctr_adv,sce,Candidate: GetIntValue(field),"Candidate: SetIntValue(field,value)",Schema field/label confirmed; full path + instance + runtime read not verified,Generic API available; this field write NOT verified,Not eligible for Apply; resolve path and test first,,Check type/enable/visibility rules in source,Resolve actual instance/full path; check ASE vs ACT; selection/enable flags; enum mapping; binding; units; round-trip,<AVL_ROOT>/AWS/appl/clients/excite/res/cpp/solctr.h,282,"Schema labels: ""Constant"",""Linear"",""Periodic"""
SCH-00232,Power Unit (excite),Simulation Control,Activate 3 Global Rotations for All RI3D Bodies,Bool,,Schema declaration; instance not resolved,Solctr_adv,RI3D_6DOFS,Candidate: GetIntValue(field),"Candidate: SetIntValue(field,value)",Schema field/label confirmed; full path + instance + runtime read not verified,Generic API available; this field write NOT verified,Not eligible for Apply; resolve path and test first,,Check type/enable/visibility rules in source,Resolve actual instance/full path; check ASE vs ACT; selection/enable flags; enum mapping; binding; units; round-trip,<AVL_ROOT>/AWS/appl/clients/excite/res/cpp/solctr.h,289,Declaring class is context only; struct nesting and array indexing are not resolved
SCH-00233,Power Unit (excite),Simulation Control,Coupling Level,ASEenum,,Schema declaration; instance not resolved,Solctr_adv,coupling,Candidate: GetIntValue(field),"Candidate: SetIntValue(field,value)",Schema field/label confirmed; full path + instance + runtime read not verified,Generic API available; this field write NOT verified,Not eligible for Apply; resolve path and test first,,Check type/enable/visibility rules in source,Resolve actual instance/full path; check ASE vs ACT; selection/enable flags; enum mapping; binding; units; round-trip,<AVL_ROOT>/AWS/appl/clients/excite/res/cpp/solctr.h,295,"Schema labels: ""Full Excite_TD Calculation"", ""Segment Skipping"", ""Skipping & Approximation"""
SCH-00234,Power Unit (excite),Simulation Control,Use Simulation Interval,Bool,,Schema declaration; instance not resolved,Solctr_dstorage,refer_interv,Candidate: GetIntValue(field),"Candidate: SetIntValue(field,value)",Schema field/label confirmed; full path + instance + runtime read not verified,Generic API available; this field write NOT verified,Not eligible for Apply; resolve path and test first,,Check type/enable/visibility rules in source,Resolve actual instance/full path; check ASE vs ACT; selection/enable flags; enum mapping; binding; units; round-trip,<AVL_ROOT>/AWS/appl/clients/excite/res/cpp/solctr.h,323,Declaring class is context only; struct nesting and array indexing are not resolved
SCH-00235,Power Unit (excite),Simulation Control,Start,double,"simtime1,deg",Schema declaration; instance not resolved,Solctr_dstorage,start,"Candidate: GetDblValueU(field,unit)","Candidate: SetDblValueU(field,value,unit)",Schema field/label confirmed; full path + instance + runtime read not verified,Generic API available; this field write NOT verified,Not eligible for Apply; resolve path and test first,,Check type/enable/visibility rules in source,Resolve actual instance/full path; check ASE vs ACT; selection/enable flags; enum mapping; binding; units; round-trip,<AVL_ROOT>/AWS/appl/clients/excite/res/cpp/solctr.h,326,Declaring class is context only; struct nesting and array indexing are not resolved
SCH-00236,Power Unit (excite),Simulation Control,End,double,"simtime1,deg",Schema declaration; instance not resolved,Solctr_dstorage,end,"Candidate: GetDblValueU(field,unit)","Candidate: SetDblValueU(field,value,unit)",Schema field/label confirmed; full path + instance + runtime read not verified,Generic API available; this field write NOT verified,Not eligible for Apply; resolve path and test first,,Check type/enable/visibility rules in source,Resolve actual instance/full path; check ASE vs ACT; selection/enable flags; enum mapping; binding; units; round-trip,<AVL_ROOT>/AWS/appl/clients/excite/res/cpp/solctr.h,327,Declaring class is context only; struct nesting and array indexing are not resolved
SCH-00237,Power Unit (excite),Simulation Control,Close Results Files after...,Bool,,Schema declaration; instance not resolved,Solctr_dstorage,close_file,Candidate: GetIntValue(field),"Candidate: SetIntValue(field,value)",Schema field/label confirmed; full path + instance + runtime read not verified,Generic API available; this field write NOT verified,Not eligible for Apply; resolve path and test first,,<visibility_change>,Resolve actual instance/full path; check ASE vs ACT; selection/enable flags; enum mapping; binding; units; round-trip,<AVL_ROOT>/AWS/appl/clients/excite/res/cpp/solctr.h,332,Declaring class is context only; struct nesting and array indexing are not resolved
SCH-00238,Power Unit (excite),Simulation Control,Activate Monitoring,Bool,,Schema declaration; instance not resolved,Solctr_monitoring,onoff,Candidate: GetIntValue(field),"Candidate: SetIntValue(field,value)",Schema field/label confirmed; full path + instance + runtime read not verified,Generic API available; this field write NOT verified,Not eligible for Apply; resolve path and test first,,<visibility_change>,Resolve actual instance/full path; check ASE vs ACT; selection/enable flags; enum mapping; binding; units; round-trip,<AVL_ROOT>/AWS/appl/clients/excite/res/cpp/solctr.h,361,Declaring class is context only; struct nesting and array indexing are not resolved
SCH-00239,Power Unit (excite),Simulation Control,Time Interval for Updating,double,"time,s,s",Schema declaration; instance not resolved,Solctr_monitoring,dt,"Candidate: GetDblValueU(field,unit)","Candidate: SetDblValueU(field,value,unit)",Schema field/label confirmed; full path + instance + runtime read not verified,Generic API available; this field write NOT verified,Not eligible for Apply; resolve path and test first,,Check type/enable/visibility rules in source,Resolve actual instance/full path; check ASE vs ACT; selection/enable flags; enum mapping; binding; units; round-trip,<AVL_ROOT>/AWS/appl/clients/excite/res/cpp/solctr.h,364,Declaring class is context only; struct nesting and array indexing are not resolved
SCH-00240,Power Unit (excite),Simulation Control,Angle-Based Simulation Timing,Bool,,Schema declaration; instance not resolved,Solctr_ref,angleBTiming,Candidate: GetIntValue(field),"Candidate: SetIntValue(field,value)",Schema field/label confirmed; full path + instance + runtime read not verified,Generic API available; this field write NOT verified,Not eligible for Apply; resolve path and test first,,<visibility_change>,Resolve actual instance/full path; check ASE vs ACT; selection/enable flags; enum mapping; binding; units; round-trip,<AVL_ROOT>/AWS/appl/clients/excite/res/cpp/solctr.h,371,Declaring class is context only; struct nesting and array indexing are not resolved
SCH-00241,Power Unit (excite),Simulation Control,Body,ASEenum,,Schema declaration; instance not resolved,Solctr_ref,rbody,Candidate: GetIntValue(field),"Candidate: SetIntValue(field,value)",Schema field/label confirmed; full path + instance + runtime read not verified,Generic API available; this field write NOT verified,Not eligible for Apply; resolve path and test first,,Check type/enable/visibility rules in source,Resolve actual instance/full path; check ASE vs ACT; selection/enable flags; enum mapping; binding; units; round-trip,<AVL_ROOT>/AWS/appl/clients/excite/res/cpp/solctr.h,383,"Schema labels: ""Constant Rotation"", ""Crankshaft"""
SCH-00242,Power Unit (excite),Simulation Control,Rotation Axis of Reference Body,ASEenum,,Schema declaration; instance not resolved,Solctr_ref,rotaxis,Candidate: GetIntValue(field),"Candidate: SetIntValue(field,value)",Schema field/label confirmed; full path + instance + runtime read not verified,Generic API available; this field write NOT verified,Not eligible for Apply; resolve path and test first,,Check type/enable/visibility rules in source,Resolve actual instance/full path; check ASE vs ACT; selection/enable flags; enum mapping; binding; units; round-trip,<AVL_ROOT>/AWS/appl/clients/excite/res/cpp/solctr.h,385,"Schema labels: ""X (e1)"",""Y (e2)"",""Z (e3)"""
SCH-00243,Power Unit (excite),Simulation Control,Reference Speed,double,"ang_vel,rpm",Schema declaration; instance not resolved,Solctr_ref,omega,"Candidate: GetDblValueU(field,unit)","Candidate: SetDblValueU(field,value,unit)",Schema field/label confirmed; full path + instance + runtime read not verified,Generic API available; this field write NOT verified,Not eligible for Apply; resolve path and test first,,Check type/enable/visibility rules in source,Resolve actual instance/full path; check ASE vs ACT; selection/enable flags; enum mapping; binding; units; round-trip,<AVL_ROOT>/AWS/appl/clients/excite/res/cpp/solctr.h,390,Declaring class is context only; struct nesting and array indexing are not resolved
SCH-00244,Power Unit (excite),Simulation Control,Link to Crank Train Globals,Bool,,Schema declaration; instance not resolved,Solctr_ref,link,Candidate: GetIntValue(field),"Candidate: SetIntValue(field,value)",Schema field/label confirmed; full path + instance + runtime read not verified,Generic API available; this field write NOT verified,Not eligible for Apply; resolve path and test first,,Check type/enable/visibility rules in source,Resolve actual instance/full path; check ASE vs ACT; selection/enable flags; enum mapping; binding; units; round-trip,<AVL_ROOT>/AWS/appl/clients/excite/res/cpp/solctr.h,393,Declaring class is context only; struct nesting and array indexing are not resolved
SCH-00245,Power Unit (excite),Simulation Control,Angle Reference,ASEenum,,Schema declaration; instance not resolved,Solctr_ref,def_node,Candidate: GetIntValue(field),"Candidate: SetIntValue(field,value)",Schema field/label confirmed; full path + instance + runtime read not verified,Generic API available; this field write NOT verified,Not eligible for Apply; resolve path and test first,,<visibility_change>,Resolve actual instance/full path; check ASE vs ACT; selection/enable flags; enum mapping; binding; units; round-trip,<AVL_ROOT>/AWS/appl/clients/excite/res/cpp/solctr.h,396,"Schema labels: ""Rotation of Body Reference Frame"",""Rotation of Defined Node"""
SCH-00246,Power Unit (excite),Simulation Control,Node Label,int,,Schema declaration; instance not resolved,Solctr_ref,label,Candidate: GetIntValue(field),"Candidate: SetIntValue(field,value)",Schema field/label confirmed; full path + instance + runtime read not verified,Generic API available; this field write NOT verified,Not eligible for Apply; resolve path and test first,,Check type/enable/visibility rules in source,Resolve actual instance/full path; check ASE vs ACT; selection/enable flags; enum mapping; binding; units; round-trip,<AVL_ROOT>/AWS/appl/clients/excite/res/cpp/solctr.h,401,Declaring class is context only; struct nesting and array indexing are not resolved
SCH-00247,Power Unit (excite),Simulation Control,Shift Angle,double,"angle,rad",Schema declaration; instance not resolved,Solctr_ref,angle,"Candidate: GetDblValueU(field,unit)","Candidate: SetDblValueU(field,value,unit)",Schema field/label confirmed; full path + instance + runtime read not verified,Generic API available; this field write NOT verified,Not eligible for Apply; resolve path and test first,,Check type/enable/visibility rules in source,Resolve actual instance/full path; check ASE vs ACT; selection/enable flags; enum mapping; binding; units; round-trip,<AVL_ROOT>/AWS/appl/clients/excite/res/cpp/solctr.h,407,Declaring class is context only; struct nesting and array indexing are not resolved
SCH-00248,Power Unit (excite),Simulation Control,Link to Initial Rotation of Body,Bool,,Schema declaration; instance not resolved,Solctr_ref,link_to_rotation,Candidate: GetIntValue(field),"Candidate: SetIntValue(field,value)",Schema field/label confirmed; full path + instance + runtime read not verified,Generic API available; this field write NOT verified,Not eligible for Apply; resolve path and test first,,Check type/enable/visibility rules in source,Resolve actual instance/full path; check ASE vs ACT; selection/enable flags; enum mapping; binding; units; round-trip,<AVL_ROOT>/AWS/appl/clients/excite/res/cpp/solctr.h,411,Declaring class is context only; struct nesting and array indexing are not resolved
SCH-00249,Power Unit (excite),Simulation Control,Node on Reference Body,char*,,Schema declaration; instance not resolved,Solctr_ref,refNode,Candidate: GetStrValue(field),"Candidate: SetStrValue(field,value)",Schema field/label confirmed; full path + instance + runtime read not verified,Generic API available; this field write NOT verified,Not eligible for Apply; resolve path and test first,,Check type/enable/visibility rules in source,Resolve actual instance/full path; check ASE vs ACT; selection/enable flags; enum mapping; binding; units; round-trip,<AVL_ROOT>/AWS/appl/clients/excite/res/cpp/solctr.h,422,Declaring class is context only; struct nesting and array indexing are not resolved
SCH-00250,Power Unit (excite),Simulation Control,User Defined,Bool,,Schema declaration; instance not resolved,Solctr_ref,userDef,Candidate: GetIntValue(field),"Candidate: SetIntValue(field,value)",Schema field/label confirmed; full path + instance + runtime read not verified,Generic API available; this field write NOT verified,Not eligible for Apply; resolve path and test first,,<visibility_change>,Resolve actual instance/full path; check ASE vs ACT; selection/enable flags; enum mapping; binding; units; round-trip,<AVL_ROOT>/AWS/appl/clients/excite/res/cpp/solctr.h,424,Declaring class is context only; struct nesting and array indexing are not resolved
SCH-00251,Power Unit (excite),Simulation Control,Update Frequency,int,,Schema declaration; instance not resolved,Solctr_ref,updateFreq,Candidate: GetIntValue(field),"Candidate: SetIntValue(field,value)",Schema field/label confirmed; full path + instance + runtime read not verified,Generic API available; this field write NOT verified,Not eligible for Apply; resolve path and test first,,Check type/enable/visibility rules in source,Resolve actual instance/full path; check ASE vs ACT; selection/enable flags; enum mapping; binding; units; round-trip,<AVL_ROOT>/AWS/appl/clients/excite/res/cpp/solctr.h,428,Declaring class is context only; struct nesting and array indexing are not resolved
SCH-00252,Power Unit (excite),Simulation Control,Reference Torque,double,"moment,Nm",Schema declaration; instance not resolved,Solctr_ref,refTorque,"Candidate: GetDblValueU(field,unit)","Candidate: SetDblValueU(field,value,unit)",Schema field/label confirmed; full path + instance + runtime read not verified,Generic API available; this field write NOT verified,Not eligible for Apply; resolve path and test first,,Check type/enable/visibility rules in source,Resolve actual instance/full path; check ASE vs ACT; selection/enable flags; enum mapping; binding; units; round-trip,<AVL_ROOT>/AWS/appl/clients/excite/res/cpp/solctr.h,429,Declaring class is context only; struct nesting and array indexing are not resolved
SCH-00253,Power Unit (excite),Simulation Control,Integration Interval,double,"simangle,cycle,cycle",Schema declaration; instance not resolved,Solctr_ref,integInterv,"Candidate: GetDblValueU(field,unit)","Candidate: SetDblValueU(field,value,unit)",Schema field/label confirmed; full path + instance + runtime read not verified,Generic API available; this field write NOT verified,Not eligible for Apply; resolve path and test first,,Check type/enable/visibility rules in source,Resolve actual instance/full path; check ASE vs ACT; selection/enable flags; enum mapping; binding; units; round-trip,<AVL_ROOT>/AWS/appl/clients/excite/res/cpp/solctr.h,430,Declaring class is context only; struct nesting and array indexing are not resolved
SCH-00254,Power Unit (excite),Simulation Control,Proportional Gain,double,"dimensionless,none",Schema declaration; instance not resolved,Solctr_ref,propGain,"Candidate: GetDblValueU(field,unit)","Candidate: SetDblValueU(field,value,unit)",Schema field/label confirmed; full path + instance + runtime read not verified,Generic API available; this field write NOT verified,Not eligible for Apply; resolve path and test first,,Check type/enable/visibility rules in source,Resolve actual instance/full path; check ASE vs ACT; selection/enable flags; enum mapping; binding; units; round-trip,<AVL_ROOT>/AWS/appl/clients/excite/res/cpp/solctr.h,434,Declaring class is context only; struct nesting and array indexing are not resolved
SCH-00255,Power Unit (excite),Simulation Control,Integral Gain,double,"dimensionless,none",Schema declaration; instance not resolved,Solctr_ref,integralGain,"Candidate: GetDblValueU(field,unit)","Candidate: SetDblValueU(field,value,unit)",Schema field/label confirmed; full path + instance + runtime read not verified,Generic API available; this field write NOT verified,Not eligible for Apply; resolve path and test first,,Check type/enable/visibility rules in source,Resolve actual instance/full path; check ASE vs ACT; selection/enable flags; enum mapping; binding; units; round-trip,<AVL_ROOT>/AWS/appl/clients/excite/res/cpp/solctr.h,435,Declaring class is context only; struct nesting and array indexing are not resolved
SCH-00256,Power Unit (excite),Simulation Control,Differential Gain,double,"dimensionless,none",Schema declaration; instance not resolved,Solctr_ref,diffGain,"Candidate: GetDblValueU(field,unit)","Candidate: SetDblValueU(field,value,unit)",Schema field/label confirmed; full path + instance + runtime read not verified,Generic API available; this field write NOT verified,Not eligible for Apply; resolve path and test first,,Check type/enable/visibility rules in source,Resolve actual instance/full path; check ASE vs ACT; selection/enable flags; enum mapping; binding; units; round-trip,<AVL_ROOT>/AWS/appl/clients/excite/res/cpp/solctr.h,436,Declaring class is context only; struct nesting and array indexing are not resolved
SCH-00257,Power Unit (excite),Simulation Control,Stiffness / Damping for Rotational Coupling,ASEenum,,Schema declaration; instance not resolved,Solctr_ref,calcType,Candidate: GetIntValue(field),"Candidate: SetIntValue(field,value)",Schema field/label confirmed; full path + instance + runtime read not verified,Generic API available; this field write NOT verified,Not eligible for Apply; resolve path and test first,,<visibility_change>,Resolve actual instance/full path; check ASE vs ACT; selection/enable flags; enum mapping; binding; units; round-trip,<AVL_ROOT>/AWS/appl/clients/excite/res/cpp/solctr.h,443,"Schema labels: ""Calculate"",""User Defined"""
SCH-00258,Power Unit (excite),Simulation Control,System Inertia,double,"mom_inert,kgm2",Schema declaration; instance not resolved,Solctr_ref,sysInertia,"Candidate: GetDblValueU(field,unit)","Candidate: SetDblValueU(field,value,unit)",Schema field/label confirmed; full path + instance + runtime read not verified,Generic API available; this field write NOT verified,Not eligible for Apply; resolve path and test first,,"<visibility=calcType,value-int,1>",Resolve actual instance/full path; check ASE vs ACT; selection/enable flags; enum mapping; binding; units; round-trip,<AVL_ROOT>/AWS/appl/clients/excite/res/cpp/solctr.h,448,Declaring class is context only; struct nesting and array indexing are not resolved
SCH-00259,Power Unit (excite),Simulation Control,Stiffness,double,"tors_stiff,Nmm_rad",Schema declaration; instance not resolved,Solctr_ref,stiff,"Candidate: GetDblValueU(field,unit)","Candidate: SetDblValueU(field,value,unit)",Schema field/label confirmed; full path + instance + runtime read not verified,Generic API available; this field write NOT verified,Not eligible for Apply; resolve path and test first,,Check type/enable/visibility rules in source,Resolve actual instance/full path; check ASE vs ACT; selection/enable flags; enum mapping; binding; units; round-trip,<AVL_ROOT>/AWS/appl/clients/excite/res/cpp/solctr.h,451,Declaring class is context only; struct nesting and array indexing are not resolved
SCH-00260,Power Unit (excite),Simulation Control,Damping,double,"rot_damping,Nmms_rad",Schema declaration; instance not resolved,Solctr_ref,damp,"Candidate: GetDblValueU(field,unit)","Candidate: SetDblValueU(field,value,unit)",Schema field/label confirmed; full path + instance + runtime read not verified,Generic API available; this field write NOT verified,Not eligible for Apply; resolve path and test first,,Check type/enable/visibility rules in source,Resolve actual instance/full path; check ASE vs ACT; selection/enable flags; enum mapping; binding; units; round-trip,<AVL_ROOT>/AWS/appl/clients/excite/res/cpp/solctr.h,452,Declaring class is context only; struct nesting and array indexing are not resolved
SCH-00261,Power Unit (excite),Results Control,Crankshaft Global Motion,Bool,,Schema declaration; instance not resolved,ResctrCommResults,cs_gm,Candidate: GetIntValue(field),"Candidate: SetIntValue(field,value)",Schema field/label confirmed; full path + instance + runtime read not verified,Generic API available; this field write NOT verified,Not eligible for Apply; resolve path and test first,,Check type/enable/visibility rules in source,Resolve actual instance/full path; check ASE vs ACT; selection/enable flags; enum mapping; binding; units; round-trip,<AVL_ROOT>/AWS/appl/clients/excite/res/cpp/resctr.h,61,Declaring class is context only; struct nesting and array indexing are not resolved
SCH-00262,Power Unit (excite),Results Control,Crankshaft Section Forces and Moments,Bool,,Schema declaration; instance not resolved,ResctrCommResults,cs_sf,Candidate: GetIntValue(field),"Candidate: SetIntValue(field,value)",Schema field/label confirmed; full path + instance + runtime read not verified,Generic API available; this field write NOT verified,Not eligible for Apply; resolve path and test first,,Check type/enable/visibility rules in source,Resolve actual instance/full path; check ASE vs ACT; selection/enable flags; enum mapping; binding; units; round-trip,<AVL_ROOT>/AWS/appl/clients/excite/res/cpp/resctr.h,62,Declaring class is context only; struct nesting and array indexing are not resolved
SCH-00263,Power Unit (excite),Results Control,"Bearing Forces, Moments, Orbital Paths, Relative Displacements",Bool,,Schema declaration; instance not resolved,ResctrCommResults,brng_fm,Candidate: GetIntValue(field),"Candidate: SetIntValue(field,value)",Schema field/label confirmed; full path + instance + runtime read not verified,Generic API available; this field write NOT verified,Not eligible for Apply; resolve path and test first,,Check type/enable/visibility rules in source,Resolve actual instance/full path; check ASE vs ACT; selection/enable flags; enum mapping; binding; units; round-trip,<AVL_ROOT>/AWS/appl/clients/excite/res/cpp/resctr.h,67,Declaring class is context only; struct nesting and array indexing are not resolved
SCH-00264,Power Unit (excite),Results Control,"Bearing Details Level 1 (MOFT, POFP, Friction)",Bool,,Schema declaration; instance not resolved,ResctrCommResults,brng_dtl1,Candidate: GetIntValue(field),"Candidate: SetIntValue(field,value)",Schema field/label confirmed; full path + instance + runtime read not verified,Generic API available; this field write NOT verified,Not eligible for Apply; resolve path and test first,,Check type/enable/visibility rules in source,Resolve actual instance/full path; check ASE vs ACT; selection/enable flags; enum mapping; binding; units; round-trip,<AVL_ROOT>/AWS/appl/clients/excite/res/cpp/resctr.h,68,Declaring class is context only; struct nesting and array indexing are not resolved
SCH-00265,Power Unit (excite),Results Control,Bearing Details Level 2,Bool,,Schema declaration; instance not resolved,ResctrCommResults,brng_dtl2,Candidate: GetIntValue(field),"Candidate: SetIntValue(field,value)",Schema field/label confirmed; full path + instance + runtime read not verified,Generic API available; this field write NOT verified,Not eligible for Apply; resolve path and test first,,Check type/enable/visibility rules in source,Resolve actual instance/full path; check ASE vs ACT; selection/enable flags; enum mapping; binding; units; round-trip,<AVL_ROOT>/AWS/appl/clients/excite/res/cpp/resctr.h,69,Declaring class is context only; struct nesting and array indexing are not resolved
SCH-00266,Power Unit (excite),Results Control,of All Connected Nodes,Bool,,Schema declaration; instance not resolved,ResctrCommResults,nodal_allcn,Candidate: GetIntValue(field),"Candidate: SetIntValue(field,value)",Schema field/label confirmed; full path + instance + runtime read not verified,Generic API available; this field write NOT verified,Not eligible for Apply; resolve path and test first,,<visibility_change>,Resolve actual instance/full path; check ASE vs ACT; selection/enable flags; enum mapping; binding; units; round-trip,<AVL_ROOT>/AWS/appl/clients/excite/res/cpp/resctr.h,74,Declaring class is context only; struct nesting and array indexing are not resolved
SCH-00267,Power Unit (excite),Results Control,of All Loaded Nodes,Bool,,Schema declaration; instance not resolved,ResctrCommResults,nodal_allln,Candidate: GetIntValue(field),"Candidate: SetIntValue(field,value)",Schema field/label confirmed; full path + instance + runtime read not verified,Generic API available; this field write NOT verified,Not eligible for Apply; resolve path and test first,,<visibility_change>,Resolve actual instance/full path; check ASE vs ACT; selection/enable flags; enum mapping; binding; units; round-trip,<AVL_ROOT>/AWS/appl/clients/excite/res/cpp/resctr.h,81,Declaring class is context only; struct nesting and array indexing are not resolved
SCH-00268,Power Unit (excite),Results Control,Split into Lower and Upper Shell,Bool,,Schema declaration; instance not resolved,ResctrCommResults,silaus,Candidate: GetIntValue(field),"Candidate: SetIntValue(field,value)",Schema field/label confirmed; full path + instance + runtime read not verified,Generic API available; this field write NOT verified,Not eligible for Apply; resolve path and test first,,<visibility_change>,Resolve actual instance/full path; check ASE vs ACT; selection/enable flags; enum mapping; binding; units; round-trip,<AVL_ROOT>/AWS/appl/clients/excite/res/cpp/resctr.h,97,Declaring class is context only; struct nesting and array indexing are not resolved
SCH-00269,Power Unit (excite),Results Control,From,double,"angle,deg,deg",Schema declaration; instance not resolved,ResctrCommResults,Xi_US,"Candidate: GetDblValueU(field,unit)","Candidate: SetDblValueU(field,value,unit)",Schema field/label confirmed; full path + instance + runtime read not verified,Generic API available; this field write NOT verified,Not eligible for Apply; resolve path and test first,,Check type/enable/visibility rules in source,Resolve actual instance/full path; check ASE vs ACT; selection/enable flags; enum mapping; binding; units; round-trip,<AVL_ROOT>/AWS/appl/clients/excite/res/cpp/resctr.h,105,Declaring class is context only; struct nesting and array indexing are not resolved
SCH-00270,Power Unit (excite),Results Control,To,double,"angle,deg,deg",Schema declaration; instance not resolved,ResctrCommResults,Xi_UE,"Candidate: GetDblValueU(field,unit)","Candidate: SetDblValueU(field,value,unit)",Schema field/label confirmed; full path + instance + runtime read not verified,Generic API available; this field write NOT verified,Not eligible for Apply; resolve path and test first,,Check type/enable/visibility rules in source,Resolve actual instance/full path; check ASE vs ACT; selection/enable flags; enum mapping; binding; units; round-trip,<AVL_ROOT>/AWS/appl/clients/excite/res/cpp/resctr.h,107,Declaring class is context only; struct nesting and array indexing are not resolved
SCH-00271,Power Unit (excite),Results Control,From,double,"angle,deg,deg",Schema declaration; instance not resolved,ResctrCommResults,Xi_LS,"Candidate: GetDblValueU(field,unit)","Candidate: SetDblValueU(field,value,unit)",Schema field/label confirmed; full path + instance + runtime read not verified,Generic API available; this field write NOT verified,Not eligible for Apply; resolve path and test first,,Check type/enable/visibility rules in source,Resolve actual instance/full path; check ASE vs ACT; selection/enable flags; enum mapping; binding; units; round-trip,<AVL_ROOT>/AWS/appl/clients/excite/res/cpp/resctr.h,112,Declaring class is context only; struct nesting and array indexing are not resolved
SCH-00272,Power Unit (excite),Results Control,To,double,"angle,deg,deg",Schema declaration; instance not resolved,ResctrCommResults,Xi_LE,"Candidate: GetDblValueU(field,unit)","Candidate: SetDblValueU(field,value,unit)",Schema field/label confirmed; full path + instance + runtime read not verified,Generic API available; this field write NOT verified,Not eligible for Apply; resolve path and test first,,Check type/enable/visibility rules in source,Resolve actual instance/full path; check ASE vs ACT; selection/enable flags; enum mapping; binding; units; round-trip,<AVL_ROOT>/AWS/appl/clients/excite/res/cpp/resctr.h,114,Declaring class is context only; struct nesting and array indexing are not resolved
SCH-00273,Power Unit (excite),Results Control,"Modify clearance at pressure boundary conditions (grooves, bores, etc.)",Bool,,Schema declaration; instance not resolved,ResctrCommResults,mcapbc,Candidate: GetIntValue(field),"Candidate: SetIntValue(field,value)",Schema field/label confirmed; full path + instance + runtime read not verified,Generic API available; this field write NOT verified,Not eligible for Apply; resolve path and test first,,Check type/enable/visibility rules in source,Resolve actual instance/full path; check ASE vs ACT; selection/enable flags; enum mapping; binding; units; round-trip,<AVL_ROOT>/AWS/appl/clients/excite/res/cpp/resctr.h,121,Declaring class is context only; struct nesting and array indexing are not resolved
SCH-00274,Power Unit (excite),Results Control,From,double,"angle,deg,deg",Schema declaration; instance not resolved,ResctrCommResults,Xi_TSS,"Candidate: GetDblValueU(field,unit)","Candidate: SetDblValueU(field,value,unit)",Schema field/label confirmed; full path + instance + runtime read not verified,Generic API available; this field write NOT verified,Not eligible for Apply; resolve path and test first,,Check type/enable/visibility rules in source,Resolve actual instance/full path; check ASE vs ACT; selection/enable flags; enum mapping; binding; units; round-trip,<AVL_ROOT>/AWS/appl/clients/excite/res/cpp/resctr.h,131,Declaring class is context only; struct nesting and array indexing are not resolved
SCH-00275,Power Unit (excite),Results Control,To,double,"angle,deg,deg",Schema declaration; instance not resolved,ResctrCommResults,Xi_TSE,"Candidate: GetDblValueU(field,unit)","Candidate: SetDblValueU(field,value,unit)",Schema field/label confirmed; full path + instance + runtime read not verified,Generic API available; this field write NOT verified,Not eligible for Apply; resolve path and test first,,Check type/enable/visibility rules in source,Resolve actual instance/full path; check ASE vs ACT; selection/enable flags; enum mapping; binding; units; round-trip,<AVL_ROOT>/AWS/appl/clients/excite/res/cpp/resctr.h,134,Declaring class is context only; struct nesting and array indexing are not resolved
SCH-00276,Power Unit (excite),Results Control,From,double,"angle,deg,deg",Schema declaration; instance not resolved,ResctrCommResults,Xi_ATSS,"Candidate: GetDblValueU(field,unit)","Candidate: SetDblValueU(field,value,unit)",Schema field/label confirmed; full path + instance + runtime read not verified,Generic API available; this field write NOT verified,Not eligible for Apply; resolve path and test first,,Check type/enable/visibility rules in source,Resolve actual instance/full path; check ASE vs ACT; selection/enable flags; enum mapping; binding; units; round-trip,<AVL_ROOT>/AWS/appl/clients/excite/res/cpp/resctr.h,141,Declaring class is context only; struct nesting and array indexing are not resolved
SCH-00277,Power Unit (excite),Results Control,To,double,"angle,deg,deg",Schema declaration; instance not resolved,ResctrCommResults,Xi_ATSE,"Candidate: GetDblValueU(field,unit)","Candidate: SetDblValueU(field,value,unit)",Schema field/label confirmed; full path + instance + runtime read not verified,Generic API available; this field write NOT verified,Not eligible for Apply; resolve path and test first,,Check type/enable/visibility rules in source,Resolve actual instance/full path; check ASE vs ACT; selection/enable flags; enum mapping; binding; units; round-trip,<AVL_ROOT>/AWS/appl/clients/excite/res/cpp/resctr.h,144,Declaring class is context only; struct nesting and array indexing are not resolved
SCH-00278,Power Unit (excite),Results Control,Displacement,Bool,,Schema declaration; instance not resolved,SurfaceDataRecovery,disp,Candidate: GetIntValue(field),"Candidate: SetIntValue(field,value)",Schema field/label confirmed; full path + instance + runtime read not verified,Generic API available; this field write NOT verified,Not eligible for Apply; resolve path and test first,,Check type/enable/visibility rules in source,Resolve actual instance/full path; check ASE vs ACT; selection/enable flags; enum mapping; binding; units; round-trip,<AVL_ROOT>/AWS/appl/clients/excite/res/cpp/resctr.h,162,Declaring class is context only; struct nesting and array indexing are not resolved
SCH-00279,Power Unit (excite),Results Control,Velocity,Bool,,Schema declaration; instance not resolved,SurfaceDataRecovery,velo,Candidate: GetIntValue(field),"Candidate: SetIntValue(field,value)",Schema field/label confirmed; full path + instance + runtime read not verified,Generic API available; this field write NOT verified,Not eligible for Apply; resolve path and test first,,Check type/enable/visibility rules in source,Resolve actual instance/full path; check ASE vs ACT; selection/enable flags; enum mapping; binding; units; round-trip,<AVL_ROOT>/AWS/appl/clients/excite/res/cpp/resctr.h,163,Declaring class is context only; struct nesting and array indexing are not resolved
SCH-00280,Power Unit (excite),Results Control,Acceleration,Bool,,Schema declaration; instance not resolved,SurfaceDataRecovery,acce,Candidate: GetIntValue(field),"Candidate: SetIntValue(field,value)",Schema field/label confirmed; full path + instance + runtime read not verified,Generic API available; this field write NOT verified,Not eligible for Apply; resolve path and test first,,Check type/enable/visibility rules in source,Resolve actual instance/full path; check ASE vs ACT; selection/enable flags; enum mapping; binding; units; round-trip,<AVL_ROOT>/AWS/appl/clients/excite/res/cpp/resctr.h,164,Declaring class is context only; struct nesting and array indexing are not resolved
SCH-00281,Power Unit (excite),Results Control,Use Sim. Control/Data Storage Interv.,Bool,,Schema declaration; instance not resolved,ResctrParam,global_params_interv,Candidate: GetIntValue(field),"Candidate: SetIntValue(field,value)",Schema field/label confirmed; full path + instance + runtime read not verified,Generic API available; this field write NOT verified,Not eligible for Apply; resolve path and test first,,Check type/enable/visibility rules in source,Resolve actual instance/full path; check ASE vs ACT; selection/enable flags; enum mapping; binding; units; round-trip,<AVL_ROOT>/AWS/appl/clients/excite/res/cpp/resctr.h,196,Declaring class is context only; struct nesting and array indexing are not resolved
SCH-00282,Power Unit (excite),Results Control,Start,double,"simtime1,cycle,cycle",Schema declaration; instance not resolved,ResctrParam,beg,"Candidate: GetDblValueU(field,unit)","Candidate: SetDblValueU(field,value,unit)",Schema field/label confirmed; full path + instance + runtime read not verified,Generic API available; this field write NOT verified,Not eligible for Apply; resolve path and test first,,Check type/enable/visibility rules in source,Resolve actual instance/full path; check ASE vs ACT; selection/enable flags; enum mapping; binding; units; round-trip,<AVL_ROOT>/AWS/appl/clients/excite/res/cpp/resctr.h,197,Declaring class is context only; struct nesting and array indexing are not resolved
SCH-00283,Power Unit (excite),Results Control,End,double,"simtime1,cycle,cycle",Schema declaration; instance not resolved,ResctrParam,end,"Candidate: GetDblValueU(field,unit)","Candidate: SetDblValueU(field,value,unit)",Schema field/label confirmed; full path + instance + runtime read not verified,Generic API available; this field write NOT verified,Not eligible for Apply; resolve path and test first,,Check type/enable/visibility rules in source,Resolve actual instance/full path; check ASE vs ACT; selection/enable flags; enum mapping; binding; units; round-trip,<AVL_ROOT>/AWS/appl/clients/excite/res/cpp/resctr.h,198,Declaring class is context only; struct nesting and array indexing are not resolved
SCH-00284,Power Unit (excite),Results Control,Increment (steps),int,,Schema declaration; instance not resolved,ResctrParam,ires,Candidate: GetIntValue(field),"Candidate: SetIntValue(field,value)",Schema field/label confirmed; full path + instance + runtime read not verified,Generic API available; this field write NOT verified,Not eligible for Apply; resolve path and test first,,Check type/enable/visibility rules in source,Resolve actual instance/full path; check ASE vs ACT; selection/enable flags; enum mapping; binding; units; round-trip,<AVL_ROOT>/AWS/appl/clients/excite/res/cpp/resctr.h,199,Declaring class is context only; struct nesting and array indexing are not resolved
SCH-00285,Power Unit (excite),Results Control,Shift Results to Base Period,Bool,,Schema declaration; instance not resolved,ResctrParam,to_shift,Candidate: GetIntValue(field),"Candidate: SetIntValue(field,value)",Schema field/label confirmed; full path + instance + runtime read not verified,Generic API available; this field write NOT verified,Not eligible for Apply; resolve path and test first,,<visibility_change>,Resolve actual instance/full path; check ASE vs ACT; selection/enable flags; enum mapping; binding; units; round-trip,<AVL_ROOT>/AWS/appl/clients/excite/res/cpp/resctr.h,204,Declaring class is context only; struct nesting and array indexing are not resolved
SCH-00286,Power Unit (excite),Results Control,Remove Linear Content,Bool,,Schema declaration; instance not resolved,ResctrParam,rem_lin_cont,Candidate: GetIntValue(field),"Candidate: SetIntValue(field,value)",Schema field/label confirmed; full path + instance + runtime read not verified,Generic API available; this field write NOT verified,Not eligible for Apply; resolve path and test first,,Check type/enable/visibility rules in source,Resolve actual instance/full path; check ASE vs ACT; selection/enable flags; enum mapping; binding; units; round-trip,<AVL_ROOT>/AWS/appl/clients/excite/res/cpp/resctr.h,206,Declaring class is context only; struct nesting and array indexing are not resolved
SCH-00287,Power Unit (excite),Results Control,Constant Result Step Size,Bool,,Schema declaration; instance not resolved,ResctrParam,exactResStep,Candidate: GetIntValue(field),"Candidate: SetIntValue(field,value)",Schema field/label confirmed; full path + instance + runtime read not verified,Generic API available; this field write NOT verified,Not eligible for Apply; resolve path and test first,,<visibility_change>,Resolve actual instance/full path; check ASE vs ACT; selection/enable flags; enum mapping; binding; units; round-trip,<AVL_ROOT>/AWS/appl/clients/excite/res/cpp/resctr.h,210,Declaring class is context only; struct nesting and array indexing are not resolved
SCH-00288,Power Unit (excite),Results Control,Extrapolation Mode,ASEenum,,Schema declaration; instance not resolved,ResctrParam,exmd,Candidate: GetIntValue(field),"Candidate: SetIntValue(field,value)",Schema field/label confirmed; full path + instance + runtime read not verified,Generic API available; this field write NOT verified,Not eligible for Apply; resolve path and test first,,Check type/enable/visibility rules in source,Resolve actual instance/full path; check ASE vs ACT; selection/enable flags; enum mapping; binding; units; round-trip,<AVL_ROOT>/AWS/appl/clients/excite/res/cpp/resctr.h,213,"Schema labels: ""constant"",""linear"",""none"""
SCH-00289,Power Unit (excite),Results Control,Use Sim. Control/Data Storage Interv.,Bool,,Schema declaration; instance not resolved,ResctrParam,global_params_freq,Candidate: GetIntValue(field),"Candidate: SetIntValue(field,value)",Schema field/label confirmed; full path + instance + runtime read not verified,Generic API available; this field write NOT verified,Not eligible for Apply; resolve path and test first,,Check type/enable/visibility rules in source,Resolve actual instance/full path; check ASE vs ACT; selection/enable flags; enum mapping; binding; units; round-trip,<AVL_ROOT>/AWS/appl/clients/excite/res/cpp/resctr.h,225,Declaring class is context only; struct nesting and array indexing are not resolved
SCH-00290,Power Unit (excite),Results Control,Start,double,"simtime1,cycle,cycle",Schema declaration; instance not resolved,ResctrParam,beg,"Candidate: GetDblValueU(field,unit)","Candidate: SetDblValueU(field,value,unit)",Schema field/label confirmed; full path + instance + runtime read not verified,Generic API available; this field write NOT verified,Not eligible for Apply; resolve path and test first,,Check type/enable/visibility rules in source,Resolve actual instance/full path; check ASE vs ACT; selection/enable flags; enum mapping; binding; units; round-trip,<AVL_ROOT>/AWS/appl/clients/excite/res/cpp/resctr.h,226,Declaring class is context only; struct nesting and array indexing are not resolved
SCH-00291,Power Unit (excite),Results Control,End,double,"simtime1,cycle,cycle",Schema declaration; instance not resolved,ResctrParam,end,"Candidate: GetDblValueU(field,unit)","Candidate: SetDblValueU(field,value,unit)",Schema field/label confirmed; full path + instance + runtime read not verified,Generic API available; this field write NOT verified,Not eligible for Apply; resolve path and test first,,Check type/enable/visibility rules in source,Resolve actual instance/full path; check ASE vs ACT; selection/enable flags; enum mapping; binding; units; round-trip,<AVL_ROOT>/AWS/appl/clients/excite/res/cpp/resctr.h,227,Declaring class is context only; struct nesting and array indexing are not resolved
SCH-00292,Power Unit (excite),Results Control,Increment (steps),int,,Schema declaration; instance not resolved,ResctrParam,ires,Candidate: GetIntValue(field),"Candidate: SetIntValue(field,value)",Schema field/label confirmed; full path + instance + runtime read not verified,Generic API available; this field write NOT verified,Not eligible for Apply; resolve path and test first,,Check type/enable/visibility rules in source,Resolve actual instance/full path; check ASE vs ACT; selection/enable flags; enum mapping; binding; units; round-trip,<AVL_ROOT>/AWS/appl/clients/excite/res/cpp/resctr.h,228,Declaring class is context only; struct nesting and array indexing are not resolved
SCH-00293,Power Unit (excite),Results Control,Lower Frequency,double,"frequency,Hz",Schema declaration; instance not resolved,ResctrParam,flow,"Candidate: GetDblValueU(field,unit)","Candidate: SetDblValueU(field,value,unit)",Schema field/label confirmed; full path + instance + runtime read not verified,Generic API available; this field write NOT verified,Not eligible for Apply; resolve path and test first,,Check type/enable/visibility rules in source,Resolve actual instance/full path; check ASE vs ACT; selection/enable flags; enum mapping; binding; units; round-trip,<AVL_ROOT>/AWS/appl/clients/excite/res/cpp/resctr.h,231,Declaring class is context only; struct nesting and array indexing are not resolved
SCH-00294,Power Unit (excite),Results Control,Upper Frequency,double,"frequency,Hz",Schema declaration; instance not resolved,ResctrParam,fupp,"Candidate: GetDblValueU(field,unit)","Candidate: SetDblValueU(field,value,unit)",Schema field/label confirmed; full path + instance + runtime read not verified,Generic API available; this field write NOT verified,Not eligible for Apply; resolve path and test first,,Check type/enable/visibility rules in source,Resolve actual instance/full path; check ASE vs ACT; selection/enable flags; enum mapping; binding; units; round-trip,<AVL_ROOT>/AWS/appl/clients/excite/res/cpp/resctr.h,232,Declaring class is context only; struct nesting and array indexing are not resolved
SCH-00295,Power Unit (excite),Results Control,Check DOFT Table,Bool,,Schema declaration; instance not resolved,ResctrParam,checkDOFT,Candidate: GetIntValue(field),"Candidate: SetIntValue(field,value)",Schema field/label confirmed; full path + instance + runtime read not verified,Generic API available; this field write NOT verified,Not eligible for Apply; resolve path and test first,,<visibility_change>,Resolve actual instance/full path; check ASE vs ACT; selection/enable flags; enum mapping; binding; units; round-trip,<AVL_ROOT>/AWS/appl/clients/excite/res/cpp/resctr.h,246,Declaring class is context only; struct nesting and array indexing are not resolved
SCH-00296,Power Unit (excite),Results Control,User Defined Coordinate Systems,char**,,Schema declaration; instance not resolved,ResctrUserCS,ccslist,"Candidate: WSClass.GetWSMatrix(field,0)",Candidate: WSMatrix typed setters + ReleaseHandle,Schema field/label confirmed; full path + instance + runtime read not verified,Generic API available; this field write NOT verified,Not eligible for Apply; resolve path and test first,,Check type/enable/visibility rules in source,Resolve actual instance/full path; check ASE vs ACT; selection/enable flags; enum mapping; binding; units; round-trip,<AVL_ROOT>/AWS/appl/clients/excite/res/cpp/resctr.h,265,Declaring class is context only; struct nesting and array indexing are not resolved
SCH-00297,Power Unit (excite),Results Control,Representation Domain of Magnitudes,ASEenum,,Schema declaration; instance not resolved,RunupResultsBody,repDomOdMagn,Candidate: GetIntValue(field),"Candidate: SetIntValue(field,value)",Schema field/label confirmed; full path + instance + runtime read not verified,Generic API available; this field write NOT verified,Not eligible for Apply; resolve path and test first,,Check type/enable/visibility rules in source,Resolve actual instance/full path; check ASE vs ACT; selection/enable flags; enum mapping; binding; units; round-trip,<AVL_ROOT>/AWS/appl/clients/excite/res/cpp/resctr.h,318,"Schema labels: ""Order"", ""Frequency"", ""Order and Frequency"""
SCH-00298,Power Unit (excite),Results Control,Levels,Bool,,Schema declaration; instance not resolved,RunupResultsBody,addout_l,Candidate: GetIntValue(field),"Candidate: SetIntValue(field,value)",Schema field/label confirmed; full path + instance + runtime read not verified,Generic API available; this field write NOT verified,Not eligible for Apply; resolve path and test first,,Check type/enable/visibility rules in source,Resolve actual instance/full path; check ASE vs ACT; selection/enable flags; enum mapping; binding; units; round-trip,<AVL_ROOT>/AWS/appl/clients/excite/res/cpp/resctr.h,322,Declaring class is context only; struct nesting and array indexing are not resolved
SCH-00299,Power Unit (excite),Results Control,Bands,Bool,,Schema declaration; instance not resolved,RunupResultsBody,addout_bands,Candidate: GetIntValue(field),"Candidate: SetIntValue(field,value)",Schema field/label confirmed; full path + instance + runtime read not verified,Generic API available; this field write NOT verified,Not eligible for Apply; resolve path and test first,,Check type/enable/visibility rules in source,Resolve actual instance/full path; check ASE vs ACT; selection/enable flags; enum mapping; binding; units; round-trip,<AVL_ROOT>/AWS/appl/clients/excite/res/cpp/resctr.h,325,Declaring class is context only; struct nesting and array indexing are not resolved
SCH-00300,Power Unit (excite),Results Control,"Joint Forces, Moments, Orbital Paths, Relative Displacements",Bool,,Schema declaration; instance not resolved,RunupResultsJoint,bf,Candidate: GetIntValue(field),"Candidate: SetIntValue(field,value)",Schema field/label confirmed; full path + instance + runtime read not verified,Generic API available; this field write NOT verified,Not eligible for Apply; resolve path and test first,,Check type/enable/visibility rules in source,Resolve actual instance/full path; check ASE vs ACT; selection/enable flags; enum mapping; binding; units; round-trip,<AVL_ROOT>/AWS/appl/clients/excite/res/cpp/resctr.h,401,Declaring class is context only; struct nesting and array indexing are not resolved
SCH-00301,Power Unit (excite),Results Control,"Joint Details Level 1 (MOFT, POFP, Friction)",Bool,,Schema declaration; instance not resolved,RunupResultsJoint,bd1,Candidate: GetIntValue(field),"Candidate: SetIntValue(field,value)",Schema field/label confirmed; full path + instance + runtime read not verified,Generic API available; this field write NOT verified,Not eligible for Apply; resolve path and test first,,Check type/enable/visibility rules in source,Resolve actual instance/full path; check ASE vs ACT; selection/enable flags; enum mapping; binding; units; round-trip,<AVL_ROOT>/AWS/appl/clients/excite/res/cpp/resctr.h,402,Declaring class is context only; struct nesting and array indexing are not resolved
SCH-00302,Power Unit (excite),Results Control,Joint Details Level 2,Bool,,Schema declaration; instance not resolved,RunupResultsJoint,bd2,Candidate: GetIntValue(field),"Candidate: SetIntValue(field,value)",Schema field/label confirmed; full path + instance + runtime read not verified,Generic API available; this field write NOT verified,Not eligible for Apply; resolve path and test first,,Check type/enable/visibility rules in source,Resolve actual instance/full path; check ASE vs ACT; selection/enable flags; enum mapping; binding; units; round-trip,<AVL_ROOT>/AWS/appl/clients/excite/res/cpp/resctr.h,403,Declaring class is context only; struct nesting and array indexing are not resolved
SCH-00303,Power Unit (excite),Results Control,"Joint Forces, Moments",Bool,,Schema declaration; instance not resolved,RunupResultsJoint,bf_f,Candidate: GetIntValue(field),"Candidate: SetIntValue(field,value)",Schema field/label confirmed; full path + instance + runtime read not verified,Generic API available; this field write NOT verified,Not eligible for Apply; resolve path and test first,,"<visibility=1_singleSpeed,class-int,1>",Resolve actual instance/full path; check ASE vs ACT; selection/enable flags; enum mapping; binding; units; round-trip,<AVL_ROOT>/AWS/appl/clients/excite/res/cpp/resctr.h,408,Declaring class is context only; struct nesting and array indexing are not resolved
SCH-00304,Power Unit (excite),Results Control,Representation Domain of Magnitudes,ASEenum,,Schema declaration; instance not resolved,RunupResultsJoint,repDomOdMagn,Candidate: GetIntValue(field),"Candidate: SetIntValue(field,value)",Schema field/label confirmed; full path + instance + runtime read not verified,Generic API available; this field write NOT verified,Not eligible for Apply; resolve path and test first,,Check type/enable/visibility rules in source,Resolve actual instance/full path; check ASE vs ACT; selection/enable flags; enum mapping; binding; units; round-trip,<AVL_ROOT>/AWS/appl/clients/excite/res/cpp/resctr.h,411,"Schema labels: ""Order"", ""Frequency"", ""Order and Frequency"""
SCH-00305,Power Unit (excite),Results Control,Frequency Range,ASEenum,,Schema declaration; instance not resolved,RunupResultsJoint,frrange,Candidate: GetIntValue(field),"Candidate: SetIntValue(field,value)",Schema field/label confirmed; full path + instance + runtime read not verified,Generic API available; this field write NOT verified,Not eligible for Apply; resolve path and test first,,Check type/enable/visibility rules in source,Resolve actual instance/full path; check ASE vs ACT; selection/enable flags; enum mapping; binding; units; round-trip,<AVL_ROOT>/AWS/appl/clients/excite/res/cpp/resctr.h,414,"Schema labels: ""DefaultRange"""
SCH-00306,Power Unit (excite),Results Control,Representation Domain of Magnitudes,ASEenum,,Schema declaration; instance not resolved,RunupResultsTV,repDomOdMagn,Candidate: GetIntValue(field),"Candidate: SetIntValue(field,value)",Schema field/label confirmed; full path + instance + runtime read not verified,Generic API available; this field write NOT verified,Not eligible for Apply; resolve path and test first,,Check type/enable/visibility rules in source,Resolve actual instance/full path; check ASE vs ACT; selection/enable flags; enum mapping; binding; units; round-trip,<AVL_ROOT>/AWS/appl/clients/excite/res/cpp/resctr.h,463,"Schema labels: ""Order"", ""Frequency"", ""Order and Frequency"""
SCH-00307,Power Unit (excite),Results Control,Section Forces and Moments of Selected Webs,Bool,,Schema declaration; instance not resolved,RunupResultsSF,sf,Candidate: GetIntValue(field),"Candidate: SetIntValue(field,value)",Schema field/label confirmed; full path + instance + runtime read not verified,Generic API available; this field write NOT verified,Not eligible for Apply; resolve path and test first,,Check type/enable/visibility rules in source,Resolve actual instance/full path; check ASE vs ACT; selection/enable flags; enum mapping; binding; units; round-trip,<AVL_ROOT>/AWS/appl/clients/excite/res/cpp/resctr.h,506,Declaring class is context only; struct nesting and array indexing are not resolved
SCH-00308,Power Unit (excite),Results Control,Web Bending Vibration,Bool,,Schema declaration; instance not resolved,RunupResultsSF,b_wbvib,Candidate: GetIntValue(field),"Candidate: SetIntValue(field,value)",Schema field/label confirmed; full path + instance + runtime read not verified,Generic API available; this field write NOT verified,Not eligible for Apply; resolve path and test first,,Check type/enable/visibility rules in source,Resolve actual instance/full path; check ASE vs ACT; selection/enable flags; enum mapping; binding; units; round-trip,<AVL_ROOT>/AWS/appl/clients/excite/res/cpp/resctr.h,511,Declaring class is context only; struct nesting and array indexing are not resolved
SCH-00309,Power Unit (excite),Results Control,Web Torsion Vibration,Bool,,Schema declaration; instance not resolved,RunupResultsSF,b_wtvib,Candidate: GetIntValue(field),"Candidate: SetIntValue(field,value)",Schema field/label confirmed; full path + instance + runtime read not verified,Generic API available; this field write NOT verified,Not eligible for Apply; resolve path and test first,,Check type/enable/visibility rules in source,Resolve actual instance/full path; check ASE vs ACT; selection/enable flags; enum mapping; binding; units; round-trip,<AVL_ROOT>/AWS/appl/clients/excite/res/cpp/resctr.h,512,Declaring class is context only; struct nesting and array indexing are not resolved
SCH-00310,Power Unit (excite),Results Control,Representation Domain of Magnitudes,ASEenum,,Schema declaration; instance not resolved,RunupResultsSF,repDomOdMagn,Candidate: GetIntValue(field),"Candidate: SetIntValue(field,value)",Schema field/label confirmed; full path + instance + runtime read not verified,Generic API available; this field write NOT verified,Not eligible for Apply; resolve path and test first,,Check type/enable/visibility rules in source,Resolve actual instance/full path; check ASE vs ACT; selection/enable flags; enum mapping; binding; units; round-trip,<AVL_ROOT>/AWS/appl/clients/excite/res/cpp/resctr.h,514,"Schema labels: ""Order"", ""Frequency"", ""Order and Frequency"""
SCH-00311,Power Unit (excite),Results Control,Frequency Range,ASEenum,,Schema declaration; instance not resolved,RunupResultsSF,frrange,Candidate: GetIntValue(field),"Candidate: SetIntValue(field,value)",Schema field/label confirmed; full path + instance + runtime read not verified,Generic API available; this field write NOT verified,Not eligible for Apply; resolve path and test first,,Check type/enable/visibility rules in source,Resolve actual instance/full path; check ASE vs ACT; selection/enable flags; enum mapping; binding; units; round-trip,<AVL_ROOT>/AWS/appl/clients/excite/res/cpp/resctr.h,515,"Schema labels: ""DefaultRange"""
SCH-00312,Power Unit (excite),Results Control,Amplitudes and Mean of Section Forces / Moments of All Webs,Bool,,Schema declaration; instance not resolved,RunupResultsSFWholeRunup,all,Candidate: GetIntValue(field),"Candidate: SetIntValue(field,value)",Schema field/label confirmed; full path + instance + runtime read not verified,Generic API available; this field write NOT verified,Not eligible for Apply; resolve path and test first,,Check type/enable/visibility rules in source,Resolve actual instance/full path; check ASE vs ACT; selection/enable flags; enum mapping; binding; units; round-trip,<AVL_ROOT>/AWS/appl/clients/excite/res/cpp/resctr.h,546,Declaring class is context only; struct nesting and array indexing are not resolved
SCH-00313,Power Unit (excite),Results Control,Web Bending Vibration,Bool,,Schema declaration; instance not resolved,RunupResultsSFWholeRunup,b_wbvib,Candidate: GetIntValue(field),"Candidate: SetIntValue(field,value)",Schema field/label confirmed; full path + instance + runtime read not verified,Generic API available; this field write NOT verified,Not eligible for Apply; resolve path and test first,,Check type/enable/visibility rules in source,Resolve actual instance/full path; check ASE vs ACT; selection/enable flags; enum mapping; binding; units; round-trip,<AVL_ROOT>/AWS/appl/clients/excite/res/cpp/resctr.h,551,Declaring class is context only; struct nesting and array indexing are not resolved
SCH-00314,Power Unit (excite),Results Control,Web Torsion Vibration,Bool,,Schema declaration; instance not resolved,RunupResultsSFWholeRunup,b_wtvib,Candidate: GetIntValue(field),"Candidate: SetIntValue(field,value)",Schema field/label confirmed; full path + instance + runtime read not verified,Generic API available; this field write NOT verified,Not eligible for Apply; resolve path and test first,,Check type/enable/visibility rules in source,Resolve actual instance/full path; check ASE vs ACT; selection/enable flags; enum mapping; binding; units; round-trip,<AVL_ROOT>/AWS/appl/clients/excite/res/cpp/resctr.h,552,Declaring class is context only; struct nesting and array indexing are not resolved
SCH-00315,Power Unit (excite),Results Control,Frequency Range,ASEenum,,Schema declaration; instance not resolved,RunupResultsSFWholeRunup,frrange,Candidate: GetIntValue(field),"Candidate: SetIntValue(field,value)",Schema field/label confirmed; full path + instance + runtime read not verified,Generic API available; this field write NOT verified,Not eligible for Apply; resolve path and test first,,Check type/enable/visibility rules in source,Resolve actual instance/full path; check ASE vs ACT; selection/enable flags; enum mapping; binding; units; round-trip,<AVL_ROOT>/AWS/appl/clients/excite/res/cpp/resctr.h,554,"Schema labels: ""DefaultRange"""
SCH-00316,Power Unit (excite),Results Control,Ramp Sampling Mean Speeds to Generate Results for,ASEenum,,Schema declaration; instance not resolved,RunupResultsSingleSpeeds,speed_sel,Candidate: GetIntValue(field),"Candidate: SetIntValue(field,value)",Schema field/label confirmed; full path + instance + runtime read not verified,Generic API available; this field write NOT verified,Not eligible for Apply; resolve path and test first,,<visibility_change>,Resolve actual instance/full path; check ASE vs ACT; selection/enable flags; enum mapping; binding; units; round-trip,<AVL_ROOT>/AWS/appl/clients/excite/res/cpp/resctr.h,577,"Schema labels: ""ALL"", ""Interval"""
SCH-00317,Power Unit (excite),Results Control,Start,double,"simangle,cycle,cycle",Schema declaration; instance not resolved,RunupResultsSingleSpeeds,astart_0,"Candidate: GetDblValueU(field,unit)","Candidate: SetDblValueU(field,value,unit)",Schema field/label confirmed; full path + instance + runtime read not verified,Generic API available; this field write NOT verified,Not eligible for Apply; resolve path and test first,,Check type/enable/visibility rules in source,Resolve actual instance/full path; check ASE vs ACT; selection/enable flags; enum mapping; binding; units; round-trip,<AVL_ROOT>/AWS/appl/clients/excite/res/cpp/resctr.h,584,Declaring class is context only; struct nesting and array indexing are not resolved
SCH-00318,Power Unit (excite),Results Control,End,double,"simangle,cycle,cycle",Schema declaration; instance not resolved,RunupResultsSingleSpeeds,aend_0,"Candidate: GetDblValueU(field,unit)","Candidate: SetDblValueU(field,value,unit)",Schema field/label confirmed; full path + instance + runtime read not verified,Generic API available; this field write NOT verified,Not eligible for Apply; resolve path and test first,,"<visibility=/runup.type_sel,class-int,1>",Resolve actual instance/full path; check ASE vs ACT; selection/enable flags; enum mapping; binding; units; round-trip,<AVL_ROOT>/AWS/appl/clients/excite/res/cpp/resctr.h,585,Declaring class is context only; struct nesting and array indexing are not resolved
SCH-00319,Power Unit (excite),Results Control,Start,double,"ang_vel,rpm,rpm",Schema declaration; instance not resolved,RunupResultsSingleSpeeds,astart_1,"Candidate: GetDblValueU(field,unit)","Candidate: SetDblValueU(field,value,unit)",Schema field/label confirmed; full path + instance + runtime read not verified,Generic API available; this field write NOT verified,Not eligible for Apply; resolve path and test first,,Check type/enable/visibility rules in source,Resolve actual instance/full path; check ASE vs ACT; selection/enable flags; enum mapping; binding; units; round-trip,<AVL_ROOT>/AWS/appl/clients/excite/res/cpp/resctr.h,588,Declaring class is context only; struct nesting and array indexing are not resolved
SCH-00320,Power Unit (excite),Results Control,End,double,"ang_vel,rpm,rpm",Schema declaration; instance not resolved,RunupResultsSingleSpeeds,aend_1,"Candidate: GetDblValueU(field,unit)","Candidate: SetDblValueU(field,value,unit)",Schema field/label confirmed; full path + instance + runtime read not verified,Generic API available; this field write NOT verified,Not eligible for Apply; resolve path and test first,,Check type/enable/visibility rules in source,Resolve actual instance/full path; check ASE vs ACT; selection/enable flags; enum mapping; binding; units; round-trip,<AVL_ROOT>/AWS/appl/clients/excite/res/cpp/resctr.h,589,Declaring class is context only; struct nesting and array indexing are not resolved
SCH-00321,Power Unit (excite),Results Control,Output Results versus,ASEenum,,Schema declaration; instance not resolved,RunupResultsSingleSpeeds,type,Candidate: GetIntValue(field),"Candidate: SetIntValue(field,value)",Schema field/label confirmed; full path + instance + runtime read not verified,Generic API available; this field write NOT verified,Not eligible for Apply; resolve path and test first,,Check type/enable/visibility rules in source,Resolve actual instance/full path; check ASE vs ACT; selection/enable flags; enum mapping; binding; units; round-trip,<AVL_ROOT>/AWS/appl/clients/excite/res/cpp/resctr.h,600,"Schema labels: ""Reference Angle"", ""Time"""
SCH-00322,Power Unit (excite),Results Control,Output Results as,ASEenum,,Schema declaration; instance not resolved,RunupResultsSingleSpeeds,type_f,Candidate: GetIntValue(field),"Candidate: SetIntValue(field,value)",Schema field/label confirmed; full path + instance + runtime read not verified,Generic API available; this field write NOT verified,Not eligible for Apply; resolve path and test first,,Check type/enable/visibility rules in source,Resolve actual instance/full path; check ASE vs ACT; selection/enable flags; enum mapping; binding; units; round-trip,<AVL_ROOT>/AWS/appl/clients/excite/res/cpp/resctr.h,605,"Schema labels: ""Magnitude/Phase"", ""Complex"""
SCH-00323,Power Unit (excite),Results Control,Output Results versus,ASEenum,,Schema declaration; instance not resolved,RunupResultsWholeRunup,type,Candidate: GetIntValue(field),"Candidate: SetIntValue(field,value)",Schema field/label confirmed; full path + instance + runtime read not verified,Generic API available; this field write NOT verified,Not eligible for Apply; resolve path and test first,,Check type/enable/visibility rules in source,Resolve actual instance/full path; check ASE vs ACT; selection/enable flags; enum mapping; binding; units; round-trip,<AVL_ROOT>/AWS/appl/clients/excite/res/cpp/resctr.h,646,"Schema labels: ""Time"", ""Reference Angle"", ""Cycle"", ""Speed"""
SCH-00324,Power Unit (excite),Results Control,Max,Bool,,Schema declaration; instance not resolved,RunupResultsWholeRunup,max,Candidate: GetIntValue(field),"Candidate: SetIntValue(field,value)",Schema field/label confirmed; full path + instance + runtime read not verified,Generic API available; this field write NOT verified,Not eligible for Apply; resolve path and test first,,Check type/enable/visibility rules in source,Resolve actual instance/full path; check ASE vs ACT; selection/enable flags; enum mapping; binding; units; round-trip,<AVL_ROOT>/AWS/appl/clients/excite/res/cpp/resctr.h,650,Declaring class is context only; struct nesting and array indexing are not resolved
SCH-00325,Power Unit (excite),Results Control,Min,Bool,,Schema declaration; instance not resolved,RunupResultsWholeRunup,min,Candidate: GetIntValue(field),"Candidate: SetIntValue(field,value)",Schema field/label confirmed; full path + instance + runtime read not verified,Generic API available; this field write NOT verified,Not eligible for Apply; resolve path and test first,,Check type/enable/visibility rules in source,Resolve actual instance/full path; check ASE vs ACT; selection/enable flags; enum mapping; binding; units; round-trip,<AVL_ROOT>/AWS/appl/clients/excite/res/cpp/resctr.h,651,Declaring class is context only; struct nesting and array indexing are not resolved
SCH-00326,Power Unit (excite),Results Control,Mean,Bool,,Schema declaration; instance not resolved,RunupResultsWholeRunup,mean,Candidate: GetIntValue(field),"Candidate: SetIntValue(field,value)",Schema field/label confirmed; full path + instance + runtime read not verified,Generic API available; this field write NOT verified,Not eligible for Apply; resolve path and test first,,Check type/enable/visibility rules in source,Resolve actual instance/full path; check ASE vs ACT; selection/enable flags; enum mapping; binding; units; round-trip,<AVL_ROOT>/AWS/appl/clients/excite/res/cpp/resctr.h,654,Declaring class is context only; struct nesting and array indexing are not resolved
SCH-00327,Power Unit (excite),Results Control,Amplitude,Bool,,Schema declaration; instance not resolved,RunupResultsWholeRunup,ampl,Candidate: GetIntValue(field),"Candidate: SetIntValue(field,value)",Schema field/label confirmed; full path + instance + runtime read not verified,Generic API available; this field write NOT verified,Not eligible for Apply; resolve path and test first,,Check type/enable/visibility rules in source,Resolve actual instance/full path; check ASE vs ACT; selection/enable flags; enum mapping; binding; units; round-trip,<AVL_ROOT>/AWS/appl/clients/excite/res/cpp/resctr.h,655,Declaring class is context only; struct nesting and array indexing are not resolved
SCH-00328,Power Unit (excite),Results Control,Peak Hold,Bool,,Schema declaration; instance not resolved,RunupResultsWholeRunup,peakh,Candidate: GetIntValue(field),"Candidate: SetIntValue(field,value)",Schema field/label confirmed; full path + instance + runtime read not verified,Generic API available; this field write NOT verified,Not eligible for Apply; resolve path and test first,,Check type/enable/visibility rules in source,Resolve actual instance/full path; check ASE vs ACT; selection/enable flags; enum mapping; binding; units; round-trip,<AVL_ROOT>/AWS/appl/clients/excite/res/cpp/resctr.h,664,Declaring class is context only; struct nesting and array indexing are not resolved
SCH-00329,Power Unit (excite),Results Control,Order Tracking,Bool,,Schema declaration; instance not resolved,RunupResultsWholeRunup,ordrt,Candidate: GetIntValue(field),"Candidate: SetIntValue(field,value)",Schema field/label confirmed; full path + instance + runtime read not verified,Generic API available; this field write NOT verified,Not eligible for Apply; resolve path and test first,,<visibility_change>,Resolve actual instance/full path; check ASE vs ACT; selection/enable flags; enum mapping; binding; units; round-trip,<AVL_ROOT>/AWS/appl/clients/excite/res/cpp/resctr.h,665,Declaring class is context only; struct nesting and array indexing are not resolved
SCH-00330,Power Unit (excite),Results Control,Maximum Order,int,,Schema declaration; instance not resolved,RunupResultsWholeRunup,maxOrd,Candidate: GetIntValue(field),"Candidate: SetIntValue(field,value)",Schema field/label confirmed; full path + instance + runtime read not verified,Generic API available; this field write NOT verified,Not eligible for Apply; resolve path and test first,,Check type/enable/visibility rules in source,Resolve actual instance/full path; check ASE vs ACT; selection/enable flags; enum mapping; binding; units; round-trip,<AVL_ROOT>/AWS/appl/clients/excite/res/cpp/resctr.h,669,Declaring class is context only; struct nesting and array indexing are not resolved
SCH-00331,Power Unit (excite),Results Control,Create Run-Up Check Diagram,Bool,,Schema declaration; instance not resolved,RunupResults,crte_diag,Candidate: GetIntValue(field),"Candidate: SetIntValue(field,value)",Schema field/label confirmed; full path + instance + runtime read not verified,Generic API available; this field write NOT verified,Not eligible for Apply; resolve path and test first,,<visibility_change>,Resolve actual instance/full path; check ASE vs ACT; selection/enable flags; enum mapping; binding; units; round-trip,<AVL_ROOT>/AWS/appl/clients/excite/res/cpp/resctr.h,714,Declaring class is context only; struct nesting and array indexing are not resolved
SCH-00332,Power Unit (excite),Results Control,Create Run-Up Detailed Results,Bool,,Schema declaration; instance not resolved,RunupResults,crte_detailed,Candidate: GetIntValue(field),"Candidate: SetIntValue(field,value)",Schema field/label confirmed; full path + instance + runtime read not verified,Generic API available; this field write NOT verified,Not eligible for Apply; resolve path and test first,,<visibility_change>,Resolve actual instance/full path; check ASE vs ACT; selection/enable flags; enum mapping; binding; units; round-trip,<AVL_ROOT>/AWS/appl/clients/excite/res/cpp/resctr.h,722,Declaring class is context only; struct nesting and array indexing are not resolved
SCH-00333,Power Unit (excite),Results Control,Increment,double,"simangle,cycle,cycle",Schema declaration; instance not resolved,RunupResults,cycleInc,"Candidate: GetDblValueU(field,unit)","Candidate: SetDblValueU(field,value,unit)",Schema field/label confirmed; full path + instance + runtime read not verified,Generic API available; this field write NOT verified,Not eligible for Apply; resolve path and test first,,Check type/enable/visibility rules in source,Resolve actual instance/full path; check ASE vs ACT; selection/enable flags; enum mapping; binding; units; round-trip,<AVL_ROOT>/AWS/appl/clients/excite/res/cpp/resctr.h,732,Declaring class is context only; struct nesting and array indexing are not resolved
SCH-00334,Power Unit (excite),Results Control,Increment,double,"ang_vel,rpm,rpm",Schema declaration; instance not resolved,RunupResults,speedInc,"Candidate: GetDblValueU(field,unit)","Candidate: SetDblValueU(field,value,unit)",Schema field/label confirmed; full path + instance + runtime read not verified,Generic API available; this field write NOT verified,Not eligible for Apply; resolve path and test first,,Check type/enable/visibility rules in source,Resolve actual instance/full path; check ASE vs ACT; selection/enable flags; enum mapping; binding; units; round-trip,<AVL_ROOT>/AWS/appl/clients/excite/res/cpp/resctr.h,735,Declaring class is context only; struct nesting and array indexing are not resolved
SCH-00335,Power Unit (excite),Results Control,Number of Evaluation Cycles,int,,Schema declaration; instance not resolved,RunupResults,nofcyc,Candidate: GetIntValue(field),"Candidate: SetIntValue(field,value)",Schema field/label confirmed; full path + instance + runtime read not verified,Generic API available; this field write NOT verified,Not eligible for Apply; resolve path and test first,,Check type/enable/visibility rules in source,Resolve actual instance/full path; check ASE vs ACT; selection/enable flags; enum mapping; binding; units; round-trip,<AVL_ROOT>/AWS/appl/clients/excite/res/cpp/resctr.h,740,Declaring class is context only; struct nesting and array indexing are not resolved
SCH-00336,Power Unit (excite),Results Control,Representation Domain of Magnitudes,ASEenum,,Schema declaration; instance not resolved,ExStandReportsMotAmpl,repDomOdMagn,Candidate: GetIntValue(field),"Candidate: SetIntValue(field,value)",Schema field/label confirmed; full path + instance + runtime read not verified,Generic API available; this field write NOT verified,Not eligible for Apply; resolve path and test first,,Check type/enable/visibility rules in source,Resolve actual instance/full path; check ASE vs ACT; selection/enable flags; enum mapping; binding; units; round-trip,<AVL_ROOT>/AWS/appl/clients/excite/res/cpp/resctr.h,816,"Schema labels: ""Order"", ""Frequency"", ""Order and Frequency"""
SCH-00337,Power Unit (excite),Results Control,Fill Ratio at Cavitation Event Boundaries,double,,Schema declaration; instance not resolved,ExCavitationParams,fill_ratio,"Candidate: GetDblValueU(field,unit)","Candidate: SetDblValueU(field,value,unit)",Schema field/label confirmed; full path + instance + runtime read not verified,Generic API available; this field write NOT verified,Not eligible for Apply; resolve path and test first,,Check type/enable/visibility rules in source,Resolve actual instance/full path; check ASE vs ACT; selection/enable flags; enum mapping; binding; units; round-trip,<AVL_ROOT>/AWS/appl/clients/excite/res/cpp/resctr.h,854,Declaring class is context only; struct nesting and array indexing are not resolved
SCH-00338,Power Unit (excite),Results Control,Pressure Gradient at the end of Cavitation Event,double,"dpdt,MPa_s",Schema declaration; instance not resolved,ExCavitationParams,press_grad,"Candidate: GetDblValueU(field,unit)","Candidate: SetDblValueU(field,value,unit)",Schema field/label confirmed; full path + instance + runtime read not verified,Generic API available; this field write NOT verified,Not eligible for Apply; resolve path and test first,,Check type/enable/visibility rules in source,Resolve actual instance/full path; check ASE vs ACT; selection/enable flags; enum mapping; binding; units; round-trip,<AVL_ROOT>/AWS/appl/clients/excite/res/cpp/resctr.h,855,Declaring class is context only; struct nesting and array indexing are not resolved
SCH-00339,Power Unit (excite),Results Control,Bubble Height,double,"length,mm",Schema declaration; instance not resolved,ExCavitationParams,bubble_height,"Candidate: GetDblValueU(field,unit)","Candidate: SetDblValueU(field,value,unit)",Schema field/label confirmed; full path + instance + runtime read not verified,Generic API available; this field write NOT verified,Not eligible for Apply; resolve path and test first,,Check type/enable/visibility rules in source,Resolve actual instance/full path; check ASE vs ACT; selection/enable flags; enum mapping; binding; units; round-trip,<AVL_ROOT>/AWS/appl/clients/excite/res/cpp/resctr.h,856,Declaring class is context only; struct nesting and array indexing are not resolved
SCH-00340,Power Unit (excite),Results Control,Cavitation Event Duration,double,"time,s",Schema declaration; instance not resolved,ExCavitationParams,duration,"Candidate: GetDblValueU(field,unit)","Candidate: SetDblValueU(field,value,unit)",Schema field/label confirmed; full path + instance + runtime read not verified,Generic API available; this field write NOT verified,Not eligible for Apply; resolve path and test first,,Check type/enable/visibility rules in source,Resolve actual instance/full path; check ASE vs ACT; selection/enable flags; enum mapping; binding; units; round-trip,<AVL_ROOT>/AWS/appl/clients/excite/res/cpp/resctr.h,857,Declaring class is context only; struct nesting and array indexing are not resolved
SCH-00341,Power Unit (excite),Results Control,Minimum Fill Ratio in a Single Cavitation Event,double,,Schema declaration; instance not resolved,ExCavitationParams,min_fill_ratio,"Candidate: GetDblValueU(field,unit)","Candidate: SetDblValueU(field,value,unit)",Schema field/label confirmed; full path + instance + runtime read not verified,Generic API available; this field write NOT verified,Not eligible for Apply; resolve path and test first,,Check type/enable/visibility rules in source,Resolve actual instance/full path; check ASE vs ACT; selection/enable flags; enum mapping; binding; units; round-trip,<AVL_ROOT>/AWS/appl/clients/excite/res/cpp/resctr.h,858,Declaring class is context only; struct nesting and array indexing are not resolved
SCH-00342,Power Unit (excite),Results Control,Pressure at the End of Cavitation Event,double,"pressure,MPa",Schema declaration; instance not resolved,ExCavitationParams,pressure_end,"Candidate: GetDblValueU(field,unit)","Candidate: SetDblValueU(field,value,unit)",Schema field/label confirmed; full path + instance + runtime read not verified,Generic API available; this field write NOT verified,Not eligible for Apply; resolve path and test first,,Check type/enable/visibility rules in source,Resolve actual instance/full path; check ASE vs ACT; selection/enable flags; enum mapping; binding; units; round-trip,<AVL_ROOT>/AWS/appl/clients/excite/res/cpp/resctr.h,859,Declaring class is context only; struct nesting and array indexing are not resolved
SCH-00343,Power Unit (excite),Results Control,Axial HD Grid Increment,int,,Schema declaration; instance not resolved,ExCavitationParams,increment,Candidate: GetIntValue(field),"Candidate: SetIntValue(field,value)",Schema field/label confirmed; full path + instance + runtime read not verified,Generic API available; this field write NOT verified,Not eligible for Apply; resolve path and test first,,Check type/enable/visibility rules in source,Resolve actual instance/full path; check ASE vs ACT; selection/enable flags; enum mapping; binding; units; round-trip,<AVL_ROOT>/AWS/appl/clients/excite/res/cpp/resctr.h,862,Declaring class is context only; struct nesting and array indexing are not resolved
SCH-00344,Power Unit (excite),Results Control,Statistics (only for EHD2 joints),Bool,,Schema declaration; instance not resolved,ExStandReportsMB,bea_stat,Candidate: GetIntValue(field),"Candidate: SetIntValue(field,value)",Schema field/label confirmed; full path + instance + runtime read not verified,Generic API available; this field write NOT verified,Not eligible for Apply; resolve path and test first,,Check type/enable/visibility rules in source,Resolve actual instance/full path; check ASE vs ACT; selection/enable flags; enum mapping; binding; units; round-trip,<AVL_ROOT>/AWS/appl/clients/excite/res/cpp/resctr.h,896,Declaring class is context only; struct nesting and array indexing are not resolved
SCH-00345,Power Unit (excite),Results Control,Bearing Forces and Moments,Bool,,Schema declaration; instance not resolved,ExStandReportsMB,bf,Candidate: GetIntValue(field),"Candidate: SetIntValue(field,value)",Schema field/label confirmed; full path + instance + runtime read not verified,Generic API available; this field write NOT verified,Not eligible for Apply; resolve path and test first,,"<visibility=1_isCaseSet, class-int, 0>",Resolve actual instance/full path; check ASE vs ACT; selection/enable flags; enum mapping; binding; units; round-trip,<AVL_ROOT>/AWS/appl/clients/excite/res/cpp/resctr.h,898,Declaring class is context only; struct nesting and array indexing are not resolved
SCH-00346,Power Unit (excite),Results Control,Bearing Forces (Polar),Bool,,Schema declaration; instance not resolved,ExStandReportsMB,bea_fpol,Candidate: GetIntValue(field),"Candidate: SetIntValue(field,value)",Schema field/label confirmed; full path + instance + runtime read not verified,Generic API available; this field write NOT verified,Not eligible for Apply; resolve path and test first,,Check type/enable/visibility rules in source,Resolve actual instance/full path; check ASE vs ACT; selection/enable flags; enum mapping; binding; units; round-trip,<AVL_ROOT>/AWS/appl/clients/excite/res/cpp/resctr.h,900,Declaring class is context only; struct nesting and array indexing are not resolved
SCH-00347,Power Unit (excite),Results Control,Orbital Path,Bool,,Schema declaration; instance not resolved,ExStandReportsMB,bea_opat,Candidate: GetIntValue(field),"Candidate: SetIntValue(field,value)",Schema field/label confirmed; full path + instance + runtime read not verified,Generic API available; this field write NOT verified,Not eligible for Apply; resolve path and test first,,Check type/enable/visibility rules in source,Resolve actual instance/full path; check ASE vs ACT; selection/enable flags; enum mapping; binding; units; round-trip,<AVL_ROOT>/AWS/appl/clients/excite/res/cpp/resctr.h,901,Declaring class is context only; struct nesting and array indexing are not resolved
SCH-00348,Power Unit (excite),Results Control,Bearing Details,Bool,,Schema declaration; instance not resolved,ExStandReportsMB,bd,Candidate: GetIntValue(field),"Candidate: SetIntValue(field,value)",Schema field/label confirmed; full path + instance + runtime read not verified,Generic API available; this field write NOT verified,Not eligible for Apply; resolve path and test first,,"<visibility=1_isCaseSet, class-int, 0>",Resolve actual instance/full path; check ASE vs ACT; selection/enable flags; enum mapping; binding; units; round-trip,<AVL_ROOT>/AWS/appl/clients/excite/res/cpp/resctr.h,903,Declaring class is context only; struct nesting and array indexing are not resolved
SCH-00349,Power Unit (excite),Results Control,2D Results (only for EHD2 and AXHD joints),Bool,,Schema declaration; instance not resolved,ExStandReportsMB,bea_2d,Candidate: GetIntValue(field),"Candidate: SetIntValue(field,value)",Schema field/label confirmed; full path + instance + runtime read not verified,Generic API available; this field write NOT verified,Not eligible for Apply; resolve path and test first,,<visibility_change>,Resolve actual instance/full path; check ASE vs ACT; selection/enable flags; enum mapping; binding; units; round-trip,<AVL_ROOT>/AWS/appl/clients/excite/res/cpp/resctr.h,905,Declaring class is context only; struct nesting and array indexing are not resolved
SCH-00350,Power Unit (excite),Results Control,Collective Bearing Reports 1D,Bool,,Schema declaration; instance not resolved,ExStandReportsMB,brng_col1,Candidate: GetIntValue(field),"Candidate: SetIntValue(field,value)",Schema field/label confirmed; full path + instance + runtime read not verified,Generic API available; this field write NOT verified,Not eligible for Apply; resolve path and test first,,Check type/enable/visibility rules in source,Resolve actual instance/full path; check ASE vs ACT; selection/enable flags; enum mapping; binding; units; round-trip,<AVL_ROOT>/AWS/appl/clients/excite/res/cpp/resctr.h,916,Declaring class is context only; struct nesting and array indexing are not resolved
SCH-00351,Power Unit (excite),Results Control,Collective Bearing Reports 2D,Bool,,Schema declaration; instance not resolved,ExStandReportsMB,brng_col2,Candidate: GetIntValue(field),"Candidate: SetIntValue(field,value)",Schema field/label confirmed; full path + instance + runtime read not verified,Generic API available; this field write NOT verified,Not eligible for Apply; resolve path and test first,,Check type/enable/visibility rules in source,Resolve actual instance/full path; check ASE vs ACT; selection/enable flags; enum mapping; binding; units; round-trip,<AVL_ROOT>/AWS/appl/clients/excite/res/cpp/resctr.h,917,Declaring class is context only; struct nesting and array indexing are not resolved
SCH-00352,Power Unit (excite),Results Control,Collective Bearing Reports FUP,Bool,,Schema declaration; instance not resolved,ExStandReportsMB,brng_col3,Candidate: GetIntValue(field),"Candidate: SetIntValue(field,value)",Schema field/label confirmed; full path + instance + runtime read not verified,Generic API available; this field write NOT verified,Not eligible for Apply; resolve path and test first,,Check type/enable/visibility rules in source,Resolve actual instance/full path; check ASE vs ACT; selection/enable flags; enum mapping; binding; units; round-trip,<AVL_ROOT>/AWS/appl/clients/excite/res/cpp/resctr.h,918,Declaring class is context only; struct nesting and array indexing are not resolved
SCH-00353,Power Unit (excite),Results Control,Thicker lines,Bool,,Schema declaration; instance not resolved,ExStandReportsMB,thicker_lines,Candidate: GetIntValue(field),"Candidate: SetIntValue(field,value)",Schema field/label confirmed; full path + instance + runtime read not verified,Generic API available; this field write NOT verified,Not eligible for Apply; resolve path and test first,,Check type/enable/visibility rules in source,Resolve actual instance/full path; check ASE vs ACT; selection/enable flags; enum mapping; binding; units; round-trip,<AVL_ROOT>/AWS/appl/clients/excite/res/cpp/resctr.h,930,Declaring class is context only; struct nesting and array indexing are not resolved
SCH-00354,Power Unit (excite),Results Control,Suppress blinding curve colors,Bool,,Schema declaration; instance not resolved,ExStandReportsMB,color_glare,Candidate: GetIntValue(field),"Candidate: SetIntValue(field,value)",Schema field/label confirmed; full path + instance + runtime read not verified,Generic API available; this field write NOT verified,Not eligible for Apply; resolve path and test first,,Check type/enable/visibility rules in source,Resolve actual instance/full path; check ASE vs ACT; selection/enable flags; enum mapping; binding; units; round-trip,<AVL_ROOT>/AWS/appl/clients/excite/res/cpp/resctr.h,931,Declaring class is context only; struct nesting and array indexing are not resolved
SCH-00355,Power Unit (excite),Results Control,Bearing Load,Bool,,Schema declaration; instance not resolved,ExStandReportsMB,b_blfft,Candidate: GetIntValue(field),"Candidate: SetIntValue(field,value)",Schema field/label confirmed; full path + instance + runtime read not verified,Generic API available; this field write NOT verified,Not eligible for Apply; resolve path and test first,,"<visibility=1_isCaseSet, class-int, 0>",Resolve actual instance/full path; check ASE vs ACT; selection/enable flags; enum mapping; binding; units; round-trip,<AVL_ROOT>/AWS/appl/clients/excite/res/cpp/resctr.h,940,Declaring class is context only; struct nesting and array indexing are not resolved
SCH-00356,Power Unit (excite),Results Control,Representation Domain of Magnitudes,ASEenum,,Schema declaration; instance not resolved,ExStandReportsMB,repDomOdMagn,Candidate: GetIntValue(field),"Candidate: SetIntValue(field,value)",Schema field/label confirmed; full path + instance + runtime read not verified,Generic API available; this field write NOT verified,Not eligible for Apply; resolve path and test first,,Check type/enable/visibility rules in source,Resolve actual instance/full path; check ASE vs ACT; selection/enable flags; enum mapping; binding; units; round-trip,<AVL_ROOT>/AWS/appl/clients/excite/res/cpp/resctr.h,943,"Schema labels: ""Order"", ""Frequency"", ""Order and Frequency"""
SCH-00357,Power Unit (excite),Results Control,Frequency Range,ASEenum,,Schema declaration; instance not resolved,ExStandReportsMB,frrange,Candidate: GetIntValue(field),"Candidate: SetIntValue(field,value)",Schema field/label confirmed; full path + instance + runtime read not verified,Generic API available; this field write NOT verified,Not eligible for Apply; resolve path and test first,,Check type/enable/visibility rules in source,Resolve actual instance/full path; check ASE vs ACT; selection/enable flags; enum mapping; binding; units; round-trip,<AVL_ROOT>/AWS/appl/clients/excite/res/cpp/resctr.h,945,"Schema labels: ""DefaultRange"""
SCH-00358,Power Unit (excite),Results Control,Representation Domain of Magnitudes,ASEenum,,Schema declaration; instance not resolved,ExStandReportsTV,repDomOdMagn,Candidate: GetIntValue(field),"Candidate: SetIntValue(field,value)",Schema field/label confirmed; full path + instance + runtime read not verified,Generic API available; this field write NOT verified,Not eligible for Apply; resolve path and test first,,Check type/enable/visibility rules in source,Resolve actual instance/full path; check ASE vs ACT; selection/enable flags; enum mapping; binding; units; round-trip,<AVL_ROOT>/AWS/appl/clients/excite/res/cpp/resctr.h,987,"Schema labels: ""Order"", ""Frequency"", ""Order and Frequency"""
SCH-00359,Power Unit (excite),Results Control,Remove Linear Content in Respect of:,ASEenum,,Schema declaration; instance not resolved,ExStandReportsDLE,linC,Candidate: GetIntValue(field),"Candidate: SetIntValue(field,value)",Schema field/label confirmed; full path + instance + runtime read not verified,Generic API available; this field write NOT verified,Not eligible for Apply; resolve path and test first,,Check type/enable/visibility rules in source,Resolve actual instance/full path; check ASE vs ACT; selection/enable flags; enum mapping; binding; units; round-trip,<AVL_ROOT>/AWS/appl/clients/excite/res/cpp/resctr.h,1029,"Schema labels: ""Time"", ""Reference Angle"", ""Both Time and Reference Angle"""
SCH-00360,Power Unit (excite),Results Control,Deformation Plot Assemblies,char**,,Schema declaration; instance not resolved,ExStandReportsDLE,assembl,"Candidate: WSClass.GetWSMatrix(field,0)",Candidate: WSMatrix typed setters + ReleaseHandle,Schema field/label confirmed; full path + instance + runtime read not verified,Generic API available; this field write NOT verified,Not eligible for Apply; resolve path and test first,,Check type/enable/visibility rules in source,Resolve actual instance/full path; check ASE vs ACT; selection/enable flags; enum mapping; binding; units; round-trip,<AVL_ROOT>/AWS/appl/clients/excite/res/cpp/resctr.h,1032,Declaring class is context only; struct nesting and array indexing are not resolved
SCH-00361,Power Unit (excite),Results Control,Node,int,,Schema declaration; instance not resolved,ExStandReportsFW,node,Candidate: GetIntValue(field),"Candidate: SetIntValue(field,value)",Schema field/label confirmed; full path + instance + runtime read not verified,Generic API available; this field write NOT verified,Not eligible for Apply; resolve path and test first,,Check type/enable/visibility rules in source,Resolve actual instance/full path; check ASE vs ACT; selection/enable flags; enum mapping; binding; units; round-trip,<AVL_ROOT>/AWS/appl/clients/excite/res/cpp/resctr.h,1065,Declaring class is context only; struct nesting and array indexing are not resolved
SCH-00362,Power Unit (excite),Results Control,Body,ASEenum,,Schema declaration; instance not resolved,ExStandReportsFW,actingOn,Candidate: GetIntValue(field),"Candidate: SetIntValue(field,value)",Schema field/label confirmed; full path + instance + runtime read not verified,Generic API available; this field write NOT verified,Not eligible for Apply; resolve path and test first,,Check type/enable/visibility rules in source,Resolve actual instance/full path; check ASE vs ACT; selection/enable flags; enum mapping; binding; units; round-trip,<AVL_ROOT>/AWS/appl/clients/excite/res/cpp/resctr.h,1068,Declaring class is context only; struct nesting and array indexing are not resolved
SCH-00363,Power Unit (excite),Results Control,P1,double,"angle,deg,deg",Schema declaration; instance not resolved,ExStandReportsFW,p1,"Candidate: GetDblValueU(field,unit)","Candidate: SetDblValueU(field,value,unit)",Schema field/label confirmed; full path + instance + runtime read not verified,Generic API available; this field write NOT verified,Not eligible for Apply; resolve path and test first,,Check type/enable/visibility rules in source,Resolve actual instance/full path; check ASE vs ACT; selection/enable flags; enum mapping; binding; units; round-trip,<AVL_ROOT>/AWS/appl/clients/excite/res/cpp/resctr.h,1073,Declaring class is context only; struct nesting and array indexing are not resolved
SCH-00364,Power Unit (excite),Results Control,P2,double,"angle,deg,deg",Schema declaration; instance not resolved,ExStandReportsFW,p2,"Candidate: GetDblValueU(field,unit)","Candidate: SetDblValueU(field,value,unit)",Schema field/label confirmed; full path + instance + runtime read not verified,Generic API available; this field write NOT verified,Not eligible for Apply; resolve path and test first,,Check type/enable/visibility rules in source,Resolve actual instance/full path; check ASE vs ACT; selection/enable flags; enum mapping; binding; units; round-trip,<AVL_ROOT>/AWS/appl/clients/excite/res/cpp/resctr.h,1074,Declaring class is context only; struct nesting and array indexing are not resolved
SCH-00365,Power Unit (excite),Results Control,P3,double,"angle,deg,deg",Schema declaration; instance not resolved,ExStandReportsFW,p3,"Candidate: GetDblValueU(field,unit)","Candidate: SetDblValueU(field,value,unit)",Schema field/label confirmed; full path + instance + runtime read not verified,Generic API available; this field write NOT verified,Not eligible for Apply; resolve path and test first,,Check type/enable/visibility rules in source,Resolve actual instance/full path; check ASE vs ACT; selection/enable flags; enum mapping; binding; units; round-trip,<AVL_ROOT>/AWS/appl/clients/excite/res/cpp/resctr.h,1075,Declaring class is context only; struct nesting and array indexing are not resolved
SCH-00366,Power Unit (excite),Results Control,Node,int,,Schema declaration; instance not resolved,RunupResultsFW,node,Candidate: GetIntValue(field),"Candidate: SetIntValue(field,value)",Schema field/label confirmed; full path + instance + runtime read not verified,Generic API available; this field write NOT verified,Not eligible for Apply; resolve path and test first,,Check type/enable/visibility rules in source,Resolve actual instance/full path; check ASE vs ACT; selection/enable flags; enum mapping; binding; units; round-trip,<AVL_ROOT>/AWS/appl/clients/excite/res/cpp/resctr.h,1103,Declaring class is context only; struct nesting and array indexing are not resolved
SCH-00367,Power Unit (excite),Results Control,Body,ASEenum,,Schema declaration; instance not resolved,RunupResultsFW,actingOn,Candidate: GetIntValue(field),"Candidate: SetIntValue(field,value)",Schema field/label confirmed; full path + instance + runtime read not verified,Generic API available; this field write NOT verified,Not eligible for Apply; resolve path and test first,,Check type/enable/visibility rules in source,Resolve actual instance/full path; check ASE vs ACT; selection/enable flags; enum mapping; binding; units; round-trip,<AVL_ROOT>/AWS/appl/clients/excite/res/cpp/resctr.h,1106,Declaring class is context only; struct nesting and array indexing are not resolved
SCH-00368,Power Unit (excite),Results Control,P1,double,"angle,deg,deg",Schema declaration; instance not resolved,RunupResultsFW,p1,"Candidate: GetDblValueU(field,unit)","Candidate: SetDblValueU(field,value,unit)",Schema field/label confirmed; full path + instance + runtime read not verified,Generic API available; this field write NOT verified,Not eligible for Apply; resolve path and test first,,Check type/enable/visibility rules in source,Resolve actual instance/full path; check ASE vs ACT; selection/enable flags; enum mapping; binding; units; round-trip,<AVL_ROOT>/AWS/appl/clients/excite/res/cpp/resctr.h,1109,Declaring class is context only; struct nesting and array indexing are not resolved
SCH-00369,Power Unit (excite),Results Control,P2,double,"angle,deg,deg",Schema declaration; instance not resolved,RunupResultsFW,p2,"Candidate: GetDblValueU(field,unit)","Candidate: SetDblValueU(field,value,unit)",Schema field/label confirmed; full path + instance + runtime read not verified,Generic API available; this field write NOT verified,Not eligible for Apply; resolve path and test first,,Check type/enable/visibility rules in source,Resolve actual instance/full path; check ASE vs ACT; selection/enable flags; enum mapping; binding; units; round-trip,<AVL_ROOT>/AWS/appl/clients/excite/res/cpp/resctr.h,1110,Declaring class is context only; struct nesting and array indexing are not resolved
SCH-00370,Power Unit (excite),Results Control,P3,double,"angle,deg,deg",Schema declaration; instance not resolved,RunupResultsFW,p3,"Candidate: GetDblValueU(field,unit)","Candidate: SetDblValueU(field,value,unit)",Schema field/label confirmed; full path + instance + runtime read not verified,Generic API available; this field write NOT verified,Not eligible for Apply; resolve path and test first,,Check type/enable/visibility rules in source,Resolve actual instance/full path; check ASE vs ACT; selection/enable flags; enum mapping; binding; units; round-trip,<AVL_ROOT>/AWS/appl/clients/excite/res/cpp/resctr.h,1111,Declaring class is context only; struct nesting and array indexing are not resolved
SCH-00371,Power Unit (excite),Results Control,Web Bending Vibration,Bool,,Schema declaration; instance not resolved,ExStandReportsSF,b_wbvib,Candidate: GetIntValue(field),"Candidate: SetIntValue(field,value)",Schema field/label confirmed; full path + instance + runtime read not verified,Generic API available; this field write NOT verified,Not eligible for Apply; resolve path and test first,,Check type/enable/visibility rules in source,Resolve actual instance/full path; check ASE vs ACT; selection/enable flags; enum mapping; binding; units; round-trip,<AVL_ROOT>/AWS/appl/clients/excite/res/cpp/resctr.h,1151,Declaring class is context only; struct nesting and array indexing are not resolved
SCH-00372,Power Unit (excite),Results Control,Web Torsion Vibration,Bool,,Schema declaration; instance not resolved,ExStandReportsSF,b_wtvib,Candidate: GetIntValue(field),"Candidate: SetIntValue(field,value)",Schema field/label confirmed; full path + instance + runtime read not verified,Generic API available; this field write NOT verified,Not eligible for Apply; resolve path and test first,,Check type/enable/visibility rules in source,Resolve actual instance/full path; check ASE vs ACT; selection/enable flags; enum mapping; binding; units; round-trip,<AVL_ROOT>/AWS/appl/clients/excite/res/cpp/resctr.h,1152,Declaring class is context only; struct nesting and array indexing are not resolved
SCH-00373,Power Unit (excite),Results Control,Representation Domain of Magnitudes,ASEenum,,Schema declaration; instance not resolved,ExStandReportsSF,repDomOdMagn,Candidate: GetIntValue(field),"Candidate: SetIntValue(field,value)",Schema field/label confirmed; full path + instance + runtime read not verified,Generic API available; this field write NOT verified,Not eligible for Apply; resolve path and test first,,Check type/enable/visibility rules in source,Resolve actual instance/full path; check ASE vs ACT; selection/enable flags; enum mapping; binding; units; round-trip,<AVL_ROOT>/AWS/appl/clients/excite/res/cpp/resctr.h,1154,"Schema labels: ""Order"", ""Frequency"", ""Order and Frequency"""
SCH-00374,Power Unit (excite),Results Control,Frequency Range,ASEenum,,Schema declaration; instance not resolved,ExStandReportsSF,frrange,Candidate: GetIntValue(field),"Candidate: SetIntValue(field,value)",Schema field/label confirmed; full path + instance + runtime read not verified,Generic API available; this field write NOT verified,Not eligible for Apply; resolve path and test first,,Check type/enable/visibility rules in source,Resolve actual instance/full path; check ASE vs ACT; selection/enable flags; enum mapping; binding; units; round-trip,<AVL_ROOT>/AWS/appl/clients/excite/res/cpp/resctr.h,1155,"Schema labels: ""DefaultRange"""
SCH-00375,Power Unit (excite),Results Control,Curves with Amplitudes and Average Section Forces and Moments,Bool,,Schema declaration; instance not resolved,ExStandReportsCaseSetSF,curves,Candidate: GetIntValue(field),"Candidate: SetIntValue(field,value)",Schema field/label confirmed; full path + instance + runtime read not verified,Generic API available; this field write NOT verified,Not eligible for Apply; resolve path and test first,,Check type/enable/visibility rules in source,Resolve actual instance/full path; check ASE vs ACT; selection/enable flags; enum mapping; binding; units; round-trip,<AVL_ROOT>/AWS/appl/clients/excite/res/cpp/resctr.h,1183,Declaring class is context only; struct nesting and array indexing are not resolved
SCH-00376,Power Unit (excite),Results Control,Fringe Plots with Amplitudes and Average Section Forces and Moments,Bool,,Schema declaration; instance not resolved,ExStandReportsCaseSetSF,fringe,Candidate: GetIntValue(field),"Candidate: SetIntValue(field,value)",Schema field/label confirmed; full path + instance + runtime read not verified,Generic API available; this field write NOT verified,Not eligible for Apply; resolve path and test first,,Check type/enable/visibility rules in source,Resolve actual instance/full path; check ASE vs ACT; selection/enable flags; enum mapping; binding; units; round-trip,<AVL_ROOT>/AWS/appl/clients/excite/res/cpp/resctr.h,1184,Declaring class is context only; struct nesting and array indexing are not resolved
SCH-00377,Power Unit (excite),Results Control,Web Bending Vibration,Bool,,Schema declaration; instance not resolved,ExStandReportsCaseSetSF,b_wbvib,Candidate: GetIntValue(field),"Candidate: SetIntValue(field,value)",Schema field/label confirmed; full path + instance + runtime read not verified,Generic API available; this field write NOT verified,Not eligible for Apply; resolve path and test first,,Check type/enable/visibility rules in source,Resolve actual instance/full path; check ASE vs ACT; selection/enable flags; enum mapping; binding; units; round-trip,<AVL_ROOT>/AWS/appl/clients/excite/res/cpp/resctr.h,1189,Declaring class is context only; struct nesting and array indexing are not resolved
SCH-00378,Power Unit (excite),Results Control,Web Torsion Vibration,Bool,,Schema declaration; instance not resolved,ExStandReportsCaseSetSF,b_wtvib,Candidate: GetIntValue(field),"Candidate: SetIntValue(field,value)",Schema field/label confirmed; full path + instance + runtime read not verified,Generic API available; this field write NOT verified,Not eligible for Apply; resolve path and test first,,Check type/enable/visibility rules in source,Resolve actual instance/full path; check ASE vs ACT; selection/enable flags; enum mapping; binding; units; round-trip,<AVL_ROOT>/AWS/appl/clients/excite/res/cpp/resctr.h,1190,Declaring class is context only; struct nesting and array indexing are not resolved
SCH-00379,Power Unit (excite),Results Control,Frequency Range,ASEenum,,Schema declaration; instance not resolved,ExStandReportsCaseSetSF,frrange,Candidate: GetIntValue(field),"Candidate: SetIntValue(field,value)",Schema field/label confirmed; full path + instance + runtime read not verified,Generic API available; this field write NOT verified,Not eligible for Apply; resolve path and test first,,Check type/enable/visibility rules in source,Resolve actual instance/full path; check ASE vs ACT; selection/enable flags; enum mapping; binding; units; round-trip,<AVL_ROOT>/AWS/appl/clients/excite/res/cpp/resctr.h,1192,"Schema labels: ""DefaultRange"""
SCH-00380,Power Unit (excite),Results Control,Map EPIL Forces to Liner Nodes at TS|ATS,Bool,,Schema declaration; instance not resolved,ExPistonPositionsNodes,use,Candidate: GetIntValue(field),"Candidate: SetIntValue(field,value)",Schema field/label confirmed; full path + instance + runtime read not verified,Generic API available; this field write NOT verified,Not eligible for Apply; resolve path and test first,,Check type/enable/visibility rules in source,Resolve actual instance/full path; check ASE vs ACT; selection/enable flags; enum mapping; binding; units; round-trip,<AVL_ROOT>/AWS/appl/clients/excite/res/cpp/resctr.h,1262,Declaring class is context only; struct nesting and array indexing are not resolved
SCH-00381,Power Unit (excite),Results Control,Map Gas Pressure to Liner Nodes,Bool,,Schema declaration; instance not resolved,ExPistonPositionsNodes,map_gas,Candidate: GetIntValue(field),"Candidate: SetIntValue(field,value)",Schema field/label confirmed; full path + instance + runtime read not verified,Generic API available; this field write NOT verified,Not eligible for Apply; resolve path and test first,,Check type/enable/visibility rules in source,Resolve actual instance/full path; check ASE vs ACT; selection/enable flags; enum mapping; binding; units; round-trip,<AVL_ROOT>/AWS/appl/clients/excite/res/cpp/resctr.h,1263,Declaring class is context only; struct nesting and array indexing are not resolved
SCH-00382,Power Unit (excite),Results Control,Distance Pin Center to First Ring,double,"length,m",Schema declaration; instance not resolved,ExPistonPositionsNodes,distance_pin_top,"Candidate: GetDblValueU(field,unit)","Candidate: SetDblValueU(field,value,unit)",Schema field/label confirmed; full path + instance + runtime read not verified,Generic API available; this field write NOT verified,Not eligible for Apply; resolve path and test first,,Check type/enable/visibility rules in source,Resolve actual instance/full path; check ASE vs ACT; selection/enable flags; enum mapping; binding; units; round-trip,<AVL_ROOT>/AWS/appl/clients/excite/res/cpp/resctr.h,1265,Declaring class is context only; struct nesting and array indexing are not resolved
SCH-00383,Power Unit (excite),Results Control,Use Positions at TS for ATS,Bool,,Schema declaration; instance not resolved,ExPistonPositionsNodes,equal,Candidate: GetIntValue(field),"Candidate: SetIntValue(field,value)",Schema field/label confirmed; full path + instance + runtime read not verified,Generic API available; this field write NOT verified,Not eligible for Apply; resolve path and test first,,Check type/enable/visibility rules in source,Resolve actual instance/full path; check ASE vs ACT; selection/enable flags; enum mapping; binding; units; round-trip,<AVL_ROOT>/AWS/appl/clients/excite/res/cpp/resctr.h,1268,Declaring class is context only; struct nesting and array indexing are not resolved
SCH-00384,Power Unit (excite),Results Control,Positions of Nodes,double**,,Schema declaration; instance not resolved,ExPistonPositionsNodes,table,"Candidate: WSClass.GetWSMatrix(field,0)",Candidate: WSMatrix typed setters + ReleaseHandle,Schema field/label confirmed; full path + instance + runtime read not verified,Generic API available; this field write NOT verified,Not eligible for Apply; resolve path and test first,,Check type/enable/visibility rules in source,Resolve actual instance/full path; check ASE vs ACT; selection/enable flags; enum mapping; binding; units; round-trip,<AVL_ROOT>/AWS/appl/clients/excite/res/cpp/resctr.h,1269,Declaring class is context only; struct nesting and array indexing are not resolved
SCH-00385,Power Unit (excite),Results Control,Piston Noise Response Index,Bool,,Schema declaration; instance not resolved,ExStandReportsCaseSetPIL,pnri,Candidate: GetIntValue(field),"Candidate: SetIntValue(field,value)",Schema field/label confirmed; full path + instance + runtime read not verified,Generic API available; this field write NOT verified,Not eligible for Apply; resolve path and test first,,Check type/enable/visibility rules in source,Resolve actual instance/full path; check ASE vs ACT; selection/enable flags; enum mapping; binding; units; round-trip,<AVL_ROOT>/AWS/appl/clients/excite/res/cpp/resctr.h,1307,Declaring class is context only; struct nesting and array indexing are not resolved
SCH-00386,Power Unit (excite),Results Control,1D Results,Bool,,Schema declaration; instance not resolved,ExStandReportsPIL,pil_1d,Candidate: GetIntValue(field),"Candidate: SetIntValue(field,value)",Schema field/label confirmed; full path + instance + runtime read not verified,Generic API available; this field write NOT verified,Not eligible for Apply; resolve path and test first,,Check type/enable/visibility rules in source,Resolve actual instance/full path; check ASE vs ACT; selection/enable flags; enum mapping; binding; units; round-trip,<AVL_ROOT>/AWS/appl/clients/excite/res/cpp/resctr.h,1339,Declaring class is context only; struct nesting and array indexing are not resolved
SCH-00387,Power Unit (excite),Results Control,Piston Noise Response Index,Bool,,Schema declaration; instance not resolved,ExStandReportsPIL,pnri,Candidate: GetIntValue(field),"Candidate: SetIntValue(field,value)",Schema field/label confirmed; full path + instance + runtime read not verified,Generic API available; this field write NOT verified,Not eligible for Apply; resolve path and test first,,Check type/enable/visibility rules in source,Resolve actual instance/full path; check ASE vs ACT; selection/enable flags; enum mapping; binding; units; round-trip,<AVL_ROOT>/AWS/appl/clients/excite/res/cpp/resctr.h,1343,Declaring class is context only; struct nesting and array indexing are not resolved
SCH-00388,Power Unit (excite),Results Control,2D Results,Bool,,Schema declaration; instance not resolved,ExStandReportsPIL,pil_2d,Candidate: GetIntValue(field),"Candidate: SetIntValue(field,value)",Schema field/label confirmed; full path + instance + runtime read not verified,Generic API available; this field write NOT verified,Not eligible for Apply; resolve path and test first,,Check type/enable/visibility rules in source,Resolve actual instance/full path; check ASE vs ACT; selection/enable flags; enum mapping; binding; units; round-trip,<AVL_ROOT>/AWS/appl/clients/excite/res/cpp/resctr.h,1346,Declaring class is context only; struct nesting and array indexing are not resolved
SCH-00389,Power Unit (excite),Results Control,Thicker lines,Bool,,Schema declaration; instance not resolved,ExStandReportsPIL,thicker_lines,Candidate: GetIntValue(field),"Candidate: SetIntValue(field,value)",Schema field/label confirmed; full path + instance + runtime read not verified,Generic API available; this field write NOT verified,Not eligible for Apply; resolve path and test first,,Check type/enable/visibility rules in source,Resolve actual instance/full path; check ASE vs ACT; selection/enable flags; enum mapping; binding; units; round-trip,<AVL_ROOT>/AWS/appl/clients/excite/res/cpp/resctr.h,1353,Declaring class is context only; struct nesting and array indexing are not resolved
SCH-00390,Power Unit (excite),Results Control,Suppress blinding curve colors,Bool,,Schema declaration; instance not resolved,ExStandReportsPIL,color_glare,Candidate: GetIntValue(field),"Candidate: SetIntValue(field,value)",Schema field/label confirmed; full path + instance + runtime read not verified,Generic API available; this field write NOT verified,Not eligible for Apply; resolve path and test first,,Check type/enable/visibility rules in source,Resolve actual instance/full path; check ASE vs ACT; selection/enable flags; enum mapping; binding; units; round-trip,<AVL_ROOT>/AWS/appl/clients/excite/res/cpp/resctr.h,1354,Declaring class is context only; struct nesting and array indexing are not resolved
SCH-00391,Power Unit (excite),Results Control,Motion Amplitudes,Bool,,Schema declaration; instance not resolved,ExStandReportsSingleCases,b_mot,Candidate: GetIntValue(field),"Candidate: SetIntValue(field,value)",Schema field/label confirmed; full path + instance + runtime read not verified,Generic API available; this field write NOT verified,Not eligible for Apply; resolve path and test first,,"<visibility=/1_isRunup,class-int,0>",Resolve actual instance/full path; check ASE vs ACT; selection/enable flags; enum mapping; binding; units; round-trip,<AVL_ROOT>/AWS/appl/clients/excite/res/cpp/resctr.h,1388,Declaring class is context only; struct nesting and array indexing are not resolved
SCH-00392,Power Unit (excite),Results Control,Bearing Results,Bool,,Schema declaration; instance not resolved,ExStandReportsSingleCases,b_bea,Candidate: GetIntValue(field),"Candidate: SetIntValue(field,value)",Schema field/label confirmed; full path + instance + runtime read not verified,Generic API available; this field write NOT verified,Not eligible for Apply; resolve path and test first,,Check type/enable/visibility rules in source,Resolve actual instance/full path; check ASE vs ACT; selection/enable flags; enum mapping; binding; units; round-trip,<AVL_ROOT>/AWS/appl/clients/excite/res/cpp/resctr.h,1390,Declaring class is context only; struct nesting and array indexing are not resolved
SCH-00393,Power Unit (excite),Results Control,Flywheel Motion,Bool,,Schema declaration; instance not resolved,ExStandReportsSingleCases,b_fly,Candidate: GetIntValue(field),"Candidate: SetIntValue(field,value)",Schema field/label confirmed; full path + instance + runtime read not verified,Generic API available; this field write NOT verified,Not eligible for Apply; resolve path and test first,,Check type/enable/visibility rules in source,Resolve actual instance/full path; check ASE vs ACT; selection/enable flags; enum mapping; binding; units; round-trip,<AVL_ROOT>/AWS/appl/clients/excite/res/cpp/resctr.h,1392,Declaring class is context only; struct nesting and array indexing are not resolved
SCH-00394,Power Unit (excite),Results Control,Torsional Vibrations,Bool,,Schema declaration; instance not resolved,ExStandReportsSingleCases,b_tv,Candidate: GetIntValue(field),"Candidate: SetIntValue(field,value)",Schema field/label confirmed; full path + instance + runtime read not verified,Generic API available; this field write NOT verified,Not eligible for Apply; resolve path and test first,,Check type/enable/visibility rules in source,Resolve actual instance/full path; check ASE vs ACT; selection/enable flags; enum mapping; binding; units; round-trip,<AVL_ROOT>/AWS/appl/clients/excite/res/cpp/resctr.h,1393,Declaring class is context only; struct nesting and array indexing are not resolved
SCH-00395,Power Unit (excite),Results Control,Driveline Evaluation,Bool,,Schema declaration; instance not resolved,ExStandReportsSingleCases,b_dle,Candidate: GetIntValue(field),"Candidate: SetIntValue(field,value)",Schema field/label confirmed; full path + instance + runtime read not verified,Generic API available; this field write NOT verified,Not eligible for Apply; resolve path and test first,,Check type/enable/visibility rules in source,Resolve actual instance/full path; check ASE vs ACT; selection/enable flags; enum mapping; binding; units; round-trip,<AVL_ROOT>/AWS/appl/clients/excite/res/cpp/resctr.h,1394,Declaring class is context only; struct nesting and array indexing are not resolved
SCH-00396,Power Unit (excite),Results Control,Section Forces / Moments,Bool,,Schema declaration; instance not resolved,ExStandReportsSingleCases,b_sf,Candidate: GetIntValue(field),"Candidate: SetIntValue(field,value)",Schema field/label confirmed; full path + instance + runtime read not verified,Generic API available; this field write NOT verified,Not eligible for Apply; resolve path and test first,,"<visibility=/1_isRunup,class-int,0>",Resolve actual instance/full path; check ASE vs ACT; selection/enable flags; enum mapping; binding; units; round-trip,<AVL_ROOT>/AWS/appl/clients/excite/res/cpp/resctr.h,1395,Declaring class is context only; struct nesting and array indexing are not resolved
SCH-00397,Power Unit (excite),Results Control,Angular Velocity and Acceleration,Bool,,Schema declaration; instance not resolved,ExStandReportsSingleCases,b_av,Candidate: GetIntValue(field),"Candidate: SetIntValue(field,value)",Schema field/label confirmed; full path + instance + runtime read not verified,Generic API available; this field write NOT verified,Not eligible for Apply; resolve path and test first,,Check type/enable/visibility rules in source,Resolve actual instance/full path; check ASE vs ACT; selection/enable flags; enum mapping; binding; units; round-trip,<AVL_ROOT>/AWS/appl/clients/excite/res/cpp/resctr.h,1397,Declaring class is context only; struct nesting and array indexing are not resolved
SCH-00398,Power Unit (excite),Results Control,Piston Results,Bool,,Schema declaration; instance not resolved,ExStandReportsSingleCases,b_pil,Candidate: GetIntValue(field),"Candidate: SetIntValue(field,value)",Schema field/label confirmed; full path + instance + runtime read not verified,Generic API available; this field write NOT verified,Not eligible for Apply; resolve path and test first,,Check type/enable/visibility rules in source,Resolve actual instance/full path; check ASE vs ACT; selection/enable flags; enum mapping; binding; units; round-trip,<AVL_ROOT>/AWS/appl/clients/excite/res/cpp/resctr.h,1399,Declaring class is context only; struct nesting and array indexing are not resolved
SCH-00399,Power Unit (excite),Results Control,Bearing Forces and Moments,Bool,,Schema declaration; instance not resolved,ExStandReportsSingleCases,b_fomo,Candidate: GetIntValue(field),"Candidate: SetIntValue(field,value)",Schema field/label confirmed; full path + instance + runtime read not verified,Generic API available; this field write NOT verified,Not eligible for Apply; resolve path and test first,,Check type/enable/visibility rules in source,Resolve actual instance/full path; check ASE vs ACT; selection/enable flags; enum mapping; binding; units; round-trip,<AVL_ROOT>/AWS/appl/clients/excite/res/cpp/resctr.h,1404,Declaring class is context only; struct nesting and array indexing are not resolved
SCH-00400,Power Unit (excite),Results Control,Bearing Forces (Polar),Bool,,Schema declaration; instance not resolved,ExStandReportsSingleCases,b_fpol,Candidate: GetIntValue(field),"Candidate: SetIntValue(field,value)",Schema field/label confirmed; full path + instance + runtime read not verified,Generic API available; this field write NOT verified,Not eligible for Apply; resolve path and test first,,Check type/enable/visibility rules in source,Resolve actual instance/full path; check ASE vs ACT; selection/enable flags; enum mapping; binding; units; round-trip,<AVL_ROOT>/AWS/appl/clients/excite/res/cpp/resctr.h,1405,Declaring class is context only; struct nesting and array indexing are not resolved
SCH-00401,Power Unit (excite),Results Control,Orbital Path,Bool,,Schema declaration; instance not resolved,ExStandReportsSingleCases,b_opat,Candidate: GetIntValue(field),"Candidate: SetIntValue(field,value)",Schema field/label confirmed; full path + instance + runtime read not verified,Generic API available; this field write NOT verified,Not eligible for Apply; resolve path and test first,,Check type/enable/visibility rules in source,Resolve actual instance/full path; check ASE vs ACT; selection/enable flags; enum mapping; binding; units; round-trip,<AVL_ROOT>/AWS/appl/clients/excite/res/cpp/resctr.h,1406,Declaring class is context only; struct nesting and array indexing are not resolved
SCH-00402,Power Unit (excite),Results Control,Bearing Details,Bool,,Schema declaration; instance not resolved,ExStandReportsSingleCases,b_deta,Candidate: GetIntValue(field),"Candidate: SetIntValue(field,value)",Schema field/label confirmed; full path + instance + runtime read not verified,Generic API available; this field write NOT verified,Not eligible for Apply; resolve path and test first,,Check type/enable/visibility rules in source,Resolve actual instance/full path; check ASE vs ACT; selection/enable flags; enum mapping; binding; units; round-trip,<AVL_ROOT>/AWS/appl/clients/excite/res/cpp/resctr.h,1407,Declaring class is context only; struct nesting and array indexing are not resolved
SCH-00403,Power Unit (excite),Results Control,Bearing Load in Frequency Domain,Bool,,Schema declaration; instance not resolved,ExStandReportsSingleCases,b_load,Candidate: GetIntValue(field),"Candidate: SetIntValue(field,value)",Schema field/label confirmed; full path + instance + runtime read not verified,Generic API available; this field write NOT verified,Not eligible for Apply; resolve path and test first,,Check type/enable/visibility rules in source,Resolve actual instance/full path; check ASE vs ACT; selection/enable flags; enum mapping; binding; units; round-trip,<AVL_ROOT>/AWS/appl/clients/excite/res/cpp/resctr.h,1408,Declaring class is context only; struct nesting and array indexing are not resolved
SCH-00404,Power Unit (excite),Results Control,Plot Time Domain Results vs,ASEenum,,Schema declaration; instance not resolved,ExStandReportsSingleCases,type,Candidate: GetIntValue(field),"Candidate: SetIntValue(field,value)",Schema field/label confirmed; full path + instance + runtime read not verified,Generic API available; this field write NOT verified,Not eligible for Apply; resolve path and test first,,Check type/enable/visibility rules in source,Resolve actual instance/full path; check ASE vs ACT; selection/enable flags; enum mapping; binding; units; round-trip,<AVL_ROOT>/AWS/appl/clients/excite/res/cpp/resctr.h,1416,"Schema labels: ""Reference Angle"",""Time"" "
SCH-00405,Power Unit (excite),Results Control,Maximum Order (Torsional Vibrations),int,,Schema declaration; instance not resolved,ExStandReportsSingleCases,maxOrd,Candidate: GetIntValue(field),"Candidate: SetIntValue(field,value)",Schema field/label confirmed; full path + instance + runtime read not verified,Generic API available; this field write NOT verified,Not eligible for Apply; resolve path and test first,,Check type/enable/visibility rules in source,Resolve actual instance/full path; check ASE vs ACT; selection/enable flags; enum mapping; binding; units; round-trip,<AVL_ROOT>/AWS/appl/clients/excite/res/cpp/resctr.h,1418,Declaring class is context only; struct nesting and array indexing are not resolved
SCH-00406,Power Unit (excite),Results Control,Peak Firing Pressure and Gas Power,Bool,,Schema declaration; instance not resolved,ExStandReportsCaseSets,b_pfp,Candidate: GetIntValue(field),"Candidate: SetIntValue(field,value)",Schema field/label confirmed; full path + instance + runtime read not verified,Generic API available; this field write NOT verified,Not eligible for Apply; resolve path and test first,,Check type/enable/visibility rules in source,Resolve actual instance/full path; check ASE vs ACT; selection/enable flags; enum mapping; binding; units; round-trip,<AVL_ROOT>/AWS/appl/clients/excite/res/cpp/resctr.h,1481,Declaring class is context only; struct nesting and array indexing are not resolved
SCH-00407,Power Unit (excite),Results Control,Motion Amplitudes,Bool,,Schema declaration; instance not resolved,ExStandReportsCaseSets,b_mot,Candidate: GetIntValue(field),"Candidate: SetIntValue(field,value)",Schema field/label confirmed; full path + instance + runtime read not verified,Generic API available; this field write NOT verified,Not eligible for Apply; resolve path and test first,,Check type/enable/visibility rules in source,Resolve actual instance/full path; check ASE vs ACT; selection/enable flags; enum mapping; binding; units; round-trip,<AVL_ROOT>/AWS/appl/clients/excite/res/cpp/resctr.h,1482,Declaring class is context only; struct nesting and array indexing are not resolved
SCH-00408,Power Unit (excite),Results Control,Bearing Results,Bool,,Schema declaration; instance not resolved,ExStandReportsCaseSets,b_bea,Candidate: GetIntValue(field),"Candidate: SetIntValue(field,value)",Schema field/label confirmed; full path + instance + runtime read not verified,Generic API available; this field write NOT verified,Not eligible for Apply; resolve path and test first,,Check type/enable/visibility rules in source,Resolve actual instance/full path; check ASE vs ACT; selection/enable flags; enum mapping; binding; units; round-trip,<AVL_ROOT>/AWS/appl/clients/excite/res/cpp/resctr.h,1483,Declaring class is context only; struct nesting and array indexing are not resolved
SCH-00409,Power Unit (excite),Results Control,Flywheel Motion,Bool,,Schema declaration; instance not resolved,ExStandReportsCaseSets,b_fly,Candidate: GetIntValue(field),"Candidate: SetIntValue(field,value)",Schema field/label confirmed; full path + instance + runtime read not verified,Generic API available; this field write NOT verified,Not eligible for Apply; resolve path and test first,,Check type/enable/visibility rules in source,Resolve actual instance/full path; check ASE vs ACT; selection/enable flags; enum mapping; binding; units; round-trip,<AVL_ROOT>/AWS/appl/clients/excite/res/cpp/resctr.h,1484,Declaring class is context only; struct nesting and array indexing are not resolved
SCH-00410,Power Unit (excite),Results Control,Torsional Vibrations,Bool,,Schema declaration; instance not resolved,ExStandReportsCaseSets,b_tv,Candidate: GetIntValue(field),"Candidate: SetIntValue(field,value)",Schema field/label confirmed; full path + instance + runtime read not verified,Generic API available; this field write NOT verified,Not eligible for Apply; resolve path and test first,,Check type/enable/visibility rules in source,Resolve actual instance/full path; check ASE vs ACT; selection/enable flags; enum mapping; binding; units; round-trip,<AVL_ROOT>/AWS/appl/clients/excite/res/cpp/resctr.h,1485,Declaring class is context only; struct nesting and array indexing are not resolved
SCH-00411,Power Unit (excite),Results Control,Section Forces / Moments,Bool,,Schema declaration; instance not resolved,ExStandReportsCaseSets,b_sf,Candidate: GetIntValue(field),"Candidate: SetIntValue(field,value)",Schema field/label confirmed; full path + instance + runtime read not verified,Generic API available; this field write NOT verified,Not eligible for Apply; resolve path and test first,,Check type/enable/visibility rules in source,Resolve actual instance/full path; check ASE vs ACT; selection/enable flags; enum mapping; binding; units; round-trip,<AVL_ROOT>/AWS/appl/clients/excite/res/cpp/resctr.h,1486,Declaring class is context only; struct nesting and array indexing are not resolved
SCH-00412,Power Unit (excite),Results Control,Piston Results,Bool,,Schema declaration; instance not resolved,ExStandReportsCaseSets,b_pil,Candidate: GetIntValue(field),"Candidate: SetIntValue(field,value)",Schema field/label confirmed; full path + instance + runtime read not verified,Generic API available; this field write NOT verified,Not eligible for Apply; resolve path and test first,,Check type/enable/visibility rules in source,Resolve actual instance/full path; check ASE vs ACT; selection/enable flags; enum mapping; binding; units; round-trip,<AVL_ROOT>/AWS/appl/clients/excite/res/cpp/resctr.h,1487,Declaring class is context only; struct nesting and array indexing are not resolved
SCH-00413,Power Unit (excite),Results Control,Main Case Parameter,ASEenum,,Schema declaration; instance not resolved,ExStandReportsCaseSets,caseParm,Candidate: GetIntValue(field),"Candidate: SetIntValue(field,value)",Schema field/label confirmed; full path + instance + runtime read not verified,Generic API available; this field write NOT verified,Not eligible for Apply; resolve path and test first,,Check type/enable/visibility rules in source,Resolve actual instance/full path; check ASE vs ACT; selection/enable flags; enum mapping; binding; units; round-trip,<AVL_ROOT>/AWS/appl/clients/excite/res/cpp/resctr.h,1495,"Schema labels: ""Parameter1"" "
SCH-00414,Power Unit (excite),Results Control,Maximum Order (Order Tracking),int,,Schema declaration; instance not resolved,ExStandReportsCaseSets,maxOrd,Candidate: GetIntValue(field),"Candidate: SetIntValue(field,value)",Schema field/label confirmed; full path + instance + runtime read not verified,Generic API available; this field write NOT verified,Not eligible for Apply; resolve path and test first,,Check type/enable/visibility rules in source,Resolve actual instance/full path; check ASE vs ACT; selection/enable flags; enum mapping; binding; units; round-trip,<AVL_ROOT>/AWS/appl/clients/excite/res/cpp/resctr.h,1498,Declaring class is context only; struct nesting and array indexing are not resolved
SCH-00415,Power Unit (excite),Results Control,Peak Hold Sampling Increment,double,"frequency,Hz",Schema declaration; instance not resolved,ExStandReportsCaseSets,samplInc,"Candidate: GetDblValueU(field,unit)","Candidate: SetDblValueU(field,value,unit)",Schema field/label confirmed; full path + instance + runtime read not verified,Generic API available; this field write NOT verified,Not eligible for Apply; resolve path and test first,,Check type/enable/visibility rules in source,Resolve actual instance/full path; check ASE vs ACT; selection/enable flags; enum mapping; binding; units; round-trip,<AVL_ROOT>/AWS/appl/clients/excite/res/cpp/resctr.h,1500,Declaring class is context only; struct nesting and array indexing are not resolved
SCH-00416,Power Unit (excite),Results Control,Window Function,ASEenum,,Schema declaration; instance not resolved,ExSROperationSettings,win,Candidate: GetIntValue(field),"Candidate: SetIntValue(field,value)",Schema field/label confirmed; full path + instance + runtime read not verified,Generic API available; this field write NOT verified,Not eligible for Apply; resolve path and test first,,Check type/enable/visibility rules in source,Resolve actual instance/full path; check ASE vs ACT; selection/enable flags; enum mapping; binding; units; round-trip,<AVL_ROOT>/AWS/appl/clients/excite/res/cpp/resctr.h,1560,"Schema labels:  ""Hanning"", ""Welch"", ""none"""
SCH-00417,Power Unit (excite),Results Control,Order Increment,int,,Schema declaration; instance not resolved,ExSROperationSettings,order_inc,Candidate: GetIntValue(field),"Candidate: SetIntValue(field,value)",Schema field/label confirmed; full path + instance + runtime read not verified,Generic API available; this field write NOT verified,Not eligible for Apply; resolve path and test first,,Check type/enable/visibility rules in source,Resolve actual instance/full path; check ASE vs ACT; selection/enable flags; enum mapping; binding; units; round-trip,<AVL_ROOT>/AWS/appl/clients/excite/res/cpp/resctr.h,1562,Declaring class is context only; struct nesting and array indexing are not resolved
SCH-00418,Power Unit (excite),Results Control,Velocity,double,"velocity,m_s",Schema declaration; instance not resolved,ExSROperationSettings,velo_0,"Candidate: GetDblValueU(field,unit)","Candidate: SetDblValueU(field,value,unit)",Schema field/label confirmed; full path + instance + runtime read not verified,Generic API available; this field write NOT verified,Not eligible for Apply; resolve path and test first,,Check type/enable/visibility rules in source,Resolve actual instance/full path; check ASE vs ACT; selection/enable flags; enum mapping; binding; units; round-trip,<AVL_ROOT>/AWS/appl/clients/excite/res/cpp/resctr.h,1573,Declaring class is context only; struct nesting and array indexing are not resolved
SCH-00419,Power Unit (excite),Results Control,Acceleration,double,"acceleration,m_s2",Schema declaration; instance not resolved,ExSROperationSettings,acce_0,"Candidate: GetDblValueU(field,unit)","Candidate: SetDblValueU(field,value,unit)",Schema field/label confirmed; full path + instance + runtime read not verified,Generic API available; this field write NOT verified,Not eligible for Apply; resolve path and test first,,Check type/enable/visibility rules in source,Resolve actual instance/full path; check ASE vs ACT; selection/enable flags; enum mapping; binding; units; round-trip,<AVL_ROOT>/AWS/appl/clients/excite/res/cpp/resctr.h,1574,Declaring class is context only; struct nesting and array indexing are not resolved
SCH-00420,Power Unit (excite),Results Control,Velocity,double,"velocity,m_s",Schema declaration; instance not resolved,ExSROperationSettings,velo_1,"Candidate: GetDblValueU(field,unit)","Candidate: SetDblValueU(field,value,unit)",Schema field/label confirmed; full path + instance + runtime read not verified,Generic API available; this field write NOT verified,Not eligible for Apply; resolve path and test first,,Check type/enable/visibility rules in source,Resolve actual instance/full path; check ASE vs ACT; selection/enable flags; enum mapping; binding; units; round-trip,<AVL_ROOT>/AWS/appl/clients/excite/res/cpp/resctr.h,1580,Declaring class is context only; struct nesting and array indexing are not resolved
SCH-00421,Power Unit (excite),Results Control,Acceleration,double,"acceleration,m_s2",Schema declaration; instance not resolved,ExSROperationSettings,acce_1,"Candidate: GetDblValueU(field,unit)","Candidate: SetDblValueU(field,value,unit)",Schema field/label confirmed; full path + instance + runtime read not verified,Generic API available; this field write NOT verified,Not eligible for Apply; resolve path and test first,,Check type/enable/visibility rules in source,Resolve actual instance/full path; check ASE vs ACT; selection/enable flags; enum mapping; binding; units; round-trip,<AVL_ROOT>/AWS/appl/clients/excite/res/cpp/resctr.h,1581,Declaring class is context only; struct nesting and array indexing are not resolved
SCH-00422,Power Unit (excite),Results Control,Velocity,double,"velocity,m_s",Schema declaration; instance not resolved,ExSROperationSettings,velo_2,"Candidate: GetDblValueU(field,unit)","Candidate: SetDblValueU(field,value,unit)",Schema field/label confirmed; full path + instance + runtime read not verified,Generic API available; this field write NOT verified,Not eligible for Apply; resolve path and test first,,Check type/enable/visibility rules in source,Resolve actual instance/full path; check ASE vs ACT; selection/enable flags; enum mapping; binding; units; round-trip,<AVL_ROOT>/AWS/appl/clients/excite/res/cpp/resctr.h,1587,Declaring class is context only; struct nesting and array indexing are not resolved
SCH-00423,Power Unit (excite),Results Control,Acceleration,double,"acceleration,m_s2",Schema declaration; instance not resolved,ExSROperationSettings,acce_2,"Candidate: GetDblValueU(field,unit)","Candidate: SetDblValueU(field,value,unit)",Schema field/label confirmed; full path + instance + runtime read not verified,Generic API available; this field write NOT verified,Not eligible for Apply; resolve path and test first,,Check type/enable/visibility rules in source,Resolve actual instance/full path; check ASE vs ACT; selection/enable flags; enum mapping; binding; units; round-trip,<AVL_ROOT>/AWS/appl/clients/excite/res/cpp/resctr.h,1588,Declaring class is context only; struct nesting and array indexing are not resolved
SCH-00424,Power Unit (excite),Results Control,Standard Reports For Single Cases,Bool,,Schema declaration; instance not resolved,ExStandReports,crte_single,Candidate: GetIntValue(field),"Candidate: SetIntValue(field,value)",Schema field/label confirmed; full path + instance + runtime read not verified,Generic API available; this field write NOT verified,Not eligible for Apply; resolve path and test first,,Check type/enable/visibility rules in source,Resolve actual instance/full path; check ASE vs ACT; selection/enable flags; enum mapping; binding; units; round-trip,<AVL_ROOT>/AWS/appl/clients/excite/res/cpp/resctr.h,1629,Declaring class is context only; struct nesting and array indexing are not resolved
SCH-00425,Power Unit (excite),Results Control,Standard Reports For Case Sets,Bool,,Schema declaration; instance not resolved,ExStandReports,crte_sets,Candidate: GetIntValue(field),"Candidate: SetIntValue(field,value)",Schema field/label confirmed; full path + instance + runtime read not verified,Generic API available; this field write NOT verified,Not eligible for Apply; resolve path and test first,,Check type/enable/visibility rules in source,Resolve actual instance/full path; check ASE vs ACT; selection/enable flags; enum mapping; binding; units; round-trip,<AVL_ROOT>/AWS/appl/clients/excite/res/cpp/resctr.h,1630,Declaring class is context only; struct nesting and array indexing are not resolved
SCH-00426,Power Unit (excite),Results Control,File Name Prefix,char*,,Schema declaration; instance not resolved,ExStandReports,prefx,Candidate: GetStrValue(field),"Candidate: SetStrValue(field,value)",Schema field/label confirmed; full path + instance + runtime read not verified,Generic API available; this field write NOT verified,Not eligible for Apply; resolve path and test first,,Check type/enable/visibility rules in source,Resolve actual instance/full path; check ASE vs ACT; selection/enable flags; enum mapping; binding; units; round-trip,<AVL_ROOT>/AWS/appl/clients/excite/res/cpp/resctr.h,1632,Declaring class is context only; struct nesting and array indexing are not resolved
SCH-00427,Power Unit (excite),Results Control,Export Format,ASEenum,,Schema declaration; instance not resolved,ExStandReports,expFmt,Candidate: GetIntValue(field),"Candidate: SetIntValue(field,value)",Schema field/label confirmed; full path + instance + runtime read not verified,Generic API available; this field write NOT verified,Not eligible for Apply; resolve path and test first,,Check type/enable/visibility rules in source,Resolve actual instance/full path; check ASE vs ACT; selection/enable flags; enum mapping; binding; units; round-trip,<AVL_ROOT>/AWS/appl/clients/excite/res/cpp/resctr.h,1634,"Schema labels: ""IMPRESS Chart Files (*.pp2), only"", ""Postscript (*.ps)"""
SCH-00428,Power Unit (excite),Body,Speed,double,"ang_vel,rpm",Schema declaration; instance not resolved,NBodyAdvancedMove,speed,"Candidate: GetDblValueU(field,unit)","Candidate: SetDblValueU(field,value,unit)",Schema field/label confirmed; full path + instance + runtime read not verified,Generic API available; this field write NOT verified,Not eligible for Apply; resolve path and test first,,Check type/enable/visibility rules in source,Resolve actual instance/full path; check ASE vs ACT; selection/enable flags; enum mapping; binding; units; round-trip,<AVL_ROOT>/AWS/appl/clients/excite/res/cpp/body.h,118,Declaring class is context only; struct nesting and array indexing are not resolved
SCH-00429,Power Unit (excite),Body,Radius,double,"length,mm",Schema declaration; instance not resolved,NBodyAdvancedMove,rad,"Candidate: GetDblValueU(field,unit)","Candidate: SetDblValueU(field,value,unit)",Schema field/label confirmed; full path + instance + runtime read not verified,Generic API available; this field write NOT verified,Not eligible for Apply; resolve path and test first,,Check type/enable/visibility rules in source,Resolve actual instance/full path; check ASE vs ACT; selection/enable flags; enum mapping; binding; units; round-trip,<AVL_ROOT>/AWS/appl/clients/excite/res/cpp/body.h,119,Declaring class is context only; struct nesting and array indexing are not resolved
SCH-00430,Power Unit (excite),Body,Beta,double,"angle,deg",Schema declaration; instance not resolved,NBodyAdvancedMove,beta,"Candidate: GetDblValueU(field,unit)","Candidate: SetDblValueU(field,value,unit)",Schema field/label confirmed; full path + instance + runtime read not verified,Generic API available; this field write NOT verified,Not eligible for Apply; resolve path and test first,,Check type/enable/visibility rules in source,Resolve actual instance/full path; check ASE vs ACT; selection/enable flags; enum mapping; binding; units; round-trip,<AVL_ROOT>/AWS/appl/clients/excite/res/cpp/body.h,120,Declaring class is context only; struct nesting and array indexing are not resolved
SCH-00431,Power Unit (excite),Body,Axial Offset,double,"length,mm",Schema declaration; instance not resolved,NBodyAdvancedMove,axial_off,"Candidate: GetDblValueU(field,unit)","Candidate: SetDblValueU(field,value,unit)",Schema field/label confirmed; full path + instance + runtime read not verified,Generic API available; this field write NOT verified,Not eligible for Apply; resolve path and test first,,Check type/enable/visibility rules in source,Resolve actual instance/full path; check ASE vs ACT; selection/enable flags; enum mapping; binding; units; round-trip,<AVL_ROOT>/AWS/appl/clients/excite/res/cpp/body.h,121,Declaring class is context only; struct nesting and array indexing are not resolved
SCH-00432,Power Unit (excite),Body,Link Speed,Bool,,Schema declaration; instance not resolved,NBodyAdvancedMove,link_speed,Candidate: GetIntValue(field),"Candidate: SetIntValue(field,value)",Schema field/label confirmed; full path + instance + runtime read not verified,Generic API available; this field write NOT verified,Not eligible for Apply; resolve path and test first,,Check type/enable/visibility rules in source,Resolve actual instance/full path; check ASE vs ACT; selection/enable flags; enum mapping; binding; units; round-trip,<AVL_ROOT>/AWS/appl/clients/excite/res/cpp/body.h,124,Declaring class is context only; struct nesting and array indexing are not resolved
SCH-00433,Power Unit (excite),Body,Link to Stroke,Bool,,Schema declaration; instance not resolved,NBodyAdvancedMove,link_rad,Candidate: GetIntValue(field),"Candidate: SetIntValue(field,value)",Schema field/label confirmed; full path + instance + runtime read not verified,Generic API available; this field write NOT verified,Not eligible for Apply; resolve path and test first,,Check type/enable/visibility rules in source,Resolve actual instance/full path; check ASE vs ACT; selection/enable flags; enum mapping; binding; units; round-trip,<AVL_ROOT>/AWS/appl/clients/excite/res/cpp/body.h,125,Declaring class is context only; struct nesting and array indexing are not resolved
SCH-00434,Power Unit (excite),Body,Link to beta,Bool,,Schema declaration; instance not resolved,NBodyAdvancedMove,link_beta,Candidate: GetIntValue(field),"Candidate: SetIntValue(field,value)",Schema field/label confirmed; full path + instance + runtime read not verified,Generic API available; this field write NOT verified,Not eligible for Apply; resolve path and test first,,Check type/enable/visibility rules in source,Resolve actual instance/full path; check ASE vs ACT; selection/enable flags; enum mapping; binding; units; round-trip,<AVL_ROOT>/AWS/appl/clients/excite/res/cpp/body.h,126,Declaring class is context only; struct nesting and array indexing are not resolved
SCH-00435,Power Unit (excite),Body,Link to axpos,Bool,,Schema declaration; instance not resolved,NBodyAdvancedMove,link_axial_off,Candidate: GetIntValue(field),"Candidate: SetIntValue(field,value)",Schema field/label confirmed; full path + instance + runtime read not verified,Generic API available; this field write NOT verified,Not eligible for Apply; resolve path and test first,,Check type/enable/visibility rules in source,Resolve actual instance/full path; check ASE vs ACT; selection/enable flags; enum mapping; binding; units; round-trip,<AVL_ROOT>/AWS/appl/clients/excite/res/cpp/body.h,127,Declaring class is context only; struct nesting and array indexing are not resolved
SCH-00436,Power Unit (excite),Body,Cyl ID,int,,Schema declaration; instance not resolved,NBodyAdvancedMove,cyl_id,Candidate: GetIntValue(field),"Candidate: SetIntValue(field,value)",Schema field/label confirmed; full path + instance + runtime read not verified,Generic API available; this field write NOT verified,Not eligible for Apply; resolve path and test first,,Check type/enable/visibility rules in source,Resolve actual instance/full path; check ASE vs ACT; selection/enable flags; enum mapping; binding; units; round-trip,<AVL_ROOT>/AWS/appl/clients/excite/res/cpp/body.h,130,Declaring class is context only; struct nesting and array indexing are not resolved
SCH-00437,Power Unit (excite),Body,Speed,double,"ang_vel,rpm",Schema declaration; instance not resolved,NBodyAdvancedMove,speed,"Candidate: GetDblValueU(field,unit)","Candidate: SetDblValueU(field,value,unit)",Schema field/label confirmed; full path + instance + runtime read not verified,Generic API available; this field write NOT verified,Not eligible for Apply; resolve path and test first,,Check type/enable/visibility rules in source,Resolve actual instance/full path; check ASE vs ACT; selection/enable flags; enum mapping; binding; units; round-trip,<AVL_ROOT>/AWS/appl/clients/excite/res/cpp/body.h,134,Declaring class is context only; struct nesting and array indexing are not resolved
SCH-00438,Power Unit (excite),Body,Link Speed,Bool,,Schema declaration; instance not resolved,NBodyAdvancedMove,link_speed,Candidate: GetIntValue(field),"Candidate: SetIntValue(field,value)",Schema field/label confirmed; full path + instance + runtime read not verified,Generic API available; this field write NOT verified,Not eligible for Apply; resolve path and test first,,Check type/enable/visibility rules in source,Resolve actual instance/full path; check ASE vs ACT; selection/enable flags; enum mapping; binding; units; round-trip,<AVL_ROOT>/AWS/appl/clients/excite/res/cpp/body.h,136,Declaring class is context only; struct nesting and array indexing are not resolved
SCH-00439,Power Unit (excite),Body,Speed,double,"ang_vel,rpm",Schema declaration; instance not resolved,NBodyAdvancedMove,speed,"Candidate: GetDblValueU(field,unit)","Candidate: SetDblValueU(field,value,unit)",Schema field/label confirmed; full path + instance + runtime read not verified,Generic API available; this field write NOT verified,Not eligible for Apply; resolve path and test first,,Check type/enable/visibility rules in source,Resolve actual instance/full path; check ASE vs ACT; selection/enable flags; enum mapping; binding; units; round-trip,<AVL_ROOT>/AWS/appl/clients/excite/res/cpp/body.h,141,Declaring class is context only; struct nesting and array indexing are not resolved
SCH-00440,Power Unit (excite),Body,Link Speed,Bool,,Schema declaration; instance not resolved,NBodyAdvancedMove,link_speed,Candidate: GetIntValue(field),"Candidate: SetIntValue(field,value)",Schema field/label confirmed; full path + instance + runtime read not verified,Generic API available; this field write NOT verified,Not eligible for Apply; resolve path and test first,,Check type/enable/visibility rules in source,Resolve actual instance/full path; check ASE vs ACT; selection/enable flags; enum mapping; binding; units; round-trip,<AVL_ROOT>/AWS/appl/clients/excite/res/cpp/body.h,143,Declaring class is context only; struct nesting and array indexing are not resolved
SCH-00441,Power Unit (excite),Body,Lambda,double,"dimensionless,no",Schema declaration; instance not resolved,NBodyAdvancedMove,lambda,"Candidate: GetDblValueU(field,unit)","Candidate: SetDblValueU(field,value,unit)",Schema field/label confirmed; full path + instance + runtime read not verified,Generic API available; this field write NOT verified,Not eligible for Apply; resolve path and test first,,Check type/enable/visibility rules in source,Resolve actual instance/full path; check ASE vs ACT; selection/enable flags; enum mapping; binding; units; round-trip,<AVL_ROOT>/AWS/appl/clients/excite/res/cpp/body.h,145,Declaring class is context only; struct nesting and array indexing are not resolved
SCH-00442,Power Unit (excite),Body,Link to Stroke/Conrod Length,Bool,,Schema declaration; instance not resolved,NBodyAdvancedMove,link_lambda,Candidate: GetIntValue(field),"Candidate: SetIntValue(field,value)",Schema field/label confirmed; full path + instance + runtime read not verified,Generic API available; this field write NOT verified,Not eligible for Apply; resolve path and test first,,Check type/enable/visibility rules in source,Resolve actual instance/full path; check ASE vs ACT; selection/enable flags; enum mapping; binding; units; round-trip,<AVL_ROOT>/AWS/appl/clients/excite/res/cpp/body.h,147,Declaring class is context only; struct nesting and array indexing are not resolved
SCH-00443,Power Unit (excite),Body,Type,ASEenum,,Schema declaration; instance not resolved,NBodyDefine,type,Candidate: GetIntValue(field),"Candidate: SetIntValue(field,value)",Schema field/label confirmed; full path + instance + runtime read not verified,Generic API available; this field write NOT verified,Not eligible for Apply; resolve path and test first,,<visibility_change>,Resolve actual instance/full path; check ASE vs ACT; selection/enable flags; enum mapping; binding; units; round-trip,<AVL_ROOT>/AWS/appl/clients/excite/res/cpp/body.h,225,"Schema labels: ""empty"""
SCH-00444,Power Unit (excite),Body,Global Motion,char*,,Schema declaration; instance not resolved,NBodyDefine,line__,Candidate: GetStrValue(field),"Candidate: SetStrValue(field,value)",Schema field/label confirmed; full path + instance + runtime read not verified,Generic API available; this field write NOT verified,Not eligible for Apply; resolve path and test first,,"<visibility=/1_SolverMode,class-int,0>",Resolve actual instance/full path; check ASE vs ACT; selection/enable flags; enum mapping; binding; units; round-trip,<AVL_ROOT>/AWS/appl/clients/excite/res/cpp/body.h,239,Declaring class is context only; struct nesting and array indexing are not resolved
SCH-00445,Power Unit (excite),Body,Reference Coordinate System,ASEenum,,Schema declaration; instance not resolved,NBodyDefine,_csys_,Candidate: GetIntValue(field),"Candidate: SetIntValue(field,value)",Schema field/label confirmed; full path + instance + runtime read not verified,Generic API available; this field write NOT verified,Not eligible for Apply; resolve path and test first,,Check type/enable/visibility rules in source,Resolve actual instance/full path; check ASE vs ACT; selection/enable flags; enum mapping; binding; units; round-trip,<AVL_ROOT>/AWS/appl/clients/excite/res/cpp/body.h,241,"Schema labels: ""-"""
SCH-00446,Power Unit (excite),Body,FE Model Directory,ASEenum,,Schema declaration; instance not resolved,NBodyDefine,FEModel,Candidate: GetIntValue(field),"Candidate: SetIntValue(field,value)",Schema field/label confirmed; full path + instance + runtime read not verified,Generic API available; this field write NOT verified,Not eligible for Apply; resolve path and test first,,Check type/enable/visibility rules in source,Resolve actual instance/full path; check ASE vs ACT; selection/enable flags; enum mapping; binding; units; round-trip,<AVL_ROOT>/AWS/appl/clients/excite/res/cpp/body.h,248,"Schema labels: ""empty"""
SCH-00447,Power Unit (excite),Body,Condensed Model,ASEenum,,Schema declaration; instance not resolved,NBodyDefine,condModel,Candidate: GetIntValue(field),"Candidate: SetIntValue(field,value)",Schema field/label confirmed; full path + instance + runtime read not verified,Generic API available; this field write NOT verified,Not eligible for Apply; resolve path and test first,,Check type/enable/visibility rules in source,Resolve actual instance/full path; check ASE vs ACT; selection/enable flags; enum mapping; binding; units; round-trip,<AVL_ROOT>/AWS/appl/clients/excite/res/cpp/body.h,250,"Schema labels: ""empty"""
SCH-00448,Power Unit (excite),Body,3D Model,ASEenum,,Schema declaration; instance not resolved,NBodyDefine,the3DModel,Candidate: GetIntValue(field),"Candidate: SetIntValue(field,value)",Schema field/label confirmed; full path + instance + runtime read not verified,Generic API available; this field write NOT verified,Not eligible for Apply; resolve path and test first,,"<visibility=the3DModel,value-int,0>",Resolve actual instance/full path; check ASE vs ACT; selection/enable flags; enum mapping; binding; units; round-trip,<AVL_ROOT>/AWS/appl/clients/excite/res/cpp/body.h,253,"Schema labels: ""Select a File..."""
SCH-00449,Power Unit (excite),Body,3D File,char*,,Schema declaration; instance not resolved,NBodyDefine,file3D,Candidate: GetStrValue(field),"Candidate: SetStrValue(field,value)",Schema field/label confirmed; full path + instance + runtime read not verified,Generic API available; this field write NOT verified,Not eligible for Apply; resolve path and test first,,Check type/enable/visibility rules in source,Resolve actual instance/full path; check ASE vs ACT; selection/enable flags; enum mapping; binding; units; round-trip,<AVL_ROOT>/AWS/appl/clients/excite/res/cpp/body.h,256,Declaring class is context only; struct nesting and array indexing are not resolved
SCH-00450,Power Unit (excite),Body,Use Shaft Modeler,Bool,,Schema declaration; instance not resolved,NBodyDefine,0_value,Candidate: GetIntValue(field),"Candidate: SetIntValue(field,value)",Schema field/label confirmed; full path + instance + runtime read not verified,Generic API available; this field write NOT verified,Not eligible for Apply; resolve path and test first,,<visibility_change>,Resolve actual instance/full path; check ASE vs ACT; selection/enable flags; enum mapping; binding; units; round-trip,<AVL_ROOT>/AWS/appl/clients/excite/res/cpp/body.h,280,Declaring class is context only; struct nesting and array indexing are not resolved
SCH-00451,Power Unit (excite),Body,Define in Advanced,Bool,,Schema declaration; instance not resolved,NBodyDefine,in_Advanced,Candidate: GetIntValue(field),"Candidate: SetIntValue(field,value)",Schema field/label confirmed; full path + instance + runtime read not verified,Generic API available; this field write NOT verified,Not eligible for Apply; resolve path and test first,,<visibility_change>,Resolve actual instance/full path; check ASE vs ACT; selection/enable flags; enum mapping; binding; units; round-trip,<AVL_ROOT>/AWS/appl/clients/excite/res/cpp/body.h,292,Declaring class is context only; struct nesting and array indexing are not resolved
SCH-00452,Power Unit (excite),Body,Frequency f1,double,"frequency,Hz",Schema declaration; instance not resolved,NBodyDefine,f1,"Candidate: GetDblValueU(field,unit)","Candidate: SetDblValueU(field,value,unit)",Schema field/label confirmed; full path + instance + runtime read not verified,Generic API available; this field write NOT verified,Not eligible for Apply; resolve path and test first,,Check type/enable/visibility rules in source,Resolve actual instance/full path; check ASE vs ACT; selection/enable flags; enum mapping; binding; units; round-trip,<AVL_ROOT>/AWS/appl/clients/excite/res/cpp/body.h,298,Declaring class is context only; struct nesting and array indexing are not resolved
SCH-00453,Power Unit (excite),Body,Damping Ratio at f1,double,"dimensionless,no",Schema declaration; instance not resolved,NBodyDefine,d1,"Candidate: GetDblValueU(field,unit)","Candidate: SetDblValueU(field,value,unit)",Schema field/label confirmed; full path + instance + runtime read not verified,Generic API available; this field write NOT verified,Not eligible for Apply; resolve path and test first,,Check type/enable/visibility rules in source,Resolve actual instance/full path; check ASE vs ACT; selection/enable flags; enum mapping; binding; units; round-trip,<AVL_ROOT>/AWS/appl/clients/excite/res/cpp/body.h,299,Declaring class is context only; struct nesting and array indexing are not resolved
SCH-00454,Power Unit (excite),Body,Frequency f2,double,"frequency,Hz",Schema declaration; instance not resolved,NBodyDefine,f2,"Candidate: GetDblValueU(field,unit)","Candidate: SetDblValueU(field,value,unit)",Schema field/label confirmed; full path + instance + runtime read not verified,Generic API available; this field write NOT verified,Not eligible for Apply; resolve path and test first,,Check type/enable/visibility rules in source,Resolve actual instance/full path; check ASE vs ACT; selection/enable flags; enum mapping; binding; units; round-trip,<AVL_ROOT>/AWS/appl/clients/excite/res/cpp/body.h,301,Declaring class is context only; struct nesting and array indexing are not resolved
SCH-00455,Power Unit (excite),Body,Damping Ratio at f2,double,"dimensionless,no",Schema declaration; instance not resolved,NBodyDefine,d2,"Candidate: GetDblValueU(field,unit)","Candidate: SetDblValueU(field,value,unit)",Schema field/label confirmed; full path + instance + runtime read not verified,Generic API available; this field write NOT verified,Not eligible for Apply; resolve path and test first,,Check type/enable/visibility rules in source,Resolve actual instance/full path; check ASE vs ACT; selection/enable flags; enum mapping; binding; units; round-trip,<AVL_ROOT>/AWS/appl/clients/excite/res/cpp/body.h,302,Declaring class is context only; struct nesting and array indexing are not resolved
SCH-00456,Power Unit (excite),Body,Mass,double,"mass,kg",Schema declaration; instance not resolved,NBodyDefine,mass,"Candidate: GetDblValueU(field,unit)","Candidate: SetDblValueU(field,value,unit)",Schema field/label confirmed; full path + instance + runtime read not verified,Generic API available; this field write NOT verified,Not eligible for Apply; resolve path and test first,,Check type/enable/visibility rules in source,Resolve actual instance/full path; check ASE vs ACT; selection/enable flags; enum mapping; binding; units; round-trip,<AVL_ROOT>/AWS/appl/clients/excite/res/cpp/body.h,309,Declaring class is context only; struct nesting and array indexing are not resolved
SCH-00457,Power Unit (excite),Body,Load Data,double**,,Schema declaration; instance not resolved,NBodyInfoSheetLoad,data,"Candidate: WSClass.GetWSMatrix(field,0)",Candidate: WSMatrix typed setters + ReleaseHandle,Schema field/label confirmed; full path + instance + runtime read not verified,Generic API available; this field write NOT verified,Not eligible for Apply; resolve path and test first,,Check type/enable/visibility rules in source,Resolve actual instance/full path; check ASE vs ACT; selection/enable flags; enum mapping; binding; units; round-trip,<AVL_ROOT>/AWS/appl/clients/excite/res/cpp/body.h,341,Declaring class is context only; struct nesting and array indexing are not resolved
SCH-00458,Power Unit (excite),Body,Node Set,ASEenum,,Schema declaration; instance not resolved,NBodyResultsAddSet,sets,Candidate: GetIntValue(field),"Candidate: SetIntValue(field,value)",Schema field/label confirmed; full path + instance + runtime read not verified,Generic API available; this field write NOT verified,Not eligible for Apply; resolve path and test first,,Check type/enable/visibility rules in source,Resolve actual instance/full path; check ASE vs ACT; selection/enable flags; enum mapping; binding; units; round-trip,<AVL_ROOT>/AWS/appl/clients/excite/res/cpp/body.h,391,"Schema labels: ""AllNodes"",""AllLoadedNodes"",""AllConnectedNodes"""
SCH-00459,Power Unit (excite),Body,Node Results in Absolute Coordinate System (ABS),Bool,,Schema declaration; instance not resolved,NBodyResultsAddSet,abs,Candidate: GetIntValue(field),"Candidate: SetIntValue(field,value)",Schema field/label confirmed; full path + instance + runtime read not verified,Generic API available; this field write NOT verified,Not eligible for Apply; resolve path and test first,,Check type/enable/visibility rules in source,Resolve actual instance/full path; check ASE vs ACT; selection/enable flags; enum mapping; binding; units; round-trip,<AVL_ROOT>/AWS/appl/clients/excite/res/cpp/body.h,394,Declaring class is context only; struct nesting and array indexing are not resolved
SCH-00460,Power Unit (excite),Body,Node Results in Reference Coordinate System (REF),Bool,,Schema declaration; instance not resolved,NBodyResultsAddSet,ref,Candidate: GetIntValue(field),"Candidate: SetIntValue(field,value)",Schema field/label confirmed; full path + instance + runtime read not verified,Generic API available; this field write NOT verified,Not eligible for Apply; resolve path and test first,,Check type/enable/visibility rules in source,Resolve actual instance/full path; check ASE vs ACT; selection/enable flags; enum mapping; binding; units; round-trip,<AVL_ROOT>/AWS/appl/clients/excite/res/cpp/body.h,395,Declaring class is context only; struct nesting and array indexing are not resolved
SCH-00461,Power Unit (excite),Body,Node Results in Body Coordinate System (REL),Bool,,Schema declaration; instance not resolved,NBodyResultsAddSet,rel,Candidate: GetIntValue(field),"Candidate: SetIntValue(field,value)",Schema field/label confirmed; full path + instance + runtime read not verified,Generic API available; this field write NOT verified,Not eligible for Apply; resolve path and test first,,Check type/enable/visibility rules in source,Resolve actual instance/full path; check ASE vs ACT; selection/enable flags; enum mapping; binding; units; round-trip,<AVL_ROOT>/AWS/appl/clients/excite/res/cpp/body.h,396,Declaring class is context only; struct nesting and array indexing are not resolved
SCH-00462,Power Unit (excite),Body,Node Results in,Bool,,Schema declaration; instance not resolved,NBodyResultsAddSet,ucs,Candidate: GetIntValue(field),"Candidate: SetIntValue(field,value)",Schema field/label confirmed; full path + instance + runtime read not verified,Generic API available; this field write NOT verified,Not eligible for Apply; resolve path and test first,,<visibility_change>,Resolve actual instance/full path; check ASE vs ACT; selection/enable flags; enum mapping; binding; units; round-trip,<AVL_ROOT>/AWS/appl/clients/excite/res/cpp/body.h,397,Declaring class is context only; struct nesting and array indexing are not resolved
SCH-00463,Power Unit (excite),Body,Coordinate System,ASEenum,,Schema declaration; instance not resolved,NBodyResultsAddSet,_csys_,Candidate: GetIntValue(field),"Candidate: SetIntValue(field,value)",Schema field/label confirmed; full path + instance + runtime read not verified,Generic API available; this field write NOT verified,Not eligible for Apply; resolve path and test first,,Check type/enable/visibility rules in source,Resolve actual instance/full path; check ASE vs ACT; selection/enable flags; enum mapping; binding; units; round-trip,<AVL_ROOT>/AWS/appl/clients/excite/res/cpp/body.h,399,"Schema labels: ""-"""
SCH-00464,Power Unit (excite),Body,Internal Forces at Node,Bool,,Schema declaration; instance not resolved,NBodyResultsAddSet,fint,Candidate: GetIntValue(field),"Candidate: SetIntValue(field,value)",Schema field/label confirmed; full path + instance + runtime read not verified,Generic API available; this field write NOT verified,Not eligible for Apply; resolve path and test first,,Check type/enable/visibility rules in source,Resolve actual instance/full path; check ASE vs ACT; selection/enable flags; enum mapping; binding; units; round-trip,<AVL_ROOT>/AWS/appl/clients/excite/res/cpp/body.h,401,Declaring class is context only; struct nesting and array indexing are not resolved
SCH-00465,Power Unit (excite),Body,Global Motion,Bool,,Schema declaration; instance not resolved,NBodyResults,globalRes,Candidate: GetIntValue(field),"Candidate: SetIntValue(field,value)",Schema field/label confirmed; full path + instance + runtime read not verified,Generic API available; this field write NOT verified,Not eligible for Apply; resolve path and test first,,Check type/enable/visibility rules in source,Resolve actual instance/full path; check ASE vs ACT; selection/enable flags; enum mapping; binding; units; round-trip,<AVL_ROOT>/AWS/appl/clients/excite/res/cpp/body.h,413,Declaring class is context only; struct nesting and array indexing are not resolved
SCH-00466,Power Unit (excite),Body,CSYS [Node DOFList],char**,,Schema declaration; instance not resolved,NBodyResults,data,"Candidate: WSClass.GetWSMatrix(field,0)",Candidate: WSMatrix typed setters + ReleaseHandle,Schema field/label confirmed; full path + instance + runtime read not verified,Generic API available; this field write NOT verified,Not eligible for Apply; resolve path and test first,,Check type/enable/visibility rules in source,Resolve actual instance/full path; check ASE vs ACT; selection/enable flags; enum mapping; binding; units; round-trip,<AVL_ROOT>/AWS/appl/clients/excite/res/cpp/body.h,417,Declaring class is context only; struct nesting and array indexing are not resolved
SCH-00467,Power Unit (excite),Body,Enable Monitoring,Bool,,Schema declaration; instance not resolved,NBodyMonitoring,onoff,Candidate: GetIntValue(field),"Candidate: SetIntValue(field,value)",Schema field/label confirmed; full path + instance + runtime read not verified,Generic API available; this field write NOT verified,Not eligible for Apply; resolve path and test first,,Check type/enable/visibility rules in source,Resolve actual instance/full path; check ASE vs ACT; selection/enable flags; enum mapping; binding; units; round-trip,<AVL_ROOT>/AWS/appl/clients/excite/res/cpp/body.h,434,Declaring class is context only; struct nesting and array indexing are not resolved
SCH-00468,Power Unit (excite),Body,Global Motion,Bool,,Schema declaration; instance not resolved,NBodyMonitoring,globalRes,Candidate: GetIntValue(field),"Candidate: SetIntValue(field,value)",Schema field/label confirmed; full path + instance + runtime read not verified,Generic API available; this field write NOT verified,Not eligible for Apply; resolve path and test first,,Check type/enable/visibility rules in source,Resolve actual instance/full path; check ASE vs ACT; selection/enable flags; enum mapping; binding; units; round-trip,<AVL_ROOT>/AWS/appl/clients/excite/res/cpp/body.h,437,Declaring class is context only; struct nesting and array indexing are not resolved
SCH-00469,Power Unit (excite),Body,CSYS [Node DOFList],char**,,Schema declaration; instance not resolved,NBodyMonitoring,data,"Candidate: WSClass.GetWSMatrix(field,0)",Candidate: WSMatrix typed setters + ReleaseHandle,Schema field/label confirmed; full path + instance + runtime read not verified,Generic API available; this field write NOT verified,Not eligible for Apply; resolve path and test first,,Check type/enable/visibility rules in source,Resolve actual instance/full path; check ASE vs ACT; selection/enable flags; enum mapping; binding; units; round-trip,<AVL_ROOT>/AWS/appl/clients/excite/res/cpp/body.h,440,Declaring class is context only; struct nesting and array indexing are not resolved
SCH-00470,Power Unit (excite),Body,Link to Crank Train Globals,Bool,,Schema declaration; instance not resolved,NBodyInCond,link,Candidate: GetIntValue(field),"Candidate: SetIntValue(field,value)",Schema field/label confirmed; full path + instance + runtime read not verified,Generic API available; this field write NOT verified,Not eligible for Apply; resolve path and test first,,<visibility_change>,Resolve actual instance/full path; check ASE vs ACT; selection/enable flags; enum mapping; binding; units; round-trip,<AVL_ROOT>/AWS/appl/clients/excite/res/cpp/body.h,492,Declaring class is context only; struct nesting and array indexing are not resolved
SCH-00471,Power Unit (excite),Body,Initial Conditions of,ASEenum,,Schema declaration; instance not resolved,NBodyInCond,id,Candidate: GetIntValue(field),"Candidate: SetIntValue(field,value)",Schema field/label confirmed; full path + instance + runtime read not verified,Generic API available; this field write NOT verified,Not eligible for Apply; resolve path and test first,,Check type/enable/visibility rules in source,Resolve actual instance/full path; check ASE vs ACT; selection/enable flags; enum mapping; binding; units; round-trip,<AVL_ROOT>/AWS/appl/clients/excite/res/cpp/body.h,497,"Schema labels: ""1"""
SCH-00472,Power Unit (excite),Body,Offset,double,"length,mm,mm",Schema declaration; instance not resolved,NBodyInCond,alignOffset,"Candidate: GetDblValueU(field,unit)","Candidate: SetDblValueU(field,value,unit)",Schema field/label confirmed; full path + instance + runtime read not verified,Generic API available; this field write NOT verified,Not eligible for Apply; resolve path and test first,,Check type/enable/visibility rules in source,Resolve actual instance/full path; check ASE vs ACT; selection/enable flags; enum mapping; binding; units; round-trip,<AVL_ROOT>/AWS/appl/clients/excite/res/cpp/body.h,506,Declaring class is context only; struct nesting and array indexing are not resolved
SCH-00473,Power Unit (excite),Body,Direction of Camshaft Rotation,ASEenum,,Schema declaration; instance not resolved,NBodyInCond,direction,Candidate: GetIntValue(field),"Candidate: SetIntValue(field,value)",Schema field/label confirmed; full path + instance + runtime read not verified,Generic API available; this field write NOT verified,Not eligible for Apply; resolve path and test first,,Check type/enable/visibility rules in source,Resolve actual instance/full path; check ASE vs ACT; selection/enable flags; enum mapping; binding; units; round-trip,<AVL_ROOT>/AWS/appl/clients/excite/res/cpp/body.h,513,"Schema labels: ""Same as Crankshaft"",""Opposite to Crankshaft"""
SCH-00474,Power Unit (excite),Body,Transmission Ratio (Om_BalancerShaft/Om_Crankshaft),double,,Schema declaration; instance not resolved,NBodyInCond,trRatio,"Candidate: GetDblValueU(field,unit)","Candidate: SetDblValueU(field,value,unit)",Schema field/label confirmed; full path + instance + runtime read not verified,Generic API available; this field write NOT verified,Not eligible for Apply; resolve path and test first,,Check type/enable/visibility rules in source,Resolve actual instance/full path; check ASE vs ACT; selection/enable flags; enum mapping; binding; units; round-trip,<AVL_ROOT>/AWS/appl/clients/excite/res/cpp/body.h,520,Declaring class is context only; struct nesting and array indexing are not resolved
SCH-00475,Power Unit (excite),Body,Coordinate System Used for Angular Velocity and Acceleration,ASEenum,,Schema declaration; instance not resolved,NBodyInCond,csys,Candidate: GetIntValue(field),"Candidate: SetIntValue(field,value)",Schema field/label confirmed; full path + instance + runtime read not verified,Generic API available; this field write NOT verified,Not eligible for Apply; resolve path and test first,,Check type/enable/visibility rules in source,Resolve actual instance/full path; check ASE vs ACT; selection/enable flags; enum mapping; binding; units; round-trip,<AVL_ROOT>/AWS/appl/clients/excite/res/cpp/body.h,526,"Schema labels: ""Absolute CS (Inertial)"", ""Relative CS (Body-fixed)"""
SCH-00476,Power Unit (excite),Body,Diameter,double,"length,mm",Schema declaration; instance not resolved,ExcBodyGlyphSphere,d,"Candidate: GetDblValueU(field,unit)","Candidate: SetDblValueU(field,value,unit)",Schema field/label confirmed; full path + instance + runtime read not verified,Generic API available; this field write NOT verified,Not eligible for Apply; resolve path and test first,,Check type/enable/visibility rules in source,Resolve actual instance/full path; check ASE vs ACT; selection/enable flags; enum mapping; binding; units; round-trip,<AVL_ROOT>/AWS/appl/clients/excite/res/cpp/body.h,563,Declaring class is context only; struct nesting and array indexing are not resolved
SCH-00477,Power Unit (excite),Body,Diameter,double,"length,mm",Schema declaration; instance not resolved,ExcBodyGlyphCylinder,d,"Candidate: GetDblValueU(field,unit)","Candidate: SetDblValueU(field,value,unit)",Schema field/label confirmed; full path + instance + runtime read not verified,Generic API available; this field write NOT verified,Not eligible for Apply; resolve path and test first,,Check type/enable/visibility rules in source,Resolve actual instance/full path; check ASE vs ACT; selection/enable flags; enum mapping; binding; units; round-trip,<AVL_ROOT>/AWS/appl/clients/excite/res/cpp/body.h,576,Declaring class is context only; struct nesting and array indexing are not resolved
SCH-00478,Power Unit (excite),Body,Length,double,"length,mm",Schema declaration; instance not resolved,ExcBodyGlyphCylinder,l,"Candidate: GetDblValueU(field,unit)","Candidate: SetDblValueU(field,value,unit)",Schema field/label confirmed; full path + instance + runtime read not verified,Generic API available; this field write NOT verified,Not eligible for Apply; resolve path and test first,,Check type/enable/visibility rules in source,Resolve actual instance/full path; check ASE vs ACT; selection/enable flags; enum mapping; binding; units; round-trip,<AVL_ROOT>/AWS/appl/clients/excite/res/cpp/body.h,577,Declaring class is context only; struct nesting and array indexing are not resolved
SCH-00479,Power Unit (excite),Body,Axis,ASEenum,,Schema declaration; instance not resolved,ExcBodyGlyphCylinder,axis,Candidate: GetIntValue(field),"Candidate: SetIntValue(field,value)",Schema field/label confirmed; full path + instance + runtime read not verified,Generic API available; this field write NOT verified,Not eligible for Apply; resolve path and test first,,Check type/enable/visibility rules in source,Resolve actual instance/full path; check ASE vs ACT; selection/enable flags; enum mapping; binding; units; round-trip,<AVL_ROOT>/AWS/appl/clients/excite/res/cpp/body.h,578,"Schema labels: ""e1"",""e2"",""e3"""
SCH-00480,Power Unit (excite),Body,Definition type,ASEenum,,Schema declaration; instance not resolved,VModalDamp,defType,Candidate: GetIntValue(field),"Candidate: SetIntValue(field,value)",Schema field/label confirmed; full path + instance + runtime read not verified,Generic API available; this field write NOT verified,Not eligible for Apply; resolve path and test first,,<visibility_change>,Resolve actual instance/full path; check ASE vs ACT; selection/enable flags; enum mapping; binding; units; round-trip,<AVL_ROOT>/AWS/appl/clients/excite/res/cpp/body.h,603,"Schema labels: ""Function"",""Eigenmode wise"""
SCH-00481,Power Unit (excite),Body,File Name,char*,,Schema declaration; instance not resolved,VModalDamp,file,Candidate: GetStrValue(field),"Candidate: SetStrValue(field,value)",Schema field/label confirmed; full path + instance + runtime read not verified,Generic API available; this field write NOT verified,Not eligible for Apply; resolve path and test first,,Check type/enable/visibility rules in source,Resolve actual instance/full path; check ASE vs ACT; selection/enable flags; enum mapping; binding; units; round-trip,<AVL_ROOT>/AWS/appl/clients/excite/res/cpp/body.h,623,Declaring class is context only; struct nesting and array indexing are not resolved
SCH-00482,Power Unit (excite),Body,Automatic Reload,Bool,,Schema declaration; instance not resolved,VModalDamp,aut_rel,Candidate: GetIntValue(field),"Candidate: SetIntValue(field,value)",Schema field/label confirmed; full path + instance + runtime read not verified,Generic API available; this field write NOT verified,Not eligible for Apply; resolve path and test first,,Check type/enable/visibility rules in source,Resolve actual instance/full path; check ASE vs ACT; selection/enable flags; enum mapping; binding; units; round-trip,<AVL_ROOT>/AWS/appl/clients/excite/res/cpp/body.h,625,Declaring class is context only; struct nesting and array indexing are not resolved
SCH-00483,Power Unit (excite),Body,Use Data File Path Parameter,Bool,,Schema declaration; instance not resolved,VModalDamp,def_pat,Candidate: GetIntValue(field),"Candidate: SetIntValue(field,value)",Schema field/label confirmed; full path + instance + runtime read not verified,Generic API available; this field write NOT verified,Not eligible for Apply; resolve path and test first,,Check type/enable/visibility rules in source,Resolve actual instance/full path; check ASE vs ACT; selection/enable flags; enum mapping; binding; units; round-trip,<AVL_ROOT>/AWS/appl/clients/excite/res/cpp/body.h,628,Declaring class is context only; struct nesting and array indexing are not resolved
SCH-00484,Power Unit (excite),Body,Lower bound,ASEenum,,Schema declaration; instance not resolved,VModalDamp,lbDef,Candidate: GetIntValue(field),"Candidate: SetIntValue(field,value)",Schema field/label confirmed; full path + instance + runtime read not verified,Generic API available; this field write NOT verified,Not eligible for Apply; resolve path and test first,,<visibility_change>,Resolve actual instance/full path; check ASE vs ACT; selection/enable flags; enum mapping; binding; units; round-trip,<AVL_ROOT>/AWS/appl/clients/excite/res/cpp/body.h,634,"Schema labels: ""as Frequency"",""as Eigenmode ID"""
SCH-00485,Power Unit (excite),Body,Upper bound,ASEenum,,Schema declaration; instance not resolved,VModalDamp,ubDef,Candidate: GetIntValue(field),"Candidate: SetIntValue(field,value)",Schema field/label confirmed; full path + instance + runtime read not verified,Generic API available; this field write NOT verified,Not eligible for Apply; resolve path and test first,,<visibility_change>,Resolve actual instance/full path; check ASE vs ACT; selection/enable flags; enum mapping; binding; units; round-trip,<AVL_ROOT>/AWS/appl/clients/excite/res/cpp/body.h,644,"Schema labels: ""as Frequency"",""as Eigenmode ID"""
SCH-00486,Power Unit (excite),Body,Damping below lower bound,double,"dimensionless,no",Schema declaration; instance not resolved,VModalDamp,dblb,"Candidate: GetDblValueU(field,unit)","Candidate: SetDblValueU(field,value,unit)",Schema field/label confirmed; full path + instance + runtime read not verified,Generic API available; this field write NOT verified,Not eligible for Apply; resolve path and test first,,Check type/enable/visibility rules in source,Resolve actual instance/full path; check ASE vs ACT; selection/enable flags; enum mapping; binding; units; round-trip,<AVL_ROOT>/AWS/appl/clients/excite/res/cpp/body.h,654,Declaring class is context only; struct nesting and array indexing are not resolved
SCH-00487,Power Unit (excite),Body,Damping above upper bound,double,"dimensionless,no",Schema declaration; instance not resolved,VModalDamp,daub,"Candidate: GetDblValueU(field,unit)","Candidate: SetDblValueU(field,value,unit)",Schema field/label confirmed; full path + instance + runtime read not verified,Generic API available; this field write NOT verified,Not eligible for Apply; resolve path and test first,,Check type/enable/visibility rules in source,Resolve actual instance/full path; check ASE vs ACT; selection/enable flags; enum mapping; binding; units; round-trip,<AVL_ROOT>/AWS/appl/clients/excite/res/cpp/body.h,655,Declaring class is context only; struct nesting and array indexing are not resolved
SCH-00488,Power Unit (excite),Body,Name,char*,,Schema declaration; instance not resolved,ExcBodyDefine,body_name,Candidate: GetStrValue(field),"Candidate: SetStrValue(field,value)",Schema field/label confirmed; full path + instance + runtime read not verified,Generic API available; this field write NOT verified,Not eligible for Apply; resolve path and test first,,Check type/enable/visibility rules in source,Resolve actual instance/full path; check ASE vs ACT; selection/enable flags; enum mapping; binding; units; round-trip,<AVL_ROOT>/AWS/appl/clients/excite/res/cpp/body.h,689,Declaring class is context only; struct nesting and array indexing are not resolved
SCH-00489,Power Unit (excite),Body,Type,ASEenum,,Schema declaration; instance not resolved,ExcBodyDefine,type,Candidate: GetIntValue(field),"Candidate: SetIntValue(field,value)",Schema field/label confirmed; full path + instance + runtime read not verified,Generic API available; this field write NOT verified,Not eligible for Apply; resolve path and test first,,<visibility_change>,Resolve actual instance/full path; check ASE vs ACT; selection/enable flags; enum mapping; binding; units; round-trip,<AVL_ROOT>/AWS/appl/clients/excite/res/cpp/body.h,693,"Schema labels: ""Flexible"",""Rigid"""
SCH-00490,Power Unit (excite),Body,Reference Coordinate System,ASEenum,,Schema declaration; instance not resolved,ExcBodyDefine,_csys_,Candidate: GetIntValue(field),"Candidate: SetIntValue(field,value)",Schema field/label confirmed; full path + instance + runtime read not verified,Generic API available; this field write NOT verified,Not eligible for Apply; resolve path and test first,,Check type/enable/visibility rules in source,Resolve actual instance/full path; check ASE vs ACT; selection/enable flags; enum mapping; binding; units; round-trip,<AVL_ROOT>/AWS/appl/clients/excite/res/cpp/body.h,699,"Schema labels: ""Absolute"",""Body"""
SCH-00491,Power Unit (excite),Body,T1,Bool,,Schema declaration; instance not resolved,ExcBodyDefine,t1,Candidate: GetIntValue(field),"Candidate: SetIntValue(field,value)",Schema field/label confirmed; full path + instance + runtime read not verified,Generic API available; this field write NOT verified,Not eligible for Apply; resolve path and test first,,Check type/enable/visibility rules in source,Resolve actual instance/full path; check ASE vs ACT; selection/enable flags; enum mapping; binding; units; round-trip,<AVL_ROOT>/AWS/appl/clients/excite/res/cpp/body.h,702,Declaring class is context only; struct nesting and array indexing are not resolved
SCH-00492,Power Unit (excite),Body,R1,Bool,,Schema declaration; instance not resolved,ExcBodyDefine,r1,Candidate: GetIntValue(field),"Candidate: SetIntValue(field,value)",Schema field/label confirmed; full path + instance + runtime read not verified,Generic API available; this field write NOT verified,Not eligible for Apply; resolve path and test first,,Check type/enable/visibility rules in source,Resolve actual instance/full path; check ASE vs ACT; selection/enable flags; enum mapping; binding; units; round-trip,<AVL_ROOT>/AWS/appl/clients/excite/res/cpp/body.h,703,Declaring class is context only; struct nesting and array indexing are not resolved
SCH-00493,Power Unit (excite),Body,T2,Bool,,Schema declaration; instance not resolved,ExcBodyDefine,t2,Candidate: GetIntValue(field),"Candidate: SetIntValue(field,value)",Schema field/label confirmed; full path + instance + runtime read not verified,Generic API available; this field write NOT verified,Not eligible for Apply; resolve path and test first,,Check type/enable/visibility rules in source,Resolve actual instance/full path; check ASE vs ACT; selection/enable flags; enum mapping; binding; units; round-trip,<AVL_ROOT>/AWS/appl/clients/excite/res/cpp/body.h,705,Declaring class is context only; struct nesting and array indexing are not resolved
SCH-00494,Power Unit (excite),Body,R2,Bool,,Schema declaration; instance not resolved,ExcBodyDefine,r2,Candidate: GetIntValue(field),"Candidate: SetIntValue(field,value)",Schema field/label confirmed; full path + instance + runtime read not verified,Generic API available; this field write NOT verified,Not eligible for Apply; resolve path and test first,,Check type/enable/visibility rules in source,Resolve actual instance/full path; check ASE vs ACT; selection/enable flags; enum mapping; binding; units; round-trip,<AVL_ROOT>/AWS/appl/clients/excite/res/cpp/body.h,706,Declaring class is context only; struct nesting and array indexing are not resolved
SCH-00495,Power Unit (excite),Body,T3,Bool,,Schema declaration; instance not resolved,ExcBodyDefine,t3,Candidate: GetIntValue(field),"Candidate: SetIntValue(field,value)",Schema field/label confirmed; full path + instance + runtime read not verified,Generic API available; this field write NOT verified,Not eligible for Apply; resolve path and test first,,Check type/enable/visibility rules in source,Resolve actual instance/full path; check ASE vs ACT; selection/enable flags; enum mapping; binding; units; round-trip,<AVL_ROOT>/AWS/appl/clients/excite/res/cpp/body.h,708,Declaring class is context only; struct nesting and array indexing are not resolved
SCH-00496,Power Unit (excite),Body,R3,Bool,,Schema declaration; instance not resolved,ExcBodyDefine,r3,Candidate: GetIntValue(field),"Candidate: SetIntValue(field,value)",Schema field/label confirmed; full path + instance + runtime read not verified,Generic API available; this field write NOT verified,Not eligible for Apply; resolve path and test first,,Check type/enable/visibility rules in source,Resolve actual instance/full path; check ASE vs ACT; selection/enable flags; enum mapping; binding; units; round-trip,<AVL_ROOT>/AWS/appl/clients/excite/res/cpp/body.h,709,Declaring class is context only; struct nesting and array indexing are not resolved
SCH-00497,Power Unit (excite),Body,of,ASEenum,,Schema declaration; instance not resolved,ExcBodyDefine,t_cs,Candidate: GetIntValue(field),"Candidate: SetIntValue(field,value)",Schema field/label confirmed; full path + instance + runtime read not verified,Generic API available; this field write NOT verified,Not eligible for Apply; resolve path and test first,,Check type/enable/visibility rules in source,Resolve actual instance/full path; check ASE vs ACT; selection/enable flags; enum mapping; binding; units; round-trip,<AVL_ROOT>/AWS/appl/clients/excite/res/cpp/body.h,711,"Schema labels: ""Reference Coordinate System"",""Body Coordinate System"""
SCH-00498,Power Unit (excite),Body,of,ASEenum,,Schema declaration; instance not resolved,ExcBodyDefine,r_cs,Candidate: GetIntValue(field),"Candidate: SetIntValue(field,value)",Schema field/label confirmed; full path + instance + runtime read not verified,Generic API available; this field write NOT verified,Not eligible for Apply; resolve path and test first,,Check type/enable/visibility rules in source,Resolve actual instance/full path; check ASE vs ACT; selection/enable flags; enum mapping; binding; units; round-trip,<AVL_ROOT>/AWS/appl/clients/excite/res/cpp/body.h,712,"Schema labels: ""Reference Coordinate System"",""Body Coordinate System"""
SCH-00499,Power Unit (excite),Body,Rotating Restraint at,ASEenum,,Schema declaration; instance not resolved,ExcBodyDefine,at,Candidate: GetIntValue(field),"Candidate: SetIntValue(field,value)",Schema field/label confirmed; full path + instance + runtime read not verified,Generic API available; this field write NOT verified,Not eligible for Apply; resolve path and test first,,<visibility_change>,Resolve actual instance/full path; check ASE vs ACT; selection/enable flags; enum mapping; binding; units; round-trip,<AVL_ROOT>/AWS/appl/clients/excite/res/cpp/body.h,718,"Schema labels: ""Inertia Balance Center"",""Maximum Inertia"",""Defined Node"""
SCH-00500,Power Unit (excite),Body,Link Local Rotation Axis to FEM Preferences,Bool,,Schema declaration; instance not resolved,ExcBodyDefine,link_to_pref,Candidate: GetIntValue(field),"Candidate: SetIntValue(field,value)",Schema field/label confirmed; full path + instance + runtime read not verified,Generic API available; this field write NOT verified,Not eligible for Apply; resolve path and test first,,Check type/enable/visibility rules in source,Resolve actual instance/full path; check ASE vs ACT; selection/enable flags; enum mapping; binding; units; round-trip,<AVL_ROOT>/AWS/appl/clients/excite/res/cpp/body.h,733,Declaring class is context only; struct nesting and array indexing are not resolved
SCH-00501,Power Unit (excite),Body,Reduce to 1 Local DOF,Bool,,Schema declaration; instance not resolved,ExcBodyDefine,red1d,Candidate: GetIntValue(field),"Candidate: SetIntValue(field,value)",Schema field/label confirmed; full path + instance + runtime read not verified,Generic API available; this field write NOT verified,Not eligible for Apply; resolve path and test first,,"<visibility=red1d,value-int,1>",Resolve actual instance/full path; check ASE vs ACT; selection/enable flags; enum mapping; binding; units; round-trip,<AVL_ROOT>/AWS/appl/clients/excite/res/cpp/body.h,740,Declaring class is context only; struct nesting and array indexing are not resolved
SCH-00502,Power Unit (excite),Body,3D File,char*,,Schema declaration; instance not resolved,ExcBodyDefine,file3D,Candidate: GetStrValue(field),"Candidate: SetStrValue(field,value)",Schema field/label confirmed; full path + instance + runtime read not verified,Generic API available; this field write NOT verified,Not eligible for Apply; resolve path and test first,,<visibility_change>,Resolve actual instance/full path; check ASE vs ACT; selection/enable flags; enum mapping; binding; units; round-trip,<AVL_ROOT>/AWS/appl/clients/excite/res/cpp/body.h,751,Declaring class is context only; struct nesting and array indexing are not resolved
SCH-00503,Power Unit (excite),Body,Condensed Model,char*,,Schema declaration; instance not resolved,ExcBodyDefine,condM,Candidate: GetStrValue(field),"Candidate: SetStrValue(field,value)",Schema field/label confirmed; full path + instance + runtime read not verified,Generic API available; this field write NOT verified,Not eligible for Apply; resolve path and test first,,<visibility_change>,Resolve actual instance/full path; check ASE vs ACT; selection/enable flags; enum mapping; binding; units; round-trip,<AVL_ROOT>/AWS/appl/clients/excite/res/cpp/body.h,757,Declaring class is context only; struct nesting and array indexing are not resolved
SCH-00504,Power Unit (excite),Body,Consider higher order Euler terms for high speed rotor dynamics,Bool,,Schema declaration; instance not resolved,ExcBodyDefine,hoet,Candidate: GetIntValue(field),"Candidate: SetIntValue(field,value)",Schema field/label confirmed; full path + instance + runtime read not verified,Generic API available; this field write NOT verified,Not eligible for Apply; resolve path and test first,,Check type/enable/visibility rules in source,Resolve actual instance/full path; check ASE vs ACT; selection/enable flags; enum mapping; binding; units; round-trip,<AVL_ROOT>/AWS/appl/clients/excite/res/cpp/body.h,789,Declaring class is context only; struct nesting and array indexing are not resolved
SCH-00505,Power Unit (excite),Body,Viscous Damping Matrix,Bool,,Schema declaration; instance not resolved,ExcBodyDefine,visc_damp_mat,Candidate: GetIntValue(field),"Candidate: SetIntValue(field,value)",Schema field/label confirmed; full path + instance + runtime read not verified,Generic API available; this field write NOT verified,Not eligible for Apply; resolve path and test first,,Check type/enable/visibility rules in source,Resolve actual instance/full path; check ASE vs ACT; selection/enable flags; enum mapping; binding; units; round-trip,<AVL_ROOT>/AWS/appl/clients/excite/res/cpp/body.h,802,Declaring class is context only; struct nesting and array indexing are not resolved
SCH-00506,Power Unit (excite),Body,Structural Damping Matrix,Bool,,Schema declaration; instance not resolved,ExcBodyDefine,struct_damp_mat,Candidate: GetIntValue(field),"Candidate: SetIntValue(field,value)",Schema field/label confirmed; full path + instance + runtime read not verified,Generic API available; this field write NOT verified,Not eligible for Apply; resolve path and test first,,<visibility_change>,Resolve actual instance/full path; check ASE vs ACT; selection/enable flags; enum mapping; binding; units; round-trip,<AVL_ROOT>/AWS/appl/clients/excite/res/cpp/body.h,803,Declaring class is context only; struct nesting and array indexing are not resolved
SCH-00507,Power Unit (excite),Body,Frequency for Equivalent Viscous Damping,double,"frequency,Hz",Schema declaration; instance not resolved,ExcBodyDefine,fevd,"Candidate: GetDblValueU(field,unit)","Candidate: SetDblValueU(field,value,unit)",Schema field/label confirmed; full path + instance + runtime read not verified,Generic API available; this field write NOT verified,Not eligible for Apply; resolve path and test first,,Check type/enable/visibility rules in source,Resolve actual instance/full path; check ASE vs ACT; selection/enable flags; enum mapping; binding; units; round-trip,<AVL_ROOT>/AWS/appl/clients/excite/res/cpp/body.h,806,Declaring class is context only; struct nesting and array indexing are not resolved
SCH-00508,Power Unit (excite),Body,Frequency f1,double,"frequency,Hz",Schema declaration; instance not resolved,ExcBodyDefine,f1,"Candidate: GetDblValueU(field,unit)","Candidate: SetDblValueU(field,value,unit)",Schema field/label confirmed; full path + instance + runtime read not verified,Generic API available; this field write NOT verified,Not eligible for Apply; resolve path and test first,,Check type/enable/visibility rules in source,Resolve actual instance/full path; check ASE vs ACT; selection/enable flags; enum mapping; binding; units; round-trip,<AVL_ROOT>/AWS/appl/clients/excite/res/cpp/body.h,811,Declaring class is context only; struct nesting and array indexing are not resolved
SCH-00509,Power Unit (excite),Body,Frequency f2,double,"frequency,Hz",Schema declaration; instance not resolved,ExcBodyDefine,f2,"Candidate: GetDblValueU(field,unit)","Candidate: SetDblValueU(field,value,unit)",Schema field/label confirmed; full path + instance + runtime read not verified,Generic API available; this field write NOT verified,Not eligible for Apply; resolve path and test first,,Check type/enable/visibility rules in source,Resolve actual instance/full path; check ASE vs ACT; selection/enable flags; enum mapping; binding; units; round-trip,<AVL_ROOT>/AWS/appl/clients/excite/res/cpp/body.h,812,Declaring class is context only; struct nesting and array indexing are not resolved
SCH-00510,Power Unit (excite),Body,Damping Ratio 1,double,"dimensionless,no",Schema declaration; instance not resolved,ExcBodyDefine,d1,"Candidate: GetDblValueU(field,unit)","Candidate: SetDblValueU(field,value,unit)",Schema field/label confirmed; full path + instance + runtime read not verified,Generic API available; this field write NOT verified,Not eligible for Apply; resolve path and test first,,Check type/enable/visibility rules in source,Resolve actual instance/full path; check ASE vs ACT; selection/enable flags; enum mapping; binding; units; round-trip,<AVL_ROOT>/AWS/appl/clients/excite/res/cpp/body.h,814,Declaring class is context only; struct nesting and array indexing are not resolved
SCH-00511,Power Unit (excite),Body,Damping Ratio 2,double,"dimensionless,no",Schema declaration; instance not resolved,ExcBodyDefine,d2,"Candidate: GetDblValueU(field,unit)","Candidate: SetDblValueU(field,value,unit)",Schema field/label confirmed; full path + instance + runtime read not verified,Generic API available; this field write NOT verified,Not eligible for Apply; resolve path and test first,,"<visibility=1_comment_visibility,class-int,1>",Resolve actual instance/full path; check ASE vs ACT; selection/enable flags; enum mapping; binding; units; round-trip,<AVL_ROOT>/AWS/appl/clients/excite/res/cpp/body.h,815,Declaring class is context only; struct nesting and array indexing are not resolved
SCH-00512,Power Unit (excite),Body,Defined by,ASEenum,,Schema declaration; instance not resolved,ExcBodyDefine,massp_type,Candidate: GetIntValue(field),"Candidate: SetIntValue(field,value)",Schema field/label confirmed; full path + instance + runtime read not verified,Generic API available; this field write NOT verified,Not eligible for Apply; resolve path and test first,,<visibility_change>,Resolve actual instance/full path; check ASE vs ACT; selection/enable flags; enum mapping; binding; units; round-trip,<AVL_ROOT>/AWS/appl/clients/excite/res/cpp/body.h,841,"Schema labels: ""3D Model"",""Condensed Model"",""Direct Input"""
SCH-00513,Power Unit (excite),Body,Mass Density,double,"density,t_mm3",Schema declaration; instance not resolved,ExcBodyDefine,massd,"Candidate: GetDblValueU(field,unit)","Candidate: SetDblValueU(field,value,unit)",Schema field/label confirmed; full path + instance + runtime read not verified,Generic API available; this field write NOT verified,Not eligible for Apply; resolve path and test first,,"<visibility=massp_type,value-string,""Direct Input"",""3D Model"">",Resolve actual instance/full path; check ASE vs ACT; selection/enable flags; enum mapping; binding; units; round-trip,<AVL_ROOT>/AWS/appl/clients/excite/res/cpp/body.h,845,Declaring class is context only; struct nesting and array indexing are not resolved
SCH-00514,Power Unit (excite),Body,Mass,double,"mass,kg",Schema declaration; instance not resolved,ExcBodyDefine,mass,"Candidate: GetDblValueU(field,unit)","Candidate: SetDblValueU(field,value,unit)",Schema field/label confirmed; full path + instance + runtime read not verified,Generic API available; this field write NOT verified,Not eligible for Apply; resolve path and test first,,"<visibility=massp_type,value-string,""Condensed Model"">",Resolve actual instance/full path; check ASE vs ACT; selection/enable flags; enum mapping; binding; units; round-trip,<AVL_ROOT>/AWS/appl/clients/excite/res/cpp/body.h,849,Declaring class is context only; struct nesting and array indexing are not resolved
SCH-00515,Power Unit (excite),Body,Import from File,Bool,,Schema declaration; instance not resolved,ExcBodyModifyLoad,import,Candidate: GetIntValue(field),"Candidate: SetIntValue(field,value)",Schema field/label confirmed; full path + instance + runtime read not verified,Generic API available; this field write NOT verified,Not eligible for Apply; resolve path and test first,,Check type/enable/visibility rules in source,Resolve actual instance/full path; check ASE vs ACT; selection/enable flags; enum mapping; binding; units; round-trip,<AVL_ROOT>/AWS/appl/clients/excite/res/cpp/body.h,903,Declaring class is context only; struct nesting and array indexing are not resolved
SCH-00516,Power Unit (excite),Body,File,char*,,Schema declaration; instance not resolved,ExcBodyModifyLoad,file,Candidate: GetStrValue(field),"Candidate: SetStrValue(field,value)",Schema field/label confirmed; full path + instance + runtime read not verified,Generic API available; this field write NOT verified,Not eligible for Apply; resolve path and test first,,Check type/enable/visibility rules in source,Resolve actual instance/full path; check ASE vs ACT; selection/enable flags; enum mapping; binding; units; round-trip,<AVL_ROOT>/AWS/appl/clients/excite/res/cpp/body.h,906,Declaring class is context only; struct nesting and array indexing are not resolved
SCH-00517,Power Unit (excite),Body,Activate Modifications,Bool,,Schema declaration; instance not resolved,ExcBodyModifyGeometry,activate,Candidate: GetIntValue(field),"Candidate: SetIntValue(field,value)",Schema field/label confirmed; full path + instance + runtime read not verified,Generic API available; this field write NOT verified,Not eligible for Apply; resolve path and test first,,<visibility_change>,Resolve actual instance/full path; check ASE vs ACT; selection/enable flags; enum mapping; binding; units; round-trip,<AVL_ROOT>/AWS/appl/clients/excite/res/cpp/body.h,916,Declaring class is context only; struct nesting and array indexing are not resolved
SCH-00518,Power Unit (excite),Body,Activate Modifications,Bool,,Schema declaration; instance not resolved,ExcBodyModifyMass,activate,Candidate: GetIntValue(field),"Candidate: SetIntValue(field,value)",Schema field/label confirmed; full path + instance + runtime read not verified,Generic API available; this field write NOT verified,Not eligible for Apply; resolve path and test first,,Check type/enable/visibility rules in source,Resolve actual instance/full path; check ASE vs ACT; selection/enable flags; enum mapping; binding; units; round-trip,<AVL_ROOT>/AWS/appl/clients/excite/res/cpp/body.h,948,Declaring class is context only; struct nesting and array indexing are not resolved
SCH-00519,Power Unit (excite),Body,Activate Modifications,Bool,,Schema declaration; instance not resolved,ExcBodyModifyStiffness,activate,Candidate: GetIntValue(field),"Candidate: SetIntValue(field,value)",Schema field/label confirmed; full path + instance + runtime read not verified,Generic API available; this field write NOT verified,Not eligible for Apply; resolve path and test first,,Check type/enable/visibility rules in source,Resolve actual instance/full path; check ASE vs ACT; selection/enable flags; enum mapping; binding; units; round-trip,<AVL_ROOT>/AWS/appl/clients/excite/res/cpp/body.h,977,Declaring class is context only; struct nesting and array indexing are not resolved
SCH-00520,Power Unit (excite),Body,Activate Modifications,Bool,,Schema declaration; instance not resolved,ExcBodyModifyDamping,activate,Candidate: GetIntValue(field),"Candidate: SetIntValue(field,value)",Schema field/label confirmed; full path + instance + runtime read not verified,Generic API available; this field write NOT verified,Not eligible for Apply; resolve path and test first,,Check type/enable/visibility rules in source,Resolve actual instance/full path; check ASE vs ACT; selection/enable flags; enum mapping; binding; units; round-trip,<AVL_ROOT>/AWS/appl/clients/excite/res/cpp/body.h,1008,Declaring class is context only; struct nesting and array indexing are not resolved
SCH-00521,Power Unit (excite),Body,Type,ASEenum,,Schema declaration; instance not resolved,ExcBodyPredefinedMotion,m_type,Candidate: GetIntValue(field),"Candidate: SetIntValue(field,value)",Schema field/label confirmed; full path + instance + runtime read not verified,Generic API available; this field write NOT verified,Not eligible for Apply; resolve path and test first,,<visibility_change>,Resolve actual instance/full path; check ASE vs ACT; selection/enable flags; enum mapping; binding; units; round-trip,<AVL_ROOT>/AWS/appl/clients/excite/res/cpp/body.h,1059,"Schema labels: ""None"",""Circular Motion"",""Constant Rotation"",""Conrod Rotation"",""General Motion"",""Table"",""Harmonics"""
SCH-00522,Power Unit (excite),Body,Ordinate Type,ASEenum,,Schema declaration; instance not resolved,ExcBodyPredefinedMotion,table_type,Candidate: GetIntValue(field),"Candidate: SetIntValue(field,value)",Schema field/label confirmed; full path + instance + runtime read not verified,Generic API available; this field write NOT verified,Not eligible for Apply; resolve path and test first,,"<visibility=m_type,value-int,6>",Resolve actual instance/full path; check ASE vs ACT; selection/enable flags; enum mapping; binding; units; round-trip,<AVL_ROOT>/AWS/appl/clients/excite/res/cpp/body.h,1064,"Schema labels: ""Displacement/Angle"",""Velocity"",""Acceleration"""
SCH-00523,Power Unit (excite),Body,Fixed reference angular speed,double,"ang_vel,rpm,rpm",Schema declaration; instance not resolved,ExcBodyPredefinedMotion,fixedRefSpeed,"Candidate: GetDblValueU(field,unit)","Candidate: SetDblValueU(field,value,unit)",Schema field/label confirmed; full path + instance + runtime read not verified,Generic API available; this field write NOT verified,Not eligible for Apply; resolve path and test first,,Check type/enable/visibility rules in source,Resolve actual instance/full path; check ASE vs ACT; selection/enable flags; enum mapping; binding; units; round-trip,<AVL_ROOT>/AWS/appl/clients/excite/res/cpp/body.h,1069,Declaring class is context only; struct nesting and array indexing are not resolved
SCH-00524,Power Unit (excite),Body,Link to Speed,Bool,,Schema declaration; instance not resolved,ExcBodyPredefinedMotion,link_speed_harm,Candidate: GetIntValue(field),"Candidate: SetIntValue(field,value)",Schema field/label confirmed; full path + instance + runtime read not verified,Generic API available; this field write NOT verified,Not eligible for Apply; resolve path and test first,,"<visibility=m_type,value-int,5>",Resolve actual instance/full path; check ASE vs ACT; selection/enable flags; enum mapping; binding; units; round-trip,<AVL_ROOT>/AWS/appl/clients/excite/res/cpp/body.h,1072,Declaring class is context only; struct nesting and array indexing are not resolved
SCH-00525,Power Unit (excite),Body,Constant magnitude,double**,,Schema declaration; instance not resolved,ExcBodyPredefinedMotion,shift,"Candidate: WSClass.GetWSMatrix(field,0)",Candidate: WSMatrix typed setters + ReleaseHandle,Schema field/label confirmed; full path + instance + runtime read not verified,Generic API available; this field write NOT verified,Not eligible for Apply; resolve path and test first,,Check type/enable/visibility rules in source,Resolve actual instance/full path; check ASE vs ACT; selection/enable flags; enum mapping; binding; units; round-trip,<AVL_ROOT>/AWS/appl/clients/excite/res/cpp/body.h,1101,Declaring class is context only; struct nesting and array indexing are not resolved
SCH-00526,Power Unit (excite),Body,Load Data,double**,,Schema declaration; instance not resolved,ExcBodyPredefinedMotion,data_harmonics,"Candidate: WSClass.GetWSMatrix(field,0)",Candidate: WSMatrix typed setters + ReleaseHandle,Schema field/label confirmed; full path + instance + runtime read not verified,Generic API available; this field write NOT verified,Not eligible for Apply; resolve path and test first,,Check type/enable/visibility rules in source,Resolve actual instance/full path; check ASE vs ACT; selection/enable flags; enum mapping; binding; units; round-trip,<AVL_ROOT>/AWS/appl/clients/excite/res/cpp/body.h,1117,Declaring class is context only; struct nesting and array indexing are not resolved
SCH-00527,Power Unit (excite),Body,File Name,char*,,Schema declaration; instance not resolved,ExcBodyPredefinedMotion,file,Candidate: GetStrValue(field),"Candidate: SetStrValue(field,value)",Schema field/label confirmed; full path + instance + runtime read not verified,Generic API available; this field write NOT verified,Not eligible for Apply; resolve path and test first,,Check type/enable/visibility rules in source,Resolve actual instance/full path; check ASE vs ACT; selection/enable flags; enum mapping; binding; units; round-trip,<AVL_ROOT>/AWS/appl/clients/excite/res/cpp/body.h,1158,Declaring class is context only; struct nesting and array indexing are not resolved
SCH-00528,Power Unit (excite),Body,Automatic Reload,Bool,,Schema declaration; instance not resolved,ExcBodyPredefinedMotion,aut_rel,Candidate: GetIntValue(field),"Candidate: SetIntValue(field,value)",Schema field/label confirmed; full path + instance + runtime read not verified,Generic API available; this field write NOT verified,Not eligible for Apply; resolve path and test first,,Check type/enable/visibility rules in source,Resolve actual instance/full path; check ASE vs ACT; selection/enable flags; enum mapping; binding; units; round-trip,<AVL_ROOT>/AWS/appl/clients/excite/res/cpp/body.h,1160,Declaring class is context only; struct nesting and array indexing are not resolved
SCH-00529,Power Unit (excite),Body,Use Data File Path Parameter,Bool,,Schema declaration; instance not resolved,ExcBodyPredefinedMotion,def_pat,Candidate: GetIntValue(field),"Candidate: SetIntValue(field,value)",Schema field/label confirmed; full path + instance + runtime read not verified,Generic API available; this field write NOT verified,Not eligible for Apply; resolve path and test first,,"<visibility=m_type,value-int,5>",Resolve actual instance/full path; check ASE vs ACT; selection/enable flags; enum mapping; binding; units; round-trip,<AVL_ROOT>/AWS/appl/clients/excite/res/cpp/body.h,1163,Declaring class is context only; struct nesting and array indexing are not resolved
SCH-00530,Power Unit (excite),Body,Link to Crank Train Globals R and V axes,Bool,,Schema declaration; instance not resolved,ExcBodyPredefinedMotion,link_geom,Candidate: GetIntValue(field),"Candidate: SetIntValue(field,value)",Schema field/label confirmed; full path + instance + runtime read not verified,Generic API available; this field write NOT verified,Not eligible for Apply; resolve path and test first,,Check type/enable/visibility rules in source,Resolve actual instance/full path; check ASE vs ACT; selection/enable flags; enum mapping; binding; units; round-trip,<AVL_ROOT>/AWS/appl/clients/excite/res/cpp/body.h,1183,Declaring class is context only; struct nesting and array indexing are not resolved
SCH-00531,Power Unit (excite),Body,Angular Velocity,double,"ang_vel,rpm",Schema declaration; instance not resolved,ExcBodyPredefinedMotion,speed,"Candidate: GetDblValueU(field,unit)","Candidate: SetDblValueU(field,value,unit)",Schema field/label confirmed; full path + instance + runtime read not verified,Generic API available; this field write NOT verified,Not eligible for Apply; resolve path and test first,,Check type/enable/visibility rules in source,Resolve actual instance/full path; check ASE vs ACT; selection/enable flags; enum mapping; binding; units; round-trip,<AVL_ROOT>/AWS/appl/clients/excite/res/cpp/body.h,1188,Declaring class is context only; struct nesting and array indexing are not resolved
SCH-00532,Power Unit (excite),Body,Radius,double,"length,mm",Schema declaration; instance not resolved,ExcBodyPredefinedMotion,rad,"Candidate: GetDblValueU(field,unit)","Candidate: SetDblValueU(field,value,unit)",Schema field/label confirmed; full path + instance + runtime read not verified,Generic API available; this field write NOT verified,Not eligible for Apply; resolve path and test first,,Check type/enable/visibility rules in source,Resolve actual instance/full path; check ASE vs ACT; selection/enable flags; enum mapping; binding; units; round-trip,<AVL_ROOT>/AWS/appl/clients/excite/res/cpp/body.h,1191,Declaring class is context only; struct nesting and array indexing are not resolved
SCH-00533,Power Unit (excite),Body,Initial Rotation Angle,double,"angle,deg",Schema declaration; instance not resolved,ExcBodyPredefinedMotion,beta,"Candidate: GetDblValueU(field,unit)","Candidate: SetDblValueU(field,value,unit)",Schema field/label confirmed; full path + instance + runtime read not verified,Generic API available; this field write NOT verified,Not eligible for Apply; resolve path and test first,,Check type/enable/visibility rules in source,Resolve actual instance/full path; check ASE vs ACT; selection/enable flags; enum mapping; binding; units; round-trip,<AVL_ROOT>/AWS/appl/clients/excite/res/cpp/body.h,1194,Declaring class is context only; struct nesting and array indexing are not resolved
SCH-00534,Power Unit (excite),Body,Axial Offset,double,"length,mm",Schema declaration; instance not resolved,ExcBodyPredefinedMotion,axial_off,"Candidate: GetDblValueU(field,unit)","Candidate: SetDblValueU(field,value,unit)",Schema field/label confirmed; full path + instance + runtime read not verified,Generic API available; this field write NOT verified,Not eligible for Apply; resolve path and test first,,Check type/enable/visibility rules in source,Resolve actual instance/full path; check ASE vs ACT; selection/enable flags; enum mapping; binding; units; round-trip,<AVL_ROOT>/AWS/appl/clients/excite/res/cpp/body.h,1197,Declaring class is context only; struct nesting and array indexing are not resolved
SCH-00535,Power Unit (excite),Body,Link to Speed,Bool,,Schema declaration; instance not resolved,ExcBodyPredefinedMotion,link_speed,Candidate: GetIntValue(field),"Candidate: SetIntValue(field,value)",Schema field/label confirmed; full path + instance + runtime read not verified,Generic API available; this field write NOT verified,Not eligible for Apply; resolve path and test first,,"<visibility=1_sole_pack,class-int,0>",Resolve actual instance/full path; check ASE vs ACT; selection/enable flags; enum mapping; binding; units; round-trip,<AVL_ROOT>/AWS/appl/clients/excite/res/cpp/body.h,1200,Declaring class is context only; struct nesting and array indexing are not resolved
SCH-00536,Power Unit (excite),Body,Link to Stroke,Bool,,Schema declaration; instance not resolved,ExcBodyPredefinedMotion,link_rad,Candidate: GetIntValue(field),"Candidate: SetIntValue(field,value)",Schema field/label confirmed; full path + instance + runtime read not verified,Generic API available; this field write NOT verified,Not eligible for Apply; resolve path and test first,,Check type/enable/visibility rules in source,Resolve actual instance/full path; check ASE vs ACT; selection/enable flags; enum mapping; binding; units; round-trip,<AVL_ROOT>/AWS/appl/clients/excite/res/cpp/body.h,1202,Declaring class is context only; struct nesting and array indexing are not resolved
SCH-00537,Power Unit (excite),Body,Link to beta,Bool,,Schema declaration; instance not resolved,ExcBodyPredefinedMotion,link_beta,Candidate: GetIntValue(field),"Candidate: SetIntValue(field,value)",Schema field/label confirmed; full path + instance + runtime read not verified,Generic API available; this field write NOT verified,Not eligible for Apply; resolve path and test first,,Check type/enable/visibility rules in source,Resolve actual instance/full path; check ASE vs ACT; selection/enable flags; enum mapping; binding; units; round-trip,<AVL_ROOT>/AWS/appl/clients/excite/res/cpp/body.h,1203,Declaring class is context only; struct nesting and array indexing are not resolved
SCH-00538,Power Unit (excite),Body,Link to axpos,Bool,,Schema declaration; instance not resolved,ExcBodyPredefinedMotion,link_axial_off,Candidate: GetIntValue(field),"Candidate: SetIntValue(field,value)",Schema field/label confirmed; full path + instance + runtime read not verified,Generic API available; this field write NOT verified,Not eligible for Apply; resolve path and test first,,Check type/enable/visibility rules in source,Resolve actual instance/full path; check ASE vs ACT; selection/enable flags; enum mapping; binding; units; round-trip,<AVL_ROOT>/AWS/appl/clients/excite/res/cpp/body.h,1204,Declaring class is context only; struct nesting and array indexing are not resolved
SCH-00539,Power Unit (excite),Body,Cylinder ID,int,,Schema declaration; instance not resolved,ExcBodyPredefinedMotion,cyl_id,Candidate: GetIntValue(field),"Candidate: SetIntValue(field,value)",Schema field/label confirmed; full path + instance + runtime read not verified,Generic API available; this field write NOT verified,Not eligible for Apply; resolve path and test first,,Check type/enable/visibility rules in source,Resolve actual instance/full path; check ASE vs ACT; selection/enable flags; enum mapping; binding; units; round-trip,<AVL_ROOT>/AWS/appl/clients/excite/res/cpp/body.h,1206,Declaring class is context only; struct nesting and array indexing are not resolved
SCH-00540,Power Unit (excite),Body,Link to Crank Train Globals R and V axes,Bool,,Schema declaration; instance not resolved,ExcBodyPredefinedMotion,link_geom,Candidate: GetIntValue(field),"Candidate: SetIntValue(field,value)",Schema field/label confirmed; full path + instance + runtime read not verified,Generic API available; this field write NOT verified,Not eligible for Apply; resolve path and test first,,Check type/enable/visibility rules in source,Resolve actual instance/full path; check ASE vs ACT; selection/enable flags; enum mapping; binding; units; round-trip,<AVL_ROOT>/AWS/appl/clients/excite/res/cpp/body.h,1220,Declaring class is context only; struct nesting and array indexing are not resolved
SCH-00541,Power Unit (excite),Body,Angular Velocity,double,"ang_vel,rpm",Schema declaration; instance not resolved,ExcBodyPredefinedMotion,speed,"Candidate: GetDblValueU(field,unit)","Candidate: SetDblValueU(field,value,unit)",Schema field/label confirmed; full path + instance + runtime read not verified,Generic API available; this field write NOT verified,Not eligible for Apply; resolve path and test first,,Check type/enable/visibility rules in source,Resolve actual instance/full path; check ASE vs ACT; selection/enable flags; enum mapping; binding; units; round-trip,<AVL_ROOT>/AWS/appl/clients/excite/res/cpp/body.h,1225,Declaring class is context only; struct nesting and array indexing are not resolved
SCH-00542,Power Unit (excite),Body,Link to Speed,Bool,,Schema declaration; instance not resolved,ExcBodyPredefinedMotion,link_speed,Candidate: GetIntValue(field),"Candidate: SetIntValue(field,value)",Schema field/label confirmed; full path + instance + runtime read not verified,Generic API available; this field write NOT verified,Not eligible for Apply; resolve path and test first,,Check type/enable/visibility rules in source,Resolve actual instance/full path; check ASE vs ACT; selection/enable flags; enum mapping; binding; units; round-trip,<AVL_ROOT>/AWS/appl/clients/excite/res/cpp/body.h,1228,Declaring class is context only; struct nesting and array indexing are not resolved
SCH-00543,Power Unit (excite),Body,Link to Crank Train Globals R and V axes,Bool,,Schema declaration; instance not resolved,ExcBodyPredefinedMotion,link_geom,Candidate: GetIntValue(field),"Candidate: SetIntValue(field,value)",Schema field/label confirmed; full path + instance + runtime read not verified,Generic API available; this field write NOT verified,Not eligible for Apply; resolve path and test first,,Check type/enable/visibility rules in source,Resolve actual instance/full path; check ASE vs ACT; selection/enable flags; enum mapping; binding; units; round-trip,<AVL_ROOT>/AWS/appl/clients/excite/res/cpp/body.h,1243,Declaring class is context only; struct nesting and array indexing are not resolved
SCH-00544,Power Unit (excite),Body,Angular Velocity,double,"ang_vel,rpm",Schema declaration; instance not resolved,ExcBodyPredefinedMotion,speed,"Candidate: GetDblValueU(field,unit)","Candidate: SetDblValueU(field,value,unit)",Schema field/label confirmed; full path + instance + runtime read not verified,Generic API available; this field write NOT verified,Not eligible for Apply; resolve path and test first,,Check type/enable/visibility rules in source,Resolve actual instance/full path; check ASE vs ACT; selection/enable flags; enum mapping; binding; units; round-trip,<AVL_ROOT>/AWS/appl/clients/excite/res/cpp/body.h,1248,Declaring class is context only; struct nesting and array indexing are not resolved
SCH-00545,Power Unit (excite),Body,Lambda,double,"dimensionless,no",Schema declaration; instance not resolved,ExcBodyPredefinedMotion,lambda,"Candidate: GetDblValueU(field,unit)","Candidate: SetDblValueU(field,value,unit)",Schema field/label confirmed; full path + instance + runtime read not verified,Generic API available; this field write NOT verified,Not eligible for Apply; resolve path and test first,,Check type/enable/visibility rules in source,Resolve actual instance/full path; check ASE vs ACT; selection/enable flags; enum mapping; binding; units; round-trip,<AVL_ROOT>/AWS/appl/clients/excite/res/cpp/body.h,1251,Declaring class is context only; struct nesting and array indexing are not resolved
SCH-00546,Power Unit (excite),Body,Link to Speed,Bool,,Schema declaration; instance not resolved,ExcBodyPredefinedMotion,link_speed,Candidate: GetIntValue(field),"Candidate: SetIntValue(field,value)",Schema field/label confirmed; full path + instance + runtime read not verified,Generic API available; this field write NOT verified,Not eligible for Apply; resolve path and test first,,"<visibility=1_sole_pack,class-int,0>",Resolve actual instance/full path; check ASE vs ACT; selection/enable flags; enum mapping; binding; units; round-trip,<AVL_ROOT>/AWS/appl/clients/excite/res/cpp/body.h,1254,Declaring class is context only; struct nesting and array indexing are not resolved
SCH-00547,Power Unit (excite),Body,Link to Stroke/Conrod Length,Bool,,Schema declaration; instance not resolved,ExcBodyPredefinedMotion,link_lambda,Candidate: GetIntValue(field),"Candidate: SetIntValue(field,value)",Schema field/label confirmed; full path + instance + runtime read not verified,Generic API available; this field write NOT verified,Not eligible for Apply; resolve path and test first,,Check type/enable/visibility rules in source,Resolve actual instance/full path; check ASE vs ACT; selection/enable flags; enum mapping; binding; units; round-trip,<AVL_ROOT>/AWS/appl/clients/excite/res/cpp/body.h,1256,Declaring class is context only; struct nesting and array indexing are not resolved
SCH-00548,Power Unit (excite),Body,Calculate from Crank Train Globals,Bool,,Schema declaration; instance not resolved,ExcBodyInCond,link,Candidate: GetIntValue(field),"Candidate: SetIntValue(field,value)",Schema field/label confirmed; full path + instance + runtime read not verified,Generic API available; this field write NOT verified,Not eligible for Apply; resolve path and test first,,<visibility_change>,Resolve actual instance/full path; check ASE vs ACT; selection/enable flags; enum mapping; binding; units; round-trip,<AVL_ROOT>/AWS/appl/clients/excite/res/cpp/body.h,1316,Declaring class is context only; struct nesting and array indexing are not resolved
SCH-00549,Power Unit (excite),Body,Initial Conditions of,ASEenum,,Schema declaration; instance not resolved,ExcBodyInCond,id,Candidate: GetIntValue(field),"Candidate: SetIntValue(field,value)",Schema field/label confirmed; full path + instance + runtime read not verified,Generic API available; this field write NOT verified,Not eligible for Apply; resolve path and test first,,Check type/enable/visibility rules in source,Resolve actual instance/full path; check ASE vs ACT; selection/enable flags; enum mapping; binding; units; round-trip,<AVL_ROOT>/AWS/appl/clients/excite/res/cpp/body.h,1322,"Schema labels: ""1"""
SCH-00550,Power Unit (excite),Body,Type,ASEenum,,Schema declaration; instance not resolved,ExcBodyInCond,type,Candidate: GetIntValue(field),"Candidate: SetIntValue(field,value)",Schema field/label confirmed; full path + instance + runtime read not verified,Generic API available; this field write NOT verified,Not eligible for Apply; resolve path and test first,,<visibility_change>,Resolve actual instance/full path; check ASE vs ACT; selection/enable flags; enum mapping; binding; units; round-trip,<AVL_ROOT>/AWS/appl/clients/excite/res/cpp/body.h,1334,"Schema labels: ""3 Points"", ""Direction-Point-Offset"", ""Euler-Offset"", ""Angle-Axis-Offset"""
SCH-00551,Power Unit (excite),Body,Angle of Rotation,double,"angle,deg",Schema declaration; instance not resolved,ExcBodyInCond,ang_r,"Candidate: GetDblValueU(field,unit)","Candidate: SetDblValueU(field,value,unit)",Schema field/label confirmed; full path + instance + runtime read not verified,Generic API available; this field write NOT verified,Not eligible for Apply; resolve path and test first,,Check type/enable/visibility rules in source,Resolve actual instance/full path; check ASE vs ACT; selection/enable flags; enum mapping; binding; units; round-trip,<AVL_ROOT>/AWS/appl/clients/excite/res/cpp/body.h,1367,Declaring class is context only; struct nesting and array indexing are not resolved
SCH-00552,Power Unit (excite),Body,Offset,double,"length,mm,mm",Schema declaration; instance not resolved,ExcBodyInCond,alignOffset,"Candidate: GetDblValueU(field,unit)","Candidate: SetDblValueU(field,value,unit)",Schema field/label confirmed; full path + instance + runtime read not verified,Generic API available; this field write NOT verified,Not eligible for Apply; resolve path and test first,,Check type/enable/visibility rules in source,Resolve actual instance/full path; check ASE vs ACT; selection/enable flags; enum mapping; binding; units; round-trip,<AVL_ROOT>/AWS/appl/clients/excite/res/cpp/body.h,1380,Declaring class is context only; struct nesting and array indexing are not resolved
SCH-00553,Power Unit (excite),Body,Direction of Camshaft Rotation,ASEenum,,Schema declaration; instance not resolved,ExcBodyInCond,direction,Candidate: GetIntValue(field),"Candidate: SetIntValue(field,value)",Schema field/label confirmed; full path + instance + runtime read not verified,Generic API available; this field write NOT verified,Not eligible for Apply; resolve path and test first,,Check type/enable/visibility rules in source,Resolve actual instance/full path; check ASE vs ACT; selection/enable flags; enum mapping; binding; units; round-trip,<AVL_ROOT>/AWS/appl/clients/excite/res/cpp/body.h,1387,"Schema labels: ""Same as Crankshaft"",""Opposite to Crankshaft"""
SCH-00554,Power Unit (excite),Body,Transmission Ratio (Om_BalancerShaft/Om_Crankshaft),double,,Schema declaration; instance not resolved,ExcBodyInCond,trRatio,"Candidate: GetDblValueU(field,unit)","Candidate: SetDblValueU(field,value,unit)",Schema field/label confirmed; full path + instance + runtime read not verified,Generic API available; this field write NOT verified,Not eligible for Apply; resolve path and test first,,Check type/enable/visibility rules in source,Resolve actual instance/full path; check ASE vs ACT; selection/enable flags; enum mapping; binding; units; round-trip,<AVL_ROOT>/AWS/appl/clients/excite/res/cpp/body.h,1394,Declaring class is context only; struct nesting and array indexing are not resolved
SCH-00555,Power Unit (excite),Body,Ang. velocity and accel. defined in,ASEenum,,Schema declaration; instance not resolved,ExcBodyInCond,velo_acce_in,Candidate: GetIntValue(field),"Candidate: SetIntValue(field,value)",Schema field/label confirmed; full path + instance + runtime read not verified,Generic API available; this field write NOT verified,Not eligible for Apply; resolve path and test first,,Check type/enable/visibility rules in source,Resolve actual instance/full path; check ASE vs ACT; selection/enable flags; enum mapping; binding; units; round-trip,<AVL_ROOT>/AWS/appl/clients/excite/res/cpp/body.h,1410,"Schema labels: ""Absolute Coordinate System"",""Body Coordinate System (at initial state)"""
SCH-00556,Power Unit (excite),Body,Velocity defined in,ASEenum,,Schema declaration; instance not resolved,ExcBodyInCond,l_velo_in,Candidate: GetIntValue(field),"Candidate: SetIntValue(field,value)",Schema field/label confirmed; full path + instance + runtime read not verified,Generic API available; this field write NOT verified,Not eligible for Apply; resolve path and test first,,Check type/enable/visibility rules in source,Resolve actual instance/full path; check ASE vs ACT; selection/enable flags; enum mapping; binding; units; round-trip,<AVL_ROOT>/AWS/appl/clients/excite/res/cpp/body.h,1426,"Schema labels: ""Reference Coordinate System"",""Body Coordinate System (initial state)"""
SCH-00557,Power Unit (excite),Body,Fixed,Bool,,Schema declaration; instance not resolved,ExcBodyInCond,fix_l_velo,Candidate: GetIntValue(field),"Candidate: SetIntValue(field,value)",Schema field/label confirmed; full path + instance + runtime read not verified,Generic API available; this field write NOT verified,Not eligible for Apply; resolve path and test first,,Check type/enable/visibility rules in source,Resolve actual instance/full path; check ASE vs ACT; selection/enable flags; enum mapping; binding; units; round-trip,<AVL_ROOT>/AWS/appl/clients/excite/res/cpp/body.h,1430,Declaring class is context only; struct nesting and array indexing are not resolved
SCH-00558,Power Unit (excite),Body,Velocity defined in,ASEenum,,Schema declaration; instance not resolved,ExcBodyInCond,a_velo_in,Candidate: GetIntValue(field),"Candidate: SetIntValue(field,value)",Schema field/label confirmed; full path + instance + runtime read not verified,Generic API available; this field write NOT verified,Not eligible for Apply; resolve path and test first,,Check type/enable/visibility rules in source,Resolve actual instance/full path; check ASE vs ACT; selection/enable flags; enum mapping; binding; units; round-trip,<AVL_ROOT>/AWS/appl/clients/excite/res/cpp/body.h,1441,"Schema labels: ""Reference Coordinate System"",""Body Coordinate System (initial state)"""
SCH-00559,Power Unit (excite),Body,Fixed,Bool,,Schema declaration; instance not resolved,ExcBodyInCond,fix_a_velo,Candidate: GetIntValue(field),"Candidate: SetIntValue(field,value)",Schema field/label confirmed; full path + instance + runtime read not verified,Generic API available; this field write NOT verified,Not eligible for Apply; resolve path and test first,,Check type/enable/visibility rules in source,Resolve actual instance/full path; check ASE vs ACT; selection/enable flags; enum mapping; binding; units; round-trip,<AVL_ROOT>/AWS/appl/clients/excite/res/cpp/body.h,1445,Declaring class is context only; struct nesting and array indexing are not resolved
SCH-00560,Power Unit (excite),Body,File,char*,,Schema declaration; instance not resolved,Body_pro_doft,file,Candidate: GetStrValue(field),"Candidate: SetStrValue(field,value)",Schema field/label confirmed; full path + instance + runtime read not verified,Generic API available; this field write NOT verified,Not eligible for Apply; resolve path and test first,,Check type/enable/visibility rules in source,Resolve actual instance/full path; check ASE vs ACT; selection/enable flags; enum mapping; binding; units; round-trip,<AVL_ROOT>/AWS/appl/clients/excite/res/cpp/body.h,1532,Declaring class is context only; struct nesting and array indexing are not resolved
SCH-00561,Power Unit (excite),Body,File,char*,,Schema declaration; instance not resolved,Body_pro_doft,f_uset,Candidate: GetStrValue(field),"Candidate: SetStrValue(field,value)",Schema field/label confirmed; full path + instance + runtime read not verified,Generic API available; this field write NOT verified,Not eligible for Apply; resolve path and test first,,Check type/enable/visibility rules in source,Resolve actual instance/full path; check ASE vs ACT; selection/enable flags; enum mapping; binding; units; round-trip,<AVL_ROOT>/AWS/appl/clients/excite/res/cpp/body.h,1540,Declaring class is context only; struct nesting and array indexing are not resolved
SCH-00562,Power Unit (excite),Body,USET Block Name,char*,,Schema declaration; instance not resolved,Body_pro_doft,b_uset,Candidate: GetStrValue(field),"Candidate: SetStrValue(field,value)",Schema field/label confirmed; full path + instance + runtime read not verified,Generic API available; this field write NOT verified,Not eligible for Apply; resolve path and test first,,Check type/enable/visibility rules in source,Resolve actual instance/full path; check ASE vs ACT; selection/enable flags; enum mapping; binding; units; round-trip,<AVL_ROOT>/AWS/appl/clients/excite/res/cpp/body.h,1543,Declaring class is context only; struct nesting and array indexing are not resolved
SCH-00563,Power Unit (excite),Body,EQEXIN Block Name,char*,,Schema declaration; instance not resolved,Body_pro_doft,b_eqexin,Candidate: GetStrValue(field),"Candidate: SetStrValue(field,value)",Schema field/label confirmed; full path + instance + runtime read not verified,Generic API available; this field write NOT verified,Not eligible for Apply; resolve path and test first,,Check type/enable/visibility rules in source,Resolve actual instance/full path; check ASE vs ACT; selection/enable flags; enum mapping; binding; units; round-trip,<AVL_ROOT>/AWS/appl/clients/excite/res/cpp/body.h,1544,Declaring class is context only; struct nesting and array indexing are not resolved
SCH-00564,Power Unit (excite),Body,Use different File for EQEXIN,Bool,,Schema declaration; instance not resolved,Body_pro_doft,separate,Candidate: GetIntValue(field),"Candidate: SetIntValue(field,value)",Schema field/label confirmed; full path + instance + runtime read not verified,Generic API available; this field write NOT verified,Not eligible for Apply; resolve path and test first,,<visibility_change>,Resolve actual instance/full path; check ASE vs ACT; selection/enable flags; enum mapping; binding; units; round-trip,<AVL_ROOT>/AWS/appl/clients/excite/res/cpp/body.h,1546,Declaring class is context only; struct nesting and array indexing are not resolved
SCH-00565,Power Unit (excite),Body,File,char*,,Schema declaration; instance not resolved,Body_pro_lcv,file,Candidate: GetStrValue(field),"Candidate: SetStrValue(field,value)",Schema field/label confirmed; full path + instance + runtime read not verified,Generic API available; this field write NOT verified,Not eligible for Apply; resolve path and test first,,Check type/enable/visibility rules in source,Resolve actual instance/full path; check ASE vs ACT; selection/enable flags; enum mapping; binding; units; round-trip,<AVL_ROOT>/AWS/appl/clients/excite/res/cpp/body.h,1568,Declaring class is context only; struct nesting and array indexing are not resolved
SCH-00566,Power Unit (excite),Body,File,char*,,Schema declaration; instance not resolved,Body_pro_geom,file,Candidate: GetStrValue(field),"Candidate: SetStrValue(field,value)",Schema field/label confirmed; full path + instance + runtime read not verified,Generic API available; this field write NOT verified,Not eligible for Apply; resolve path and test first,,Check type/enable/visibility rules in source,Resolve actual instance/full path; check ASE vs ACT; selection/enable flags; enum mapping; binding; units; round-trip,<AVL_ROOT>/AWS/appl/clients/excite/res/cpp/body.h,1584,Declaring class is context only; struct nesting and array indexing are not resolved
SCH-00567,Power Unit (excite),Body,File,char*,,Schema declaration; instance not resolved,Body_pro_geom,f_geom1,Candidate: GetStrValue(field),"Candidate: SetStrValue(field,value)",Schema field/label confirmed; full path + instance + runtime read not verified,Generic API available; this field write NOT verified,Not eligible for Apply; resolve path and test first,,Check type/enable/visibility rules in source,Resolve actual instance/full path; check ASE vs ACT; selection/enable flags; enum mapping; binding; units; round-trip,<AVL_ROOT>/AWS/appl/clients/excite/res/cpp/body.h,1592,Declaring class is context only; struct nesting and array indexing are not resolved
SCH-00568,Power Unit (excite),Body,GEOM1 Block Name,char*,,Schema declaration; instance not resolved,Body_pro_geom,b_geom1,Candidate: GetStrValue(field),"Candidate: SetStrValue(field,value)",Schema field/label confirmed; full path + instance + runtime read not verified,Generic API available; this field write NOT verified,Not eligible for Apply; resolve path and test first,,Check type/enable/visibility rules in source,Resolve actual instance/full path; check ASE vs ACT; selection/enable flags; enum mapping; binding; units; round-trip,<AVL_ROOT>/AWS/appl/clients/excite/res/cpp/body.h,1595,Declaring class is context only; struct nesting and array indexing are not resolved
SCH-00569,Power Unit (excite),Body,File,char*,,Schema declaration; instance not resolved,Body_pro_smat,file,Candidate: GetStrValue(field),"Candidate: SetStrValue(field,value)",Schema field/label confirmed; full path + instance + runtime read not verified,Generic API available; this field write NOT verified,Not eligible for Apply; resolve path and test first,,Check type/enable/visibility rules in source,Resolve actual instance/full path; check ASE vs ACT; selection/enable flags; enum mapping; binding; units; round-trip,<AVL_ROOT>/AWS/appl/clients/excite/res/cpp/body.h,1604,Declaring class is context only; struct nesting and array indexing are not resolved
SCH-00570,Power Unit (excite),Body,Block Name,char*,,Schema declaration; instance not resolved,Body_pro_smat,block,Candidate: GetStrValue(field),"Candidate: SetStrValue(field,value)",Schema field/label confirmed; full path + instance + runtime read not verified,Generic API available; this field write NOT verified,Not eligible for Apply; resolve path and test first,,Check type/enable/visibility rules in source,Resolve actual instance/full path; check ASE vs ACT; selection/enable flags; enum mapping; binding; units; round-trip,<AVL_ROOT>/AWS/appl/clients/excite/res/cpp/body.h,1607,Declaring class is context only; struct nesting and array indexing are not resolved
SCH-00571,Power Unit (excite),Body,Format,ASEenum,,Schema declaration; instance not resolved,Body_pro_smat,form,Candidate: GetIntValue(field),"Candidate: SetIntValue(field,value)",Schema field/label confirmed; full path + instance + runtime read not verified,Generic API available; this field write NOT verified,Not eligible for Apply; resolve path and test first,,Check type/enable/visibility rules in source,Resolve actual instance/full path; check ASE vs ACT; selection/enable flags; enum mapping; binding; units; round-trip,<AVL_ROOT>/AWS/appl/clients/excite/res/cpp/body.h,1608,"Schema labels: ""OUT4 - ASCII (BCD)"",""OUT4 - Binary"""
SCH-00572,Power Unit (excite),Body,File,char*,,Schema declaration; instance not resolved,Body_pro_mmat,file,Candidate: GetStrValue(field),"Candidate: SetStrValue(field,value)",Schema field/label confirmed; full path + instance + runtime read not verified,Generic API available; this field write NOT verified,Not eligible for Apply; resolve path and test first,,Check type/enable/visibility rules in source,Resolve actual instance/full path; check ASE vs ACT; selection/enable flags; enum mapping; binding; units; round-trip,<AVL_ROOT>/AWS/appl/clients/excite/res/cpp/body.h,1623,Declaring class is context only; struct nesting and array indexing are not resolved
SCH-00573,Power Unit (excite),Body,Block Name,char*,,Schema declaration; instance not resolved,Body_pro_mmat,block,Candidate: GetStrValue(field),"Candidate: SetStrValue(field,value)",Schema field/label confirmed; full path + instance + runtime read not verified,Generic API available; this field write NOT verified,Not eligible for Apply; resolve path and test first,,Check type/enable/visibility rules in source,Resolve actual instance/full path; check ASE vs ACT; selection/enable flags; enum mapping; binding; units; round-trip,<AVL_ROOT>/AWS/appl/clients/excite/res/cpp/body.h,1626,Declaring class is context only; struct nesting and array indexing are not resolved
SCH-00574,Power Unit (excite),Body,Format,ASEenum,,Schema declaration; instance not resolved,Body_pro_mmat,form,Candidate: GetIntValue(field),"Candidate: SetIntValue(field,value)",Schema field/label confirmed; full path + instance + runtime read not verified,Generic API available; this field write NOT verified,Not eligible for Apply; resolve path and test first,,Check type/enable/visibility rules in source,Resolve actual instance/full path; check ASE vs ACT; selection/enable flags; enum mapping; binding; units; round-trip,<AVL_ROOT>/AWS/appl/clients/excite/res/cpp/body.h,1627,"Schema labels: ""OUT4 - ASCII (BCD)"",""OUT4 - Binary"""
SCH-00575,Power Unit (excite),Body,Frequency f1,double,"frequency,Hz",Schema declaration; instance not resolved,Body_pro_dmat,freq1,"Candidate: GetDblValueU(field,unit)","Candidate: SetDblValueU(field,value,unit)",Schema field/label confirmed; full path + instance + runtime read not verified,Generic API available; this field write NOT verified,Not eligible for Apply; resolve path and test first,,Check type/enable/visibility rules in source,Resolve actual instance/full path; check ASE vs ACT; selection/enable flags; enum mapping; binding; units; round-trip,<AVL_ROOT>/AWS/appl/clients/excite/res/cpp/body.h,1644,Declaring class is context only; struct nesting and array indexing are not resolved
SCH-00576,Power Unit (excite),Body,Damping Ratio at f1,double,"dimensionless,no",Schema declaration; instance not resolved,Body_pro_dmat,damp1,"Candidate: GetDblValueU(field,unit)","Candidate: SetDblValueU(field,value,unit)",Schema field/label confirmed; full path + instance + runtime read not verified,Generic API available; this field write NOT verified,Not eligible for Apply; resolve path and test first,,Check type/enable/visibility rules in source,Resolve actual instance/full path; check ASE vs ACT; selection/enable flags; enum mapping; binding; units; round-trip,<AVL_ROOT>/AWS/appl/clients/excite/res/cpp/body.h,1645,Declaring class is context only; struct nesting and array indexing are not resolved
SCH-00577,Power Unit (excite),Body,Frequency f2,double,"frequency,Hz",Schema declaration; instance not resolved,Body_pro_dmat,freq2,"Candidate: GetDblValueU(field,unit)","Candidate: SetDblValueU(field,value,unit)",Schema field/label confirmed; full path + instance + runtime read not verified,Generic API available; this field write NOT verified,Not eligible for Apply; resolve path and test first,,Check type/enable/visibility rules in source,Resolve actual instance/full path; check ASE vs ACT; selection/enable flags; enum mapping; binding; units; round-trip,<AVL_ROOT>/AWS/appl/clients/excite/res/cpp/body.h,1646,Declaring class is context only; struct nesting and array indexing are not resolved
SCH-00578,Power Unit (excite),Body,Damping Ratio at f2,double,"dimensionless,no",Schema declaration; instance not resolved,Body_pro_dmat,damp2,"Candidate: GetDblValueU(field,unit)","Candidate: SetDblValueU(field,value,unit)",Schema field/label confirmed; full path + instance + runtime read not verified,Generic API available; this field write NOT verified,Not eligible for Apply; resolve path and test first,,Check type/enable/visibility rules in source,Resolve actual instance/full path; check ASE vs ACT; selection/enable flags; enum mapping; binding; units; round-trip,<AVL_ROOT>/AWS/appl/clients/excite/res/cpp/body.h,1647,Declaring class is context only; struct nesting and array indexing are not resolved
SCH-00579,Power Unit (excite),Body,Factor for Mass Matrix,double,"dimensionless,no",Schema declaration; instance not resolved,Body_pro_dmat,mfac,"Candidate: GetDblValueU(field,unit)","Candidate: SetDblValueU(field,value,unit)",Schema field/label confirmed; full path + instance + runtime read not verified,Generic API available; this field write NOT verified,Not eligible for Apply; resolve path and test first,,Check type/enable/visibility rules in source,Resolve actual instance/full path; check ASE vs ACT; selection/enable flags; enum mapping; binding; units; round-trip,<AVL_ROOT>/AWS/appl/clients/excite/res/cpp/body.h,1656,Declaring class is context only; struct nesting and array indexing are not resolved
SCH-00580,Power Unit (excite),Body,Factor for Stiffness Matrix,double,"dimensionless,no",Schema declaration; instance not resolved,Body_pro_dmat,sfac,"Candidate: GetDblValueU(field,unit)","Candidate: SetDblValueU(field,value,unit)",Schema field/label confirmed; full path + instance + runtime read not verified,Generic API available; this field write NOT verified,Not eligible for Apply; resolve path and test first,,Check type/enable/visibility rules in source,Resolve actual instance/full path; check ASE vs ACT; selection/enable flags; enum mapping; binding; units; round-trip,<AVL_ROOT>/AWS/appl/clients/excite/res/cpp/body.h,1657,Declaring class is context only; struct nesting and array indexing are not resolved
SCH-00581,Power Unit (excite),Body,File,char*,,Schema declaration; instance not resolved,Body_pro_dmat,file,Candidate: GetStrValue(field),"Candidate: SetStrValue(field,value)",Schema field/label confirmed; full path + instance + runtime read not verified,Generic API available; this field write NOT verified,Not eligible for Apply; resolve path and test first,,Check type/enable/visibility rules in source,Resolve actual instance/full path; check ASE vs ACT; selection/enable flags; enum mapping; binding; units; round-trip,<AVL_ROOT>/AWS/appl/clients/excite/res/cpp/body.h,1665,Declaring class is context only; struct nesting and array indexing are not resolved
SCH-00582,Power Unit (excite),Body,Block Name,char*,,Schema declaration; instance not resolved,Body_pro_dmat,block,Candidate: GetStrValue(field),"Candidate: SetStrValue(field,value)",Schema field/label confirmed; full path + instance + runtime read not verified,Generic API available; this field write NOT verified,Not eligible for Apply; resolve path and test first,,Check type/enable/visibility rules in source,Resolve actual instance/full path; check ASE vs ACT; selection/enable flags; enum mapping; binding; units; round-trip,<AVL_ROOT>/AWS/appl/clients/excite/res/cpp/body.h,1668,Declaring class is context only; struct nesting and array indexing are not resolved
SCH-00583,Power Unit (excite),Body,Format,ASEenum,,Schema declaration; instance not resolved,Body_pro_dmat,form,Candidate: GetIntValue(field),"Candidate: SetIntValue(field,value)",Schema field/label confirmed; full path + instance + runtime read not verified,Generic API available; this field write NOT verified,Not eligible for Apply; resolve path and test first,,Check type/enable/visibility rules in source,Resolve actual instance/full path; check ASE vs ACT; selection/enable flags; enum mapping; binding; units; round-trip,<AVL_ROOT>/AWS/appl/clients/excite/res/cpp/body.h,1669,"Schema labels: ""OUT4 - ASCII (BCD)"",""OUT4 - Binary"""
SCH-00584,Power Unit (excite),Body,File Name,char*,,Schema declaration; instance not resolved,Body_pro_cmat,file,Candidate: GetStrValue(field),"Candidate: SetStrValue(field,value)",Schema field/label confirmed; full path + instance + runtime read not verified,Generic API available; this field write NOT verified,Not eligible for Apply; resolve path and test first,,Check type/enable/visibility rules in source,Resolve actual instance/full path; check ASE vs ACT; selection/enable flags; enum mapping; binding; units; round-trip,<AVL_ROOT>/AWS/appl/clients/excite/res/cpp/body.h,1683,Declaring class is context only; struct nesting and array indexing are not resolved
SCH-00585,Power Unit (excite),Body,Block Name,char*,,Schema declaration; instance not resolved,Body_pro_cmat,block,Candidate: GetStrValue(field),"Candidate: SetStrValue(field,value)",Schema field/label confirmed; full path + instance + runtime read not verified,Generic API available; this field write NOT verified,Not eligible for Apply; resolve path and test first,,Check type/enable/visibility rules in source,Resolve actual instance/full path; check ASE vs ACT; selection/enable flags; enum mapping; binding; units; round-trip,<AVL_ROOT>/AWS/appl/clients/excite/res/cpp/body.h,1686,Declaring class is context only; struct nesting and array indexing are not resolved
SCH-00586,Power Unit (excite),Body,File Name,char*,,Schema declaration; instance not resolved,Body_pro_cmat,file,Candidate: GetStrValue(field),"Candidate: SetStrValue(field,value)",Schema field/label confirmed; full path + instance + runtime read not verified,Generic API available; this field write NOT verified,Not eligible for Apply; resolve path and test first,,Check type/enable/visibility rules in source,Resolve actual instance/full path; check ASE vs ACT; selection/enable flags; enum mapping; binding; units; round-trip,<AVL_ROOT>/AWS/appl/clients/excite/res/cpp/body.h,1689,Declaring class is context only; struct nesting and array indexing are not resolved
SCH-00587,Power Unit (excite),Body,Block Name,char*,,Schema declaration; instance not resolved,Body_pro_cmat,block,Candidate: GetStrValue(field),"Candidate: SetStrValue(field,value)",Schema field/label confirmed; full path + instance + runtime read not verified,Generic API available; this field write NOT verified,Not eligible for Apply; resolve path and test first,,Check type/enable/visibility rules in source,Resolve actual instance/full path; check ASE vs ACT; selection/enable flags; enum mapping; binding; units; round-trip,<AVL_ROOT>/AWS/appl/clients/excite/res/cpp/body.h,1692,Declaring class is context only; struct nesting and array indexing are not resolved
SCH-00588,Power Unit (excite),Body,File Name,char*,,Schema declaration; instance not resolved,Body_pro_cmat,file,Candidate: GetStrValue(field),"Candidate: SetStrValue(field,value)",Schema field/label confirmed; full path + instance + runtime read not verified,Generic API available; this field write NOT verified,Not eligible for Apply; resolve path and test first,,Check type/enable/visibility rules in source,Resolve actual instance/full path; check ASE vs ACT; selection/enable flags; enum mapping; binding; units; round-trip,<AVL_ROOT>/AWS/appl/clients/excite/res/cpp/body.h,1695,Declaring class is context only; struct nesting and array indexing are not resolved
SCH-00589,Power Unit (excite),Body,Block Name,char*,,Schema declaration; instance not resolved,Body_pro_cmat,block,Candidate: GetStrValue(field),"Candidate: SetStrValue(field,value)",Schema field/label confirmed; full path + instance + runtime read not verified,Generic API available; this field write NOT verified,Not eligible for Apply; resolve path and test first,,Check type/enable/visibility rules in source,Resolve actual instance/full path; check ASE vs ACT; selection/enable flags; enum mapping; binding; units; round-trip,<AVL_ROOT>/AWS/appl/clients/excite/res/cpp/body.h,1698,Declaring class is context only; struct nesting and array indexing are not resolved
SCH-00590,Power Unit (excite),Body,File Name,char*,,Schema declaration; instance not resolved,Body_pro_cmat,file,Candidate: GetStrValue(field),"Candidate: SetStrValue(field,value)",Schema field/label confirmed; full path + instance + runtime read not verified,Generic API available; this field write NOT verified,Not eligible for Apply; resolve path and test first,,Check type/enable/visibility rules in source,Resolve actual instance/full path; check ASE vs ACT; selection/enable flags; enum mapping; binding; units; round-trip,<AVL_ROOT>/AWS/appl/clients/excite/res/cpp/body.h,1701,Declaring class is context only; struct nesting and array indexing are not resolved
SCH-00591,Power Unit (excite),Body,Block Name,char*,,Schema declaration; instance not resolved,Body_pro_cmat,block,Candidate: GetStrValue(field),"Candidate: SetStrValue(field,value)",Schema field/label confirmed; full path + instance + runtime read not verified,Generic API available; this field write NOT verified,Not eligible for Apply; resolve path and test first,,Check type/enable/visibility rules in source,Resolve actual instance/full path; check ASE vs ACT; selection/enable flags; enum mapping; binding; units; round-trip,<AVL_ROOT>/AWS/appl/clients/excite/res/cpp/body.h,1704,Declaring class is context only; struct nesting and array indexing are not resolved
SCH-00592,Power Unit (excite),Body,File Name,char*,,Schema declaration; instance not resolved,Body_pro_cmat,file,Candidate: GetStrValue(field),"Candidate: SetStrValue(field,value)",Schema field/label confirmed; full path + instance + runtime read not verified,Generic API available; this field write NOT verified,Not eligible for Apply; resolve path and test first,,Check type/enable/visibility rules in source,Resolve actual instance/full path; check ASE vs ACT; selection/enable flags; enum mapping; binding; units; round-trip,<AVL_ROOT>/AWS/appl/clients/excite/res/cpp/body.h,1707,Declaring class is context only; struct nesting and array indexing are not resolved
SCH-00593,Power Unit (excite),Body,Block Name,char*,,Schema declaration; instance not resolved,Body_pro_cmat,block,Candidate: GetStrValue(field),"Candidate: SetStrValue(field,value)",Schema field/label confirmed; full path + instance + runtime read not verified,Generic API available; this field write NOT verified,Not eligible for Apply; resolve path and test first,,Check type/enable/visibility rules in source,Resolve actual instance/full path; check ASE vs ACT; selection/enable flags; enum mapping; binding; units; round-trip,<AVL_ROOT>/AWS/appl/clients/excite/res/cpp/body.h,1710,Declaring class is context only; struct nesting and array indexing are not resolved
SCH-00594,Power Unit (excite),Body,Format,ASEenum,,Schema declaration; instance not resolved,Body_pro_cmat,form,Candidate: GetIntValue(field),"Candidate: SetIntValue(field,value)",Schema field/label confirmed; full path + instance + runtime read not verified,Generic API available; this field write NOT verified,Not eligible for Apply; resolve path and test first,,Check type/enable/visibility rules in source,Resolve actual instance/full path; check ASE vs ACT; selection/enable flags; enum mapping; binding; units; round-trip,<AVL_ROOT>/AWS/appl/clients/excite/res/cpp/body.h,1713,"Schema labels: ""OUT4 - ASCII (BCD)"",""OUT4 - Binary"""
SCH-00595,Power Unit (excite),Body,File,char*,,Schema declaration; instance not resolved,Body_pro_elem,file,Candidate: GetStrValue(field),"Candidate: SetStrValue(field,value)",Schema field/label confirmed; full path + instance + runtime read not verified,Generic API available; this field write NOT verified,Not eligible for Apply; resolve path and test first,,Check type/enable/visibility rules in source,Resolve actual instance/full path; check ASE vs ACT; selection/enable flags; enum mapping; binding; units; round-trip,<AVL_ROOT>/AWS/appl/clients/excite/res/cpp/body.h,1720,Declaring class is context only; struct nesting and array indexing are not resolved
SCH-00596,Power Unit (excite),Body,Format,ASEenum,,Schema declaration; instance not resolved,Body_pro_elem,form,Candidate: GetIntValue(field),"Candidate: SetIntValue(field,value)",Schema field/label confirmed; full path + instance + runtime read not verified,Generic API available; this field write NOT verified,Not eligible for Apply; resolve path and test first,,Check type/enable/visibility rules in source,Resolve actual instance/full path; check ASE vs ACT; selection/enable flags; enum mapping; binding; units; round-trip,<AVL_ROOT>/AWS/appl/clients/excite/res/cpp/body.h,1723,"Schema labels: ""ASCII"",""OUTPUT2 (binary)"""
SCH-00597,Power Unit (excite),Body,File,char*,,Schema declaration; instance not resolved,Body_pro_elem,file,Candidate: GetStrValue(field),"Candidate: SetStrValue(field,value)",Schema field/label confirmed; full path + instance + runtime read not verified,Generic API available; this field write NOT verified,Not eligible for Apply; resolve path and test first,,Check type/enable/visibility rules in source,Resolve actual instance/full path; check ASE vs ACT; selection/enable flags; enum mapping; binding; units; round-trip,<AVL_ROOT>/AWS/appl/clients/excite/res/cpp/body.h,1726,Declaring class is context only; struct nesting and array indexing are not resolved
SCH-00598,Power Unit (excite),Body,Format,ASEenum,,Schema declaration; instance not resolved,Body_pro_elem,form,Candidate: GetIntValue(field),"Candidate: SetIntValue(field,value)",Schema field/label confirmed; full path + instance + runtime read not verified,Generic API available; this field write NOT verified,Not eligible for Apply; resolve path and test first,,Check type/enable/visibility rules in source,Resolve actual instance/full path; check ASE vs ACT; selection/enable flags; enum mapping; binding; units; round-trip,<AVL_ROOT>/AWS/appl/clients/excite/res/cpp/body.h,1729,"Schema labels: ""OUTPUT4 - ASCII (BCD)"",""OUTPUT2 (binary)"""
SCH-00599,Power Unit (excite),Body,File,char*,,Schema declaration; instance not resolved,Body_pro_load,file,Candidate: GetStrValue(field),"Candidate: SetStrValue(field,value)",Schema field/label confirmed; full path + instance + runtime read not verified,Generic API available; this field write NOT verified,Not eligible for Apply; resolve path and test first,,Check type/enable/visibility rules in source,Resolve actual instance/full path; check ASE vs ACT; selection/enable flags; enum mapping; binding; units; round-trip,<AVL_ROOT>/AWS/appl/clients/excite/res/cpp/body.h,1740,Declaring class is context only; struct nesting and array indexing are not resolved
SCH-00600,Power Unit (excite),Body,Alpha,double,"dimensionless,no",Schema declaration; instance not resolved,Body_int,alpha,"Candidate: GetDblValueU(field,unit)","Candidate: SetDblValueU(field,value,unit)",Schema field/label confirmed; full path + instance + runtime read not verified,Generic API available; this field write NOT verified,Not eligible for Apply; resolve path and test first,,Check type/enable/visibility rules in source,Resolve actual instance/full path; check ASE vs ACT; selection/enable flags; enum mapping; binding; units; round-trip,<AVL_ROOT>/AWS/appl/clients/excite/res/cpp/body.h,1775,Declaring class is context only; struct nesting and array indexing are not resolved
SCH-00601,Power Unit (excite),Body,Delta,double,"dimensionless,no",Schema declaration; instance not resolved,Body_int,delta,"Candidate: GetDblValueU(field,unit)","Candidate: SetDblValueU(field,value,unit)",Schema field/label confirmed; full path + instance + runtime read not verified,Generic API available; this field write NOT verified,Not eligible for Apply; resolve path and test first,,Check type/enable/visibility rules in source,Resolve actual instance/full path; check ASE vs ACT; selection/enable flags; enum mapping; binding; units; round-trip,<AVL_ROOT>/AWS/appl/clients/excite/res/cpp/body.h,1776,Declaring class is context only; struct nesting and array indexing are not resolved
SCH-00602,Power Unit (excite),Body,Gamma,double,"dimensionless,no",Schema declaration; instance not resolved,Body_int,gamma,"Candidate: GetDblValueU(field,unit)","Candidate: SetDblValueU(field,value,unit)",Schema field/label confirmed; full path + instance + runtime read not verified,Generic API available; this field write NOT verified,Not eligible for Apply; resolve path and test first,,Check type/enable/visibility rules in source,Resolve actual instance/full path; check ASE vs ACT; selection/enable flags; enum mapping; binding; units; round-trip,<AVL_ROOT>/AWS/appl/clients/excite/res/cpp/body.h,1780,Declaring class is context only; struct nesting and array indexing are not resolved
SCH-00603,Power Unit (excite),Body,Consider Force/Moments of Previous Timestep,Bool,,Schema declaration; instance not resolved,Body_int,prev,Candidate: GetIntValue(field),"Candidate: SetIntValue(field,value)",Schema field/label confirmed; full path + instance + runtime read not verified,Generic API available; this field write NOT verified,Not eligible for Apply; resolve path and test first,,Check type/enable/visibility rules in source,Resolve actual instance/full path; check ASE vs ACT; selection/enable flags; enum mapping; binding; units; round-trip,<AVL_ROOT>/AWS/appl/clients/excite/res/cpp/body.h,1781,Declaring class is context only; struct nesting and array indexing are not resolved
SCH-00604,Power Unit (excite),Body,Alpha-B,double,"dimensionless,no",Schema declaration; instance not resolved,Body_int,alphb,"Candidate: GetDblValueU(field,unit)","Candidate: SetDblValueU(field,value,unit)",Schema field/label confirmed; full path + instance + runtime read not verified,Generic API available; this field write NOT verified,Not eligible for Apply; resolve path and test first,,Check type/enable/visibility rules in source,Resolve actual instance/full path; check ASE vs ACT; selection/enable flags; enum mapping; binding; units; round-trip,<AVL_ROOT>/AWS/appl/clients/excite/res/cpp/body.h,1785,Declaring class is context only; struct nesting and array indexing are not resolved
SCH-00605,Power Unit (excite),Body,Alpha-H,double,"dimensionless,no",Schema declaration; instance not resolved,Body_int,alphh,"Candidate: GetDblValueU(field,unit)","Candidate: SetDblValueU(field,value,unit)",Schema field/label confirmed; full path + instance + runtime read not verified,Generic API available; this field write NOT verified,Not eligible for Apply; resolve path and test first,,Check type/enable/visibility rules in source,Resolve actual instance/full path; check ASE vs ACT; selection/enable flags; enum mapping; binding; units; round-trip,<AVL_ROOT>/AWS/appl/clients/excite/res/cpp/body.h,1786,Declaring class is context only; struct nesting and array indexing are not resolved
SCH-00606,Power Unit (excite),Body,Link to FEM preferences,Bool,,Schema declaration; instance not resolved,Body_mod_rotax,link_to_pref,Candidate: GetIntValue(field),"Candidate: SetIntValue(field,value)",Schema field/label confirmed; full path + instance + runtime read not verified,Generic API available; this field write NOT verified,Not eligible for Apply; resolve path and test first,,Check type/enable/visibility rules in source,Resolve actual instance/full path; check ASE vs ACT; selection/enable flags; enum mapping; binding; units; round-trip,<AVL_ROOT>/AWS/appl/clients/excite/res/cpp/body.h,1814,Declaring class is context only; struct nesting and array indexing are not resolved
SCH-00607,Power Unit (excite),Body,Local Rotation Axis,ASEenum,,Schema declaration; instance not resolved,Body_mod_rotax,rotaxis,Candidate: GetIntValue(field),"Candidate: SetIntValue(field,value)",Schema field/label confirmed; full path + instance + runtime read not verified,Generic API available; this field write NOT verified,Not eligible for Apply; resolve path and test first,,Check type/enable/visibility rules in source,Resolve actual instance/full path; check ASE vs ACT; selection/enable flags; enum mapping; binding; units; round-trip,<AVL_ROOT>/AWS/appl/clients/excite/res/cpp/body.h,1817,"Schema labels: ""X (e1)"",""Y (e2)"",""Z (e3)"""
SCH-00608,Power Unit (excite),Body,Activate Modification,Bool,,Schema declaration; instance not resolved,Body_mod_geom,active,Candidate: GetIntValue(field),"Candidate: SetIntValue(field,value)",Schema field/label confirmed; full path + instance + runtime read not verified,Generic API available; this field write NOT verified,Not eligible for Apply; resolve path and test first,,Check type/enable/visibility rules in source,Resolve actual instance/full path; check ASE vs ACT; selection/enable flags; enum mapping; binding; units; round-trip,<AVL_ROOT>/AWS/appl/clients/excite/res/cpp/body.h,1825,Declaring class is context only; struct nesting and array indexing are not resolved
SCH-00609,Power Unit (excite),Body,Node1  Node2  DOF  Value ...,char**,,Schema declaration; instance not resolved,Body_mod_smat,data,"Candidate: WSClass.GetWSMatrix(field,0)",Candidate: WSMatrix typed setters + ReleaseHandle,Schema field/label confirmed; full path + instance + runtime read not verified,Generic API available; this field write NOT verified,Not eligible for Apply; resolve path and test first,,Check type/enable/visibility rules in source,Resolve actual instance/full path; check ASE vs ACT; selection/enable flags; enum mapping; binding; units; round-trip,<AVL_ROOT>/AWS/appl/clients/excite/res/cpp/body.h,1837,Declaring class is context only; struct nesting and array indexing are not resolved
SCH-00610,Power Unit (excite),Body,Node  DOF  Value ...,char**,,Schema declaration; instance not resolved,Body_mod_mmat,data,"Candidate: WSClass.GetWSMatrix(field,0)",Candidate: WSMatrix typed setters + ReleaseHandle,Schema field/label confirmed; full path + instance + runtime read not verified,Generic API available; this field write NOT verified,Not eligible for Apply; resolve path and test first,,Check type/enable/visibility rules in source,Resolve actual instance/full path; check ASE vs ACT; selection/enable flags; enum mapping; binding; units; round-trip,<AVL_ROOT>/AWS/appl/clients/excite/res/cpp/body.h,1845,Declaring class is context only; struct nesting and array indexing are not resolved
SCH-00611,Power Unit (excite),Body,Node1  Node2  DOF  Value ...,char**,,Schema declaration; instance not resolved,Body_mod_dmat,data,"Candidate: WSClass.GetWSMatrix(field,0)",Candidate: WSMatrix typed setters + ReleaseHandle,Schema field/label confirmed; full path + instance + runtime read not verified,Generic API available; this field write NOT verified,Not eligible for Apply; resolve path and test first,,Check type/enable/visibility rules in source,Resolve actual instance/full path; check ASE vs ACT; selection/enable flags; enum mapping; binding; units; round-trip,<AVL_ROOT>/AWS/appl/clients/excite/res/cpp/body.h,1853,Declaring class is context only; struct nesting and array indexing are not resolved
SCH-00612,Power Unit (excite),Body,Eigenvalues,int,,Schema declaration; instance not resolved,Body_chk_matr,num,Candidate: GetIntValue(field),"Candidate: SetIntValue(field,value)",Schema field/label confirmed; full path + instance + runtime read not verified,Generic API available; this field write NOT verified,Not eligible for Apply; resolve path and test first,,Check type/enable/visibility rules in source,Resolve actual instance/full path; check ASE vs ACT; selection/enable flags; enum mapping; binding; units; round-trip,<AVL_ROOT>/AWS/appl/clients/excite/res/cpp/body.h,1868,Declaring class is context only; struct nesting and array indexing are not resolved
SCH-00613,Power Unit (excite),Body,Eigenvalues,int,,Schema declaration; instance not resolved,Body_chk_matr,num,Candidate: GetIntValue(field),"Candidate: SetIntValue(field,value)",Schema field/label confirmed; full path + instance + runtime read not verified,Generic API available; this field write NOT verified,Not eligible for Apply; resolve path and test first,,Check type/enable/visibility rules in source,Resolve actual instance/full path; check ASE vs ACT; selection/enable flags; enum mapping; binding; units; round-trip,<AVL_ROOT>/AWS/appl/clients/excite/res/cpp/body.h,1871,Declaring class is context only; struct nesting and array indexing are not resolved
SCH-00614,Power Unit (excite),Body,Eigenvalues,int,,Schema declaration; instance not resolved,Body_chk_matr,num,Candidate: GetIntValue(field),"Candidate: SetIntValue(field,value)",Schema field/label confirmed; full path + instance + runtime read not verified,Generic API available; this field write NOT verified,Not eligible for Apply; resolve path and test first,,Check type/enable/visibility rules in source,Resolve actual instance/full path; check ASE vs ACT; selection/enable flags; enum mapping; binding; units; round-trip,<AVL_ROOT>/AWS/appl/clients/excite/res/cpp/body.h,1874,Declaring class is context only; struct nesting and array indexing are not resolved
SCH-00615,Power Unit (excite),Body,Eigenvalues,int,,Schema declaration; instance not resolved,Body_chk_matr,num,Candidate: GetIntValue(field),"Candidate: SetIntValue(field,value)",Schema field/label confirmed; full path + instance + runtime read not verified,Generic API available; this field write NOT verified,Not eligible for Apply; resolve path and test first,,Check type/enable/visibility rules in source,Resolve actual instance/full path; check ASE vs ACT; selection/enable flags; enum mapping; binding; units; round-trip,<AVL_ROOT>/AWS/appl/clients/excite/res/cpp/body.h,1877,Declaring class is context only; struct nesting and array indexing are not resolved
SCH-00616,Power Unit (excite),Body,Time Step Size,double,"time,s",Schema declaration; instance not resolved,Body_chk_matr,time,"Candidate: GetDblValueU(field,unit)","Candidate: SetDblValueU(field,value,unit)",Schema field/label confirmed; full path + instance + runtime read not verified,Generic API available; this field write NOT verified,Not eligible for Apply; resolve path and test first,,Check type/enable/visibility rules in source,Resolve actual instance/full path; check ASE vs ACT; selection/enable flags; enum mapping; binding; units; round-trip,<AVL_ROOT>/AWS/appl/clients/excite/res/cpp/body.h,1878,Declaring class is context only; struct nesting and array indexing are not resolved
SCH-00617,Power Unit (excite),Body,Node Label,int,,Schema declaration; instance not resolved,Body_res_node,num,Candidate: GetIntValue(field),"Candidate: SetIntValue(field,value)",Schema field/label confirmed; full path + instance + runtime read not verified,Generic API available; this field write NOT verified,Not eligible for Apply; resolve path and test first,,Check type/enable/visibility rules in source,Resolve actual instance/full path; check ASE vs ACT; selection/enable flags; enum mapping; binding; units; round-trip,<AVL_ROOT>/AWS/appl/clients/excite/res/cpp/body.h,1890,Declaring class is context only; struct nesting and array indexing are not resolved
SCH-00618,Power Unit (excite),Body,Node Results in Absolute Coordinate System (ABS),Bool,,Schema declaration; instance not resolved,Body_res_node,abs,Candidate: GetIntValue(field),"Candidate: SetIntValue(field,value)",Schema field/label confirmed; full path + instance + runtime read not verified,Generic API available; this field write NOT verified,Not eligible for Apply; resolve path and test first,,Check type/enable/visibility rules in source,Resolve actual instance/full path; check ASE vs ACT; selection/enable flags; enum mapping; binding; units; round-trip,<AVL_ROOT>/AWS/appl/clients/excite/res/cpp/body.h,1893,Declaring class is context only; struct nesting and array indexing are not resolved
SCH-00619,Power Unit (excite),Body,Node Results in Reference Coordinate System (REF),Bool,,Schema declaration; instance not resolved,Body_res_node,ref,Candidate: GetIntValue(field),"Candidate: SetIntValue(field,value)",Schema field/label confirmed; full path + instance + runtime read not verified,Generic API available; this field write NOT verified,Not eligible for Apply; resolve path and test first,,Check type/enable/visibility rules in source,Resolve actual instance/full path; check ASE vs ACT; selection/enable flags; enum mapping; binding; units; round-trip,<AVL_ROOT>/AWS/appl/clients/excite/res/cpp/body.h,1894,Declaring class is context only; struct nesting and array indexing are not resolved
SCH-00620,Power Unit (excite),Body,Node Results in Body Coordinate System (REL),Bool,,Schema declaration; instance not resolved,Body_res_node,rel,Candidate: GetIntValue(field),"Candidate: SetIntValue(field,value)",Schema field/label confirmed; full path + instance + runtime read not verified,Generic API available; this field write NOT verified,Not eligible for Apply; resolve path and test first,,Check type/enable/visibility rules in source,Resolve actual instance/full path; check ASE vs ACT; selection/enable flags; enum mapping; binding; units; round-trip,<AVL_ROOT>/AWS/appl/clients/excite/res/cpp/body.h,1895,Declaring class is context only; struct nesting and array indexing are not resolved
SCH-00621,Power Unit (excite),Body,Node Results in,Bool,,Schema declaration; instance not resolved,Body_res_node,ucs,Candidate: GetIntValue(field),"Candidate: SetIntValue(field,value)",Schema field/label confirmed; full path + instance + runtime read not verified,Generic API available; this field write NOT verified,Not eligible for Apply; resolve path and test first,,<visibility_change>,Resolve actual instance/full path; check ASE vs ACT; selection/enable flags; enum mapping; binding; units; round-trip,<AVL_ROOT>/AWS/appl/clients/excite/res/cpp/body.h,1896,Declaring class is context only; struct nesting and array indexing are not resolved
SCH-00622,Power Unit (excite),Body,Coordinate System,ASEenum,,Schema declaration; instance not resolved,Body_res_node,_csys_,Candidate: GetIntValue(field),"Candidate: SetIntValue(field,value)",Schema field/label confirmed; full path + instance + runtime read not verified,Generic API available; this field write NOT verified,Not eligible for Apply; resolve path and test first,,Check type/enable/visibility rules in source,Resolve actual instance/full path; check ASE vs ACT; selection/enable flags; enum mapping; binding; units; round-trip,<AVL_ROOT>/AWS/appl/clients/excite/res/cpp/body.h,1898,"Schema labels: ""-"""
SCH-00623,Power Unit (excite),Body,Internal Forces at Node,Bool,,Schema declaration; instance not resolved,Body_res_node,fint,Candidate: GetIntValue(field),"Candidate: SetIntValue(field,value)",Schema field/label confirmed; full path + instance + runtime read not verified,Generic API available; this field write NOT verified,Not eligible for Apply; resolve path and test first,,Check type/enable/visibility rules in source,Resolve actual instance/full path; check ASE vs ACT; selection/enable flags; enum mapping; binding; units; round-trip,<AVL_ROOT>/AWS/appl/clients/excite/res/cpp/body.h,1900,Declaring class is context only; struct nesting and array indexing are not resolved
SCH-00624,Power Unit (excite),Body,Label DOF Type,char**,,Schema declaration; instance not resolved,DoftArray,data,"Candidate: WSClass.GetWSMatrix(field,0)",Candidate: WSMatrix typed setters + ReleaseHandle,Schema field/label confirmed; full path + instance + runtime read not verified,Generic API available; this field write NOT verified,Not eligible for Apply; resolve path and test first,,Check type/enable/visibility rules in source,Resolve actual instance/full path; check ASE vs ACT; selection/enable flags; enum mapping; binding; units; round-trip,<AVL_ROOT>/AWS/appl/clients/excite/res/cpp/body.h,1912,Declaring class is context only; struct nesting and array indexing are not resolved
SCH-00625,Power Unit (excite),Body,Label   x    y    z,char**,,Schema declaration; instance not resolved,GeomArray,data,"Candidate: WSClass.GetWSMatrix(field,0)",Candidate: WSMatrix typed setters + ReleaseHandle,Schema field/label confirmed; full path + instance + runtime read not verified,Generic API available; this field write NOT verified,Not eligible for Apply; resolve path and test first,,Check type/enable/visibility rules in source,Resolve actual instance/full path; check ASE vs ACT; selection/enable flags; enum mapping; binding; units; round-trip,<AVL_ROOT>/AWS/appl/clients/excite/res/cpp/body.h,1917,Declaring class is context only; struct nesting and array indexing are not resolved
SCH-00626,Power Unit (excite),Body,Matrix Data,char**,,Schema declaration; instance not resolved,MatxArray,data,"Candidate: WSClass.GetWSMatrix(field,0)",Candidate: WSMatrix typed setters + ReleaseHandle,Schema field/label confirmed; full path + instance + runtime read not verified,Generic API available; this field write NOT verified,Not eligible for Apply; resolve path and test first,,Check type/enable/visibility rules in source,Resolve actual instance/full path; check ASE vs ACT; selection/enable flags; enum mapping; binding; units; round-trip,<AVL_ROOT>/AWS/appl/clients/excite/res/cpp/body.h,1922,Declaring class is context only; struct nesting and array indexing are not resolved
SCH-00627,Power Unit (excite),Joint / Bearing,Name,char*,,Schema declaration; instance not resolved,NJointDefine,joint_name,Candidate: GetStrValue(field),"Candidate: SetStrValue(field,value)",Schema field/label confirmed; full path + instance + runtime read not verified,Generic API available; this field write NOT verified,Not eligible for Apply; resolve path and test first,,Check type/enable/visibility rules in source,Resolve actual instance/full path; check ASE vs ACT; selection/enable flags; enum mapping; binding; units; round-trip,<AVL_ROOT>/AWS/appl/clients/excite/res/cpp/joint.h,97,Declaring class is context only; struct nesting and array indexing are not resolved
SCH-00628,Power Unit (excite),Joint / Bearing,Type,ASEenum,,Schema declaration; instance not resolved,NJointDefine,type,Candidate: GetIntValue(field),"Candidate: SetIntValue(field,value)",Schema field/label confirmed; full path + instance + runtime read not verified,Generic API available; this field write NOT verified,Not eligible for Apply; resolve path and test first,,Check type/enable/visibility rules in source,Resolve actual instance/full path; check ASE vs ACT; selection/enable flags; enum mapping; binding; units; round-trip,<AVL_ROOT>/AWS/appl/clients/excite/res/cpp/joint.h,102,"Schema labels: ""empty"""
SCH-00629,Power Unit (excite),Joint / Bearing,User Type,char*,,Schema declaration; instance not resolved,NJointDefine,user_type,Candidate: GetStrValue(field),"Candidate: SetStrValue(field,value)",Schema field/label confirmed; full path + instance + runtime read not verified,Generic API available; this field write NOT verified,Not eligible for Apply; resolve path and test first,,Check type/enable/visibility rules in source,Resolve actual instance/full path; check ASE vs ACT; selection/enable flags; enum mapping; binding; units; round-trip,<AVL_ROOT>/AWS/appl/clients/excite/res/cpp/joint.h,107,"Schema labels: ""Select Type"""
SCH-00630,Power Unit (excite),Joint / Bearing,Model Type,ASEenum,,Schema declaration; instance not resolved,NJointDefine,machine_model,Candidate: GetIntValue(field),"Candidate: SetIntValue(field,value)",Schema field/label confirmed; full path + instance + runtime read not verified,Generic API available; this field write NOT verified,Not eligible for Apply; resolve path and test first,,Check type/enable/visibility rules in source,Resolve actual instance/full path; check ASE vs ACT; selection/enable flags; enum mapping; binding; units; round-trip,<AVL_ROOT>/AWS/appl/clients/excite/res/cpp/joint.h,115,"Schema labels: ""Fundamental Wave Model"",""MFC-based circuit model"""
SCH-00631,Power Unit (excite),Joint / Bearing,Model Fidelity,ASEenum,,Schema declaration; instance not resolved,NJointDefine,model_fidelity,Candidate: GetIntValue(field),"Candidate: SetIntValue(field,value)",Schema field/label confirmed; full path + instance + runtime read not verified,Generic API available; this field write NOT verified,Not eligible for Apply; resolve path and test first,,<visibility_change>,Resolve actual instance/full path; check ASE vs ACT; selection/enable flags; enum mapping; binding; units; round-trip,<AVL_ROOT>/AWS/appl/clients/excite/res/cpp/joint.h,120,"Schema labels: ""Linear"",""Saturation (1D)"",""Saturation (2D)"",""Basic"",""Eccentricity"""
SCH-00632,Power Unit (excite),Joint / Bearing,Application,ASEenum,,Schema declaration; instance not resolved,NJointDefine,comp_assem,Candidate: GetIntValue(field),"Candidate: SetIntValue(field,value)",Schema field/label confirmed; full path + instance + runtime read not verified,Generic API available; this field write NOT verified,Not eligible for Apply; resolve path and test first,,<visibility_change>,Resolve actual instance/full path; check ASE vs ACT; selection/enable flags; enum mapping; binding; units; round-trip,<AVL_ROOT>/AWS/appl/clients/excite/res/cpp/joint.h,125,"Schema labels: ""Prime Mover"",""Generator"",""Genset"",""Electric Drive"""
SCH-00633,Power Unit (excite),Joint / Bearing,KISSsys Bearing,char*,,Schema declaration; instance not resolved,NJointDefine,joint_name,Candidate: GetStrValue(field),"Candidate: SetStrValue(field,value)",Schema field/label confirmed; full path + instance + runtime read not verified,Generic API available; this field write NOT verified,Not eligible for Apply; resolve path and test first,,Check type/enable/visibility rules in source,Resolve actual instance/full path; check ASE vs ACT; selection/enable flags; enum mapping; binding; units; round-trip,<AVL_ROOT>/AWS/appl/clients/excite/res/cpp/joint.h,132,Declaring class is context only; struct nesting and array indexing are not resolved
SCH-00634,Power Unit (excite),Joint / Bearing,Local Node Displacements,ASEenum,,Schema declaration; instance not resolved,NJointDefine,loc_nod_disp,Candidate: GetIntValue(field),"Candidate: SetIntValue(field,value)",Schema field/label confirmed; full path + instance + runtime read not verified,Generic API available; this field write NOT verified,Not eligible for Apply; resolve path and test first,,<visibility_change>,Resolve actual instance/full path; check ASE vs ACT; selection/enable flags; enum mapping; binding; units; round-trip,<AVL_ROOT>/AWS/appl/clients/excite/res/cpp/joint.h,142,"Schema labels: ""Not considered"",""Interpolated - Harmonic"",""Interpolated - Linear"""
SCH-00635,Power Unit (excite),Joint / Bearing,Consider Centrifugal Forces at Balls,Bool,,Schema declaration; instance not resolved,NJointDefine,ccfar,Candidate: GetIntValue(field),"Candidate: SetIntValue(field,value)",Schema field/label confirmed; full path + instance + runtime read not verified,Generic API available; this field write NOT verified,Not eligible for Apply; resolve path and test first,,Check type/enable/visibility rules in source,Resolve actual instance/full path; check ASE vs ACT; selection/enable flags; enum mapping; binding; units; round-trip,<AVL_ROOT>/AWS/appl/clients/excite/res/cpp/joint.h,162,Declaring class is context only; struct nesting and array indexing are not resolved
SCH-00636,Power Unit (excite),Joint / Bearing,RBE3 Center Node exists,Bool,,Schema declaration; instance not resolved,NJointConnections,rbe3_1,Candidate: GetIntValue(field),"Candidate: SetIntValue(field,value)",Schema field/label confirmed; full path + instance + runtime read not verified,Generic API available; this field write NOT verified,Not eligible for Apply; resolve path and test first,,Check type/enable/visibility rules in source,Resolve actual instance/full path; check ASE vs ACT; selection/enable flags; enum mapping; binding; units; round-trip,<AVL_ROOT>/AWS/appl/clients/excite/res/cpp/joint.h,222,Declaring class is context only; struct nesting and array indexing are not resolved
SCH-00637,Power Unit (excite),Joint / Bearing,RBE3 Center Node exists,Bool,,Schema declaration; instance not resolved,NJointConnections,rbe3_2,Candidate: GetIntValue(field),"Candidate: SetIntValue(field,value)",Schema field/label confirmed; full path + instance + runtime read not verified,Generic API available; this field write NOT verified,Not eligible for Apply; resolve path and test first,,Check type/enable/visibility rules in source,Resolve actual instance/full path; check ASE vs ACT; selection/enable flags; enum mapping; binding; units; round-trip,<AVL_ROOT>/AWS/appl/clients/excite/res/cpp/joint.h,245,Declaring class is context only; struct nesting and array indexing are not resolved
SCH-00638,Power Unit (excite),Joint / Bearing,Reverse Roles of Connected Bodies,Bool,,Schema declaration; instance not resolved,NJointConnections,rbo,Candidate: GetIntValue(field),"Candidate: SetIntValue(field,value)",Schema field/label confirmed; full path + instance + runtime read not verified,Generic API available; this field write NOT verified,Not eligible for Apply; resolve path and test first,,<visibility_change>,Resolve actual instance/full path; check ASE vs ACT; selection/enable flags; enum mapping; binding; units; round-trip,<AVL_ROOT>/AWS/appl/clients/excite/res/cpp/joint.h,272,Declaring class is context only; struct nesting and array indexing are not resolved
SCH-00639,Power Unit (excite),Joint / Bearing,Crankshaft Connection Node,ASEenum,,Schema declaration; instance not resolved,NJointConnectionToCS,conn_node,Candidate: GetIntValue(field),"Candidate: SetIntValue(field,value)",Schema field/label confirmed; full path + instance + runtime read not verified,Generic API available; this field write NOT verified,Not eligible for Apply; resolve path and test first,,"<visibility=1_conn_node2,class-int,1>",Resolve actual instance/full path; check ASE vs ACT; selection/enable flags; enum mapping; binding; units; round-trip,<AVL_ROOT>/AWS/appl/clients/excite/res/cpp/joint.h,286,"Schema labels: ""empty"""
SCH-00640,Power Unit (excite),Joint / Bearing,Crankshaft Connection Node,ASEenum,,Schema declaration; instance not resolved,NJointConnectionToCS,conn_node2,Candidate: GetIntValue(field),"Candidate: SetIntValue(field,value)",Schema field/label confirmed; full path + instance + runtime read not verified,Generic API available; this field write NOT verified,Not eligible for Apply; resolve path and test first,,"<visibility=1_conn_node3,class-int,1>",Resolve actual instance/full path; check ASE vs ACT; selection/enable flags; enum mapping; binding; units; round-trip,<AVL_ROOT>/AWS/appl/clients/excite/res/cpp/joint.h,289,"Schema labels: ""empty"""
SCH-00641,Power Unit (excite),Joint / Bearing,Crankshaft Connection Node,ASEenum,,Schema declaration; instance not resolved,NJointConnectionToCS,conn_node3,Candidate: GetIntValue(field),"Candidate: SetIntValue(field,value)",Schema field/label confirmed; full path + instance + runtime read not verified,Generic API available; this field write NOT verified,Not eligible for Apply; resolve path and test first,,Check type/enable/visibility rules in source,Resolve actual instance/full path; check ASE vs ACT; selection/enable flags; enum mapping; binding; units; round-trip,<AVL_ROOT>/AWS/appl/clients/excite/res/cpp/joint.h,292,"Schema labels: ""empty"""
SCH-00642,Power Unit (excite),Joint / Bearing,Joint Name,char*,,Schema declaration; instance not resolved,Joint_def,name,Candidate: GetStrValue(field),"Candidate: SetStrValue(field,value)",Schema field/label confirmed; full path + instance + runtime read not verified,Generic API available; this field write NOT verified,Not eligible for Apply; resolve path and test first,,Check type/enable/visibility rules in source,Resolve actual instance/full path; check ASE vs ACT; selection/enable flags; enum mapping; binding; units; round-trip,<AVL_ROOT>/AWS/appl/clients/excite/res/cpp/joint.h,315,Declaring class is context only; struct nesting and array indexing are not resolved
SCH-00643,Power Unit (excite),Joint / Bearing,Stiffness,double,"lin_stiff,N_mm",Schema declaration; instance not resolved,Joint_pro_axbe,c,"Candidate: GetDblValueU(field,unit)","Candidate: SetDblValueU(field,value,unit)",Schema field/label confirmed; full path + instance + runtime read not verified,Generic API available; this field write NOT verified,Not eligible for Apply; resolve path and test first,,Check type/enable/visibility rules in source,Resolve actual instance/full path; check ASE vs ACT; selection/enable flags; enum mapping; binding; units; round-trip,<AVL_ROOT>/AWS/appl/clients/excite/res/cpp/joint.h,336,Declaring class is context only; struct nesting and array indexing are not resolved
SCH-00644,Power Unit (excite),Joint / Bearing,Damping,double,"lin_damping,Ns_mm",Schema declaration; instance not resolved,Joint_pro_axbe,d,"Candidate: GetDblValueU(field,unit)","Candidate: SetDblValueU(field,value,unit)",Schema field/label confirmed; full path + instance + runtime read not verified,Generic API available; this field write NOT verified,Not eligible for Apply; resolve path and test first,,Check type/enable/visibility rules in source,Resolve actual instance/full path; check ASE vs ACT; selection/enable flags; enum mapping; binding; units; round-trip,<AVL_ROOT>/AWS/appl/clients/excite/res/cpp/joint.h,337,Declaring class is context only; struct nesting and array indexing are not resolved
SCH-00645,Power Unit (excite),Joint / Bearing,Corresponding MB,int,,Schema declaration; instance not resolved,Joint_pro_axbe,corrsp_mb,Candidate: GetIntValue(field),"Candidate: SetIntValue(field,value)",Schema field/label confirmed; full path + instance + runtime read not verified,Generic API available; this field write NOT verified,Not eligible for Apply; resolve path and test first,,Check type/enable/visibility rules in source,Resolve actual instance/full path; check ASE vs ACT; selection/enable flags; enum mapping; binding; units; round-trip,<AVL_ROOT>/AWS/appl/clients/excite/res/cpp/joint.h,341,Declaring class is context only; struct nesting and array indexing are not resolved
SCH-00646,Power Unit (excite),Joint / Bearing,Stiffness,double,"lin_stiff,N_mm",Schema declaration; instance not resolved,Joint_pro_axbe,c,"Candidate: GetDblValueU(field,unit)","Candidate: SetDblValueU(field,value,unit)",Schema field/label confirmed; full path + instance + runtime read not verified,Generic API available; this field write NOT verified,Not eligible for Apply; resolve path and test first,,Check type/enable/visibility rules in source,Resolve actual instance/full path; check ASE vs ACT; selection/enable flags; enum mapping; binding; units; round-trip,<AVL_ROOT>/AWS/appl/clients/excite/res/cpp/joint.h,346,Declaring class is context only; struct nesting and array indexing are not resolved
SCH-00647,Power Unit (excite),Joint / Bearing,Damping,double,"lin_damping,Ns_mm",Schema declaration; instance not resolved,Joint_pro_axbe,d,"Candidate: GetDblValueU(field,unit)","Candidate: SetDblValueU(field,value,unit)",Schema field/label confirmed; full path + instance + runtime read not verified,Generic API available; this field write NOT verified,Not eligible for Apply; resolve path and test first,,Check type/enable/visibility rules in source,Resolve actual instance/full path; check ASE vs ACT; selection/enable flags; enum mapping; binding; units; round-trip,<AVL_ROOT>/AWS/appl/clients/excite/res/cpp/joint.h,347,Declaring class is context only; struct nesting and array indexing are not resolved
SCH-00648,Power Unit (excite),Joint / Bearing,Axial Clearance,double,"length,mm",Schema declaration; instance not resolved,Joint_pro_axbe,x,"Candidate: GetDblValueU(field,unit)","Candidate: SetDblValueU(field,value,unit)",Schema field/label confirmed; full path + instance + runtime read not verified,Generic API available; this field write NOT verified,Not eligible for Apply; resolve path and test first,,Check type/enable/visibility rules in source,Resolve actual instance/full path; check ASE vs ACT; selection/enable flags; enum mapping; binding; units; round-trip,<AVL_ROOT>/AWS/appl/clients/excite/res/cpp/joint.h,348,Declaring class is context only; struct nesting and array indexing are not resolved
SCH-00649,Power Unit (excite),Joint / Bearing,Gap w/o Force,double,"length,mm",Schema declaration; instance not resolved,Joint_pro_axbe,x,"Candidate: GetDblValueU(field,unit)","Candidate: SetDblValueU(field,value,unit)",Schema field/label confirmed; full path + instance + runtime read not verified,Generic API available; this field write NOT verified,Not eligible for Apply; resolve path and test first,,"<visibility=/1_SolverMode,class-int,0>",Resolve actual instance/full path; check ASE vs ACT; selection/enable flags; enum mapping; binding; units; round-trip,<AVL_ROOT>/AWS/appl/clients/excite/res/cpp/joint.h,352,Declaring class is context only; struct nesting and array indexing are not resolved
SCH-00650,Power Unit (excite),Joint / Bearing,Calculate AXBE forces for each string,Bool,,Schema declaration; instance not resolved,Joint_pro_axbe,caffes,Candidate: GetIntValue(field),"Candidate: SetIntValue(field,value)",Schema field/label confirmed; full path + instance + runtime read not verified,Generic API available; this field write NOT verified,Not eligible for Apply; resolve path and test first,,"<visibility=1_ctmVisibility,class-int,1>",Resolve actual instance/full path; check ASE vs ACT; selection/enable flags; enum mapping; binding; units; round-trip,<AVL_ROOT>/AWS/appl/clients/excite/res/cpp/joint.h,354,Declaring class is context only; struct nesting and array indexing are not resolved
SCH-00651,Power Unit (excite),Joint / Bearing,Calculate tilting moment,Bool,,Schema declaration; instance not resolved,Joint_pro_axbe,ctm,Candidate: GetIntValue(field),"Candidate: SetIntValue(field,value)",Schema field/label confirmed; full path + instance + runtime read not verified,Generic API available; this field write NOT verified,Not eligible for Apply; resolve path and test first,,Check type/enable/visibility rules in source,Resolve actual instance/full path; check ASE vs ACT; selection/enable flags; enum mapping; binding; units; round-trip,<AVL_ROOT>/AWS/appl/clients/excite/res/cpp/joint.h,356,Declaring class is context only; struct nesting and array indexing are not resolved
SCH-00652,Power Unit (excite),Joint / Bearing,Enhanced force calculation,Bool,,Schema declaration; instance not resolved,Joint_pro_axbe,axb3,Candidate: GetIntValue(field),"Candidate: SetIntValue(field,value)",Schema field/label confirmed; full path + instance + runtime read not verified,Generic API available; this field write NOT verified,Not eligible for Apply; resolve path and test first,,Check type/enable/visibility rules in source,Resolve actual instance/full path; check ASE vs ACT; selection/enable flags; enum mapping; binding; units; round-trip,<AVL_ROOT>/AWS/appl/clients/excite/res/cpp/joint.h,359,Declaring class is context only; struct nesting and array indexing are not resolved
SCH-00653,Power Unit (excite),Joint / Bearing,Activity,ASEenum,,Schema declaration; instance not resolved,Joint_pro_axbe,dir,Candidate: GetIntValue(field),"Candidate: SetIntValue(field,value)",Schema field/label confirmed; full path + instance + runtime read not verified,Generic API available; this field write NOT verified,Not eligible for Apply; resolve path and test first,,Check type/enable/visibility rules in source,Resolve actual instance/full path; check ASE vs ACT; selection/enable flags; enum mapping; binding; units; round-trip,<AVL_ROOT>/AWS/appl/clients/excite/res/cpp/joint.h,363,"Schema labels: ""Only Compression"",""Tension - Compression"",""Only Tension"""
SCH-00654,Power Unit (excite),Joint / Bearing,Defined in Rel. Coordinate System of Body,ASEenum,,Schema declaration; instance not resolved,Joint_pro_axbe,dibcs,Candidate: GetIntValue(field),"Candidate: SetIntValue(field,value)",Schema field/label confirmed; full path + instance + runtime read not verified,Generic API available; this field write NOT verified,Not eligible for Apply; resolve path and test first,,Check type/enable/visibility rules in source,Resolve actual instance/full path; check ASE vs ACT; selection/enable flags; enum mapping; binding; units; round-trip,<AVL_ROOT>/AWS/appl/clients/excite/res/cpp/joint.h,373,"Schema labels: ""---"""
SCH-00655,Power Unit (excite),Joint / Bearing,Effective Radius of 1st Pulley,double,"length,mm",Schema declaration; instance not resolved,Joint_pro_belt,p1,"Candidate: GetDblValueU(field,unit)","Candidate: SetDblValueU(field,value,unit)",Schema field/label confirmed; full path + instance + runtime read not verified,Generic API available; this field write NOT verified,Not eligible for Apply; resolve path and test first,,Check type/enable/visibility rules in source,Resolve actual instance/full path; check ASE vs ACT; selection/enable flags; enum mapping; binding; units; round-trip,<AVL_ROOT>/AWS/appl/clients/excite/res/cpp/joint.h,399,Declaring class is context only; struct nesting and array indexing are not resolved
SCH-00656,Power Unit (excite),Joint / Bearing,Effective Radius of 2nd Pulley,double,"length,mm",Schema declaration; instance not resolved,Joint_pro_belt,p2,"Candidate: GetDblValueU(field,unit)","Candidate: SetDblValueU(field,value,unit)",Schema field/label confirmed; full path + instance + runtime read not verified,Generic API available; this field write NOT verified,Not eligible for Apply; resolve path and test first,,Check type/enable/visibility rules in source,Resolve actual instance/full path; check ASE vs ACT; selection/enable flags; enum mapping; binding; units; round-trip,<AVL_ROOT>/AWS/appl/clients/excite/res/cpp/joint.h,400,Declaring class is context only; struct nesting and array indexing are not resolved
SCH-00657,Power Unit (excite),Joint / Bearing,Stiffness Constant of Belt Span,double,"lin_stiff,N_mm",Schema declaration; instance not resolved,Joint_pro_belt,p3,"Candidate: GetDblValueU(field,unit)","Candidate: SetDblValueU(field,value,unit)",Schema field/label confirmed; full path + instance + runtime read not verified,Generic API available; this field write NOT verified,Not eligible for Apply; resolve path and test first,,Check type/enable/visibility rules in source,Resolve actual instance/full path; check ASE vs ACT; selection/enable flags; enum mapping; binding; units; round-trip,<AVL_ROOT>/AWS/appl/clients/excite/res/cpp/joint.h,401,Declaring class is context only; struct nesting and array indexing are not resolved
SCH-00658,Power Unit (excite),Joint / Bearing,Damping Constant of Belt Span,double,"lin_damping,Ns_mm",Schema declaration; instance not resolved,Joint_pro_belt,p4,"Candidate: GetDblValueU(field,unit)","Candidate: SetDblValueU(field,value,unit)",Schema field/label confirmed; full path + instance + runtime read not verified,Generic API available; this field write NOT verified,Not eligible for Apply; resolve path and test first,,"<visibility=/1_designer_mode,class-int,0>",Resolve actual instance/full path; check ASE vs ACT; selection/enable flags; enum mapping; binding; units; round-trip,<AVL_ROOT>/AWS/appl/clients/excite/res/cpp/joint.h,402,Declaring class is context only; struct nesting and array indexing are not resolved
SCH-00659,Power Unit (excite),Joint / Bearing,Pretension in Belt Span at Nominal Distance,double,"force,N",Schema declaration; instance not resolved,Joint_pro_belt,p5,"Candidate: GetDblValueU(field,unit)","Candidate: SetDblValueU(field,value,unit)",Schema field/label confirmed; full path + instance + runtime read not verified,Generic API available; this field write NOT verified,Not eligible for Apply; resolve path and test first,,Check type/enable/visibility rules in source,Resolve actual instance/full path; check ASE vs ACT; selection/enable flags; enum mapping; binding; units; round-trip,<AVL_ROOT>/AWS/appl/clients/excite/res/cpp/joint.h,404,Declaring class is context only; struct nesting and array indexing are not resolved
SCH-00660,Power Unit (excite),Joint / Bearing,Proportional Damping Coeff.,double,"dimensionless,no",Schema declaration; instance not resolved,Joint_pro_belt,dampcoef,"Candidate: GetDblValueU(field,unit)","Candidate: SetDblValueU(field,value,unit)",Schema field/label confirmed; full path + instance + runtime read not verified,Generic API available; this field write NOT verified,Not eligible for Apply; resolve path and test first,,Check type/enable/visibility rules in source,Resolve actual instance/full path; check ASE vs ACT; selection/enable flags; enum mapping; binding; units; round-trip,<AVL_ROOT>/AWS/appl/clients/excite/res/cpp/joint.h,411,Declaring class is context only; struct nesting and array indexing are not resolved
SCH-00661,Power Unit (excite),Joint / Bearing,Properties (Displacement),double**,,Schema declaration; instance not resolved,Joint_pro_fint,data1,"Candidate: WSClass.GetWSMatrix(field,0)",Candidate: WSMatrix typed setters + ReleaseHandle,Schema field/label confirmed; full path + instance + runtime read not verified,Generic API available; this field write NOT verified,Not eligible for Apply; resolve path and test first,,Check type/enable/visibility rules in source,Resolve actual instance/full path; check ASE vs ACT; selection/enable flags; enum mapping; binding; units; round-trip,<AVL_ROOT>/AWS/appl/clients/excite/res/cpp/joint.h,475,Declaring class is context only; struct nesting and array indexing are not resolved
SCH-00662,Power Unit (excite),Joint / Bearing,Properties (Rotation),double**,,Schema declaration; instance not resolved,Joint_pro_fint,data2,"Candidate: WSClass.GetWSMatrix(field,0)",Candidate: WSMatrix typed setters + ReleaseHandle,Schema field/label confirmed; full path + instance + runtime read not verified,Generic API available; this field write NOT verified,Not eligible for Apply; resolve path and test first,,Check type/enable/visibility rules in source,Resolve actual instance/full path; check ASE vs ACT; selection/enable flags; enum mapping; binding; units; round-trip,<AVL_ROOT>/AWS/appl/clients/excite/res/cpp/joint.h,496,Declaring class is context only; struct nesting and array indexing are not resolved
SCH-00663,Power Unit (excite),Joint / Bearing,DOF,ASEenum,,Schema declaration; instance not resolved,Joint_pro_ftab_params,ftab_dof,Candidate: GetIntValue(field),"Candidate: SetIntValue(field,value)",Schema field/label confirmed; full path + instance + runtime read not verified,Generic API available; this field write NOT verified,Not eligible for Apply; resolve path and test first,,"<visibility=1_ftabConn,class-int,2>",Resolve actual instance/full path; check ASE vs ACT; selection/enable flags; enum mapping; binding; units; round-trip,<AVL_ROOT>/AWS/appl/clients/excite/res/cpp/joint.h,555,"Schema labels: ""1"""
SCH-00664,Power Unit (excite),Joint / Bearing,DOF,ASEenum,,Schema declaration; instance not resolved,Joint_pro_ftab_params,ftab_dof2,Candidate: GetIntValue(field),"Candidate: SetIntValue(field,value)",Schema field/label confirmed; full path + instance + runtime read not verified,Generic API available; this field write NOT verified,Not eligible for Apply; resolve path and test first,,"<visibility=1_ftab_jrcs,class-int,0>",Resolve actual instance/full path; check ASE vs ACT; selection/enable flags; enum mapping; binding; units; round-trip,<AVL_ROOT>/AWS/appl/clients/excite/res/cpp/joint.h,558,"Schema labels: ""4"",""5"",""6"""
SCH-00665,Power Unit (excite),Joint / Bearing,Joint Reference Coordinate System,ASEenum,,Schema declaration; instance not resolved,Joint_pro_ftab_params,ftab_jrcs,Candidate: GetIntValue(field),"Candidate: SetIntValue(field,value)",Schema field/label confirmed; full path + instance + runtime read not verified,Generic API available; this field write NOT verified,Not eligible for Apply; resolve path and test first,,Check type/enable/visibility rules in source,Resolve actual instance/full path; check ASE vs ACT; selection/enable flags; enum mapping; binding; units; round-trip,<AVL_ROOT>/AWS/appl/clients/excite/res/cpp/joint.h,561,"Schema labels: ""<body 1"
SCH-00666,Power Unit (excite),Joint / Bearing,Consider Initial Distance,Bool,,Schema declaration; instance not resolved,Joint_pro_ftab_params,cid,Candidate: GetIntValue(field),"Candidate: SetIntValue(field,value)",Schema field/label confirmed; full path + instance + runtime read not verified,Generic API available; this field write NOT verified,Not eligible for Apply; resolve path and test first,,Check type/enable/visibility rules in source,Resolve actual instance/full path; check ASE vs ACT; selection/enable flags; enum mapping; binding; units; round-trip,<AVL_ROOT>/AWS/appl/clients/excite/res/cpp/joint.h,570,Declaring class is context only; struct nesting and array indexing are not resolved
SCH-00667,Power Unit (excite),Joint / Bearing,Add (A),Bool,,Schema declaration; instance not resolved,Joint_pro_ftab_params,trans_shift,Candidate: GetIntValue(field),"Candidate: SetIntValue(field,value)",Schema field/label confirmed; full path + instance + runtime read not verified,Generic API available; this field write NOT verified,Not eligible for Apply; resolve path and test first,,<visibility_change>,Resolve actual instance/full path; check ASE vs ACT; selection/enable flags; enum mapping; binding; units; round-trip,<AVL_ROOT>/AWS/appl/clients/excite/res/cpp/joint.h,577,Declaring class is context only; struct nesting and array indexing are not resolved
SCH-00668,Power Unit (excite),Joint / Bearing,Scale (S),Bool,,Schema declaration; instance not resolved,Joint_pro_ftab_params,trans_scale,Candidate: GetIntValue(field),"Candidate: SetIntValue(field,value)",Schema field/label confirmed; full path + instance + runtime read not verified,Generic API available; this field write NOT verified,Not eligible for Apply; resolve path and test first,,<visibility_change>,Resolve actual instance/full path; check ASE vs ACT; selection/enable flags; enum mapping; binding; units; round-trip,<AVL_ROOT>/AWS/appl/clients/excite/res/cpp/joint.h,579,Declaring class is context only; struct nesting and array indexing are not resolved
SCH-00669,Power Unit (excite),Joint / Bearing,Shift,double**,,Schema declaration; instance not resolved,Joint_pro_ftab_params,addmat,"Candidate: WSClass.GetWSMatrix(field,0)",Candidate: WSMatrix typed setters + ReleaseHandle,Schema field/label confirmed; full path + instance + runtime read not verified,Generic API available; this field write NOT verified,Not eligible for Apply; resolve path and test first,,Check type/enable/visibility rules in source,Resolve actual instance/full path; check ASE vs ACT; selection/enable flags; enum mapping; binding; units; round-trip,<AVL_ROOT>/AWS/appl/clients/excite/res/cpp/joint.h,583,Declaring class is context only; struct nesting and array indexing are not resolved
SCH-00670,Power Unit (excite),Joint / Bearing,Scale,double**,,Schema declaration; instance not resolved,Joint_pro_ftab_params,scalemat,"Candidate: WSClass.GetWSMatrix(field,0)",Candidate: WSMatrix typed setters + ReleaseHandle,Schema field/label confirmed; full path + instance + runtime read not verified,Generic API available; this field write NOT verified,Not eligible for Apply; resolve path and test first,,Check type/enable/visibility rules in source,Resolve actual instance/full path; check ASE vs ACT; selection/enable flags; enum mapping; binding; units; round-trip,<AVL_ROOT>/AWS/appl/clients/excite/res/cpp/joint.h,593,Declaring class is context only; struct nesting and array indexing are not resolved
SCH-00671,Power Unit (excite),Joint / Bearing,Table Data File,char*,,Schema declaration; instance not resolved,Joint_pro_ftab_params,file,Candidate: GetStrValue(field),"Candidate: SetStrValue(field,value)",Schema field/label confirmed; full path + instance + runtime read not verified,Generic API available; this field write NOT verified,Not eligible for Apply; resolve path and test first,,Check type/enable/visibility rules in source,Resolve actual instance/full path; check ASE vs ACT; selection/enable flags; enum mapping; binding; units; round-trip,<AVL_ROOT>/AWS/appl/clients/excite/res/cpp/joint.h,620,Declaring class is context only; struct nesting and array indexing are not resolved
SCH-00672,Power Unit (excite),Joint / Bearing,Automatic Reload,Bool,,Schema declaration; instance not resolved,Joint_pro_ftab_params,aut_rel,Candidate: GetIntValue(field),"Candidate: SetIntValue(field,value)",Schema field/label confirmed; full path + instance + runtime read not verified,Generic API available; this field write NOT verified,Not eligible for Apply; resolve path and test first,,Check type/enable/visibility rules in source,Resolve actual instance/full path; check ASE vs ACT; selection/enable flags; enum mapping; binding; units; round-trip,<AVL_ROOT>/AWS/appl/clients/excite/res/cpp/joint.h,623,Declaring class is context only; struct nesting and array indexing are not resolved
SCH-00673,Power Unit (excite),Joint / Bearing,Use Data File Path Parameter,Bool,,Schema declaration; instance not resolved,Joint_pro_ftab_params,def_pat,Candidate: GetIntValue(field),"Candidate: SetIntValue(field,value)",Schema field/label confirmed; full path + instance + runtime read not verified,Generic API available; this field write NOT verified,Not eligible for Apply; resolve path and test first,,Check type/enable/visibility rules in source,Resolve actual instance/full path; check ASE vs ACT; selection/enable flags; enum mapping; binding; units; round-trip,<AVL_ROOT>/AWS/appl/clients/excite/res/cpp/joint.h,626,Declaring class is context only; struct nesting and array indexing are not resolved
SCH-00674,Power Unit (excite),Joint / Bearing,Speed Reference,ASEenum,,Schema declaration; instance not resolved,Joint_pro_ftab,speed_ref,Candidate: GetIntValue(field),"Candidate: SetIntValue(field,value)",Schema field/label confirmed; full path + instance + runtime read not verified,Generic API available; this field write NOT verified,Not eligible for Apply; resolve path and test first,,Check type/enable/visibility rules in source,Resolve actual instance/full path; check ASE vs ACT; selection/enable flags; enum mapping; binding; units; round-trip,<AVL_ROOT>/AWS/appl/clients/excite/res/cpp/joint.h,674,"Schema labels: ""Reference Body"",""First Body"",""Second Body"""
SCH-00675,Power Unit (excite),Joint / Bearing,Table Interpolation within Kernel,ASEenum,,Schema declaration; instance not resolved,Joint_pro_ftab,table_interp,Candidate: GetIntValue(field),"Candidate: SetIntValue(field,value)",Schema field/label confirmed; full path + instance + runtime read not verified,Generic API available; this field write NOT verified,Not eligible for Apply; resolve path and test first,,Check type/enable/visibility rules in source,Resolve actual instance/full path; check ASE vs ACT; selection/enable flags; enum mapping; binding; units; round-trip,<AVL_ROOT>/AWS/appl/clients/excite/res/cpp/joint.h,678,"Schema labels: ""Linear"",""Cubic"""
SCH-00676,Power Unit (excite),Joint / Bearing,Extrapolation Mode,ASEenum,,Schema declaration; instance not resolved,Joint_pro_ftab,extrapolation_mode,Candidate: GetIntValue(field),"Candidate: SetIntValue(field,value)",Schema field/label confirmed; full path + instance + runtime read not verified,Generic API available; this field write NOT verified,Not eligible for Apply; resolve path and test first,,Check type/enable/visibility rules in source,Resolve actual instance/full path; check ASE vs ACT; selection/enable flags; enum mapping; binding; units; round-trip,<AVL_ROOT>/AWS/appl/clients/excite/res/cpp/joint.h,683,"Schema labels: ""Constant"",""Linear (slope)"""
SCH-00677,Power Unit (excite),Joint / Bearing,Variable Contact Properties,Bool,,Schema declaration; instance not resolved,Joint_pro_guid,var_contact,Candidate: GetIntValue(field),"Candidate: SetIntValue(field,value)",Schema field/label confirmed; full path + instance + runtime read not verified,Generic API available; this field write NOT verified,Not eligible for Apply; resolve path and test first,,<visibility_change>,Resolve actual instance/full path; check ASE vs ACT; selection/enable flags; enum mapping; binding; units; round-trip,<AVL_ROOT>/AWS/appl/clients/excite/res/cpp/joint.h,698,Declaring class is context only; struct nesting and array indexing are not resolved
SCH-00678,Power Unit (excite),Joint / Bearing,Stiffness,double,"lin_stiff,N_mm",Schema declaration; instance not resolved,Joint_pro_guid,ciso,"Candidate: GetDblValueU(field,unit)","Candidate: SetDblValueU(field,value,unit)",Schema field/label confirmed; full path + instance + runtime read not verified,Generic API available; this field write NOT verified,Not eligible for Apply; resolve path and test first,,Check type/enable/visibility rules in source,Resolve actual instance/full path; check ASE vs ACT; selection/enable flags; enum mapping; binding; units; round-trip,<AVL_ROOT>/AWS/appl/clients/excite/res/cpp/joint.h,700,Declaring class is context only; struct nesting and array indexing are not resolved
SCH-00679,Power Unit (excite),Joint / Bearing,Damping,double,"lin_damping,Ns_mm",Schema declaration; instance not resolved,Joint_pro_guid,diso,"Candidate: GetDblValueU(field,unit)","Candidate: SetDblValueU(field,value,unit)",Schema field/label confirmed; full path + instance + runtime read not verified,Generic API available; this field write NOT verified,Not eligible for Apply; resolve path and test first,,"<visibility=var_contact,value-int,1>",Resolve actual instance/full path; check ASE vs ACT; selection/enable flags; enum mapping; binding; units; round-trip,<AVL_ROOT>/AWS/appl/clients/excite/res/cpp/joint.h,701,Declaring class is context only; struct nesting and array indexing are not resolved
SCH-00680,Power Unit (excite),Joint / Bearing,Stiffness,double,"lin_stiff,N_mm",Schema declaration; instance not resolved,Joint_pro_guid,c,"Candidate: GetDblValueU(field,unit)","Candidate: SetDblValueU(field,value,unit)",Schema field/label confirmed; full path + instance + runtime read not verified,Generic API available; this field write NOT verified,Not eligible for Apply; resolve path and test first,,Check type/enable/visibility rules in source,Resolve actual instance/full path; check ASE vs ACT; selection/enable flags; enum mapping; binding; units; round-trip,<AVL_ROOT>/AWS/appl/clients/excite/res/cpp/joint.h,705,Declaring class is context only; struct nesting and array indexing are not resolved
SCH-00681,Power Unit (excite),Joint / Bearing,Damping,double,"lin_damping,Ns_mm",Schema declaration; instance not resolved,Joint_pro_guid,d,"Candidate: GetDblValueU(field,unit)","Candidate: SetDblValueU(field,value,unit)",Schema field/label confirmed; full path + instance + runtime read not verified,Generic API available; this field write NOT verified,Not eligible for Apply; resolve path and test first,,Check type/enable/visibility rules in source,Resolve actual instance/full path; check ASE vs ACT; selection/enable flags; enum mapping; binding; units; round-trip,<AVL_ROOT>/AWS/appl/clients/excite/res/cpp/joint.h,706,Declaring class is context only; struct nesting and array indexing are not resolved
SCH-00682,Power Unit (excite),Joint / Bearing,Stiffness,double,"lin_stiff,N_mm",Schema declaration; instance not resolved,Joint_pro_guid,c,"Candidate: GetDblValueU(field,unit)","Candidate: SetDblValueU(field,value,unit)",Schema field/label confirmed; full path + instance + runtime read not verified,Generic API available; this field write NOT verified,Not eligible for Apply; resolve path and test first,,Check type/enable/visibility rules in source,Resolve actual instance/full path; check ASE vs ACT; selection/enable flags; enum mapping; binding; units; round-trip,<AVL_ROOT>/AWS/appl/clients/excite/res/cpp/joint.h,709,Declaring class is context only; struct nesting and array indexing are not resolved
SCH-00683,Power Unit (excite),Joint / Bearing,Damping,double,"lin_damping,Ns_mm",Schema declaration; instance not resolved,Joint_pro_guid,d,"Candidate: GetDblValueU(field,unit)","Candidate: SetDblValueU(field,value,unit)",Schema field/label confirmed; full path + instance + runtime read not verified,Generic API available; this field write NOT verified,Not eligible for Apply; resolve path and test first,,Check type/enable/visibility rules in source,Resolve actual instance/full path; check ASE vs ACT; selection/enable flags; enum mapping; binding; units; round-trip,<AVL_ROOT>/AWS/appl/clients/excite/res/cpp/joint.h,710,Declaring class is context only; struct nesting and array indexing are not resolved
SCH-00684,Power Unit (excite),Joint / Bearing,Radial Clearance,double,"length,mm",Schema declaration; instance not resolved,Joint_pro_guid,x,"Candidate: GetDblValueU(field,unit)","Candidate: SetDblValueU(field,value,unit)",Schema field/label confirmed; full path + instance + runtime read not verified,Generic API available; this field write NOT verified,Not eligible for Apply; resolve path and test first,,Check type/enable/visibility rules in source,Resolve actual instance/full path; check ASE vs ACT; selection/enable flags; enum mapping; binding; units; round-trip,<AVL_ROOT>/AWS/appl/clients/excite/res/cpp/joint.h,711,Declaring class is context only; struct nesting and array indexing are not resolved
SCH-00685,Power Unit (excite),Joint / Bearing,Gap w/o Force,double,"length,mm",Schema declaration; instance not resolved,Joint_pro_guid,x,"Candidate: GetDblValueU(field,unit)","Candidate: SetDblValueU(field,value,unit)",Schema field/label confirmed; full path + instance + runtime read not verified,Generic API available; this field write NOT verified,Not eligible for Apply; resolve path and test first,,Check type/enable/visibility rules in source,Resolve actual instance/full path; check ASE vs ACT; selection/enable flags; enum mapping; binding; units; round-trip,<AVL_ROOT>/AWS/appl/clients/excite/res/cpp/joint.h,719,Declaring class is context only; struct nesting and array indexing are not resolved
SCH-00686,Power Unit (excite),Joint / Bearing,No Axial Forces,Bool,,Schema declaration; instance not resolved,Joint_pro_guid,nono_forces,Candidate: GetIntValue(field),"Candidate: SetIntValue(field,value)",Schema field/label confirmed; full path + instance + runtime read not verified,Generic API available; this field write NOT verified,Not eligible for Apply; resolve path and test first,,<visibility_change>,Resolve actual instance/full path; check ASE vs ACT; selection/enable flags; enum mapping; binding; units; round-trip,<AVL_ROOT>/AWS/appl/clients/excite/res/cpp/joint.h,723,Declaring class is context only; struct nesting and array indexing are not resolved
SCH-00687,Power Unit (excite),Joint / Bearing,Defined in Rel. Coordinate System of Body,ASEenum,,Schema declaration; instance not resolved,Joint_pro_guid,dibcs,Candidate: GetIntValue(field),"Candidate: SetIntValue(field,value)",Schema field/label confirmed; full path + instance + runtime read not verified,Generic API available; this field write NOT verified,Not eligible for Apply; resolve path and test first,,Check type/enable/visibility rules in source,Resolve actual instance/full path; check ASE vs ACT; selection/enable flags; enum mapping; binding; units; round-trip,<AVL_ROOT>/AWS/appl/clients/excite/res/cpp/joint.h,729,"Schema labels: ""---"""
SCH-00688,Power Unit (excite),Joint / Bearing,Cylinder Bore Diameter,double,"length,mm",Schema declaration; instance not resolved,Joint_pro_guid,bore_diam,"Candidate: GetDblValueU(field,unit)","Candidate: SetDblValueU(field,value,unit)",Schema field/label confirmed; full path + instance + runtime read not verified,Generic API available; this field write NOT verified,Not eligible for Apply; resolve path and test first,,Check type/enable/visibility rules in source,Resolve actual instance/full path; check ASE vs ACT; selection/enable flags; enum mapping; binding; units; round-trip,<AVL_ROOT>/AWS/appl/clients/excite/res/cpp/joint.h,742,Declaring class is context only; struct nesting and array indexing are not resolved
SCH-00689,Power Unit (excite),Joint / Bearing,Friction Factor (F),double,,Schema declaration; instance not resolved,Joint_pro_guid,fric_fact,"Candidate: GetDblValueU(field,unit)","Candidate: SetDblValueU(field,value,unit)",Schema field/label confirmed; full path + instance + runtime read not verified,Generic API available; this field write NOT verified,Not eligible for Apply; resolve path and test first,,Check type/enable/visibility rules in source,Resolve actual instance/full path; check ASE vs ACT; selection/enable flags; enum mapping; binding; units; round-trip,<AVL_ROOT>/AWS/appl/clients/excite/res/cpp/joint.h,744,Declaring class is context only; struct nesting and array indexing are not resolved
SCH-00690,Power Unit (excite),Joint / Bearing,Stiction Transition Velocity,double,"velocity,m_s",Schema declaration; instance not resolved,Joint_pro_guid,stiction,"Candidate: GetDblValueU(field,unit)","Candidate: SetDblValueU(field,value,unit)",Schema field/label confirmed; full path + instance + runtime read not verified,Generic API available; this field write NOT verified,Not eligible for Apply; resolve path and test first,,Check type/enable/visibility rules in source,Resolve actual instance/full path; check ASE vs ACT; selection/enable flags; enum mapping; binding; units; round-trip,<AVL_ROOT>/AWS/appl/clients/excite/res/cpp/joint.h,746,Declaring class is context only; struct nesting and array indexing are not resolved
SCH-00691,Power Unit (excite),Joint / Bearing,A,double,"strib_fri_coeff_ad,s_mm",Schema declaration; instance not resolved,Joint_pro_guid,A,"Candidate: GetDblValueU(field,unit)","Candidate: SetDblValueU(field,value,unit)",Schema field/label confirmed; full path + instance + runtime read not verified,Generic API available; this field write NOT verified,Not eligible for Apply; resolve path and test first,,Check type/enable/visibility rules in source,Resolve actual instance/full path; check ASE vs ACT; selection/enable flags; enum mapping; binding; units; round-trip,<AVL_ROOT>/AWS/appl/clients/excite/res/cpp/joint.h,759,Declaring class is context only; struct nesting and array indexing are not resolved
SCH-00692,Power Unit (excite),Joint / Bearing,B,double,"dimensionless,no",Schema declaration; instance not resolved,Joint_pro_guid,B,"Candidate: GetDblValueU(field,unit)","Candidate: SetDblValueU(field,value,unit)",Schema field/label confirmed; full path + instance + runtime read not verified,Generic API available; this field write NOT verified,Not eligible for Apply; resolve path and test first,,Check type/enable/visibility rules in source,Resolve actual instance/full path; check ASE vs ACT; selection/enable flags; enum mapping; binding; units; round-trip,<AVL_ROOT>/AWS/appl/clients/excite/res/cpp/joint.h,760,Declaring class is context only; struct nesting and array indexing are not resolved
SCH-00693,Power Unit (excite),Joint / Bearing,C,double,"velocity,mm_s",Schema declaration; instance not resolved,Joint_pro_guid,C,"Candidate: GetDblValueU(field,unit)","Candidate: SetDblValueU(field,value,unit)",Schema field/label confirmed; full path + instance + runtime read not verified,Generic API available; this field write NOT verified,Not eligible for Apply; resolve path and test first,,Check type/enable/visibility rules in source,Resolve actual instance/full path; check ASE vs ACT; selection/enable flags; enum mapping; binding; units; round-trip,<AVL_ROOT>/AWS/appl/clients/excite/res/cpp/joint.h,762,Declaring class is context only; struct nesting and array indexing are not resolved
SCH-00694,Power Unit (excite),Joint / Bearing,D,double,"strib_fri_coeff_ad,s_mm",Schema declaration; instance not resolved,Joint_pro_guid,D,"Candidate: GetDblValueU(field,unit)","Candidate: SetDblValueU(field,value,unit)",Schema field/label confirmed; full path + instance + runtime read not verified,Generic API available; this field write NOT verified,Not eligible for Apply; resolve path and test first,,Check type/enable/visibility rules in source,Resolve actual instance/full path; check ASE vs ACT; selection/enable flags; enum mapping; binding; units; round-trip,<AVL_ROOT>/AWS/appl/clients/excite/res/cpp/joint.h,763,Declaring class is context only; struct nesting and array indexing are not resolved
SCH-00695,Power Unit (excite),Joint / Bearing,A,double,,Schema declaration; instance not resolved,Joint_pro_guid,A1,"Candidate: GetDblValueU(field,unit)","Candidate: SetDblValueU(field,value,unit)",Schema field/label confirmed; full path + instance + runtime read not verified,Generic API available; this field write NOT verified,Not eligible for Apply; resolve path and test first,,Check type/enable/visibility rules in source,Resolve actual instance/full path; check ASE vs ACT; selection/enable flags; enum mapping; binding; units; round-trip,<AVL_ROOT>/AWS/appl/clients/excite/res/cpp/joint.h,769,Declaring class is context only; struct nesting and array indexing are not resolved
SCH-00696,Power Unit (excite),Joint / Bearing,B,double,,Schema declaration; instance not resolved,Joint_pro_guid,B1,"Candidate: GetDblValueU(field,unit)","Candidate: SetDblValueU(field,value,unit)",Schema field/label confirmed; full path + instance + runtime read not verified,Generic API available; this field write NOT verified,Not eligible for Apply; resolve path and test first,,Check type/enable/visibility rules in source,Resolve actual instance/full path; check ASE vs ACT; selection/enable flags; enum mapping; binding; units; round-trip,<AVL_ROOT>/AWS/appl/clients/excite/res/cpp/joint.h,770,Declaring class is context only; struct nesting and array indexing are not resolved
SCH-00697,Power Unit (excite),Joint / Bearing,C,double,,Schema declaration; instance not resolved,Joint_pro_guid,C1,"Candidate: GetDblValueU(field,unit)","Candidate: SetDblValueU(field,value,unit)",Schema field/label confirmed; full path + instance + runtime read not verified,Generic API available; this field write NOT verified,Not eligible for Apply; resolve path and test first,,Check type/enable/visibility rules in source,Resolve actual instance/full path; check ASE vs ACT; selection/enable flags; enum mapping; binding; units; round-trip,<AVL_ROOT>/AWS/appl/clients/excite/res/cpp/joint.h,772,Declaring class is context only; struct nesting and array indexing are not resolved
SCH-00698,Power Unit (excite),Joint / Bearing,D,double,,Schema declaration; instance not resolved,Joint_pro_guid,D1,"Candidate: GetDblValueU(field,unit)","Candidate: SetDblValueU(field,value,unit)",Schema field/label confirmed; full path + instance + runtime read not verified,Generic API available; this field write NOT verified,Not eligible for Apply; resolve path and test first,,Check type/enable/visibility rules in source,Resolve actual instance/full path; check ASE vs ACT; selection/enable flags; enum mapping; binding; units; round-trip,<AVL_ROOT>/AWS/appl/clients/excite/res/cpp/joint.h,773,Declaring class is context only; struct nesting and array indexing are not resolved
SCH-00699,Power Unit (excite),Joint / Bearing,from,double,"velocity,m_s",Schema declaration; instance not resolved,Joint_pro_guid,from,"Candidate: GetDblValueU(field,unit)","Candidate: SetDblValueU(field,value,unit)",Schema field/label confirmed; full path + instance + runtime read not verified,Generic API available; this field write NOT verified,Not eligible for Apply; resolve path and test first,,"<visibility=friction_type,value-int,0>",Resolve actual instance/full path; check ASE vs ACT; selection/enable flags; enum mapping; binding; units; round-trip,<AVL_ROOT>/AWS/appl/clients/excite/res/cpp/joint.h,785,Declaring class is context only; struct nesting and array indexing are not resolved
SCH-00700,Power Unit (excite),Joint / Bearing,from,double,,Schema declaration; instance not resolved,Joint_pro_guid,from1,"Candidate: GetDblValueU(field,unit)","Candidate: SetDblValueU(field,value,unit)",Schema field/label confirmed; full path + instance + runtime read not verified,Generic API available; this field write NOT verified,Not eligible for Apply; resolve path and test first,,"<visibility=friction_type,value-int,1>",Resolve actual instance/full path; check ASE vs ACT; selection/enable flags; enum mapping; binding; units; round-trip,<AVL_ROOT>/AWS/appl/clients/excite/res/cpp/joint.h,788,Declaring class is context only; struct nesting and array indexing are not resolved
SCH-00701,Power Unit (excite),Joint / Bearing,to,double,"velocity,m_s",Schema declaration; instance not resolved,Joint_pro_guid,interval,"Candidate: GetDblValueU(field,unit)","Candidate: SetDblValueU(field,value,unit)",Schema field/label confirmed; full path + instance + runtime read not verified,Generic API available; this field write NOT verified,Not eligible for Apply; resolve path and test first,,"<visibility=friction_type,value-int,0>",Resolve actual instance/full path; check ASE vs ACT; selection/enable flags; enum mapping; binding; units; round-trip,<AVL_ROOT>/AWS/appl/clients/excite/res/cpp/joint.h,793,Declaring class is context only; struct nesting and array indexing are not resolved
SCH-00702,Power Unit (excite),Joint / Bearing,to,double,,Schema declaration; instance not resolved,Joint_pro_guid,interval1,"Candidate: GetDblValueU(field,unit)","Candidate: SetDblValueU(field,value,unit)",Schema field/label confirmed; full path + instance + runtime read not verified,Generic API available; this field write NOT verified,Not eligible for Apply; resolve path and test first,,Check type/enable/visibility rules in source,Resolve actual instance/full path; check ASE vs ACT; selection/enable flags; enum mapping; binding; units; round-trip,<AVL_ROOT>/AWS/appl/clients/excite/res/cpp/joint.h,796,Declaring class is context only; struct nesting and array indexing are not resolved
SCH-00703,Power Unit (excite),Joint / Bearing,Oil Type,char*,,Schema declaration; instance not resolved,Joint_pro_guid,oil_type,Candidate: GetStrValue(field),"Candidate: SetStrValue(field,value)",Schema field/label confirmed; full path + instance + runtime read not verified,Generic API available; this field write NOT verified,Not eligible for Apply; resolve path and test first,,<visibility_change>,Resolve actual instance/full path; check ASE vs ACT; selection/enable flags; enum mapping; binding; units; round-trip,<AVL_ROOT>/AWS/appl/clients/excite/res/cpp/joint.h,805,Declaring class is context only; struct nesting and array indexing are not resolved
SCH-00704,Power Unit (excite),Joint / Bearing,Use Default,Bool,,Schema declaration; instance not resolved,Joint_pro_guid,linked,Candidate: GetIntValue(field),"Candidate: SetIntValue(field,value)",Schema field/label confirmed; full path + instance + runtime read not verified,Generic API available; this field write NOT verified,Not eligible for Apply; resolve path and test first,,Check type/enable/visibility rules in source,Resolve actual instance/full path; check ASE vs ACT; selection/enable flags; enum mapping; binding; units; round-trip,<AVL_ROOT>/AWS/appl/clients/excite/res/cpp/joint.h,807,Declaring class is context only; struct nesting and array indexing are not resolved
SCH-00705,Power Unit (excite),Joint / Bearing,Use Constant Pressure,Bool,,Schema declaration; instance not resolved,Joint_pro_guid,cpdv,Candidate: GetIntValue(field),"Candidate: SetIntValue(field,value)",Schema field/label confirmed; full path + instance + runtime read not verified,Generic API available; this field write NOT verified,Not eligible for Apply; resolve path and test first,,Check type/enable/visibility rules in source,Resolve actual instance/full path; check ASE vs ACT; selection/enable flags; enum mapping; binding; units; round-trip,<AVL_ROOT>/AWS/appl/clients/excite/res/cpp/joint.h,831,Declaring class is context only; struct nesting and array indexing are not resolved
SCH-00706,Power Unit (excite),Joint / Bearing,Use Constant Temperature,Bool,,Schema declaration; instance not resolved,Joint_pro_guid,ctdv,Candidate: GetIntValue(field),"Candidate: SetIntValue(field,value)",Schema field/label confirmed; full path + instance + runtime read not verified,Generic API available; this field write NOT verified,Not eligible for Apply; resolve path and test first,,Check type/enable/visibility rules in source,Resolve actual instance/full path; check ASE vs ACT; selection/enable flags; enum mapping; binding; units; round-trip,<AVL_ROOT>/AWS/appl/clients/excite/res/cpp/joint.h,833,Declaring class is context only; struct nesting and array indexing are not resolved
SCH-00707,Power Unit (excite),Joint / Bearing,Use Constant Shear Rate,Bool,,Schema declaration; instance not resolved,Joint_pro_guid,csrdv,Candidate: GetIntValue(field),"Candidate: SetIntValue(field,value)",Schema field/label confirmed; full path + instance + runtime read not verified,Generic API available; this field write NOT verified,Not eligible for Apply; resolve path and test first,,Check type/enable/visibility rules in source,Resolve actual instance/full path; check ASE vs ACT; selection/enable flags; enum mapping; binding; units; round-trip,<AVL_ROOT>/AWS/appl/clients/excite/res/cpp/joint.h,835,Declaring class is context only; struct nesting and array indexing are not resolved
SCH-00708,Power Unit (excite),Joint / Bearing,Piston Pin Offset,double,"length,mm",Schema declaration; instance not resolved,Joint_pro_guid,ppoff,"Candidate: GetDblValueU(field,unit)","Candidate: SetDblValueU(field,value,unit)",Schema field/label confirmed; full path + instance + runtime read not verified,Generic API available; this field write NOT verified,Not eligible for Apply; resolve path and test first,,Check type/enable/visibility rules in source,Resolve actual instance/full path; check ASE vs ACT; selection/enable flags; enum mapping; binding; units; round-trip,<AVL_ROOT>/AWS/appl/clients/excite/res/cpp/joint.h,854,Declaring class is context only; struct nesting and array indexing are not resolved
SCH-00709,Power Unit (excite),Joint / Bearing,Stiffness,double,"lin_stiff,N_mm",Schema declaration; instance not resolved,Joint_pro_nonl_param,c,"Candidate: GetDblValueU(field,unit)","Candidate: SetDblValueU(field,value,unit)",Schema field/label confirmed; full path + instance + runtime read not verified,Generic API available; this field write NOT verified,Not eligible for Apply; resolve path and test first,,Check type/enable/visibility rules in source,Resolve actual instance/full path; check ASE vs ACT; selection/enable flags; enum mapping; binding; units; round-trip,<AVL_ROOT>/AWS/appl/clients/excite/res/cpp/joint.h,877,Declaring class is context only; struct nesting and array indexing are not resolved
SCH-00710,Power Unit (excite),Joint / Bearing,Damping,double,"lin_damping,Ns_mm",Schema declaration; instance not resolved,Joint_pro_nonl_param,d,"Candidate: GetDblValueU(field,unit)","Candidate: SetDblValueU(field,value,unit)",Schema field/label confirmed; full path + instance + runtime read not verified,Generic API available; this field write NOT verified,Not eligible for Apply; resolve path and test first,,Check type/enable/visibility rules in source,Resolve actual instance/full path; check ASE vs ACT; selection/enable flags; enum mapping; binding; units; round-trip,<AVL_ROOT>/AWS/appl/clients/excite/res/cpp/joint.h,878,Declaring class is context only; struct nesting and array indexing are not resolved
SCH-00711,Power Unit (excite),Joint / Bearing,Stiffness,double,"lin_stiff,N_mm",Schema declaration; instance not resolved,Joint_pro_nonl_param,c,"Candidate: GetDblValueU(field,unit)","Candidate: SetDblValueU(field,value,unit)",Schema field/label confirmed; full path + instance + runtime read not verified,Generic API available; this field write NOT verified,Not eligible for Apply; resolve path and test first,,Check type/enable/visibility rules in source,Resolve actual instance/full path; check ASE vs ACT; selection/enable flags; enum mapping; binding; units; round-trip,<AVL_ROOT>/AWS/appl/clients/excite/res/cpp/joint.h,882,Declaring class is context only; struct nesting and array indexing are not resolved
SCH-00712,Power Unit (excite),Joint / Bearing,Damping,double,"lin_damping,Ns_mm",Schema declaration; instance not resolved,Joint_pro_nonl_param,d,"Candidate: GetDblValueU(field,unit)","Candidate: SetDblValueU(field,value,unit)",Schema field/label confirmed; full path + instance + runtime read not verified,Generic API available; this field write NOT verified,Not eligible for Apply; resolve path and test first,,Check type/enable/visibility rules in source,Resolve actual instance/full path; check ASE vs ACT; selection/enable flags; enum mapping; binding; units; round-trip,<AVL_ROOT>/AWS/appl/clients/excite/res/cpp/joint.h,883,Declaring class is context only; struct nesting and array indexing are not resolved
SCH-00713,Power Unit (excite),Joint / Bearing,Reference Displacement,double,"length,mm",Schema declaration; instance not resolved,Joint_pro_nonl_param,x,"Candidate: GetDblValueU(field,unit)","Candidate: SetDblValueU(field,value,unit)",Schema field/label confirmed; full path + instance + runtime read not verified,Generic API available; this field write NOT verified,Not eligible for Apply; resolve path and test first,,Check type/enable/visibility rules in source,Resolve actual instance/full path; check ASE vs ACT; selection/enable flags; enum mapping; binding; units; round-trip,<AVL_ROOT>/AWS/appl/clients/excite/res/cpp/joint.h,884,Declaring class is context only; struct nesting and array indexing are not resolved
SCH-00714,Power Unit (excite),Joint / Bearing,"Ratio (e.g. 1:4:1, or 1:2:4:2:1)",char*,,Schema declaration; instance not resolved,Joint_pro_nonl_param,ratio,Candidate: GetStrValue(field),"Candidate: SetStrValue(field,value)",Schema field/label confirmed; full path + instance + runtime read not verified,Generic API available; this field write NOT verified,Not eligible for Apply; resolve path and test first,,Check type/enable/visibility rules in source,Resolve actual instance/full path; check ASE vs ACT; selection/enable flags; enum mapping; binding; units; round-trip,<AVL_ROOT>/AWS/appl/clients/excite/res/cpp/joint.h,887,Declaring class is context only; struct nesting and array indexing are not resolved
SCH-00715,Power Unit (excite),Joint / Bearing,Const. Part of Joint Force,double,"force,N",Schema declaration; instance not resolved,Joint_pro_nonl_param,f,"Candidate: GetDblValueU(field,unit)","Candidate: SetDblValueU(field,value,unit)",Schema field/label confirmed; full path + instance + runtime read not verified,Generic API available; this field write NOT verified,Not eligible for Apply; resolve path and test first,,Check type/enable/visibility rules in source,Resolve actual instance/full path; check ASE vs ACT; selection/enable flags; enum mapping; binding; units; round-trip,<AVL_ROOT>/AWS/appl/clients/excite/res/cpp/joint.h,891,Declaring class is context only; struct nesting and array indexing are not resolved
SCH-00716,Power Unit (excite),Joint / Bearing,Gap w/o Force,double,"length,mm",Schema declaration; instance not resolved,Joint_pro_nonl_param,x,"Candidate: GetDblValueU(field,unit)","Candidate: SetDblValueU(field,value,unit)",Schema field/label confirmed; full path + instance + runtime read not verified,Generic API available; this field write NOT verified,Not eligible for Apply; resolve path and test first,,Check type/enable/visibility rules in source,Resolve actual instance/full path; check ASE vs ACT; selection/enable flags; enum mapping; binding; units; round-trip,<AVL_ROOT>/AWS/appl/clients/excite/res/cpp/joint.h,892,Declaring class is context only; struct nesting and array indexing are not resolved
SCH-00717,Power Unit (excite),Joint / Bearing,Activity,ASEenum,,Schema declaration; instance not resolved,Joint_pro_nonl_param,dir,Candidate: GetIntValue(field),"Candidate: SetIntValue(field,value)",Schema field/label confirmed; full path + instance + runtime read not verified,Generic API available; this field write NOT verified,Not eligible for Apply; resolve path and test first,,Check type/enable/visibility rules in source,Resolve actual instance/full path; check ASE vs ACT; selection/enable flags; enum mapping; binding; units; round-trip,<AVL_ROOT>/AWS/appl/clients/excite/res/cpp/joint.h,895,"Schema labels: ""Only Compression"",""Tension - Compression"",""Only Tension"""
SCH-00718,Power Unit (excite),Joint / Bearing,Neglect Axial Spring Force Component,Bool,,Schema declaration; instance not resolved,Joint_pro_nonl_param,dis_ax,Candidate: GetIntValue(field),"Candidate: SetIntValue(field,value)",Schema field/label confirmed; full path + instance + runtime read not verified,Generic API available; this field write NOT verified,Not eligible for Apply; resolve path and test first,,Check type/enable/visibility rules in source,Resolve actual instance/full path; check ASE vs ACT; selection/enable flags; enum mapping; binding; units; round-trip,<AVL_ROOT>/AWS/appl/clients/excite/res/cpp/joint.h,900,Declaring class is context only; struct nesting and array indexing are not resolved
SCH-00719,Power Unit (excite),Joint / Bearing,Bearing Diameter,double,"length,mm",Schema declaration; instance not resolved,Joint_pro_nonl_frict,bear_diam,"Candidate: GetDblValueU(field,unit)","Candidate: SetDblValueU(field,value,unit)",Schema field/label confirmed; full path + instance + runtime read not verified,Generic API available; this field write NOT verified,Not eligible for Apply; resolve path and test first,,Check type/enable/visibility rules in source,Resolve actual instance/full path; check ASE vs ACT; selection/enable flags; enum mapping; binding; units; round-trip,<AVL_ROOT>/AWS/appl/clients/excite/res/cpp/joint.h,922,Declaring class is context only; struct nesting and array indexing are not resolved
SCH-00720,Power Unit (excite),Joint / Bearing,Friction Factor (F),double,,Schema declaration; instance not resolved,Joint_pro_nonl_frict,fric_fact,"Candidate: GetDblValueU(field,unit)","Candidate: SetDblValueU(field,value,unit)",Schema field/label confirmed; full path + instance + runtime read not verified,Generic API available; this field write NOT verified,Not eligible for Apply; resolve path and test first,,Check type/enable/visibility rules in source,Resolve actual instance/full path; check ASE vs ACT; selection/enable flags; enum mapping; binding; units; round-trip,<AVL_ROOT>/AWS/appl/clients/excite/res/cpp/joint.h,923,Declaring class is context only; struct nesting and array indexing are not resolved
SCH-00721,Power Unit (excite),Joint / Bearing,A,double,"strib_fri_coeff_ad,s_mm",Schema declaration; instance not resolved,Joint_pro_nonl_frict,A,"Candidate: GetDblValueU(field,unit)","Candidate: SetDblValueU(field,value,unit)",Schema field/label confirmed; full path + instance + runtime read not verified,Generic API available; this field write NOT verified,Not eligible for Apply; resolve path and test first,,Check type/enable/visibility rules in source,Resolve actual instance/full path; check ASE vs ACT; selection/enable flags; enum mapping; binding; units; round-trip,<AVL_ROOT>/AWS/appl/clients/excite/res/cpp/joint.h,936,Declaring class is context only; struct nesting and array indexing are not resolved
SCH-00722,Power Unit (excite),Joint / Bearing,B,double,"dimensionless,no",Schema declaration; instance not resolved,Joint_pro_nonl_frict,B,"Candidate: GetDblValueU(field,unit)","Candidate: SetDblValueU(field,value,unit)",Schema field/label confirmed; full path + instance + runtime read not verified,Generic API available; this field write NOT verified,Not eligible for Apply; resolve path and test first,,Check type/enable/visibility rules in source,Resolve actual instance/full path; check ASE vs ACT; selection/enable flags; enum mapping; binding; units; round-trip,<AVL_ROOT>/AWS/appl/clients/excite/res/cpp/joint.h,937,Declaring class is context only; struct nesting and array indexing are not resolved
SCH-00723,Power Unit (excite),Joint / Bearing,C,double,"velocity,mm_s",Schema declaration; instance not resolved,Joint_pro_nonl_frict,C,"Candidate: GetDblValueU(field,unit)","Candidate: SetDblValueU(field,value,unit)",Schema field/label confirmed; full path + instance + runtime read not verified,Generic API available; this field write NOT verified,Not eligible for Apply; resolve path and test first,,Check type/enable/visibility rules in source,Resolve actual instance/full path; check ASE vs ACT; selection/enable flags; enum mapping; binding; units; round-trip,<AVL_ROOT>/AWS/appl/clients/excite/res/cpp/joint.h,939,Declaring class is context only; struct nesting and array indexing are not resolved
SCH-00724,Power Unit (excite),Joint / Bearing,D,double,"strib_fri_coeff_ad,s_mm",Schema declaration; instance not resolved,Joint_pro_nonl_frict,D,"Candidate: GetDblValueU(field,unit)","Candidate: SetDblValueU(field,value,unit)",Schema field/label confirmed; full path + instance + runtime read not verified,Generic API available; this field write NOT verified,Not eligible for Apply; resolve path and test first,,Check type/enable/visibility rules in source,Resolve actual instance/full path; check ASE vs ACT; selection/enable flags; enum mapping; binding; units; round-trip,<AVL_ROOT>/AWS/appl/clients/excite/res/cpp/joint.h,940,Declaring class is context only; struct nesting and array indexing are not resolved
SCH-00725,Power Unit (excite),Joint / Bearing,A,double,,Schema declaration; instance not resolved,Joint_pro_nonl_frict,A1,"Candidate: GetDblValueU(field,unit)","Candidate: SetDblValueU(field,value,unit)",Schema field/label confirmed; full path + instance + runtime read not verified,Generic API available; this field write NOT verified,Not eligible for Apply; resolve path and test first,,Check type/enable/visibility rules in source,Resolve actual instance/full path; check ASE vs ACT; selection/enable flags; enum mapping; binding; units; round-trip,<AVL_ROOT>/AWS/appl/clients/excite/res/cpp/joint.h,945,Declaring class is context only; struct nesting and array indexing are not resolved
SCH-00726,Power Unit (excite),Joint / Bearing,B,double,,Schema declaration; instance not resolved,Joint_pro_nonl_frict,B1,"Candidate: GetDblValueU(field,unit)","Candidate: SetDblValueU(field,value,unit)",Schema field/label confirmed; full path + instance + runtime read not verified,Generic API available; this field write NOT verified,Not eligible for Apply; resolve path and test first,,Check type/enable/visibility rules in source,Resolve actual instance/full path; check ASE vs ACT; selection/enable flags; enum mapping; binding; units; round-trip,<AVL_ROOT>/AWS/appl/clients/excite/res/cpp/joint.h,946,Declaring class is context only; struct nesting and array indexing are not resolved
SCH-00727,Power Unit (excite),Joint / Bearing,C,double,,Schema declaration; instance not resolved,Joint_pro_nonl_frict,C1,"Candidate: GetDblValueU(field,unit)","Candidate: SetDblValueU(field,value,unit)",Schema field/label confirmed; full path + instance + runtime read not verified,Generic API available; this field write NOT verified,Not eligible for Apply; resolve path and test first,,Check type/enable/visibility rules in source,Resolve actual instance/full path; check ASE vs ACT; selection/enable flags; enum mapping; binding; units; round-trip,<AVL_ROOT>/AWS/appl/clients/excite/res/cpp/joint.h,948,Declaring class is context only; struct nesting and array indexing are not resolved
SCH-00728,Power Unit (excite),Joint / Bearing,D,double,,Schema declaration; instance not resolved,Joint_pro_nonl_frict,D1,"Candidate: GetDblValueU(field,unit)","Candidate: SetDblValueU(field,value,unit)",Schema field/label confirmed; full path + instance + runtime read not verified,Generic API available; this field write NOT verified,Not eligible for Apply; resolve path and test first,,Check type/enable/visibility rules in source,Resolve actual instance/full path; check ASE vs ACT; selection/enable flags; enum mapping; binding; units; round-trip,<AVL_ROOT>/AWS/appl/clients/excite/res/cpp/joint.h,949,Declaring class is context only; struct nesting and array indexing are not resolved
SCH-00729,Power Unit (excite),Joint / Bearing,from,double,"velocity,m_s",Schema declaration; instance not resolved,Joint_pro_nonl_frict,from,"Candidate: GetDblValueU(field,unit)","Candidate: SetDblValueU(field,value,unit)",Schema field/label confirmed; full path + instance + runtime read not verified,Generic API available; this field write NOT verified,Not eligible for Apply; resolve path and test first,,"<visibility=friction_type,value-int,0>",Resolve actual instance/full path; check ASE vs ACT; selection/enable flags; enum mapping; binding; units; round-trip,<AVL_ROOT>/AWS/appl/clients/excite/res/cpp/joint.h,962,Declaring class is context only; struct nesting and array indexing are not resolved
SCH-00730,Power Unit (excite),Joint / Bearing,from,double,,Schema declaration; instance not resolved,Joint_pro_nonl_frict,from1,"Candidate: GetDblValueU(field,unit)","Candidate: SetDblValueU(field,value,unit)",Schema field/label confirmed; full path + instance + runtime read not verified,Generic API available; this field write NOT verified,Not eligible for Apply; resolve path and test first,,"<visibility=friction_type,value-int,1>",Resolve actual instance/full path; check ASE vs ACT; selection/enable flags; enum mapping; binding; units; round-trip,<AVL_ROOT>/AWS/appl/clients/excite/res/cpp/joint.h,965,Declaring class is context only; struct nesting and array indexing are not resolved
SCH-00731,Power Unit (excite),Joint / Bearing,to,double,"velocity,m_s",Schema declaration; instance not resolved,Joint_pro_nonl_frict,interval,"Candidate: GetDblValueU(field,unit)","Candidate: SetDblValueU(field,value,unit)",Schema field/label confirmed; full path + instance + runtime read not verified,Generic API available; this field write NOT verified,Not eligible for Apply; resolve path and test first,,"<visibility=friction_type,value-int,0>",Resolve actual instance/full path; check ASE vs ACT; selection/enable flags; enum mapping; binding; units; round-trip,<AVL_ROOT>/AWS/appl/clients/excite/res/cpp/joint.h,970,Declaring class is context only; struct nesting and array indexing are not resolved
SCH-00732,Power Unit (excite),Joint / Bearing,to,double,,Schema declaration; instance not resolved,Joint_pro_nonl_frict,interval1,"Candidate: GetDblValueU(field,unit)","Candidate: SetDblValueU(field,value,unit)",Schema field/label confirmed; full path + instance + runtime read not verified,Generic API available; this field write NOT verified,Not eligible for Apply; resolve path and test first,,Check type/enable/visibility rules in source,Resolve actual instance/full path; check ASE vs ACT; selection/enable flags; enum mapping; binding; units; round-trip,<AVL_ROOT>/AWS/appl/clients/excite/res/cpp/joint.h,973,Declaring class is context only; struct nesting and array indexing are not resolved
SCH-00733,Power Unit (excite),Joint / Bearing,Friction Coefficient,double,"dimensionless,no",Schema declaration; instance not resolved,Joint_pro_nonl_frict,fric_coef,"Candidate: GetDblValueU(field,unit)","Candidate: SetDblValueU(field,value,unit)",Schema field/label confirmed; full path + instance + runtime read not verified,Generic API available; this field write NOT verified,Not eligible for Apply; resolve path and test first,,Check type/enable/visibility rules in source,Resolve actual instance/full path; check ASE vs ACT; selection/enable flags; enum mapping; binding; units; round-trip,<AVL_ROOT>/AWS/appl/clients/excite/res/cpp/joint.h,978,Declaring class is context only; struct nesting and array indexing are not resolved
SCH-00734,Power Unit (excite),Joint / Bearing,Stiction Transition Velocity,double,"velocity,mm_s",Schema declaration; instance not resolved,Joint_pro_nonl_frict,stic_velo,"Candidate: GetDblValueU(field,unit)","Candidate: SetDblValueU(field,value,unit)",Schema field/label confirmed; full path + instance + runtime read not verified,Generic API available; this field write NOT verified,Not eligible for Apply; resolve path and test first,,Check type/enable/visibility rules in source,Resolve actual instance/full path; check ASE vs ACT; selection/enable flags; enum mapping; binding; units; round-trip,<AVL_ROOT>/AWS/appl/clients/excite/res/cpp/joint.h,979,Declaring class is context only; struct nesting and array indexing are not resolved
SCH-00735,Power Unit (excite),Joint / Bearing,Sealing Radius,double,"length,mm",Schema declaration; instance not resolved,Joint_pro_nonl_frict,sealing_radius,"Candidate: GetDblValueU(field,unit)","Candidate: SetDblValueU(field,value,unit)",Schema field/label confirmed; full path + instance + runtime read not verified,Generic API available; this field write NOT verified,Not eligible for Apply; resolve path and test first,,Check type/enable/visibility rules in source,Resolve actual instance/full path; check ASE vs ACT; selection/enable flags; enum mapping; binding; units; round-trip,<AVL_ROOT>/AWS/appl/clients/excite/res/cpp/joint.h,983,Declaring class is context only; struct nesting and array indexing are not resolved
SCH-00736,Power Unit (excite),Joint / Bearing,Radial pretensioning force,double,"force,N",Schema declaration; instance not resolved,Joint_pro_nonl_frict,preten_force,"Candidate: GetDblValueU(field,unit)","Candidate: SetDblValueU(field,value,unit)",Schema field/label confirmed; full path + instance + runtime read not verified,Generic API available; this field write NOT verified,Not eligible for Apply; resolve path and test first,,Check type/enable/visibility rules in source,Resolve actual instance/full path; check ASE vs ACT; selection/enable flags; enum mapping; binding; units; round-trip,<AVL_ROOT>/AWS/appl/clients/excite/res/cpp/joint.h,984,Declaring class is context only; struct nesting and array indexing are not resolved
SCH-00737,Power Unit (excite),Joint / Bearing,Boundary friction coefficient,double,"dimensionless,no",Schema declaration; instance not resolved,Joint_pro_nonl_frict,b_coff,"Candidate: GetDblValueU(field,unit)","Candidate: SetDblValueU(field,value,unit)",Schema field/label confirmed; full path + instance + runtime read not verified,Generic API available; this field write NOT verified,Not eligible for Apply; resolve path and test first,,Check type/enable/visibility rules in source,Resolve actual instance/full path; check ASE vs ACT; selection/enable flags; enum mapping; binding; units; round-trip,<AVL_ROOT>/AWS/appl/clients/excite/res/cpp/joint.h,985,Declaring class is context only; struct nesting and array indexing are not resolved
SCH-00738,Power Unit (excite),Joint / Bearing,Contact width sealing lip,double,"length,mm",Schema declaration; instance not resolved,Joint_pro_nonl_frict,contact_width,"Candidate: GetDblValueU(field,unit)","Candidate: SetDblValueU(field,value,unit)",Schema field/label confirmed; full path + instance + runtime read not verified,Generic API available; this field write NOT verified,Not eligible for Apply; resolve path and test first,,Check type/enable/visibility rules in source,Resolve actual instance/full path; check ASE vs ACT; selection/enable flags; enum mapping; binding; units; round-trip,<AVL_ROOT>/AWS/appl/clients/excite/res/cpp/joint.h,986,Declaring class is context only; struct nesting and array indexing are not resolved
SCH-00739,Power Unit (excite),Joint / Bearing,Surface roughness shaft (Rz),double,"length,mm",Schema declaration; instance not resolved,Joint_pro_nonl_frict,surf_r,"Candidate: GetDblValueU(field,unit)","Candidate: SetDblValueU(field,value,unit)",Schema field/label confirmed; full path + instance + runtime read not verified,Generic API available; this field write NOT verified,Not eligible for Apply; resolve path and test first,,Check type/enable/visibility rules in source,Resolve actual instance/full path; check ASE vs ACT; selection/enable flags; enum mapping; binding; units; round-trip,<AVL_ROOT>/AWS/appl/clients/excite/res/cpp/joint.h,987,Declaring class is context only; struct nesting and array indexing are not resolved
SCH-00740,Power Unit (excite),Joint / Bearing,Surface roughness sealing ring (Rz),double,"length,mm",Schema declaration; instance not resolved,Joint_pro_nonl_frict,surf2_r,"Candidate: GetDblValueU(field,unit)","Candidate: SetDblValueU(field,value,unit)",Schema field/label confirmed; full path + instance + runtime read not verified,Generic API available; this field write NOT verified,Not eligible for Apply; resolve path and test first,,Check type/enable/visibility rules in source,Resolve actual instance/full path; check ASE vs ACT; selection/enable flags; enum mapping; binding; units; round-trip,<AVL_ROOT>/AWS/appl/clients/excite/res/cpp/joint.h,988,Declaring class is context only; struct nesting and array indexing are not resolved
SCH-00741,Power Unit (excite),Joint / Bearing,Oil Type,char*,,Schema declaration; instance not resolved,Joint_pro_nonl_frict,oil_type,Candidate: GetStrValue(field),"Candidate: SetStrValue(field,value)",Schema field/label confirmed; full path + instance + runtime read not verified,Generic API available; this field write NOT verified,Not eligible for Apply; resolve path and test first,,<visibility_change>,Resolve actual instance/full path; check ASE vs ACT; selection/enable flags; enum mapping; binding; units; round-trip,<AVL_ROOT>/AWS/appl/clients/excite/res/cpp/joint.h,993,Declaring class is context only; struct nesting and array indexing are not resolved
SCH-00742,Power Unit (excite),Joint / Bearing,Use Default,Bool,,Schema declaration; instance not resolved,Joint_pro_nonl_frict,linked,Candidate: GetIntValue(field),"Candidate: SetIntValue(field,value)",Schema field/label confirmed; full path + instance + runtime read not verified,Generic API available; this field write NOT verified,Not eligible for Apply; resolve path and test first,,Check type/enable/visibility rules in source,Resolve actual instance/full path; check ASE vs ACT; selection/enable flags; enum mapping; binding; units; round-trip,<AVL_ROOT>/AWS/appl/clients/excite/res/cpp/joint.h,995,Declaring class is context only; struct nesting and array indexing are not resolved
SCH-00743,Power Unit (excite),Joint / Bearing,Use Constant Pressure,Bool,,Schema declaration; instance not resolved,Joint_pro_nonl_frict,cpdv,Candidate: GetIntValue(field),"Candidate: SetIntValue(field,value)",Schema field/label confirmed; full path + instance + runtime read not verified,Generic API available; this field write NOT verified,Not eligible for Apply; resolve path and test first,,Check type/enable/visibility rules in source,Resolve actual instance/full path; check ASE vs ACT; selection/enable flags; enum mapping; binding; units; round-trip,<AVL_ROOT>/AWS/appl/clients/excite/res/cpp/joint.h,1019,Declaring class is context only; struct nesting and array indexing are not resolved
SCH-00744,Power Unit (excite),Joint / Bearing,Use Constant Temperature,Bool,,Schema declaration; instance not resolved,Joint_pro_nonl_frict,ctdv,Candidate: GetIntValue(field),"Candidate: SetIntValue(field,value)",Schema field/label confirmed; full path + instance + runtime read not verified,Generic API available; this field write NOT verified,Not eligible for Apply; resolve path and test first,,Check type/enable/visibility rules in source,Resolve actual instance/full path; check ASE vs ACT; selection/enable flags; enum mapping; binding; units; round-trip,<AVL_ROOT>/AWS/appl/clients/excite/res/cpp/joint.h,1021,Declaring class is context only; struct nesting and array indexing are not resolved
SCH-00745,Power Unit (excite),Joint / Bearing,Use Constant Shear Rate,Bool,,Schema declaration; instance not resolved,Joint_pro_nonl_frict,csrdv,Candidate: GetIntValue(field),"Candidate: SetIntValue(field,value)",Schema field/label confirmed; full path + instance + runtime read not verified,Generic API available; this field write NOT verified,Not eligible for Apply; resolve path and test first,,Check type/enable/visibility rules in source,Resolve actual instance/full path; check ASE vs ACT; selection/enable flags; enum mapping; binding; units; round-trip,<AVL_ROOT>/AWS/appl/clients/excite/res/cpp/joint.h,1023,Declaring class is context only; struct nesting and array indexing are not resolved
SCH-00746,Power Unit (excite),Joint / Bearing,Stiffness,double,"lin_stiff,N_mm",Schema declaration; instance not resolved,Joint_pro_revo_param,c,"Candidate: GetDblValueU(field,unit)","Candidate: SetDblValueU(field,value,unit)",Schema field/label confirmed; full path + instance + runtime read not verified,Generic API available; this field write NOT verified,Not eligible for Apply; resolve path and test first,,Check type/enable/visibility rules in source,Resolve actual instance/full path; check ASE vs ACT; selection/enable flags; enum mapping; binding; units; round-trip,<AVL_ROOT>/AWS/appl/clients/excite/res/cpp/joint.h,1074,Declaring class is context only; struct nesting and array indexing are not resolved
SCH-00747,Power Unit (excite),Joint / Bearing,Damping,double,"lin_damping,Ns_mm",Schema declaration; instance not resolved,Joint_pro_revo_param,d,"Candidate: GetDblValueU(field,unit)","Candidate: SetDblValueU(field,value,unit)",Schema field/label confirmed; full path + instance + runtime read not verified,Generic API available; this field write NOT verified,Not eligible for Apply; resolve path and test first,,Check type/enable/visibility rules in source,Resolve actual instance/full path; check ASE vs ACT; selection/enable flags; enum mapping; binding; units; round-trip,<AVL_ROOT>/AWS/appl/clients/excite/res/cpp/joint.h,1075,Declaring class is context only; struct nesting and array indexing are not resolved
SCH-00748,Power Unit (excite),Joint / Bearing,Stiffness,double,"lin_stiff,N_mm",Schema declaration; instance not resolved,Joint_pro_revo_param,c,"Candidate: GetDblValueU(field,unit)","Candidate: SetDblValueU(field,value,unit)",Schema field/label confirmed; full path + instance + runtime read not verified,Generic API available; this field write NOT verified,Not eligible for Apply; resolve path and test first,,Check type/enable/visibility rules in source,Resolve actual instance/full path; check ASE vs ACT; selection/enable flags; enum mapping; binding; units; round-trip,<AVL_ROOT>/AWS/appl/clients/excite/res/cpp/joint.h,1079,Declaring class is context only; struct nesting and array indexing are not resolved
SCH-00749,Power Unit (excite),Joint / Bearing,Damping,double,"lin_damping,Ns_mm",Schema declaration; instance not resolved,Joint_pro_revo_param,d,"Candidate: GetDblValueU(field,unit)","Candidate: SetDblValueU(field,value,unit)",Schema field/label confirmed; full path + instance + runtime read not verified,Generic API available; this field write NOT verified,Not eligible for Apply; resolve path and test first,,Check type/enable/visibility rules in source,Resolve actual instance/full path; check ASE vs ACT; selection/enable flags; enum mapping; binding; units; round-trip,<AVL_ROOT>/AWS/appl/clients/excite/res/cpp/joint.h,1080,Declaring class is context only; struct nesting and array indexing are not resolved
SCH-00750,Power Unit (excite),Joint / Bearing,Radial Clearance,double,"length,mm",Schema declaration; instance not resolved,Joint_pro_revo_param,x,"Candidate: GetDblValueU(field,unit)","Candidate: SetDblValueU(field,value,unit)",Schema field/label confirmed; full path + instance + runtime read not verified,Generic API available; this field write NOT verified,Not eligible for Apply; resolve path and test first,,Check type/enable/visibility rules in source,Resolve actual instance/full path; check ASE vs ACT; selection/enable flags; enum mapping; binding; units; round-trip,<AVL_ROOT>/AWS/appl/clients/excite/res/cpp/joint.h,1081,Declaring class is context only; struct nesting and array indexing are not resolved
SCH-00751,Power Unit (excite),Joint / Bearing,Gap w/o Force,double,"length,mm",Schema declaration; instance not resolved,Joint_pro_revo_param,x,"Candidate: GetDblValueU(field,unit)","Candidate: SetDblValueU(field,value,unit)",Schema field/label confirmed; full path + instance + runtime read not verified,Generic API available; this field write NOT verified,Not eligible for Apply; resolve path and test first,,Check type/enable/visibility rules in source,Resolve actual instance/full path; check ASE vs ACT; selection/enable flags; enum mapping; binding; units; round-trip,<AVL_ROOT>/AWS/appl/clients/excite/res/cpp/joint.h,1086,Declaring class is context only; struct nesting and array indexing are not resolved
SCH-00752,Power Unit (excite),Joint / Bearing,A,double,"strib_fri_coeff_ad,s_mm",Schema declaration; instance not resolved,Joint_pro_revo_frict,A,"Candidate: GetDblValueU(field,unit)","Candidate: SetDblValueU(field,value,unit)",Schema field/label confirmed; full path + instance + runtime read not verified,Generic API available; this field write NOT verified,Not eligible for Apply; resolve path and test first,,Check type/enable/visibility rules in source,Resolve actual instance/full path; check ASE vs ACT; selection/enable flags; enum mapping; binding; units; round-trip,<AVL_ROOT>/AWS/appl/clients/excite/res/cpp/joint.h,1118,Declaring class is context only; struct nesting and array indexing are not resolved
SCH-00753,Power Unit (excite),Joint / Bearing,B,double,"dimensionless,no",Schema declaration; instance not resolved,Joint_pro_revo_frict,B,"Candidate: GetDblValueU(field,unit)","Candidate: SetDblValueU(field,value,unit)",Schema field/label confirmed; full path + instance + runtime read not verified,Generic API available; this field write NOT verified,Not eligible for Apply; resolve path and test first,,Check type/enable/visibility rules in source,Resolve actual instance/full path; check ASE vs ACT; selection/enable flags; enum mapping; binding; units; round-trip,<AVL_ROOT>/AWS/appl/clients/excite/res/cpp/joint.h,1119,Declaring class is context only; struct nesting and array indexing are not resolved
SCH-00754,Power Unit (excite),Joint / Bearing,C,double,"velocity,mm_s",Schema declaration; instance not resolved,Joint_pro_revo_frict,C,"Candidate: GetDblValueU(field,unit)","Candidate: SetDblValueU(field,value,unit)",Schema field/label confirmed; full path + instance + runtime read not verified,Generic API available; this field write NOT verified,Not eligible for Apply; resolve path and test first,,Check type/enable/visibility rules in source,Resolve actual instance/full path; check ASE vs ACT; selection/enable flags; enum mapping; binding; units; round-trip,<AVL_ROOT>/AWS/appl/clients/excite/res/cpp/joint.h,1120,Declaring class is context only; struct nesting and array indexing are not resolved
SCH-00755,Power Unit (excite),Joint / Bearing,D,double,"strib_fri_coeff_ad,s_mm",Schema declaration; instance not resolved,Joint_pro_revo_frict,D,"Candidate: GetDblValueU(field,unit)","Candidate: SetDblValueU(field,value,unit)",Schema field/label confirmed; full path + instance + runtime read not verified,Generic API available; this field write NOT verified,Not eligible for Apply; resolve path and test first,,Check type/enable/visibility rules in source,Resolve actual instance/full path; check ASE vs ACT; selection/enable flags; enum mapping; binding; units; round-trip,<AVL_ROOT>/AWS/appl/clients/excite/res/cpp/joint.h,1121,Declaring class is context only; struct nesting and array indexing are not resolved
SCH-00756,Power Unit (excite),Joint / Bearing,A,double,,Schema declaration; instance not resolved,Joint_pro_revo_frict,A1,"Candidate: GetDblValueU(field,unit)","Candidate: SetDblValueU(field,value,unit)",Schema field/label confirmed; full path + instance + runtime read not verified,Generic API available; this field write NOT verified,Not eligible for Apply; resolve path and test first,,Check type/enable/visibility rules in source,Resolve actual instance/full path; check ASE vs ACT; selection/enable flags; enum mapping; binding; units; round-trip,<AVL_ROOT>/AWS/appl/clients/excite/res/cpp/joint.h,1125,Declaring class is context only; struct nesting and array indexing are not resolved
SCH-00757,Power Unit (excite),Joint / Bearing,B,double,,Schema declaration; instance not resolved,Joint_pro_revo_frict,B1,"Candidate: GetDblValueU(field,unit)","Candidate: SetDblValueU(field,value,unit)",Schema field/label confirmed; full path + instance + runtime read not verified,Generic API available; this field write NOT verified,Not eligible for Apply; resolve path and test first,,Check type/enable/visibility rules in source,Resolve actual instance/full path; check ASE vs ACT; selection/enable flags; enum mapping; binding; units; round-trip,<AVL_ROOT>/AWS/appl/clients/excite/res/cpp/joint.h,1126,Declaring class is context only; struct nesting and array indexing are not resolved
SCH-00758,Power Unit (excite),Joint / Bearing,C,double,,Schema declaration; instance not resolved,Joint_pro_revo_frict,C1,"Candidate: GetDblValueU(field,unit)","Candidate: SetDblValueU(field,value,unit)",Schema field/label confirmed; full path + instance + runtime read not verified,Generic API available; this field write NOT verified,Not eligible for Apply; resolve path and test first,,Check type/enable/visibility rules in source,Resolve actual instance/full path; check ASE vs ACT; selection/enable flags; enum mapping; binding; units; round-trip,<AVL_ROOT>/AWS/appl/clients/excite/res/cpp/joint.h,1127,Declaring class is context only; struct nesting and array indexing are not resolved
SCH-00759,Power Unit (excite),Joint / Bearing,D,double,,Schema declaration; instance not resolved,Joint_pro_revo_frict,D1,"Candidate: GetDblValueU(field,unit)","Candidate: SetDblValueU(field,value,unit)",Schema field/label confirmed; full path + instance + runtime read not verified,Generic API available; this field write NOT verified,Not eligible for Apply; resolve path and test first,,Check type/enable/visibility rules in source,Resolve actual instance/full path; check ASE vs ACT; selection/enable flags; enum mapping; binding; units; round-trip,<AVL_ROOT>/AWS/appl/clients/excite/res/cpp/joint.h,1128,Declaring class is context only; struct nesting and array indexing are not resolved
SCH-00760,Power Unit (excite),Joint / Bearing,Bearing Diameter,double,"length,mm",Schema declaration; instance not resolved,Joint_pro_revo_frict,bear_diam,"Candidate: GetDblValueU(field,unit)","Candidate: SetDblValueU(field,value,unit)",Schema field/label confirmed; full path + instance + runtime read not verified,Generic API available; this field write NOT verified,Not eligible for Apply; resolve path and test first,,Check type/enable/visibility rules in source,Resolve actual instance/full path; check ASE vs ACT; selection/enable flags; enum mapping; binding; units; round-trip,<AVL_ROOT>/AWS/appl/clients/excite/res/cpp/joint.h,1133,Declaring class is context only; struct nesting and array indexing are not resolved
SCH-00761,Power Unit (excite),Joint / Bearing,Friction Factor (F),double,,Schema declaration; instance not resolved,Joint_pro_revo_frict,fric_fact,"Candidate: GetDblValueU(field,unit)","Candidate: SetDblValueU(field,value,unit)",Schema field/label confirmed; full path + instance + runtime read not verified,Generic API available; this field write NOT verified,Not eligible for Apply; resolve path and test first,,Check type/enable/visibility rules in source,Resolve actual instance/full path; check ASE vs ACT; selection/enable flags; enum mapping; binding; units; round-trip,<AVL_ROOT>/AWS/appl/clients/excite/res/cpp/joint.h,1134,Declaring class is context only; struct nesting and array indexing are not resolved
SCH-00762,Power Unit (excite),Joint / Bearing,from,double,"velocity,m_s",Schema declaration; instance not resolved,Joint_pro_revo_frict,from,"Candidate: GetDblValueU(field,unit)","Candidate: SetDblValueU(field,value,unit)",Schema field/label confirmed; full path + instance + runtime read not verified,Generic API available; this field write NOT verified,Not eligible for Apply; resolve path and test first,,"<visibility=friction_type,value-int,0>",Resolve actual instance/full path; check ASE vs ACT; selection/enable flags; enum mapping; binding; units; round-trip,<AVL_ROOT>/AWS/appl/clients/excite/res/cpp/joint.h,1148,Declaring class is context only; struct nesting and array indexing are not resolved
SCH-00763,Power Unit (excite),Joint / Bearing,from,double,,Schema declaration; instance not resolved,Joint_pro_revo_frict,from1,"Candidate: GetDblValueU(field,unit)","Candidate: SetDblValueU(field,value,unit)",Schema field/label confirmed; full path + instance + runtime read not verified,Generic API available; this field write NOT verified,Not eligible for Apply; resolve path and test first,,"<visibility=friction_type,value-int,1>",Resolve actual instance/full path; check ASE vs ACT; selection/enable flags; enum mapping; binding; units; round-trip,<AVL_ROOT>/AWS/appl/clients/excite/res/cpp/joint.h,1151,Declaring class is context only; struct nesting and array indexing are not resolved
SCH-00764,Power Unit (excite),Joint / Bearing,to,double,"velocity,m_s",Schema declaration; instance not resolved,Joint_pro_revo_frict,interval,"Candidate: GetDblValueU(field,unit)","Candidate: SetDblValueU(field,value,unit)",Schema field/label confirmed; full path + instance + runtime read not verified,Generic API available; this field write NOT verified,Not eligible for Apply; resolve path and test first,,"<visibility=friction_type,value-int,0>",Resolve actual instance/full path; check ASE vs ACT; selection/enable flags; enum mapping; binding; units; round-trip,<AVL_ROOT>/AWS/appl/clients/excite/res/cpp/joint.h,1156,Declaring class is context only; struct nesting and array indexing are not resolved
SCH-00765,Power Unit (excite),Joint / Bearing,to,double,,Schema declaration; instance not resolved,Joint_pro_revo_frict,interval1,"Candidate: GetDblValueU(field,unit)","Candidate: SetDblValueU(field,value,unit)",Schema field/label confirmed; full path + instance + runtime read not verified,Generic API available; this field write NOT verified,Not eligible for Apply; resolve path and test first,,Check type/enable/visibility rules in source,Resolve actual instance/full path; check ASE vs ACT; selection/enable flags; enum mapping; binding; units; round-trip,<AVL_ROOT>/AWS/appl/clients/excite/res/cpp/joint.h,1159,Declaring class is context only; struct nesting and array indexing are not resolved
SCH-00766,Power Unit (excite),Joint / Bearing,Friction Coefficient,double,"dimensionless,no",Schema declaration; instance not resolved,Joint_pro_revo_frict,fric_coef,"Candidate: GetDblValueU(field,unit)","Candidate: SetDblValueU(field,value,unit)",Schema field/label confirmed; full path + instance + runtime read not verified,Generic API available; this field write NOT verified,Not eligible for Apply; resolve path and test first,,Check type/enable/visibility rules in source,Resolve actual instance/full path; check ASE vs ACT; selection/enable flags; enum mapping; binding; units; round-trip,<AVL_ROOT>/AWS/appl/clients/excite/res/cpp/joint.h,1164,Declaring class is context only; struct nesting and array indexing are not resolved
SCH-00767,Power Unit (excite),Joint / Bearing,Stiction Transition Velocity,double,"velocity,mm_s",Schema declaration; instance not resolved,Joint_pro_revo_frict,stic_velo,"Candidate: GetDblValueU(field,unit)","Candidate: SetDblValueU(field,value,unit)",Schema field/label confirmed; full path + instance + runtime read not verified,Generic API available; this field write NOT verified,Not eligible for Apply; resolve path and test first,,Check type/enable/visibility rules in source,Resolve actual instance/full path; check ASE vs ACT; selection/enable flags; enum mapping; binding; units; round-trip,<AVL_ROOT>/AWS/appl/clients/excite/res/cpp/joint.h,1165,Declaring class is context only; struct nesting and array indexing are not resolved
SCH-00768,Power Unit (excite),Joint / Bearing,Sealing Radius,double,"length,mm",Schema declaration; instance not resolved,Joint_pro_revo_frict,sealing_radius,"Candidate: GetDblValueU(field,unit)","Candidate: SetDblValueU(field,value,unit)",Schema field/label confirmed; full path + instance + runtime read not verified,Generic API available; this field write NOT verified,Not eligible for Apply; resolve path and test first,,Check type/enable/visibility rules in source,Resolve actual instance/full path; check ASE vs ACT; selection/enable flags; enum mapping; binding; units; round-trip,<AVL_ROOT>/AWS/appl/clients/excite/res/cpp/joint.h,1169,Declaring class is context only; struct nesting and array indexing are not resolved
SCH-00769,Power Unit (excite),Joint / Bearing,Radial pretensioning force,double,"force,N",Schema declaration; instance not resolved,Joint_pro_revo_frict,preten_force,"Candidate: GetDblValueU(field,unit)","Candidate: SetDblValueU(field,value,unit)",Schema field/label confirmed; full path + instance + runtime read not verified,Generic API available; this field write NOT verified,Not eligible for Apply; resolve path and test first,,Check type/enable/visibility rules in source,Resolve actual instance/full path; check ASE vs ACT; selection/enable flags; enum mapping; binding; units; round-trip,<AVL_ROOT>/AWS/appl/clients/excite/res/cpp/joint.h,1170,Declaring class is context only; struct nesting and array indexing are not resolved
SCH-00770,Power Unit (excite),Joint / Bearing,Boundary friction coefficient,double,"dimensionless,no",Schema declaration; instance not resolved,Joint_pro_revo_frict,b_coff,"Candidate: GetDblValueU(field,unit)","Candidate: SetDblValueU(field,value,unit)",Schema field/label confirmed; full path + instance + runtime read not verified,Generic API available; this field write NOT verified,Not eligible for Apply; resolve path and test first,,Check type/enable/visibility rules in source,Resolve actual instance/full path; check ASE vs ACT; selection/enable flags; enum mapping; binding; units; round-trip,<AVL_ROOT>/AWS/appl/clients/excite/res/cpp/joint.h,1171,Declaring class is context only; struct nesting and array indexing are not resolved
SCH-00771,Power Unit (excite),Joint / Bearing,Contact width sealing lip,double,"length,mm",Schema declaration; instance not resolved,Joint_pro_revo_frict,contact_width,"Candidate: GetDblValueU(field,unit)","Candidate: SetDblValueU(field,value,unit)",Schema field/label confirmed; full path + instance + runtime read not verified,Generic API available; this field write NOT verified,Not eligible for Apply; resolve path and test first,,Check type/enable/visibility rules in source,Resolve actual instance/full path; check ASE vs ACT; selection/enable flags; enum mapping; binding; units; round-trip,<AVL_ROOT>/AWS/appl/clients/excite/res/cpp/joint.h,1172,Declaring class is context only; struct nesting and array indexing are not resolved
SCH-00772,Power Unit (excite),Joint / Bearing,Surface roughness shaft (Rz),double,"length,mm",Schema declaration; instance not resolved,Joint_pro_revo_frict,surf_r,"Candidate: GetDblValueU(field,unit)","Candidate: SetDblValueU(field,value,unit)",Schema field/label confirmed; full path + instance + runtime read not verified,Generic API available; this field write NOT verified,Not eligible for Apply; resolve path and test first,,Check type/enable/visibility rules in source,Resolve actual instance/full path; check ASE vs ACT; selection/enable flags; enum mapping; binding; units; round-trip,<AVL_ROOT>/AWS/appl/clients/excite/res/cpp/joint.h,1173,Declaring class is context only; struct nesting and array indexing are not resolved
SCH-00773,Power Unit (excite),Joint / Bearing,Surface roughness sealing ring (Rz),double,"length,mm",Schema declaration; instance not resolved,Joint_pro_revo_frict,surf2_r,"Candidate: GetDblValueU(field,unit)","Candidate: SetDblValueU(field,value,unit)",Schema field/label confirmed; full path + instance + runtime read not verified,Generic API available; this field write NOT verified,Not eligible for Apply; resolve path and test first,,Check type/enable/visibility rules in source,Resolve actual instance/full path; check ASE vs ACT; selection/enable flags; enum mapping; binding; units; round-trip,<AVL_ROOT>/AWS/appl/clients/excite/res/cpp/joint.h,1174,Declaring class is context only; struct nesting and array indexing are not resolved
SCH-00774,Power Unit (excite),Joint / Bearing,Oil Type,char*,,Schema declaration; instance not resolved,Joint_pro_revo_frict,oil_type,Candidate: GetStrValue(field),"Candidate: SetStrValue(field,value)",Schema field/label confirmed; full path + instance + runtime read not verified,Generic API available; this field write NOT verified,Not eligible for Apply; resolve path and test first,,<visibility_change>,Resolve actual instance/full path; check ASE vs ACT; selection/enable flags; enum mapping; binding; units; round-trip,<AVL_ROOT>/AWS/appl/clients/excite/res/cpp/joint.h,1179,Declaring class is context only; struct nesting and array indexing are not resolved
SCH-00775,Power Unit (excite),Joint / Bearing,Use Default,Bool,,Schema declaration; instance not resolved,Joint_pro_revo_frict,linked,Candidate: GetIntValue(field),"Candidate: SetIntValue(field,value)",Schema field/label confirmed; full path + instance + runtime read not verified,Generic API available; this field write NOT verified,Not eligible for Apply; resolve path and test first,,Check type/enable/visibility rules in source,Resolve actual instance/full path; check ASE vs ACT; selection/enable flags; enum mapping; binding; units; round-trip,<AVL_ROOT>/AWS/appl/clients/excite/res/cpp/joint.h,1181,Declaring class is context only; struct nesting and array indexing are not resolved
SCH-00776,Power Unit (excite),Joint / Bearing,Use Constant Pressure,Bool,,Schema declaration; instance not resolved,Joint_pro_revo_frict,cpdv,Candidate: GetIntValue(field),"Candidate: SetIntValue(field,value)",Schema field/label confirmed; full path + instance + runtime read not verified,Generic API available; this field write NOT verified,Not eligible for Apply; resolve path and test first,,Check type/enable/visibility rules in source,Resolve actual instance/full path; check ASE vs ACT; selection/enable flags; enum mapping; binding; units; round-trip,<AVL_ROOT>/AWS/appl/clients/excite/res/cpp/joint.h,1205,Declaring class is context only; struct nesting and array indexing are not resolved
SCH-00777,Power Unit (excite),Joint / Bearing,Use Constant Temperature,Bool,,Schema declaration; instance not resolved,Joint_pro_revo_frict,ctdv,Candidate: GetIntValue(field),"Candidate: SetIntValue(field,value)",Schema field/label confirmed; full path + instance + runtime read not verified,Generic API available; this field write NOT verified,Not eligible for Apply; resolve path and test first,,Check type/enable/visibility rules in source,Resolve actual instance/full path; check ASE vs ACT; selection/enable flags; enum mapping; binding; units; round-trip,<AVL_ROOT>/AWS/appl/clients/excite/res/cpp/joint.h,1207,Declaring class is context only; struct nesting and array indexing are not resolved
SCH-00778,Power Unit (excite),Joint / Bearing,Use Constant Shear Rate,Bool,,Schema declaration; instance not resolved,Joint_pro_revo_frict,csrdv,Candidate: GetIntValue(field),"Candidate: SetIntValue(field,value)",Schema field/label confirmed; full path + instance + runtime read not verified,Generic API available; this field write NOT verified,Not eligible for Apply; resolve path and test first,,Check type/enable/visibility rules in source,Resolve actual instance/full path; check ASE vs ACT; selection/enable flags; enum mapping; binding; units; round-trip,<AVL_ROOT>/AWS/appl/clients/excite/res/cpp/joint.h,1209,Declaring class is context only; struct nesting and array indexing are not resolved
SCH-00779,Power Unit (excite),Joint / Bearing,Transmission Ratio,double,"dimensionless,no",Schema declaration; instance not resolved,Joint_pro_rotx,ratio,"Candidate: GetDblValueU(field,unit)","Candidate: SetDblValueU(field,value,unit)",Schema field/label confirmed; full path + instance + runtime read not verified,Generic API available; this field write NOT verified,Not eligible for Apply; resolve path and test first,,Check type/enable/visibility rules in source,Resolve actual instance/full path; check ASE vs ACT; selection/enable flags; enum mapping; binding; units; round-trip,<AVL_ROOT>/AWS/appl/clients/excite/res/cpp/joint.h,1254,Declaring class is context only; struct nesting and array indexing are not resolved
SCH-00780,Power Unit (excite),Joint / Bearing,Torsional Stiffness,double,"tors_stiff,Nmm_rad",Schema declaration; instance not resolved,Joint_pro_rotx,ctors,"Candidate: GetDblValueU(field,unit)","Candidate: SetDblValueU(field,value,unit)",Schema field/label confirmed; full path + instance + runtime read not verified,Generic API available; this field write NOT verified,Not eligible for Apply; resolve path and test first,,Check type/enable/visibility rules in source,Resolve actual instance/full path; check ASE vs ACT; selection/enable flags; enum mapping; binding; units; round-trip,<AVL_ROOT>/AWS/appl/clients/excite/res/cpp/joint.h,1258,Declaring class is context only; struct nesting and array indexing are not resolved
SCH-00781,Power Unit (excite),Joint / Bearing,Torsional Damping,double,"rot_damping,Nmms_rad",Schema declaration; instance not resolved,Joint_pro_rotx,dtors,"Candidate: GetDblValueU(field,unit)","Candidate: SetDblValueU(field,value,unit)",Schema field/label confirmed; full path + instance + runtime read not verified,Generic API available; this field write NOT verified,Not eligible for Apply; resolve path and test first,,Check type/enable/visibility rules in source,Resolve actual instance/full path; check ASE vs ACT; selection/enable flags; enum mapping; binding; units; round-trip,<AVL_ROOT>/AWS/appl/clients/excite/res/cpp/joint.h,1259,Declaring class is context only; struct nesting and array indexing are not resolved
SCH-00782,Power Unit (excite),Joint / Bearing,Proportional Damping Coeff.,double,"dimensionless,no",Schema declaration; instance not resolved,Joint_pro_rotx,dampcoef,"Candidate: GetDblValueU(field,unit)","Candidate: SetDblValueU(field,value,unit)",Schema field/label confirmed; full path + instance + runtime read not verified,Generic API available; this field write NOT verified,Not eligible for Apply; resolve path and test first,,Check type/enable/visibility rules in source,Resolve actual instance/full path; check ASE vs ACT; selection/enable flags; enum mapping; binding; units; round-trip,<AVL_ROOT>/AWS/appl/clients/excite/res/cpp/joint.h,1265,Declaring class is context only; struct nesting and array indexing are not resolved
SCH-00783,Power Unit (excite),Joint / Bearing,Constant Part of Joint Moment,double,"moment,Nmm",Schema declaration; instance not resolved,Joint_pro_rotx,force,"Candidate: GetDblValueU(field,unit)","Candidate: SetDblValueU(field,value,unit)",Schema field/label confirmed; full path + instance + runtime read not verified,Generic API available; this field write NOT verified,Not eligible for Apply; resolve path and test first,,Check type/enable/visibility rules in source,Resolve actual instance/full path; check ASE vs ACT; selection/enable flags; enum mapping; binding; units; round-trip,<AVL_ROOT>/AWS/appl/clients/excite/res/cpp/joint.h,1270,Declaring class is context only; struct nesting and array indexing are not resolved
SCH-00784,Power Unit (excite),Joint / Bearing,Diameter,double,"length,m",Schema declaration; instance not resolved,Joint_pro_bolt_damp,D,"Candidate: GetDblValueU(field,unit)","Candidate: SetDblValueU(field,value,unit)",Schema field/label confirmed; full path + instance + runtime read not verified,Generic API available; this field write NOT verified,Not eligible for Apply; resolve path and test first,,Check type/enable/visibility rules in source,Resolve actual instance/full path; check ASE vs ACT; selection/enable flags; enum mapping; binding; units; round-trip,<AVL_ROOT>/AWS/appl/clients/excite/res/cpp/joint.h,1293,Declaring class is context only; struct nesting and array indexing are not resolved
SCH-00785,Power Unit (excite),Joint / Bearing,Frequency f1,double,"frequency,Hz",Schema declaration; instance not resolved,Joint_pro_bolt_damp,f1,"Candidate: GetDblValueU(field,unit)","Candidate: SetDblValueU(field,value,unit)",Schema field/label confirmed; full path + instance + runtime read not verified,Generic API available; this field write NOT verified,Not eligible for Apply; resolve path and test first,,Check type/enable/visibility rules in source,Resolve actual instance/full path; check ASE vs ACT; selection/enable flags; enum mapping; binding; units; round-trip,<AVL_ROOT>/AWS/appl/clients/excite/res/cpp/joint.h,1296,Declaring class is context only; struct nesting and array indexing are not resolved
SCH-00786,Power Unit (excite),Joint / Bearing,Damping Ratio at f1,double,"dimensionless,no",Schema declaration; instance not resolved,Joint_pro_bolt_damp,d1,"Candidate: GetDblValueU(field,unit)","Candidate: SetDblValueU(field,value,unit)",Schema field/label confirmed; full path + instance + runtime read not verified,Generic API available; this field write NOT verified,Not eligible for Apply; resolve path and test first,,Check type/enable/visibility rules in source,Resolve actual instance/full path; check ASE vs ACT; selection/enable flags; enum mapping; binding; units; round-trip,<AVL_ROOT>/AWS/appl/clients/excite/res/cpp/joint.h,1297,Declaring class is context only; struct nesting and array indexing are not resolved
SCH-00787,Power Unit (excite),Joint / Bearing,Frequency f2,double,"frequency,Hz",Schema declaration; instance not resolved,Joint_pro_bolt_damp,f2,"Candidate: GetDblValueU(field,unit)","Candidate: SetDblValueU(field,value,unit)",Schema field/label confirmed; full path + instance + runtime read not verified,Generic API available; this field write NOT verified,Not eligible for Apply; resolve path and test first,,Check type/enable/visibility rules in source,Resolve actual instance/full path; check ASE vs ACT; selection/enable flags; enum mapping; binding; units; round-trip,<AVL_ROOT>/AWS/appl/clients/excite/res/cpp/joint.h,1298,Declaring class is context only; struct nesting and array indexing are not resolved
SCH-00788,Power Unit (excite),Joint / Bearing,Damping Ratio at f2,double,"dimensionless,no",Schema declaration; instance not resolved,Joint_pro_bolt_damp,d2,"Candidate: GetDblValueU(field,unit)","Candidate: SetDblValueU(field,value,unit)",Schema field/label confirmed; full path + instance + runtime read not verified,Generic API available; this field write NOT verified,Not eligible for Apply; resolve path and test first,,Check type/enable/visibility rules in source,Resolve actual instance/full path; check ASE vs ACT; selection/enable flags; enum mapping; binding; units; round-trip,<AVL_ROOT>/AWS/appl/clients/excite/res/cpp/joint.h,1299,Declaring class is context only; struct nesting and array indexing are not resolved
SCH-00789,Power Unit (excite),Joint / Bearing,Rotation Axis of Connected Body,ASEenum,,Schema declaration; instance not resolved,Joint_pro_tvd,tvdRotAx,Candidate: GetIntValue(field),"Candidate: SetIntValue(field,value)",Schema field/label confirmed; full path + instance + runtime read not verified,Generic API available; this field write NOT verified,Not eligible for Apply; resolve path and test first,,Check type/enable/visibility rules in source,Resolve actual instance/full path; check ASE vs ACT; selection/enable flags; enum mapping; binding; units; round-trip,<AVL_ROOT>/AWS/appl/clients/excite/res/cpp/joint.h,1330,"Schema labels: ""X"",""Y"",""Z"""
SCH-00790,Power Unit (excite),Joint / Bearing,Stiffness,double,"tors_stiff,Nm_rad",Schema declaration; instance not resolved,Joint_pro_tvd,tvdStiff,"Candidate: GetDblValueU(field,unit)","Candidate: SetDblValueU(field,value,unit)",Schema field/label confirmed; full path + instance + runtime read not verified,Generic API available; this field write NOT verified,Not eligible for Apply; resolve path and test first,,Check type/enable/visibility rules in source,Resolve actual instance/full path; check ASE vs ACT; selection/enable flags; enum mapping; binding; units; round-trip,<AVL_ROOT>/AWS/appl/clients/excite/res/cpp/joint.h,1333,Declaring class is context only; struct nesting and array indexing are not resolved
SCH-00791,Power Unit (excite),Joint / Bearing,Damping Constant,double,"rot_damping,Nms_rad",Schema declaration; instance not resolved,Joint_pro_tvd,tvdDamp,"Candidate: GetDblValueU(field,unit)","Candidate: SetDblValueU(field,value,unit)",Schema field/label confirmed; full path + instance + runtime read not verified,Generic API available; this field write NOT verified,Not eligible for Apply; resolve path and test first,,Check type/enable/visibility rules in source,Resolve actual instance/full path; check ASE vs ACT; selection/enable flags; enum mapping; binding; units; round-trip,<AVL_ROOT>/AWS/appl/clients/excite/res/cpp/joint.h,1336,Declaring class is context only; struct nesting and array indexing are not resolved
SCH-00792,Power Unit (excite),Joint / Bearing,Speed Dependent Damping,Bool,,Schema declaration; instance not resolved,Joint_pro_tvd,tvdSpeedDD,Candidate: GetIntValue(field),"Candidate: SetIntValue(field,value)",Schema field/label confirmed; full path + instance + runtime read not verified,Generic API available; this field write NOT verified,Not eligible for Apply; resolve path and test first,,Check type/enable/visibility rules in source,Resolve actual instance/full path; check ASE vs ACT; selection/enable flags; enum mapping; binding; units; round-trip,<AVL_ROOT>/AWS/appl/clients/excite/res/cpp/joint.h,1340,Declaring class is context only; struct nesting and array indexing are not resolved
SCH-00793,Power Unit (excite),Joint / Bearing,Table Data File,char*,,Schema declaration; instance not resolved,Joint_pro_tvd,file,Candidate: GetStrValue(field),"Candidate: SetStrValue(field,value)",Schema field/label confirmed; full path + instance + runtime read not verified,Generic API available; this field write NOT verified,Not eligible for Apply; resolve path and test first,,Check type/enable/visibility rules in source,Resolve actual instance/full path; check ASE vs ACT; selection/enable flags; enum mapping; binding; units; round-trip,<AVL_ROOT>/AWS/appl/clients/excite/res/cpp/joint.h,1357,Declaring class is context only; struct nesting and array indexing are not resolved
SCH-00794,Power Unit (excite),Joint / Bearing,Automatic Reload,Bool,,Schema declaration; instance not resolved,Joint_pro_tvd,aut_rel,Candidate: GetIntValue(field),"Candidate: SetIntValue(field,value)",Schema field/label confirmed; full path + instance + runtime read not verified,Generic API available; this field write NOT verified,Not eligible for Apply; resolve path and test first,,Check type/enable/visibility rules in source,Resolve actual instance/full path; check ASE vs ACT; selection/enable flags; enum mapping; binding; units; round-trip,<AVL_ROOT>/AWS/appl/clients/excite/res/cpp/joint.h,1360,Declaring class is context only; struct nesting and array indexing are not resolved
SCH-00795,Power Unit (excite),Joint / Bearing,Use Data File Path Parameter,Bool,,Schema declaration; instance not resolved,Joint_pro_tvd,def_pat,Candidate: GetIntValue(field),"Candidate: SetIntValue(field,value)",Schema field/label confirmed; full path + instance + runtime read not verified,Generic API available; this field write NOT verified,Not eligible for Apply; resolve path and test first,,Check type/enable/visibility rules in source,Resolve actual instance/full path; check ASE vs ACT; selection/enable flags; enum mapping; binding; units; round-trip,<AVL_ROOT>/AWS/appl/clients/excite/res/cpp/joint.h,1363,Declaring class is context only; struct nesting and array indexing are not resolved
SCH-00796,Power Unit (excite),Joint / Bearing,Gap Number,double,"volume,mm3",Schema declaration; instance not resolved,Joint_pro_vdam,gap_number,"Candidate: GetDblValueU(field,unit)","Candidate: SetDblValueU(field,value,unit)",Schema field/label confirmed; full path + instance + runtime read not verified,Generic API available; this field write NOT verified,Not eligible for Apply; resolve path and test first,,Check type/enable/visibility rules in source,Resolve actual instance/full path; check ASE vs ACT; selection/enable flags; enum mapping; binding; units; round-trip,<AVL_ROOT>/AWS/appl/clients/excite/res/cpp/joint.h,1378,Declaring class is context only; struct nesting and array indexing are not resolved
SCH-00797,Power Unit (excite),Joint / Bearing,Shear Stress Limit,double,"pressure,MPa",Schema declaration; instance not resolved,Joint_pro_vdam,shear_stress_limit,"Candidate: GetDblValueU(field,unit)","Candidate: SetDblValueU(field,value,unit)",Schema field/label confirmed; full path + instance + runtime read not verified,Generic API available; this field write NOT verified,Not eligible for Apply; resolve path and test first,,Check type/enable/visibility rules in source,Resolve actual instance/full path; check ASE vs ACT; selection/enable flags; enum mapping; binding; units; round-trip,<AVL_ROOT>/AWS/appl/clients/excite/res/cpp/joint.h,1379,Declaring class is context only; struct nesting and array indexing are not resolved
SCH-00798,Power Unit (excite),Joint / Bearing,Elastic Frequency,double,"frequency,Hz",Schema declaration; instance not resolved,Joint_pro_vdam,elastic_frequency,"Candidate: GetDblValueU(field,unit)","Candidate: SetDblValueU(field,value,unit)",Schema field/label confirmed; full path + instance + runtime read not verified,Generic API available; this field write NOT verified,Not eligible for Apply; resolve path and test first,,Check type/enable/visibility rules in source,Resolve actual instance/full path; check ASE vs ACT; selection/enable flags; enum mapping; binding; units; round-trip,<AVL_ROOT>/AWS/appl/clients/excite/res/cpp/joint.h,1380,Declaring class is context only; struct nesting and array indexing are not resolved
SCH-00799,Power Unit (excite),Joint / Bearing,Elastic Shear Modulus,double,"strength,N_mm2",Schema declaration; instance not resolved,Joint_pro_vdam,elastic_shear_modulus,"Candidate: GetDblValueU(field,unit)","Candidate: SetDblValueU(field,value,unit)",Schema field/label confirmed; full path + instance + runtime read not verified,Generic API available; this field write NOT verified,Not eligible for Apply; resolve path and test first,,Check type/enable/visibility rules in source,Resolve actual instance/full path; check ASE vs ACT; selection/enable flags; enum mapping; binding; units; round-trip,<AVL_ROOT>/AWS/appl/clients/excite/res/cpp/joint.h,1381,Declaring class is context only; struct nesting and array indexing are not resolved
SCH-00800,Power Unit (excite),Joint / Bearing,Effective Area,double,"area,mm2",Schema declaration; instance not resolved,Joint_pro_vdam,effective_area,"Candidate: GetDblValueU(field,unit)","Candidate: SetDblValueU(field,value,unit)",Schema field/label confirmed; full path + instance + runtime read not verified,Generic API available; this field write NOT verified,Not eligible for Apply; resolve path and test first,,Check type/enable/visibility rules in source,Resolve actual instance/full path; check ASE vs ACT; selection/enable flags; enum mapping; binding; units; round-trip,<AVL_ROOT>/AWS/appl/clients/excite/res/cpp/joint.h,1382,Declaring class is context only; struct nesting and array indexing are not resolved
SCH-00801,Power Unit (excite),Joint / Bearing,Effective Radius,double,"length,mm",Schema declaration; instance not resolved,Joint_pro_vdam,effective_radius,"Candidate: GetDblValueU(field,unit)","Candidate: SetDblValueU(field,value,unit)",Schema field/label confirmed; full path + instance + runtime read not verified,Generic API available; this field write NOT verified,Not eligible for Apply; resolve path and test first,,Check type/enable/visibility rules in source,Resolve actual instance/full path; check ASE vs ACT; selection/enable flags; enum mapping; binding; units; round-trip,<AVL_ROOT>/AWS/appl/clients/excite/res/cpp/joint.h,1383,Declaring class is context only; struct nesting and array indexing are not resolved
SCH-00802,Power Unit (excite),Joint / Bearing,Elastic Damping,double,"dimensionless,no",Schema declaration; instance not resolved,Joint_pro_vdam,elastic_damping,"Candidate: GetDblValueU(field,unit)","Candidate: SetDblValueU(field,value,unit)",Schema field/label confirmed; full path + instance + runtime read not verified,Generic API available; this field write NOT verified,Not eligible for Apply; resolve path and test first,,Check type/enable/visibility rules in source,Resolve actual instance/full path; check ASE vs ACT; selection/enable flags; enum mapping; binding; units; round-trip,<AVL_ROOT>/AWS/appl/clients/excite/res/cpp/joint.h,1384,Declaring class is context only; struct nesting and array indexing are not resolved
SCH-00803,Power Unit (excite),Joint / Bearing,Dynamic Viscosity,double,"dyn_visc,MPas",Schema declaration; instance not resolved,Joint_pro_vdam,fdvisc,"Candidate: GetDblValueU(field,unit)","Candidate: SetDblValueU(field,value,unit)",Schema field/label confirmed; full path + instance + runtime read not verified,Generic API available; this field write NOT verified,Not eligible for Apply; resolve path and test first,,Check type/enable/visibility rules in source,Resolve actual instance/full path; check ASE vs ACT; selection/enable flags; enum mapping; binding; units; round-trip,<AVL_ROOT>/AWS/appl/clients/excite/res/cpp/joint.h,1388,Declaring class is context only; struct nesting and array indexing are not resolved
SCH-00804,Power Unit (excite),Joint / Bearing,Oil Type,char*,,Schema declaration; instance not resolved,Joint_pro_vdam,oil_type,Candidate: GetStrValue(field),"Candidate: SetStrValue(field,value)",Schema field/label confirmed; full path + instance + runtime read not verified,Generic API available; this field write NOT verified,Not eligible for Apply; resolve path and test first,,<visibility_change>,Resolve actual instance/full path; check ASE vs ACT; selection/enable flags; enum mapping; binding; units; round-trip,<AVL_ROOT>/AWS/appl/clients/excite/res/cpp/joint.h,1391,Declaring class is context only; struct nesting and array indexing are not resolved
SCH-00805,Power Unit (excite),Joint / Bearing,Use Default,Bool,,Schema declaration; instance not resolved,Joint_pro_vdam,linked,Candidate: GetIntValue(field),"Candidate: SetIntValue(field,value)",Schema field/label confirmed; full path + instance + runtime read not verified,Generic API available; this field write NOT verified,Not eligible for Apply; resolve path and test first,,Check type/enable/visibility rules in source,Resolve actual instance/full path; check ASE vs ACT; selection/enable flags; enum mapping; binding; units; round-trip,<AVL_ROOT>/AWS/appl/clients/excite/res/cpp/joint.h,1393,Declaring class is context only; struct nesting and array indexing are not resolved
SCH-00806,Power Unit (excite),Joint / Bearing,Use Constant Pressure,Bool,,Schema declaration; instance not resolved,Joint_pro_vdam,cpdv,Candidate: GetIntValue(field),"Candidate: SetIntValue(field,value)",Schema field/label confirmed; full path + instance + runtime read not verified,Generic API available; this field write NOT verified,Not eligible for Apply; resolve path and test first,,Check type/enable/visibility rules in source,Resolve actual instance/full path; check ASE vs ACT; selection/enable flags; enum mapping; binding; units; round-trip,<AVL_ROOT>/AWS/appl/clients/excite/res/cpp/joint.h,1416,Declaring class is context only; struct nesting and array indexing are not resolved
SCH-00807,Power Unit (excite),Joint / Bearing,Use Constant Temperature,Bool,,Schema declaration; instance not resolved,Joint_pro_vdam,ctdv,Candidate: GetIntValue(field),"Candidate: SetIntValue(field,value)",Schema field/label confirmed; full path + instance + runtime read not verified,Generic API available; this field write NOT verified,Not eligible for Apply; resolve path and test first,,Check type/enable/visibility rules in source,Resolve actual instance/full path; check ASE vs ACT; selection/enable flags; enum mapping; binding; units; round-trip,<AVL_ROOT>/AWS/appl/clients/excite/res/cpp/joint.h,1418,Declaring class is context only; struct nesting and array indexing are not resolved
SCH-00808,Power Unit (excite),Joint / Bearing,Use Constant Shear Rate,Bool,,Schema declaration; instance not resolved,Joint_pro_vdam,csrdv,Candidate: GetIntValue(field),"Candidate: SetIntValue(field,value)",Schema field/label confirmed; full path + instance + runtime read not verified,Generic API available; this field write NOT verified,Not eligible for Apply; resolve path and test first,,Check type/enable/visibility rules in source,Resolve actual instance/full path; check ASE vs ACT; selection/enable flags; enum mapping; binding; units; round-trip,<AVL_ROOT>/AWS/appl/clients/excite/res/cpp/joint.h,1420,Declaring class is context only; struct nesting and array indexing are not resolved
SCH-00809,Power Unit (excite),Joint / Bearing,Number of Satellites,int,,Schema declaration; instance not resolved,Joint_pro_dge,nSat,Candidate: GetIntValue(field),"Candidate: SetIntValue(field,value)",Schema field/label confirmed; full path + instance + runtime read not verified,Generic API available; this field write NOT verified,Not eligible for Apply; resolve path and test first,,Check type/enable/visibility rules in source,Resolve actual instance/full path; check ASE vs ACT; selection/enable flags; enum mapping; binding; units; round-trip,<AVL_ROOT>/AWS/appl/clients/excite/res/cpp/joint.h,1454,Declaring class is context only; struct nesting and array indexing are not resolved
SCH-00810,Power Unit (excite),Joint / Bearing,Axle Gears,double,"length,mm",Schema declaration; instance not resolved,Joint_pro_dge,r2,"Candidate: GetDblValueU(field,unit)","Candidate: SetDblValueU(field,value,unit)",Schema field/label confirmed; full path + instance + runtime read not verified,Generic API available; this field write NOT verified,Not eligible for Apply; resolve path and test first,,Check type/enable/visibility rules in source,Resolve actual instance/full path; check ASE vs ACT; selection/enable flags; enum mapping; binding; units; round-trip,<AVL_ROOT>/AWS/appl/clients/excite/res/cpp/joint.h,1458,Declaring class is context only; struct nesting and array indexing are not resolved
SCH-00811,Power Unit (excite),Joint / Bearing,Tangential Stiffness,double,"lin_stiff,N_mm",Schema declaration; instance not resolved,Joint_pro_dge,c1,"Candidate: GetDblValueU(field,unit)","Candidate: SetDblValueU(field,value,unit)",Schema field/label confirmed; full path + instance + runtime read not verified,Generic API available; this field write NOT verified,Not eligible for Apply; resolve path and test first,,Check type/enable/visibility rules in source,Resolve actual instance/full path; check ASE vs ACT; selection/enable flags; enum mapping; binding; units; round-trip,<AVL_ROOT>/AWS/appl/clients/excite/res/cpp/joint.h,1463,Declaring class is context only; struct nesting and array indexing are not resolved
SCH-00812,Power Unit (excite),Joint / Bearing,Tangential Damping,double,"lin_damping,Ns_mm",Schema declaration; instance not resolved,Joint_pro_dge,d1,"Candidate: GetDblValueU(field,unit)","Candidate: SetDblValueU(field,value,unit)",Schema field/label confirmed; full path + instance + runtime read not verified,Generic API available; this field write NOT verified,Not eligible for Apply; resolve path and test first,,Check type/enable/visibility rules in source,Resolve actual instance/full path; check ASE vs ACT; selection/enable flags; enum mapping; binding; units; round-trip,<AVL_ROOT>/AWS/appl/clients/excite/res/cpp/joint.h,1464,Declaring class is context only; struct nesting and array indexing are not resolved
SCH-00813,Power Unit (excite),Joint / Bearing,Speed of Gear1_Body / Speed of Gear2_Body,double,,Schema declaration; instance not resolved,Joint_pro_dge,ratio0,"Candidate: GetDblValueU(field,unit)","Candidate: SetDblValueU(field,value,unit)",Schema field/label confirmed; full path + instance + runtime read not verified,Generic API available; this field write NOT verified,Not eligible for Apply; resolve path and test first,,Check type/enable/visibility rules in source,Resolve actual instance/full path; check ASE vs ACT; selection/enable flags; enum mapping; binding; units; round-trip,<AVL_ROOT>/AWS/appl/clients/excite/res/cpp/joint.h,1478,Declaring class is context only; struct nesting and array indexing are not resolved
SCH-00814,Power Unit (excite),Joint / Bearing,Speed of Carrier_Body / Speed of Gear1_Body,double,,Schema declaration; instance not resolved,Joint_pro_dge,ratio1,"Candidate: GetDblValueU(field,unit)","Candidate: SetDblValueU(field,value,unit)",Schema field/label confirmed; full path + instance + runtime read not verified,Generic API available; this field write NOT verified,Not eligible for Apply; resolve path and test first,,Check type/enable/visibility rules in source,Resolve actual instance/full path; check ASE vs ACT; selection/enable flags; enum mapping; binding; units; round-trip,<AVL_ROOT>/AWS/appl/clients/excite/res/cpp/joint.h,1482,Declaring class is context only; struct nesting and array indexing are not resolved
SCH-00815,Power Unit (excite),Joint / Bearing,Speed of Carrier_Body / Speed of Gear2_Body,double,,Schema declaration; instance not resolved,Joint_pro_dge,ratio2,"Candidate: GetDblValueU(field,unit)","Candidate: SetDblValueU(field,value,unit)",Schema field/label confirmed; full path + instance + runtime read not verified,Generic API available; this field write NOT verified,Not eligible for Apply; resolve path and test first,,Check type/enable/visibility rules in source,Resolve actual instance/full path; check ASE vs ACT; selection/enable flags; enum mapping; binding; units; round-trip,<AVL_ROOT>/AWS/appl/clients/excite/res/cpp/joint.h,1486,Declaring class is context only; struct nesting and array indexing are not resolved
SCH-00816,Power Unit (excite),Joint / Bearing,Number of Satellites,int,,Schema declaration; instance not resolved,Joint_pro_pge,nSat,Candidate: GetIntValue(field),"Candidate: SetIntValue(field,value)",Schema field/label confirmed; full path + instance + runtime read not verified,Generic API available; this field write NOT verified,Not eligible for Apply; resolve path and test first,,Check type/enable/visibility rules in source,Resolve actual instance/full path; check ASE vs ACT; selection/enable flags; enum mapping; binding; units; round-trip,<AVL_ROOT>/AWS/appl/clients/excite/res/cpp/joint.h,1510,Declaring class is context only; struct nesting and array indexing are not resolved
SCH-00817,Power Unit (excite),Joint / Bearing,1st Central Gear,double,"length,mm",Schema declaration; instance not resolved,Joint_pro_pge,r2,"Candidate: GetDblValueU(field,unit)","Candidate: SetDblValueU(field,value,unit)",Schema field/label confirmed; full path + instance + runtime read not verified,Generic API available; this field write NOT verified,Not eligible for Apply; resolve path and test first,,Check type/enable/visibility rules in source,Resolve actual instance/full path; check ASE vs ACT; selection/enable flags; enum mapping; binding; units; round-trip,<AVL_ROOT>/AWS/appl/clients/excite/res/cpp/joint.h,1513,Declaring class is context only; struct nesting and array indexing are not resolved
SCH-00818,Power Unit (excite),Joint / Bearing,2nd Central Gear,double,"length,mm",Schema declaration; instance not resolved,Joint_pro_pge,r3,"Candidate: GetDblValueU(field,unit)","Candidate: SetDblValueU(field,value,unit)",Schema field/label confirmed; full path + instance + runtime read not verified,Generic API available; this field write NOT verified,Not eligible for Apply; resolve path and test first,,Check type/enable/visibility rules in source,Resolve actual instance/full path; check ASE vs ACT; selection/enable flags; enum mapping; binding; units; round-trip,<AVL_ROOT>/AWS/appl/clients/excite/res/cpp/joint.h,1514,Declaring class is context only; struct nesting and array indexing are not resolved
SCH-00819,Power Unit (excite),Joint / Bearing,Tangential Stiffness,double,"lin_stiff,N_mm",Schema declaration; instance not resolved,Joint_pro_pge,c1,"Candidate: GetDblValueU(field,unit)","Candidate: SetDblValueU(field,value,unit)",Schema field/label confirmed; full path + instance + runtime read not verified,Generic API available; this field write NOT verified,Not eligible for Apply; resolve path and test first,,Check type/enable/visibility rules in source,Resolve actual instance/full path; check ASE vs ACT; selection/enable flags; enum mapping; binding; units; round-trip,<AVL_ROOT>/AWS/appl/clients/excite/res/cpp/joint.h,1520,Declaring class is context only; struct nesting and array indexing are not resolved
SCH-00820,Power Unit (excite),Joint / Bearing,Tangential Damping,double,"lin_damping,Ns_mm",Schema declaration; instance not resolved,Joint_pro_pge,d1,"Candidate: GetDblValueU(field,unit)","Candidate: SetDblValueU(field,value,unit)",Schema field/label confirmed; full path + instance + runtime read not verified,Generic API available; this field write NOT verified,Not eligible for Apply; resolve path and test first,,Check type/enable/visibility rules in source,Resolve actual instance/full path; check ASE vs ACT; selection/enable flags; enum mapping; binding; units; round-trip,<AVL_ROOT>/AWS/appl/clients/excite/res/cpp/joint.h,1521,Declaring class is context only; struct nesting and array indexing are not resolved
SCH-00821,Power Unit (excite),Joint / Bearing,Tangential Stiffness,double,"lin_stiff,N_mm",Schema declaration; instance not resolved,Joint_pro_pge,c2,"Candidate: GetDblValueU(field,unit)","Candidate: SetDblValueU(field,value,unit)",Schema field/label confirmed; full path + instance + runtime read not verified,Generic API available; this field write NOT verified,Not eligible for Apply; resolve path and test first,,Check type/enable/visibility rules in source,Resolve actual instance/full path; check ASE vs ACT; selection/enable flags; enum mapping; binding; units; round-trip,<AVL_ROOT>/AWS/appl/clients/excite/res/cpp/joint.h,1526,Declaring class is context only; struct nesting and array indexing are not resolved
SCH-00822,Power Unit (excite),Joint / Bearing,Tangential Damping,double,"lin_damping,Ns_mm",Schema declaration; instance not resolved,Joint_pro_pge,d2,"Candidate: GetDblValueU(field,unit)","Candidate: SetDblValueU(field,value,unit)",Schema field/label confirmed; full path + instance + runtime read not verified,Generic API available; this field write NOT verified,Not eligible for Apply; resolve path and test first,,Check type/enable/visibility rules in source,Resolve actual instance/full path; check ASE vs ACT; selection/enable flags; enum mapping; binding; units; round-trip,<AVL_ROOT>/AWS/appl/clients/excite/res/cpp/joint.h,1527,Declaring class is context only; struct nesting and array indexing are not resolved
SCH-00823,Power Unit (excite),Joint / Bearing,Speed of Gear1_Body / Speed of Gear2_Body,double,,Schema declaration; instance not resolved,Joint_pro_pge,ratio0,"Candidate: GetDblValueU(field,unit)","Candidate: SetDblValueU(field,value,unit)",Schema field/label confirmed; full path + instance + runtime read not verified,Generic API available; this field write NOT verified,Not eligible for Apply; resolve path and test first,,Check type/enable/visibility rules in source,Resolve actual instance/full path; check ASE vs ACT; selection/enable flags; enum mapping; binding; units; round-trip,<AVL_ROOT>/AWS/appl/clients/excite/res/cpp/joint.h,1543,Declaring class is context only; struct nesting and array indexing are not resolved
SCH-00824,Power Unit (excite),Joint / Bearing,Speed of Carrier_Body / Speed of Gear1_Body,double,,Schema declaration; instance not resolved,Joint_pro_pge,ratio1,"Candidate: GetDblValueU(field,unit)","Candidate: SetDblValueU(field,value,unit)",Schema field/label confirmed; full path + instance + runtime read not verified,Generic API available; this field write NOT verified,Not eligible for Apply; resolve path and test first,,Check type/enable/visibility rules in source,Resolve actual instance/full path; check ASE vs ACT; selection/enable flags; enum mapping; binding; units; round-trip,<AVL_ROOT>/AWS/appl/clients/excite/res/cpp/joint.h,1546,Declaring class is context only; struct nesting and array indexing are not resolved
SCH-00825,Power Unit (excite),Joint / Bearing,Speed of Carrier_Body / Speed of Gear2_Body,double,,Schema declaration; instance not resolved,Joint_pro_pge,ratio2,"Candidate: GetDblValueU(field,unit)","Candidate: SetDblValueU(field,value,unit)",Schema field/label confirmed; full path + instance + runtime read not verified,Generic API available; this field write NOT verified,Not eligible for Apply; resolve path and test first,,Check type/enable/visibility rules in source,Resolve actual instance/full path; check ASE vs ACT; selection/enable flags; enum mapping; binding; units; round-trip,<AVL_ROOT>/AWS/appl/clients/excite/res/cpp/joint.h,1549,Declaring class is context only; struct nesting and array indexing are not resolved
SCH-00826,Power Unit (excite),Joint / Bearing,Defined in Rel. Coordinate System of Body,ASEenum,,Schema declaration; instance not resolved,Joint_pro_pge,dibcs,Candidate: GetIntValue(field),"Candidate: SetIntValue(field,value)",Schema field/label confirmed; full path + instance + runtime read not verified,Generic API available; this field write NOT verified,Not eligible for Apply; resolve path and test first,,Check type/enable/visibility rules in source,Resolve actual instance/full path; check ASE vs ACT; selection/enable flags; enum mapping; binding; units; round-trip,<AVL_ROOT>/AWS/appl/clients/excite/res/cpp/joint.h,1560,"Schema labels: ""---"""
SCH-00827,Power Unit (excite),Joint / Bearing,Stiffness,double,"lin_stiff,N_mm",Schema declaration; instance not resolved,Joint_pro_sls,s,"Candidate: GetDblValueU(field,unit)","Candidate: SetDblValueU(field,value,unit)",Schema field/label confirmed; full path + instance + runtime read not verified,Generic API available; this field write NOT verified,Not eligible for Apply; resolve path and test first,,Check type/enable/visibility rules in source,Resolve actual instance/full path; check ASE vs ACT; selection/enable flags; enum mapping; binding; units; round-trip,<AVL_ROOT>/AWS/appl/clients/excite/res/cpp/joint.h,1576,Declaring class is context only; struct nesting and array indexing are not resolved
SCH-00828,Power Unit (excite),Joint / Bearing,Damping,double,"lin_damping,Ns_mm",Schema declaration; instance not resolved,Joint_pro_sls,d,"Candidate: GetDblValueU(field,unit)","Candidate: SetDblValueU(field,value,unit)",Schema field/label confirmed; full path + instance + runtime read not verified,Generic API available; this field write NOT verified,Not eligible for Apply; resolve path and test first,,Check type/enable/visibility rules in source,Resolve actual instance/full path; check ASE vs ACT; selection/enable flags; enum mapping; binding; units; round-trip,<AVL_ROOT>/AWS/appl/clients/excite/res/cpp/joint.h,1577,Declaring class is context only; struct nesting and array indexing are not resolved
SCH-00829,Power Unit (excite),Joint / Bearing,Stiffness,double,"lin_stiff,N_mm",Schema declaration; instance not resolved,Joint_pro_sls,s,"Candidate: GetDblValueU(field,unit)","Candidate: SetDblValueU(field,value,unit)",Schema field/label confirmed; full path + instance + runtime read not verified,Generic API available; this field write NOT verified,Not eligible for Apply; resolve path and test first,,Check type/enable/visibility rules in source,Resolve actual instance/full path; check ASE vs ACT; selection/enable flags; enum mapping; binding; units; round-trip,<AVL_ROOT>/AWS/appl/clients/excite/res/cpp/joint.h,1581,Declaring class is context only; struct nesting and array indexing are not resolved
SCH-00830,Power Unit (excite),Joint / Bearing,Ratio to Total Length,double,,Schema declaration; instance not resolved,Joint_pro_sls,ratio,"Candidate: GetDblValueU(field,unit)","Candidate: SetDblValueU(field,value,unit)",Schema field/label confirmed; full path + instance + runtime read not verified,Generic API available; this field write NOT verified,Not eligible for Apply; resolve path and test first,,Check type/enable/visibility rules in source,Resolve actual instance/full path; check ASE vs ACT; selection/enable flags; enum mapping; binding; units; round-trip,<AVL_ROOT>/AWS/appl/clients/excite/res/cpp/joint.h,1582,Declaring class is context only; struct nesting and array indexing are not resolved
SCH-00831,Power Unit (excite),Joint / Bearing,Show,ASEenum,,Schema declaration; instance not resolved,Joint_pro_sls,stype,Candidate: GetIntValue(field),"Candidate: SetIntValue(field,value)",Schema field/label confirmed; full path + instance + runtime read not verified,Generic API available; this field write NOT verified,Not eligible for Apply; resolve path and test first,,Check type/enable/visibility rules in source,Resolve actual instance/full path; check ASE vs ACT; selection/enable flags; enum mapping; binding; units; round-trip,<AVL_ROOT>/AWS/appl/clients/excite/res/cpp/joint.h,1586,"Schema labels: ""amplitude/phase"", ""real/imaginary part"""
SCH-00832,Power Unit (excite),Joint / Bearing,Maximum Frequency,double,"frequency,Hz",Schema declaration; instance not resolved,Joint_pro_sls,maxF,"Candidate: GetDblValueU(field,unit)","Candidate: SetDblValueU(field,value,unit)",Schema field/label confirmed; full path + instance + runtime read not verified,Generic API available; this field write NOT verified,Not eligible for Apply; resolve path and test first,,Check type/enable/visibility rules in source,Resolve actual instance/full path; check ASE vs ACT; selection/enable flags; enum mapping; binding; units; round-trip,<AVL_ROOT>/AWS/appl/clients/excite/res/cpp/joint.h,1588,Declaring class is context only; struct nesting and array indexing are not resolved
SCH-00833,Power Unit (excite),Joint / Bearing,Initial Angle of Shaft 1,double,"angle,rad",Schema declaration; instance not resolved,Joint_pro_univ,in_angle,"Candidate: GetDblValueU(field,unit)","Candidate: SetDblValueU(field,value,unit)",Schema field/label confirmed; full path + instance + runtime read not verified,Generic API available; this field write NOT verified,Not eligible for Apply; resolve path and test first,,Check type/enable/visibility rules in source,Resolve actual instance/full path; check ASE vs ACT; selection/enable flags; enum mapping; binding; units; round-trip,<AVL_ROOT>/AWS/appl/clients/excite/res/cpp/joint.h,1603,Declaring class is context only; struct nesting and array indexing are not resolved
SCH-00834,Power Unit (excite),Joint / Bearing,Torsional Stiffness,double,"tors_stiff,Nmm_rad",Schema declaration; instance not resolved,Joint_pro_univ,tors_stiff,"Candidate: GetDblValueU(field,unit)","Candidate: SetDblValueU(field,value,unit)",Schema field/label confirmed; full path + instance + runtime read not verified,Generic API available; this field write NOT verified,Not eligible for Apply; resolve path and test first,,Check type/enable/visibility rules in source,Resolve actual instance/full path; check ASE vs ACT; selection/enable flags; enum mapping; binding; units; round-trip,<AVL_ROOT>/AWS/appl/clients/excite/res/cpp/joint.h,1604,Declaring class is context only; struct nesting and array indexing are not resolved
SCH-00835,Power Unit (excite),Joint / Bearing,Torsional Damping,double,"rot_damping,Nmms_rad",Schema declaration; instance not resolved,Joint_pro_univ,tors_damp,"Candidate: GetDblValueU(field,unit)","Candidate: SetDblValueU(field,value,unit)",Schema field/label confirmed; full path + instance + runtime read not verified,Generic API available; this field write NOT verified,Not eligible for Apply; resolve path and test first,,Check type/enable/visibility rules in source,Resolve actual instance/full path; check ASE vs ACT; selection/enable flags; enum mapping; binding; units; round-trip,<AVL_ROOT>/AWS/appl/clients/excite/res/cpp/joint.h,1605,Declaring class is context only; struct nesting and array indexing are not resolved
SCH-00836,Power Unit (excite),Joint / Bearing,Constant Part of Joint Moment,double,"moment,Nmm",Schema declaration; instance not resolved,Joint_pro_univ,const_moment,"Candidate: GetDblValueU(field,unit)","Candidate: SetDblValueU(field,value,unit)",Schema field/label confirmed; full path + instance + runtime read not verified,Generic API available; this field write NOT verified,Not eligible for Apply; resolve path and test first,,Check type/enable/visibility rules in source,Resolve actual instance/full path; check ASE vs ACT; selection/enable flags; enum mapping; binding; units; round-trip,<AVL_ROOT>/AWS/appl/clients/excite/res/cpp/joint.h,1606,Declaring class is context only; struct nesting and array indexing are not resolved
SCH-00837,Power Unit (excite),Joint / Bearing,Translational Stiffness,double,"lin_stiff,N_mm",Schema declaration; instance not resolved,Joint_pro_univ,lin_stiff,"Candidate: GetDblValueU(field,unit)","Candidate: SetDblValueU(field,value,unit)",Schema field/label confirmed; full path + instance + runtime read not verified,Generic API available; this field write NOT verified,Not eligible for Apply; resolve path and test first,,Check type/enable/visibility rules in source,Resolve actual instance/full path; check ASE vs ACT; selection/enable flags; enum mapping; binding; units; round-trip,<AVL_ROOT>/AWS/appl/clients/excite/res/cpp/joint.h,1607,Declaring class is context only; struct nesting and array indexing are not resolved
SCH-00838,Power Unit (excite),Joint / Bearing,Translational Damping,double,"lin_damping,Ns_mm",Schema declaration; instance not resolved,Joint_pro_univ,lin_damp,"Candidate: GetDblValueU(field,unit)","Candidate: SetDblValueU(field,value,unit)",Schema field/label confirmed; full path + instance + runtime read not verified,Generic API available; this field write NOT verified,Not eligible for Apply; resolve path and test first,,Check type/enable/visibility rules in source,Resolve actual instance/full path; check ASE vs ACT; selection/enable flags; enum mapping; binding; units; round-trip,<AVL_ROOT>/AWS/appl/clients/excite/res/cpp/joint.h,1608,Declaring class is context only; struct nesting and array indexing are not resolved
SCH-00839,Power Unit (excite),Joint / Bearing,Width,double,"length,mm",Schema declaration; instance not resolved,Joint_pro_ehd2geom,w,"Candidate: GetDblValueU(field,unit)","Candidate: SetDblValueU(field,value,unit)",Schema field/label confirmed; full path + instance + runtime read not verified,Generic API available; this field write NOT verified,Not eligible for Apply; resolve path and test first,,Check type/enable/visibility rules in source,Resolve actual instance/full path; check ASE vs ACT; selection/enable flags; enum mapping; binding; units; round-trip,<AVL_ROOT>/AWS/appl/clients/excite/res/cpp/joint.h,1633,Declaring class is context only; struct nesting and array indexing are not resolved
SCH-00840,Power Unit (excite),Joint / Bearing,Diameter,double,"length,mm",Schema declaration; instance not resolved,Joint_pro_ehd2geom,d,"Candidate: GetDblValueU(field,unit)","Candidate: SetDblValueU(field,value,unit)",Schema field/label confirmed; full path + instance + runtime read not verified,Generic API available; this field write NOT verified,Not eligible for Apply; resolve path and test first,,Check type/enable/visibility rules in source,Resolve actual instance/full path; check ASE vs ACT; selection/enable flags; enum mapping; binding; units; round-trip,<AVL_ROOT>/AWS/appl/clients/excite/res/cpp/joint.h,1634,Declaring class is context only; struct nesting and array indexing are not resolved
SCH-00841,Power Unit (excite),Joint / Bearing,Radial Clearance,double,"length,mm",Schema declaration; instance not resolved,Joint_pro_ehd2geom,rcl,"Candidate: GetDblValueU(field,unit)","Candidate: SetDblValueU(field,value,unit)",Schema field/label confirmed; full path + instance + runtime read not verified,Generic API available; this field write NOT verified,Not eligible for Apply; resolve path and test first,,Check type/enable/visibility rules in source,Resolve actual instance/full path; check ASE vs ACT; selection/enable flags; enum mapping; binding; units; round-trip,<AVL_ROOT>/AWS/appl/clients/excite/res/cpp/joint.h,1635,Declaring class is context only; struct nesting and array indexing are not resolved
SCH-00842,Power Unit (excite),Joint / Bearing,Symmetric Bearing,Bool,,Schema declaration; instance not resolved,Joint_pro_ehd2geom,symmetric_b,Candidate: GetIntValue(field),"Candidate: SetIntValue(field,value)",Schema field/label confirmed; full path + instance + runtime read not verified,Generic API available; this field write NOT verified,Not eligible for Apply; resolve path and test first,,<visibility_change>,Resolve actual instance/full path; check ASE vs ACT; selection/enable flags; enum mapping; binding; units; round-trip,<AVL_ROOT>/AWS/appl/clients/excite/res/cpp/joint.h,1638,Declaring class is context only; struct nesting and array indexing are not resolved
SCH-00843,Power Unit (excite),Joint / Bearing,Axial Direction,int,,Schema declaration; instance not resolved,Joint_pro_ehd2geom,w,Candidate: GetIntValue(field),"Candidate: SetIntValue(field,value)",Schema field/label confirmed; full path + instance + runtime read not verified,Generic API available; this field write NOT verified,Not eligible for Apply; resolve path and test first,,Check type/enable/visibility rules in source,Resolve actual instance/full path; check ASE vs ACT; selection/enable flags; enum mapping; binding; units; round-trip,<AVL_ROOT>/AWS/appl/clients/excite/res/cpp/joint.h,1653,Declaring class is context only; struct nesting and array indexing are not resolved
SCH-00844,Power Unit (excite),Joint / Bearing,Circumferential Direction,int,,Schema declaration; instance not resolved,Joint_pro_ehd2geom,c,Candidate: GetIntValue(field),"Candidate: SetIntValue(field,value)",Schema field/label confirmed; full path + instance + runtime read not verified,Generic API available; this field write NOT verified,Not eligible for Apply; resolve path and test first,,Check type/enable/visibility rules in source,Resolve actual instance/full path; check ASE vs ACT; selection/enable flags; enum mapping; binding; units; round-trip,<AVL_ROOT>/AWS/appl/clients/excite/res/cpp/joint.h,1654,Declaring class is context only; struct nesting and array indexing are not resolved
SCH-00845,Power Unit (excite),Joint / Bearing,Apply Friction Forces to Bodies,Bool,,Schema declaration; instance not resolved,Joint_pro_ehd2geom,hyd_fric,Candidate: GetIntValue(field),"Candidate: SetIntValue(field,value)",Schema field/label confirmed; full path + instance + runtime read not verified,Generic API available; this field write NOT verified,Not eligible for Apply; resolve path and test first,,<visibility_change>,Resolve actual instance/full path; check ASE vs ACT; selection/enable flags; enum mapping; binding; units; round-trip,<AVL_ROOT>/AWS/appl/clients/excite/res/cpp/joint.h,1663,Declaring class is context only; struct nesting and array indexing are not resolved
SCH-00846,Power Unit (excite),Joint / Bearing,Consider the Friction Force within Joint Jacobians,Bool,,Schema declaration; instance not resolved,Joint_pro_ehd2geom,cffwjj,Candidate: GetIntValue(field),"Candidate: SetIntValue(field,value)",Schema field/label confirmed; full path + instance + runtime read not verified,Generic API available; this field write NOT verified,Not eligible for Apply; resolve path and test first,,Check type/enable/visibility rules in source,Resolve actual instance/full path; check ASE vs ACT; selection/enable flags; enum mapping; binding; units; round-trip,<AVL_ROOT>/AWS/appl/clients/excite/res/cpp/joint.h,1666,Declaring class is context only; struct nesting and array indexing are not resolved
SCH-00847,Power Unit (excite),Joint / Bearing,Consider Axial Friction Forces,Bool,,Schema declaration; instance not resolved,Joint_pro_ehd2geom,shts,Candidate: GetIntValue(field),"Candidate: SetIntValue(field,value)",Schema field/label confirmed; full path + instance + runtime read not verified,Generic API available; this field write NOT verified,Not eligible for Apply; resolve path and test first,,Check type/enable/visibility rules in source,Resolve actual instance/full path; check ASE vs ACT; selection/enable flags; enum mapping; binding; units; round-trip,<AVL_ROOT>/AWS/appl/clients/excite/res/cpp/joint.h,1671,Declaring class is context only; struct nesting and array indexing are not resolved
SCH-00848,Power Unit (excite),Joint / Bearing,FE-mesh at B.C. of oil supply is modeled using a different material type,Bool,,Schema declaration; instance not resolved,Joint_pro_ehd2geom,jmask,Candidate: GetIntValue(field),"Candidate: SetIntValue(field,value)",Schema field/label confirmed; full path + instance + runtime read not verified,Generic API available; this field write NOT verified,Not eligible for Apply; resolve path and test first,,Check type/enable/visibility rules in source,Resolve actual instance/full path; check ASE vs ACT; selection/enable flags; enum mapping; binding; units; round-trip,<AVL_ROOT>/AWS/appl/clients/excite/res/cpp/joint.h,1673,Declaring class is context only; struct nesting and array indexing are not resolved
SCH-00849,Power Unit (excite),Joint / Bearing,Use relative pressure for force evaluation,Bool,,Schema declaration; instance not resolved,Joint_pro_ehd2geom,pbcsap,Candidate: GetIntValue(field),"Candidate: SetIntValue(field,value)",Schema field/label confirmed; full path + instance + runtime read not verified,Generic API available; this field write NOT verified,Not eligible for Apply; resolve path and test first,,Check type/enable/visibility rules in source,Resolve actual instance/full path; check ASE vs ACT; selection/enable flags; enum mapping; binding; units; round-trip,<AVL_ROOT>/AWS/appl/clients/excite/res/cpp/joint.h,1677,Declaring class is context only; struct nesting and array indexing are not resolved
SCH-00850,Power Unit (excite),Joint / Bearing,Enhanced Sliding Boundary Treatment,Bool,,Schema declaration; instance not resolved,Joint_pro_ehd2geom,esbt,Candidate: GetIntValue(field),"Candidate: SetIntValue(field,value)",Schema field/label confirmed; full path + instance + runtime read not verified,Generic API available; this field write NOT verified,Not eligible for Apply; resolve path and test first,,Check type/enable/visibility rules in source,Resolve actual instance/full path; check ASE vs ACT; selection/enable flags; enum mapping; binding; units; round-trip,<AVL_ROOT>/AWS/appl/clients/excite/res/cpp/joint.h,1690,Declaring class is context only; struct nesting and array indexing are not resolved
SCH-00851,Power Unit (excite),Joint / Bearing,Enable Squeeze Stabilization,Bool,,Schema declaration; instance not resolved,Joint_pro_ehd2geom,squeeze_mgrs,Candidate: GetIntValue(field),"Candidate: SetIntValue(field,value)",Schema field/label confirmed; full path + instance + runtime read not verified,Generic API available; this field write NOT verified,Not eligible for Apply; resolve path and test first,,Check type/enable/visibility rules in source,Resolve actual instance/full path; check ASE vs ACT; selection/enable flags; enum mapping; binding; units; round-trip,<AVL_ROOT>/AWS/appl/clients/excite/res/cpp/joint.h,1693,Declaring class is context only; struct nesting and array indexing are not resolved
SCH-00852,Power Unit (excite),Joint / Bearing,Ref. Velocity,double,"velocity,mm_s",Schema declaration; instance not resolved,Joint_pro_ehd2cont,ref_vel,"Candidate: GetDblValueU(field,unit)","Candidate: SetDblValueU(field,value,unit)",Schema field/label confirmed; full path + instance + runtime read not verified,Generic API available; this field write NOT verified,Not eligible for Apply; resolve path and test first,,Check type/enable/visibility rules in source,Resolve actual instance/full path; check ASE vs ACT; selection/enable flags; enum mapping; binding; units; round-trip,<AVL_ROOT>/AWS/appl/clients/excite/res/cpp/joint.h,1719,Declaring class is context only; struct nesting and array indexing are not resolved
SCH-00853,Power Unit (excite),Joint / Bearing,Start Transition Velocity,double,"ang_vel,rad_s",Schema declaration; instance not resolved,Joint_pro_ehd2cont,start_tv,"Candidate: GetDblValueU(field,unit)","Candidate: SetDblValueU(field,value,unit)",Schema field/label confirmed; full path + instance + runtime read not verified,Generic API available; this field write NOT verified,Not eligible for Apply; resolve path and test first,,Check type/enable/visibility rules in source,Resolve actual instance/full path; check ASE vs ACT; selection/enable flags; enum mapping; binding; units; round-trip,<AVL_ROOT>/AWS/appl/clients/excite/res/cpp/joint.h,1723,Declaring class is context only; struct nesting and array indexing are not resolved
SCH-00854,Power Unit (excite),Joint / Bearing,Stiction Transition Velocity,double,"ang_vel,rad_s",Schema declaration; instance not resolved,Joint_pro_ehd2cont,stict_tv,"Candidate: GetDblValueU(field,unit)","Candidate: SetDblValueU(field,value,unit)",Schema field/label confirmed; full path + instance + runtime read not verified,Generic API available; this field write NOT verified,Not eligible for Apply; resolve path and test first,,Check type/enable/visibility rules in source,Resolve actual instance/full path; check ASE vs ACT; selection/enable flags; enum mapping; binding; units; round-trip,<AVL_ROOT>/AWS/appl/clients/excite/res/cpp/joint.h,1724,Declaring class is context only; struct nesting and array indexing are not resolved
SCH-00855,Power Unit (excite),Joint / Bearing,Grinding Wear Parameters,Bool,,Schema declaration; instance not resolved,Joint_pro_ehd2cont,grind_wear,Candidate: GetIntValue(field),"Candidate: SetIntValue(field,value)",Schema field/label confirmed; full path + instance + runtime read not verified,Generic API available; this field write NOT verified,Not eligible for Apply; resolve path and test first,,"<visibility=grind_wear,value-int,1>",Resolve actual instance/full path; check ASE vs ACT; selection/enable flags; enum mapping; binding; units; round-trip,<AVL_ROOT>/AWS/appl/clients/excite/res/cpp/joint.h,1728,Declaring class is context only; struct nesting and array indexing are not resolved
SCH-00856,Power Unit (excite),Joint / Bearing,Particle Concentration (c),double,"dimensionless,no",Schema declaration; instance not resolved,Joint_pro_ehd2cont,c_wear,"Candidate: GetDblValueU(field,unit)","Candidate: SetDblValueU(field,value,unit)",Schema field/label confirmed; full path + instance + runtime read not verified,Generic API available; this field write NOT verified,Not eligible for Apply; resolve path and test first,,Check type/enable/visibility rules in source,Resolve actual instance/full path; check ASE vs ACT; selection/enable flags; enum mapping; binding; units; round-trip,<AVL_ROOT>/AWS/appl/clients/excite/res/cpp/joint.h,1730,Declaring class is context only; struct nesting and array indexing are not resolved
SCH-00857,Power Unit (excite),Joint / Bearing,Average Particle Size,double,"length,mym,mym",Schema declaration; instance not resolved,Joint_pro_ehd2cont,sm_wear,"Candidate: GetDblValueU(field,unit)","Candidate: SetDblValueU(field,value,unit)",Schema field/label confirmed; full path + instance + runtime read not verified,Generic API available; this field write NOT verified,Not eligible for Apply; resolve path and test first,,Check type/enable/visibility rules in source,Resolve actual instance/full path; check ASE vs ACT; selection/enable flags; enum mapping; binding; units; round-trip,<AVL_ROOT>/AWS/appl/clients/excite/res/cpp/joint.h,1731,Declaring class is context only; struct nesting and array indexing are not resolved
SCH-00858,Power Unit (excite),Joint / Bearing,Averaged Reynolds Equation,Bool,,Schema declaration; instance not resolved,Joint_pro_ehd2cont,avreyequ,Candidate: GetIntValue(field),"Candidate: SetIntValue(field,value)",Schema field/label confirmed; full path + instance + runtime read not verified,Generic API available; this field write NOT verified,Not eligible for Apply; resolve path and test first,,<visibility_change>,Resolve actual instance/full path; check ASE vs ACT; selection/enable flags; enum mapping; binding; units; round-trip,<AVL_ROOT>/AWS/appl/clients/excite/res/cpp/joint.h,1739,Declaring class is context only; struct nesting and array indexing are not resolved
SCH-00859,Power Unit (excite),Joint / Bearing,Subsurface Contact Layer,Bool,,Schema declaration; instance not resolved,Joint_pro_ehd2cont,subcontlyr,Candidate: GetIntValue(field),"Candidate: SetIntValue(field,value)",Schema field/label confirmed; full path + instance + runtime read not verified,Generic API available; this field write NOT verified,Not eligible for Apply; resolve path and test first,,<visibility_change>,Resolve actual instance/full path; check ASE vs ACT; selection/enable flags; enum mapping; binding; units; round-trip,<AVL_ROOT>/AWS/appl/clients/excite/res/cpp/joint.h,1743,Declaring class is context only; struct nesting and array indexing are not resolved
SCH-00860,Power Unit (excite),Joint / Bearing,Minimum Number of Iterations for Reynolds Equation,int,,Schema declaration; instance not resolved,Joint_ehd2_iter,min,Candidate: GetIntValue(field),"Candidate: SetIntValue(field,value)",Schema field/label confirmed; full path + instance + runtime read not verified,Generic API available; this field write NOT verified,Not eligible for Apply; resolve path and test first,,Check type/enable/visibility rules in source,Resolve actual instance/full path; check ASE vs ACT; selection/enable flags; enum mapping; binding; units; round-trip,<AVL_ROOT>/AWS/appl/clients/excite/res/cpp/joint.h,1904,Declaring class is context only; struct nesting and array indexing are not resolved
SCH-00861,Power Unit (excite),Joint / Bearing,Maximum Number of Iterations for Reynolds Equation,int,,Schema declaration; instance not resolved,Joint_ehd2_iter,max,Candidate: GetIntValue(field),"Candidate: SetIntValue(field,value)",Schema field/label confirmed; full path + instance + runtime read not verified,Generic API available; this field write NOT verified,Not eligible for Apply; resolve path and test first,,Check type/enable/visibility rules in source,Resolve actual instance/full path; check ASE vs ACT; selection/enable flags; enum mapping; binding; units; round-trip,<AVL_ROOT>/AWS/appl/clients/excite/res/cpp/joint.h,1905,Declaring class is context only; struct nesting and array indexing are not resolved
SCH-00862,Power Unit (excite),Joint / Bearing,Minimum Number of Iterations for Derivatives,int,,Schema declaration; instance not resolved,Joint_ehd2_iter,deri,Candidate: GetIntValue(field),"Candidate: SetIntValue(field,value)",Schema field/label confirmed; full path + instance + runtime read not verified,Generic API available; this field write NOT verified,Not eligible for Apply; resolve path and test first,,Check type/enable/visibility rules in source,Resolve actual instance/full path; check ASE vs ACT; selection/enable flags; enum mapping; binding; units; round-trip,<AVL_ROOT>/AWS/appl/clients/excite/res/cpp/joint.h,1906,Declaring class is context only; struct nesting and array indexing are not resolved
SCH-00863,Power Unit (excite),Joint / Bearing,Convergence Criteria for Pressure and Fill Ratio,double,"dimensionless,percent,percent",Schema declaration; instance not resolved,Joint_ehd2_iter,tol,"Candidate: GetDblValueU(field,unit)","Candidate: SetDblValueU(field,value,unit)",Schema field/label confirmed; full path + instance + runtime read not verified,Generic API available; this field write NOT verified,Not eligible for Apply; resolve path and test first,,Check type/enable/visibility rules in source,Resolve actual instance/full path; check ASE vs ACT; selection/enable flags; enum mapping; binding; units; round-trip,<AVL_ROOT>/AWS/appl/clients/excite/res/cpp/joint.h,1909,Declaring class is context only; struct nesting and array indexing are not resolved
SCH-00864,Power Unit (excite),Joint / Bearing,Mass Balance Corrected Discretization Scheme,Bool,,Schema declaration; instance not resolved,Joint_ehd2_iter,nrey,Candidate: GetIntValue(field),"Candidate: SetIntValue(field,value)",Schema field/label confirmed; full path + instance + runtime read not verified,Generic API available; this field write NOT verified,Not eligible for Apply; resolve path and test first,,"<visibility=/1_isMultigridReynoldsSolver,class-int,1>",Resolve actual instance/full path; check ASE vs ACT; selection/enable flags; enum mapping; binding; units; round-trip,<AVL_ROOT>/AWS/appl/clients/excite/res/cpp/joint.h,1915,Declaring class is context only; struct nesting and array indexing are not resolved
SCH-00865,Power Unit (excite),Joint / Bearing,Automatic Thermal Solver Time Step Adaption,Bool,,Schema declaration; instance not resolved,Joint_ehd2_iter,atstsa,Candidate: GetIntValue(field),"Candidate: SetIntValue(field,value)",Schema field/label confirmed; full path + instance + runtime read not verified,Generic API available; this field write NOT verified,Not eligible for Apply; resolve path and test first,,Check type/enable/visibility rules in source,Resolve actual instance/full path; check ASE vs ACT; selection/enable flags; enum mapping; binding; units; round-trip,<AVL_ROOT>/AWS/appl/clients/excite/res/cpp/joint.h,1926,Declaring class is context only; struct nesting and array indexing are not resolved
SCH-00866,Power Unit (excite),Joint / Bearing,Full Filled Bearing,Bool,,Schema declaration; instance not resolved,Joint_ehd2_oils,fullFill,Candidate: GetIntValue(field),"Candidate: SetIntValue(field,value)",Schema field/label confirmed; full path + instance + runtime read not verified,Generic API available; this field write NOT verified,Not eligible for Apply; resolve path and test first,,Check type/enable/visibility rules in source,Resolve actual instance/full path; check ASE vs ACT; selection/enable flags; enum mapping; binding; units; round-trip,<AVL_ROOT>/AWS/appl/clients/excite/res/cpp/joint.h,1942,Declaring class is context only; struct nesting and array indexing are not resolved
SCH-00867,Power Unit (excite),Joint / Bearing,Supply Pressure,double,"pressure,N_mm2",Schema declaration; instance not resolved,Joint_ehd2_oils,suply_pressure,"Candidate: GetDblValueU(field,unit)","Candidate: SetDblValueU(field,value,unit)",Schema field/label confirmed; full path + instance + runtime read not verified,Generic API available; this field write NOT verified,Not eligible for Apply; resolve path and test first,,Check type/enable/visibility rules in source,Resolve actual instance/full path; check ASE vs ACT; selection/enable flags; enum mapping; binding; units; round-trip,<AVL_ROOT>/AWS/appl/clients/excite/res/cpp/joint.h,1943,Declaring class is context only; struct nesting and array indexing are not resolved
SCH-00868,Power Unit (excite),Joint / Bearing,Pressure for partial filling areas,double,"pressure,N_mm2",Schema declaration; instance not resolved,Joint_ehd2_oils,cavit_pressure,"Candidate: GetDblValueU(field,unit)","Candidate: SetDblValueU(field,value,unit)",Schema field/label confirmed; full path + instance + runtime read not verified,Generic API available; this field write NOT verified,Not eligible for Apply; resolve path and test first,,Check type/enable/visibility rules in source,Resolve actual instance/full path; check ASE vs ACT; selection/enable flags; enum mapping; binding; units; round-trip,<AVL_ROOT>/AWS/appl/clients/excite/res/cpp/joint.h,1944,Declaring class is context only; struct nesting and array indexing are not resolved
SCH-00869,Power Unit (excite),Joint / Bearing,At min Axial coordinate,ASEenum,,Schema declaration; instance not resolved,Joint_ehd2_oils,ap_min_type,Candidate: GetIntValue(field),"Candidate: SetIntValue(field,value)",Schema field/label confirmed; full path + instance + runtime read not verified,Generic API available; this field write NOT verified,Not eligible for Apply; resolve path and test first,,<visibility_change>,Resolve actual instance/full path; check ASE vs ACT; selection/enable flags; enum mapping; binding; units; round-trip,<AVL_ROOT>/AWS/appl/clients/excite/res/cpp/joint.h,1948,"Schema labels: ""Constant"",""Variable"""
SCH-00870,Power Unit (excite),Joint / Bearing,p,double,"pressure,N_mm2",Schema declaration; instance not resolved,Joint_ehd2_oils,ap_min,"Candidate: GetDblValueU(field,unit)","Candidate: SetDblValueU(field,value,unit)",Schema field/label confirmed; full path + instance + runtime read not verified,Generic API available; this field write NOT verified,Not eligible for Apply; resolve path and test first,,"<visibility=ap_min_type,value-int,1>",Resolve actual instance/full path; check ASE vs ACT; selection/enable flags; enum mapping; binding; units; round-trip,<AVL_ROOT>/AWS/appl/clients/excite/res/cpp/joint.h,1953,Declaring class is context only; struct nesting and array indexing are not resolved
SCH-00871,Power Unit (excite),Joint / Bearing,Col.,ASEenum,,Schema declaration; instance not resolved,Joint_ehd2_oils,ap_min_presInd,Candidate: GetIntValue(field),"Candidate: SetIntValue(field,value)",Schema field/label confirmed; full path + instance + runtime read not verified,Generic API available; this field write NOT verified,Not eligible for Apply; resolve path and test first,,Check type/enable/visibility rules in source,Resolve actual instance/full path; check ASE vs ACT; selection/enable flags; enum mapping; binding; units; round-trip,<AVL_ROOT>/AWS/appl/clients/excite/res/cpp/joint.h,1958,"Schema labels: ""p1"",""p2"",""p3"",""p4"",""p5"",""p6"",""p7"",""p8"",""p9"",""p10"""
SCH-00872,Power Unit (excite),Joint / Bearing,At max Axial coordinate,ASEenum,,Schema declaration; instance not resolved,Joint_ehd2_oils,ap_max_type,Candidate: GetIntValue(field),"Candidate: SetIntValue(field,value)",Schema field/label confirmed; full path + instance + runtime read not verified,Generic API available; this field write NOT verified,Not eligible for Apply; resolve path and test first,,<visibility_change>,Resolve actual instance/full path; check ASE vs ACT; selection/enable flags; enum mapping; binding; units; round-trip,<AVL_ROOT>/AWS/appl/clients/excite/res/cpp/joint.h,1965,"Schema labels: ""Constant"",""Variable"""
SCH-00873,Power Unit (excite),Joint / Bearing,p,double,"pressure,N_mm2",Schema declaration; instance not resolved,Joint_ehd2_oils,ap_max,"Candidate: GetDblValueU(field,unit)","Candidate: SetDblValueU(field,value,unit)",Schema field/label confirmed; full path + instance + runtime read not verified,Generic API available; this field write NOT verified,Not eligible for Apply; resolve path and test first,,"<visibility=ap_max_type,value-int,1>",Resolve actual instance/full path; check ASE vs ACT; selection/enable flags; enum mapping; binding; units; round-trip,<AVL_ROOT>/AWS/appl/clients/excite/res/cpp/joint.h,1970,Declaring class is context only; struct nesting and array indexing are not resolved
SCH-00874,Power Unit (excite),Joint / Bearing,Col.,ASEenum,,Schema declaration; instance not resolved,Joint_ehd2_oils,ap_max_presInd,Candidate: GetIntValue(field),"Candidate: SetIntValue(field,value)",Schema field/label confirmed; full path + instance + runtime read not verified,Generic API available; this field write NOT verified,Not eligible for Apply; resolve path and test first,,Check type/enable/visibility rules in source,Resolve actual instance/full path; check ASE vs ACT; selection/enable flags; enum mapping; binding; units; round-trip,<AVL_ROOT>/AWS/appl/clients/excite/res/cpp/joint.h,1975,"Schema labels: ""p1"",""p2"",""p3"",""p4"",""p5"",""p6"",""p7"",""p8"",""p9"",""p10"""
SCH-00875,Power Unit (excite),Joint / Bearing,At min Axial coordinate,ASEenum,,Schema declaration; instance not resolved,Joint_ehd2_oils,at_min_type,Candidate: GetIntValue(field),"Candidate: SetIntValue(field,value)",Schema field/label confirmed; full path + instance + runtime read not verified,Generic API available; this field write NOT verified,Not eligible for Apply; resolve path and test first,,<visibility_change>,Resolve actual instance/full path; check ASE vs ACT; selection/enable flags; enum mapping; binding; units; round-trip,<AVL_ROOT>/AWS/appl/clients/excite/res/cpp/joint.h,1986,"Schema labels: ""Constant"",""Variable"""
SCH-00876,Power Unit (excite),Joint / Bearing,t,double,"temperature,degC",Schema declaration; instance not resolved,Joint_ehd2_oils,at_min,"Candidate: GetDblValueU(field,unit)","Candidate: SetDblValueU(field,value,unit)",Schema field/label confirmed; full path + instance + runtime read not verified,Generic API available; this field write NOT verified,Not eligible for Apply; resolve path and test first,,"<visibility=at_min_type,value-int,1>",Resolve actual instance/full path; check ASE vs ACT; selection/enable flags; enum mapping; binding; units; round-trip,<AVL_ROOT>/AWS/appl/clients/excite/res/cpp/joint.h,1991,Declaring class is context only; struct nesting and array indexing are not resolved
SCH-00877,Power Unit (excite),Joint / Bearing,At max Axial coordinate,ASEenum,,Schema declaration; instance not resolved,Joint_ehd2_oils,at_max_type,Candidate: GetIntValue(field),"Candidate: SetIntValue(field,value)",Schema field/label confirmed; full path + instance + runtime read not verified,Generic API available; this field write NOT verified,Not eligible for Apply; resolve path and test first,,<visibility_change>,Resolve actual instance/full path; check ASE vs ACT; selection/enable flags; enum mapping; binding; units; round-trip,<AVL_ROOT>/AWS/appl/clients/excite/res/cpp/joint.h,2001,"Schema labels: ""Constant"",""Variable"""
SCH-00878,Power Unit (excite),Joint / Bearing,t,double,"temperature,degC",Schema declaration; instance not resolved,Joint_ehd2_oils,at_max,"Candidate: GetDblValueU(field,unit)","Candidate: SetDblValueU(field,value,unit)",Schema field/label confirmed; full path + instance + runtime read not verified,Generic API available; this field write NOT verified,Not eligible for Apply; resolve path and test first,,"<visibility=at_max_type,value-int,1>",Resolve actual instance/full path; check ASE vs ACT; selection/enable flags; enum mapping; binding; units; round-trip,<AVL_ROOT>/AWS/appl/clients/excite/res/cpp/joint.h,2006,Declaring class is context only; struct nesting and array indexing are not resolved
SCH-00879,Power Unit (excite),Joint / Bearing,Supply Temperature,double,"temperature,K",Schema declaration; instance not resolved,Joint_ehd2_oils,lubr_temp,"Candidate: GetDblValueU(field,unit)","Candidate: SetDblValueU(field,value,unit)",Schema field/label confirmed; full path + instance + runtime read not verified,Generic API available; this field write NOT verified,Not eligible for Apply; resolve path and test first,,Check type/enable/visibility rules in source,Resolve actual instance/full path; check ASE vs ACT; selection/enable flags; enum mapping; binding; units; round-trip,<AVL_ROOT>/AWS/appl/clients/excite/res/cpp/joint.h,2019,Declaring class is context only; struct nesting and array indexing are not resolved
SCH-00880,Power Unit (excite),Joint / Bearing,Const. Supply Flow,double,"volflow,m3_s,m3_s",Schema declaration; instance not resolved,Joint_ehd2_oils,suply_flow,"Candidate: GetDblValueU(field,unit)","Candidate: SetDblValueU(field,value,unit)",Schema field/label confirmed; full path + instance + runtime read not verified,Generic API available; this field write NOT verified,Not eligible for Apply; resolve path and test first,,Check type/enable/visibility rules in source,Resolve actual instance/full path; check ASE vs ACT; selection/enable flags; enum mapping; binding; units; round-trip,<AVL_ROOT>/AWS/appl/clients/excite/res/cpp/joint.h,2025,Declaring class is context only; struct nesting and array indexing are not resolved
SCH-00881,Power Unit (excite),Joint / Bearing,Flow Pressure Limit,double,"pressure,bar,bar",Schema declaration; instance not resolved,Joint_ehd2_oils,flow_pressure_limit,"Candidate: GetDblValueU(field,unit)","Candidate: SetDblValueU(field,value,unit)",Schema field/label confirmed; full path + instance + runtime read not verified,Generic API available; this field write NOT verified,Not eligible for Apply; resolve path and test first,,Check type/enable/visibility rules in source,Resolve actual instance/full path; check ASE vs ACT; selection/enable flags; enum mapping; binding; units; round-trip,<AVL_ROOT>/AWS/appl/clients/excite/res/cpp/joint.h,2026,Declaring class is context only; struct nesting and array indexing are not resolved
SCH-00882,Power Unit (excite),Joint / Bearing,Begin of Oil Groove (Angle),double,"angle,rad",Schema declaration; instance not resolved,Joint_ehd2_sgrv,cbeg,"Candidate: GetDblValueU(field,unit)","Candidate: SetDblValueU(field,value,unit)",Schema field/label confirmed; full path + instance + runtime read not verified,Generic API available; this field write NOT verified,Not eligible for Apply; resolve path and test first,,Check type/enable/visibility rules in source,Resolve actual instance/full path; check ASE vs ACT; selection/enable flags; enum mapping; binding; units; round-trip,<AVL_ROOT>/AWS/appl/clients/excite/res/cpp/joint.h,2070,Declaring class is context only; struct nesting and array indexing are not resolved
SCH-00883,Power Unit (excite),Joint / Bearing,End of Oil Groove (Angle),double,"angle,rad",Schema declaration; instance not resolved,Joint_ehd2_sgrv,cend,"Candidate: GetDblValueU(field,unit)","Candidate: SetDblValueU(field,value,unit)",Schema field/label confirmed; full path + instance + runtime read not verified,Generic API available; this field write NOT verified,Not eligible for Apply; resolve path and test first,,Check type/enable/visibility rules in source,Resolve actual instance/full path; check ASE vs ACT; selection/enable flags; enum mapping; binding; units; round-trip,<AVL_ROOT>/AWS/appl/clients/excite/res/cpp/joint.h,2071,Declaring class is context only; struct nesting and array indexing are not resolved
SCH-00884,Power Unit (excite),Joint / Bearing,Axial Coordinate of Center at Begin,double,"length,mm",Schema declaration; instance not resolved,Joint_ehd2_sgrv,abeg,"Candidate: GetDblValueU(field,unit)","Candidate: SetDblValueU(field,value,unit)",Schema field/label confirmed; full path + instance + runtime read not verified,Generic API available; this field write NOT verified,Not eligible for Apply; resolve path and test first,,Check type/enable/visibility rules in source,Resolve actual instance/full path; check ASE vs ACT; selection/enable flags; enum mapping; binding; units; round-trip,<AVL_ROOT>/AWS/appl/clients/excite/res/cpp/joint.h,2072,Declaring class is context only; struct nesting and array indexing are not resolved
SCH-00885,Power Unit (excite),Joint / Bearing,Width of Groove,double,"length,mm",Schema declaration; instance not resolved,Joint_ehd2_sgrv,width,"Candidate: GetDblValueU(field,unit)","Candidate: SetDblValueU(field,value,unit)",Schema field/label confirmed; full path + instance + runtime read not verified,Generic API available; this field write NOT verified,Not eligible for Apply; resolve path and test first,,Check type/enable/visibility rules in source,Resolve actual instance/full path; check ASE vs ACT; selection/enable flags; enum mapping; binding; units; round-trip,<AVL_ROOT>/AWS/appl/clients/excite/res/cpp/joint.h,2073,Declaring class is context only; struct nesting and array indexing are not resolved
SCH-00886,Power Unit (excite),Joint / Bearing,Angle Between Bearing Edge and Groove,double,"angle,rad",Schema declaration; instance not resolved,Joint_ehd2_sgrv,ang,"Candidate: GetDblValueU(field,unit)","Candidate: SetDblValueU(field,value,unit)",Schema field/label confirmed; full path + instance + runtime read not verified,Generic API available; this field write NOT verified,Not eligible for Apply; resolve path and test first,,Check type/enable/visibility rules in source,Resolve actual instance/full path; check ASE vs ACT; selection/enable flags; enum mapping; binding; units; round-trip,<AVL_ROOT>/AWS/appl/clients/excite/res/cpp/joint.h,2074,Declaring class is context only; struct nesting and array indexing are not resolved
SCH-00887,Power Unit (excite),Joint / Bearing,Corner Radius,double,"length,mm",Schema declaration; instance not resolved,Joint_ehd2_sgrv,cradius,"Candidate: GetDblValueU(field,unit)","Candidate: SetDblValueU(field,value,unit)",Schema field/label confirmed; full path + instance + runtime read not verified,Generic API available; this field write NOT verified,Not eligible for Apply; resolve path and test first,,Check type/enable/visibility rules in source,Resolve actual instance/full path; check ASE vs ACT; selection/enable flags; enum mapping; binding; units; round-trip,<AVL_ROOT>/AWS/appl/clients/excite/res/cpp/joint.h,2075,Declaring class is context only; struct nesting and array indexing are not resolved
SCH-00888,Power Unit (excite),Joint / Bearing,Depth of Groove,double,"length,mm",Schema declaration; instance not resolved,Joint_ehd2_sgrv,Pdepth,"Candidate: GetDblValueU(field,unit)","Candidate: SetDblValueU(field,value,unit)",Schema field/label confirmed; full path + instance + runtime read not verified,Generic API available; this field write NOT verified,Not eligible for Apply; resolve path and test first,,Check type/enable/visibility rules in source,Resolve actual instance/full path; check ASE vs ACT; selection/enable flags; enum mapping; binding; units; round-trip,<AVL_ROOT>/AWS/appl/clients/excite/res/cpp/joint.h,2079,Declaring class is context only; struct nesting and array indexing are not resolved
SCH-00889,Power Unit (excite),Joint / Bearing,Col.,ASEenum,,Schema declaration; instance not resolved,Joint_ehd2_sgrv,presInd,Candidate: GetIntValue(field),"Candidate: SetIntValue(field,value)",Schema field/label confirmed; full path + instance + runtime read not verified,Generic API available; this field write NOT verified,Not eligible for Apply; resolve path and test first,,"<visibility=type,value-int,5>",Resolve actual instance/full path; check ASE vs ACT; selection/enable flags; enum mapping; binding; units; round-trip,<AVL_ROOT>/AWS/appl/clients/excite/res/cpp/joint.h,2089,"Schema labels: ""p1"",""p2"",""p3"",""p4"",""p5"",""p6"",""p7"",""p8"",""p9"",""p10"""
SCH-00890,Power Unit (excite),Joint / Bearing,Col.,ASEenum,,Schema declaration; instance not resolved,Joint_ehd2_sgrv,flowInd,Candidate: GetIntValue(field),"Candidate: SetIntValue(field,value)",Schema field/label confirmed; full path + instance + runtime read not verified,Generic API available; this field write NOT verified,Not eligible for Apply; resolve path and test first,,Check type/enable/visibility rules in source,Resolve actual instance/full path; check ASE vs ACT; selection/enable flags; enum mapping; binding; units; round-trip,<AVL_ROOT>/AWS/appl/clients/excite/res/cpp/joint.h,2092,"Schema labels: ""flow1"",""flow2"",""flow3"",""flow4"",""flow5"",""flow6"",""flow7"",""flow8"",""flow9"",""flow10"""
SCH-00891,Power Unit (excite),Joint / Bearing,t,double,"temperature,degC,degC",Schema declaration; instance not resolved,Joint_ehd2_sgrv,constTemp,"Candidate: GetDblValueU(field,unit)","Candidate: SetDblValueU(field,value,unit)",Schema field/label confirmed; full path + instance + runtime read not verified,Generic API available; this field write NOT verified,Not eligible for Apply; resolve path and test first,,Check type/enable/visibility rules in source,Resolve actual instance/full path; check ASE vs ACT; selection/enable flags; enum mapping; binding; units; round-trip,<AVL_ROOT>/AWS/appl/clients/excite/res/cpp/joint.h,2117,Declaring class is context only; struct nesting and array indexing are not resolved
SCH-00892,Power Unit (excite),Joint / Bearing,HTC,double,"heat_transf_coeff,W_m2K",Schema declaration; instance not resolved,Joint_ehd2_sgrv,user_defined_htc,"Candidate: GetDblValueU(field,unit)","Candidate: SetDblValueU(field,value,unit)",Schema field/label confirmed; full path + instance + runtime read not verified,Generic API available; this field write NOT verified,Not eligible for Apply; resolve path and test first,,Check type/enable/visibility rules in source,Resolve actual instance/full path; check ASE vs ACT; selection/enable flags; enum mapping; binding; units; round-trip,<AVL_ROOT>/AWS/appl/clients/excite/res/cpp/joint.h,2140,Declaring class is context only; struct nesting and array indexing are not resolved
SCH-00893,Power Unit (excite),Joint / Bearing,Begin of Split Line (Angle),double,"angle,rad",Schema declaration; instance not resolved,Joint_ehd2_sspl,cbeg,"Candidate: GetDblValueU(field,unit)","Candidate: SetDblValueU(field,value,unit)",Schema field/label confirmed; full path + instance + runtime read not verified,Generic API available; this field write NOT verified,Not eligible for Apply; resolve path and test first,,Check type/enable/visibility rules in source,Resolve actual instance/full path; check ASE vs ACT; selection/enable flags; enum mapping; binding; units; round-trip,<AVL_ROOT>/AWS/appl/clients/excite/res/cpp/joint.h,2157,Declaring class is context only; struct nesting and array indexing are not resolved
SCH-00894,Power Unit (excite),Joint / Bearing,End of Split Line (Angle),double,"angle,rad",Schema declaration; instance not resolved,Joint_ehd2_sspl,cend,"Candidate: GetDblValueU(field,unit)","Candidate: SetDblValueU(field,value,unit)",Schema field/label confirmed; full path + instance + runtime read not verified,Generic API available; this field write NOT verified,Not eligible for Apply; resolve path and test first,,Check type/enable/visibility rules in source,Resolve actual instance/full path; check ASE vs ACT; selection/enable flags; enum mapping; binding; units; round-trip,<AVL_ROOT>/AWS/appl/clients/excite/res/cpp/joint.h,2158,Declaring class is context only; struct nesting and array indexing are not resolved
SCH-00895,Power Unit (excite),Joint / Bearing,Depth of Groove,double,"length,mm",Schema declaration; instance not resolved,Joint_ehd2_sspl,Pdepth,"Candidate: GetDblValueU(field,unit)","Candidate: SetDblValueU(field,value,unit)",Schema field/label confirmed; full path + instance + runtime read not verified,Generic API available; this field write NOT verified,Not eligible for Apply; resolve path and test first,,Check type/enable/visibility rules in source,Resolve actual instance/full path; check ASE vs ACT; selection/enable flags; enum mapping; binding; units; round-trip,<AVL_ROOT>/AWS/appl/clients/excite/res/cpp/joint.h,2162,Declaring class is context only; struct nesting and array indexing are not resolved
SCH-00896,Power Unit (excite),Joint / Bearing,Col.,ASEenum,,Schema declaration; instance not resolved,Joint_ehd2_sspl,presInd,Candidate: GetIntValue(field),"Candidate: SetIntValue(field,value)",Schema field/label confirmed; full path + instance + runtime read not verified,Generic API available; this field write NOT verified,Not eligible for Apply; resolve path and test first,,"<visibility=type,value-int,5>",Resolve actual instance/full path; check ASE vs ACT; selection/enable flags; enum mapping; binding; units; round-trip,<AVL_ROOT>/AWS/appl/clients/excite/res/cpp/joint.h,2172,"Schema labels: ""p1"",""p2"",""p3"",""p4"",""p5"",""p6"",""p7"",""p8"",""p9"",""p10"""
SCH-00897,Power Unit (excite),Joint / Bearing,Col.,ASEenum,,Schema declaration; instance not resolved,Joint_ehd2_sspl,flowInd,Candidate: GetIntValue(field),"Candidate: SetIntValue(field,value)",Schema field/label confirmed; full path + instance + runtime read not verified,Generic API available; this field write NOT verified,Not eligible for Apply; resolve path and test first,,Check type/enable/visibility rules in source,Resolve actual instance/full path; check ASE vs ACT; selection/enable flags; enum mapping; binding; units; round-trip,<AVL_ROOT>/AWS/appl/clients/excite/res/cpp/joint.h,2175,"Schema labels: ""flow1"",""flow2"",""flow3"",""flow4"",""flow5"",""flow6"",""flow7"",""flow8"",""flow9"",""flow10"""
SCH-00898,Power Unit (excite),Joint / Bearing,Center of Bore (Angle),double,"angle,rad",Schema declaration; instance not resolved,Joint_ehd2_sbor,cbeg,"Candidate: GetDblValueU(field,unit)","Candidate: SetDblValueU(field,value,unit)",Schema field/label confirmed; full path + instance + runtime read not verified,Generic API available; this field write NOT verified,Not eligible for Apply; resolve path and test first,,Check type/enable/visibility rules in source,Resolve actual instance/full path; check ASE vs ACT; selection/enable flags; enum mapping; binding; units; round-trip,<AVL_ROOT>/AWS/appl/clients/excite/res/cpp/joint.h,2198,Declaring class is context only; struct nesting and array indexing are not resolved
SCH-00899,Power Unit (excite),Joint / Bearing,Axial Coordinate of Center of Bore,double,"length,mm",Schema declaration; instance not resolved,Joint_ehd2_sbor,abeg,"Candidate: GetDblValueU(field,unit)","Candidate: SetDblValueU(field,value,unit)",Schema field/label confirmed; full path + instance + runtime read not verified,Generic API available; this field write NOT verified,Not eligible for Apply; resolve path and test first,,Check type/enable/visibility rules in source,Resolve actual instance/full path; check ASE vs ACT; selection/enable flags; enum mapping; binding; units; round-trip,<AVL_ROOT>/AWS/appl/clients/excite/res/cpp/joint.h,2199,Declaring class is context only; struct nesting and array indexing are not resolved
SCH-00900,Power Unit (excite),Joint / Bearing,Diameter of Bore,double,"length,mm",Schema declaration; instance not resolved,Joint_ehd2_sbor,diam,"Candidate: GetDblValueU(field,unit)","Candidate: SetDblValueU(field,value,unit)",Schema field/label confirmed; full path + instance + runtime read not verified,Generic API available; this field write NOT verified,Not eligible for Apply; resolve path and test first,,Check type/enable/visibility rules in source,Resolve actual instance/full path; check ASE vs ACT; selection/enable flags; enum mapping; binding; units; round-trip,<AVL_ROOT>/AWS/appl/clients/excite/res/cpp/joint.h,2200,Declaring class is context only; struct nesting and array indexing are not resolved
SCH-00901,Power Unit (excite),Joint / Bearing,Col.,ASEenum,,Schema declaration; instance not resolved,Joint_ehd2_sbor,presInd,Candidate: GetIntValue(field),"Candidate: SetIntValue(field,value)",Schema field/label confirmed; full path + instance + runtime read not verified,Generic API available; this field write NOT verified,Not eligible for Apply; resolve path and test first,,"<visibility=type,value-int,5>",Resolve actual instance/full path; check ASE vs ACT; selection/enable flags; enum mapping; binding; units; round-trip,<AVL_ROOT>/AWS/appl/clients/excite/res/cpp/joint.h,2210,"Schema labels: ""p1"",""p2"",""p3"",""p4"",""p5"",""p6"",""p7"",""p8"",""p9"",""p10"""
SCH-00902,Power Unit (excite),Joint / Bearing,Col.,ASEenum,,Schema declaration; instance not resolved,Joint_ehd2_sbor,flowInd,Candidate: GetIntValue(field),"Candidate: SetIntValue(field,value)",Schema field/label confirmed; full path + instance + runtime read not verified,Generic API available; this field write NOT verified,Not eligible for Apply; resolve path and test first,,Check type/enable/visibility rules in source,Resolve actual instance/full path; check ASE vs ACT; selection/enable flags; enum mapping; binding; units; round-trip,<AVL_ROOT>/AWS/appl/clients/excite/res/cpp/joint.h,2213,"Schema labels: ""flow1"",""flow2"",""flow3"",""flow4"",""flow5"",""flow6"",""flow7"",""flow8"",""flow9"",""flow10"""
SCH-00903,Power Unit (excite),Joint / Bearing,t,double,"temperature,degC,degC",Schema declaration; instance not resolved,Joint_ehd2_sbor,constTemp,"Candidate: GetDblValueU(field,unit)","Candidate: SetDblValueU(field,value,unit)",Schema field/label confirmed; full path + instance + runtime read not verified,Generic API available; this field write NOT verified,Not eligible for Apply; resolve path and test first,,Check type/enable/visibility rules in source,Resolve actual instance/full path; check ASE vs ACT; selection/enable flags; enum mapping; binding; units; round-trip,<AVL_ROOT>/AWS/appl/clients/excite/res/cpp/joint.h,2242,Declaring class is context only; struct nesting and array indexing are not resolved
SCH-00904,Power Unit (excite),Joint / Bearing,HTC,double,"heat_transf_coeff,W_m2K",Schema declaration; instance not resolved,Joint_ehd2_sbor,user_defined_htc,"Candidate: GetDblValueU(field,unit)","Candidate: SetDblValueU(field,value,unit)",Schema field/label confirmed; full path + instance + runtime read not verified,Generic API available; this field write NOT verified,Not eligible for Apply; resolve path and test first,,Check type/enable/visibility rules in source,Resolve actual instance/full path; check ASE vs ACT; selection/enable flags; enum mapping; binding; units; round-trip,<AVL_ROOT>/AWS/appl/clients/excite/res/cpp/joint.h,2265,Declaring class is context only; struct nesting and array indexing are not resolved
SCH-00905,Power Unit (excite),Joint / Bearing,Number along Axis,int,,Schema declaration; instance not resolved,Joint_ehd2_sbor,num_ax,Candidate: GetIntValue(field),"Candidate: SetIntValue(field,value)",Schema field/label confirmed; full path + instance + runtime read not verified,Generic API available; this field write NOT verified,Not eligible for Apply; resolve path and test first,,Check type/enable/visibility rules in source,Resolve actual instance/full path; check ASE vs ACT; selection/enable flags; enum mapping; binding; units; round-trip,<AVL_ROOT>/AWS/appl/clients/excite/res/cpp/joint.h,2277,Declaring class is context only; struct nesting and array indexing are not resolved
SCH-00906,Power Unit (excite),Joint / Bearing,Axial Offset,double,"length,mm",Schema declaration; instance not resolved,Joint_ehd2_sbor,axl_of,"Candidate: GetDblValueU(field,unit)","Candidate: SetDblValueU(field,value,unit)",Schema field/label confirmed; full path + instance + runtime read not verified,Generic API available; this field write NOT verified,Not eligible for Apply; resolve path and test first,,Check type/enable/visibility rules in source,Resolve actual instance/full path; check ASE vs ACT; selection/enable flags; enum mapping; binding; units; round-trip,<AVL_ROOT>/AWS/appl/clients/excite/res/cpp/joint.h,2278,Declaring class is context only; struct nesting and array indexing are not resolved
SCH-00907,Power Unit (excite),Joint / Bearing,Number along Circumference,int,,Schema declaration; instance not resolved,Joint_ehd2_sbor,num_cc,Candidate: GetIntValue(field),"Candidate: SetIntValue(field,value)",Schema field/label confirmed; full path + instance + runtime read not verified,Generic API available; this field write NOT verified,Not eligible for Apply; resolve path and test first,,Check type/enable/visibility rules in source,Resolve actual instance/full path; check ASE vs ACT; selection/enable flags; enum mapping; binding; units; round-trip,<AVL_ROOT>/AWS/appl/clients/excite/res/cpp/joint.h,2279,Declaring class is context only; struct nesting and array indexing are not resolved
SCH-00908,Power Unit (excite),Joint / Bearing,Angular Offset,double,"angle,deg",Schema declaration; instance not resolved,Joint_ehd2_sbor,ang_of,"Candidate: GetDblValueU(field,unit)","Candidate: SetDblValueU(field,value,unit)",Schema field/label confirmed; full path + instance + runtime read not verified,Generic API available; this field write NOT verified,Not eligible for Apply; resolve path and test first,,Check type/enable/visibility rules in source,Resolve actual instance/full path; check ASE vs ACT; selection/enable flags; enum mapping; binding; units; round-trip,<AVL_ROOT>/AWS/appl/clients/excite/res/cpp/joint.h,2280,Declaring class is context only; struct nesting and array indexing are not resolved
SCH-00909,Power Unit (excite),Joint / Bearing,Center of Ellipse (Angle),double,"angle,rad",Schema declaration; instance not resolved,Joint_ehd2_ellipse,celip,"Candidate: GetDblValueU(field,unit)","Candidate: SetDblValueU(field,value,unit)",Schema field/label confirmed; full path + instance + runtime read not verified,Generic API available; this field write NOT verified,Not eligible for Apply; resolve path and test first,,Check type/enable/visibility rules in source,Resolve actual instance/full path; check ASE vs ACT; selection/enable flags; enum mapping; binding; units; round-trip,<AVL_ROOT>/AWS/appl/clients/excite/res/cpp/joint.h,2294,Declaring class is context only; struct nesting and array indexing are not resolved
SCH-00910,Power Unit (excite),Joint / Bearing,Axial Coordinate of Center of Ellipse,double,"length,mm",Schema declaration; instance not resolved,Joint_ehd2_ellipse,abeg,"Candidate: GetDblValueU(field,unit)","Candidate: SetDblValueU(field,value,unit)",Schema field/label confirmed; full path + instance + runtime read not verified,Generic API available; this field write NOT verified,Not eligible for Apply; resolve path and test first,,Check type/enable/visibility rules in source,Resolve actual instance/full path; check ASE vs ACT; selection/enable flags; enum mapping; binding; units; round-trip,<AVL_ROOT>/AWS/appl/clients/excite/res/cpp/joint.h,2295,Declaring class is context only; struct nesting and array indexing are not resolved
SCH-00911,Power Unit (excite),Joint / Bearing,Main Axis Length,double,"length,mm",Schema declaration; instance not resolved,Joint_ehd2_ellipse,maxl,"Candidate: GetDblValueU(field,unit)","Candidate: SetDblValueU(field,value,unit)",Schema field/label confirmed; full path + instance + runtime read not verified,Generic API available; this field write NOT verified,Not eligible for Apply; resolve path and test first,,Check type/enable/visibility rules in source,Resolve actual instance/full path; check ASE vs ACT; selection/enable flags; enum mapping; binding; units; round-trip,<AVL_ROOT>/AWS/appl/clients/excite/res/cpp/joint.h,2296,Declaring class is context only; struct nesting and array indexing are not resolved
SCH-00912,Power Unit (excite),Joint / Bearing,Semi Axis Length,double,"length,mm",Schema declaration; instance not resolved,Joint_ehd2_ellipse,saxl,"Candidate: GetDblValueU(field,unit)","Candidate: SetDblValueU(field,value,unit)",Schema field/label confirmed; full path + instance + runtime read not verified,Generic API available; this field write NOT verified,Not eligible for Apply; resolve path and test first,,Check type/enable/visibility rules in source,Resolve actual instance/full path; check ASE vs ACT; selection/enable flags; enum mapping; binding; units; round-trip,<AVL_ROOT>/AWS/appl/clients/excite/res/cpp/joint.h,2297,Declaring class is context only; struct nesting and array indexing are not resolved
SCH-00913,Power Unit (excite),Joint / Bearing,Axis rotation,double,"angle,rad",Schema declaration; instance not resolved,Joint_ehd2_ellipse,axrot,"Candidate: GetDblValueU(field,unit)","Candidate: SetDblValueU(field,value,unit)",Schema field/label confirmed; full path + instance + runtime read not verified,Generic API available; this field write NOT verified,Not eligible for Apply; resolve path and test first,,Check type/enable/visibility rules in source,Resolve actual instance/full path; check ASE vs ACT; selection/enable flags; enum mapping; binding; units; round-trip,<AVL_ROOT>/AWS/appl/clients/excite/res/cpp/joint.h,2298,Declaring class is context only; struct nesting and array indexing are not resolved
SCH-00914,Power Unit (excite),Joint / Bearing,Depth of Groove,double,"length,mm",Schema declaration; instance not resolved,Joint_ehd2_ellipse,Pdepth,"Candidate: GetDblValueU(field,unit)","Candidate: SetDblValueU(field,value,unit)",Schema field/label confirmed; full path + instance + runtime read not verified,Generic API available; this field write NOT verified,Not eligible for Apply; resolve path and test first,,Check type/enable/visibility rules in source,Resolve actual instance/full path; check ASE vs ACT; selection/enable flags; enum mapping; binding; units; round-trip,<AVL_ROOT>/AWS/appl/clients/excite/res/cpp/joint.h,2302,Declaring class is context only; struct nesting and array indexing are not resolved
SCH-00915,Power Unit (excite),Joint / Bearing,Col.,ASEenum,,Schema declaration; instance not resolved,Joint_ehd2_ellipse,presInd,Candidate: GetIntValue(field),"Candidate: SetIntValue(field,value)",Schema field/label confirmed; full path + instance + runtime read not verified,Generic API available; this field write NOT verified,Not eligible for Apply; resolve path and test first,,"<visibility=type,value-int,5>",Resolve actual instance/full path; check ASE vs ACT; selection/enable flags; enum mapping; binding; units; round-trip,<AVL_ROOT>/AWS/appl/clients/excite/res/cpp/joint.h,2312,"Schema labels: ""p1"",""p2"",""p3"",""p4"",""p5"",""p6"",""p7"",""p8"",""p9"",""p10"""
SCH-00916,Power Unit (excite),Joint / Bearing,Col.,ASEenum,,Schema declaration; instance not resolved,Joint_ehd2_ellipse,flowInd,Candidate: GetIntValue(field),"Candidate: SetIntValue(field,value)",Schema field/label confirmed; full path + instance + runtime read not verified,Generic API available; this field write NOT verified,Not eligible for Apply; resolve path and test first,,Check type/enable/visibility rules in source,Resolve actual instance/full path; check ASE vs ACT; selection/enable flags; enum mapping; binding; units; round-trip,<AVL_ROOT>/AWS/appl/clients/excite/res/cpp/joint.h,2315,"Schema labels: ""flow1"",""flow2"",""flow3"",""flow4"",""flow5"",""flow6"",""flow7"",""flow8"",""flow9"",""flow10"""
SCH-00917,Power Unit (excite),Joint / Bearing,t,double,"temperature,degC,degC",Schema declaration; instance not resolved,Joint_ehd2_ellipse,constTemp,"Candidate: GetDblValueU(field,unit)","Candidate: SetDblValueU(field,value,unit)",Schema field/label confirmed; full path + instance + runtime read not verified,Generic API available; this field write NOT verified,Not eligible for Apply; resolve path and test first,,Check type/enable/visibility rules in source,Resolve actual instance/full path; check ASE vs ACT; selection/enable flags; enum mapping; binding; units; round-trip,<AVL_ROOT>/AWS/appl/clients/excite/res/cpp/joint.h,2344,Declaring class is context only; struct nesting and array indexing are not resolved
SCH-00918,Power Unit (excite),Joint / Bearing,HTC,double,"heat_transf_coeff,W_m2K",Schema declaration; instance not resolved,Joint_ehd2_ellipse,user_defined_htc,"Candidate: GetDblValueU(field,unit)","Candidate: SetDblValueU(field,value,unit)",Schema field/label confirmed; full path + instance + runtime read not verified,Generic API available; this field write NOT verified,Not eligible for Apply; resolve path and test first,,Check type/enable/visibility rules in source,Resolve actual instance/full path; check ASE vs ACT; selection/enable flags; enum mapping; binding; units; round-trip,<AVL_ROOT>/AWS/appl/clients/excite/res/cpp/joint.h,2367,Declaring class is context only; struct nesting and array indexing are not resolved
SCH-00919,Power Unit (excite),Joint / Bearing,Number along Axis,int,,Schema declaration; instance not resolved,Joint_ehd2_ellipse,num_ax,Candidate: GetIntValue(field),"Candidate: SetIntValue(field,value)",Schema field/label confirmed; full path + instance + runtime read not verified,Generic API available; this field write NOT verified,Not eligible for Apply; resolve path and test first,,Check type/enable/visibility rules in source,Resolve actual instance/full path; check ASE vs ACT; selection/enable flags; enum mapping; binding; units; round-trip,<AVL_ROOT>/AWS/appl/clients/excite/res/cpp/joint.h,2378,Declaring class is context only; struct nesting and array indexing are not resolved
SCH-00920,Power Unit (excite),Joint / Bearing,Axial Offset,double,"length,mm",Schema declaration; instance not resolved,Joint_ehd2_ellipse,axl_of,"Candidate: GetDblValueU(field,unit)","Candidate: SetDblValueU(field,value,unit)",Schema field/label confirmed; full path + instance + runtime read not verified,Generic API available; this field write NOT verified,Not eligible for Apply; resolve path and test first,,Check type/enable/visibility rules in source,Resolve actual instance/full path; check ASE vs ACT; selection/enable flags; enum mapping; binding; units; round-trip,<AVL_ROOT>/AWS/appl/clients/excite/res/cpp/joint.h,2379,Declaring class is context only; struct nesting and array indexing are not resolved
SCH-00921,Power Unit (excite),Joint / Bearing,Number along Circumference,int,,Schema declaration; instance not resolved,Joint_ehd2_ellipse,num_cc,Candidate: GetIntValue(field),"Candidate: SetIntValue(field,value)",Schema field/label confirmed; full path + instance + runtime read not verified,Generic API available; this field write NOT verified,Not eligible for Apply; resolve path and test first,,Check type/enable/visibility rules in source,Resolve actual instance/full path; check ASE vs ACT; selection/enable flags; enum mapping; binding; units; round-trip,<AVL_ROOT>/AWS/appl/clients/excite/res/cpp/joint.h,2380,Declaring class is context only; struct nesting and array indexing are not resolved
SCH-00922,Power Unit (excite),Joint / Bearing,Angular Offset,double,"angle,deg",Schema declaration; instance not resolved,Joint_ehd2_ellipse,ang_of,"Candidate: GetDblValueU(field,unit)","Candidate: SetDblValueU(field,value,unit)",Schema field/label confirmed; full path + instance + runtime read not verified,Generic API available; this field write NOT verified,Not eligible for Apply; resolve path and test first,,Check type/enable/visibility rules in source,Resolve actual instance/full path; check ASE vs ACT; selection/enable flags; enum mapping; binding; units; round-trip,<AVL_ROOT>/AWS/appl/clients/excite/res/cpp/joint.h,2381,Declaring class is context only; struct nesting and array indexing are not resolved
SCH-00923,Power Unit (excite),Joint / Bearing,Begin of Oil Groove (Angle),double,"angle,rad",Schema declaration; instance not resolved,Joint_ehd2_trapezoid,pbottl,"Candidate: GetDblValueU(field,unit)","Candidate: SetDblValueU(field,value,unit)",Schema field/label confirmed; full path + instance + runtime read not verified,Generic API available; this field write NOT verified,Not eligible for Apply; resolve path and test first,,Check type/enable/visibility rules in source,Resolve actual instance/full path; check ASE vs ACT; selection/enable flags; enum mapping; binding; units; round-trip,<AVL_ROOT>/AWS/appl/clients/excite/res/cpp/joint.h,2395,Declaring class is context only; struct nesting and array indexing are not resolved
SCH-00924,Power Unit (excite),Joint / Bearing,End of Oil Groove (Angle),double,"angle,rad",Schema declaration; instance not resolved,Joint_ehd2_trapezoid,ptopl,"Candidate: GetDblValueU(field,unit)","Candidate: SetDblValueU(field,value,unit)",Schema field/label confirmed; full path + instance + runtime read not verified,Generic API available; this field write NOT verified,Not eligible for Apply; resolve path and test first,,Check type/enable/visibility rules in source,Resolve actual instance/full path; check ASE vs ACT; selection/enable flags; enum mapping; binding; units; round-trip,<AVL_ROOT>/AWS/appl/clients/excite/res/cpp/joint.h,2396,Declaring class is context only; struct nesting and array indexing are not resolved
SCH-00925,Power Unit (excite),Joint / Bearing,Axial Coordinate of Center of Begin,double,"length,mm",Schema declaration; instance not resolved,Joint_ehd2_trapezoid,bbottl,"Candidate: GetDblValueU(field,unit)","Candidate: SetDblValueU(field,value,unit)",Schema field/label confirmed; full path + instance + runtime read not verified,Generic API available; this field write NOT verified,Not eligible for Apply; resolve path and test first,,Check type/enable/visibility rules in source,Resolve actual instance/full path; check ASE vs ACT; selection/enable flags; enum mapping; binding; units; round-trip,<AVL_ROOT>/AWS/appl/clients/excite/res/cpp/joint.h,2398,Declaring class is context only; struct nesting and array indexing are not resolved
SCH-00926,Power Unit (excite),Joint / Bearing,Width of Groove at Begin,double,"length,mm",Schema declaration; instance not resolved,Joint_ehd2_trapezoid,ebottl,"Candidate: GetDblValueU(field,unit)","Candidate: SetDblValueU(field,value,unit)",Schema field/label confirmed; full path + instance + runtime read not verified,Generic API available; this field write NOT verified,Not eligible for Apply; resolve path and test first,,Check type/enable/visibility rules in source,Resolve actual instance/full path; check ASE vs ACT; selection/enable flags; enum mapping; binding; units; round-trip,<AVL_ROOT>/AWS/appl/clients/excite/res/cpp/joint.h,2399,Declaring class is context only; struct nesting and array indexing are not resolved
SCH-00927,Power Unit (excite),Joint / Bearing,Inner Angle at Lower Edge at Begin,double,"angle,rad",Schema declaration; instance not resolved,Joint_ehd2_trapezoid,iangl1,"Candidate: GetDblValueU(field,unit)","Candidate: SetDblValueU(field,value,unit)",Schema field/label confirmed; full path + instance + runtime read not verified,Generic API available; this field write NOT verified,Not eligible for Apply; resolve path and test first,,Check type/enable/visibility rules in source,Resolve actual instance/full path; check ASE vs ACT; selection/enable flags; enum mapping; binding; units; round-trip,<AVL_ROOT>/AWS/appl/clients/excite/res/cpp/joint.h,2401,Declaring class is context only; struct nesting and array indexing are not resolved
SCH-00928,Power Unit (excite),Joint / Bearing,Inner Angle at Upper Edge at Begin,double,"angle,rad",Schema declaration; instance not resolved,Joint_ehd2_trapezoid,iangl2,"Candidate: GetDblValueU(field,unit)","Candidate: SetDblValueU(field,value,unit)",Schema field/label confirmed; full path + instance + runtime read not verified,Generic API available; this field write NOT verified,Not eligible for Apply; resolve path and test first,,Check type/enable/visibility rules in source,Resolve actual instance/full path; check ASE vs ACT; selection/enable flags; enum mapping; binding; units; round-trip,<AVL_ROOT>/AWS/appl/clients/excite/res/cpp/joint.h,2402,Declaring class is context only; struct nesting and array indexing are not resolved
SCH-00929,Power Unit (excite),Joint / Bearing,Corner Radius,double,"length,mm",Schema declaration; instance not resolved,Joint_ehd2_trapezoid,cradius,"Candidate: GetDblValueU(field,unit)","Candidate: SetDblValueU(field,value,unit)",Schema field/label confirmed; full path + instance + runtime read not verified,Generic API available; this field write NOT verified,Not eligible for Apply; resolve path and test first,,Check type/enable/visibility rules in source,Resolve actual instance/full path; check ASE vs ACT; selection/enable flags; enum mapping; binding; units; round-trip,<AVL_ROOT>/AWS/appl/clients/excite/res/cpp/joint.h,2404,Declaring class is context only; struct nesting and array indexing are not resolved
SCH-00930,Power Unit (excite),Joint / Bearing,Depth of Groove,double,"length,mm",Schema declaration; instance not resolved,Joint_ehd2_trapezoid,Pdepth,"Candidate: GetDblValueU(field,unit)","Candidate: SetDblValueU(field,value,unit)",Schema field/label confirmed; full path + instance + runtime read not verified,Generic API available; this field write NOT verified,Not eligible for Apply; resolve path and test first,,Check type/enable/visibility rules in source,Resolve actual instance/full path; check ASE vs ACT; selection/enable flags; enum mapping; binding; units; round-trip,<AVL_ROOT>/AWS/appl/clients/excite/res/cpp/joint.h,2408,Declaring class is context only; struct nesting and array indexing are not resolved
SCH-00931,Power Unit (excite),Joint / Bearing,Col.,ASEenum,,Schema declaration; instance not resolved,Joint_ehd2_trapezoid,presInd,Candidate: GetIntValue(field),"Candidate: SetIntValue(field,value)",Schema field/label confirmed; full path + instance + runtime read not verified,Generic API available; this field write NOT verified,Not eligible for Apply; resolve path and test first,,"<visibility=type,value-int,5>",Resolve actual instance/full path; check ASE vs ACT; selection/enable flags; enum mapping; binding; units; round-trip,<AVL_ROOT>/AWS/appl/clients/excite/res/cpp/joint.h,2418,"Schema labels: ""p1"",""p2"",""p3"",""p4"",""p5"",""p6"",""p7"",""p8"",""p9"",""p10"""
SCH-00932,Power Unit (excite),Joint / Bearing,Col.,ASEenum,,Schema declaration; instance not resolved,Joint_ehd2_trapezoid,flowInd,Candidate: GetIntValue(field),"Candidate: SetIntValue(field,value)",Schema field/label confirmed; full path + instance + runtime read not verified,Generic API available; this field write NOT verified,Not eligible for Apply; resolve path and test first,,Check type/enable/visibility rules in source,Resolve actual instance/full path; check ASE vs ACT; selection/enable flags; enum mapping; binding; units; round-trip,<AVL_ROOT>/AWS/appl/clients/excite/res/cpp/joint.h,2421,"Schema labels: ""flow1"",""flow2"",""flow3"",""flow4"",""flow5"",""flow6"",""flow7"",""flow8"",""flow9"",""flow10"""
SCH-00933,Power Unit (excite),Joint / Bearing,t,double,"temperature,degC,degC",Schema declaration; instance not resolved,Joint_ehd2_trapezoid,constTemp,"Candidate: GetDblValueU(field,unit)","Candidate: SetDblValueU(field,value,unit)",Schema field/label confirmed; full path + instance + runtime read not verified,Generic API available; this field write NOT verified,Not eligible for Apply; resolve path and test first,,Check type/enable/visibility rules in source,Resolve actual instance/full path; check ASE vs ACT; selection/enable flags; enum mapping; binding; units; round-trip,<AVL_ROOT>/AWS/appl/clients/excite/res/cpp/joint.h,2446,Declaring class is context only; struct nesting and array indexing are not resolved
SCH-00934,Power Unit (excite),Joint / Bearing,HTC,double,"heat_transf_coeff,W_m2K",Schema declaration; instance not resolved,Joint_ehd2_trapezoid,user_defined_htc,"Candidate: GetDblValueU(field,unit)","Candidate: SetDblValueU(field,value,unit)",Schema field/label confirmed; full path + instance + runtime read not verified,Generic API available; this field write NOT verified,Not eligible for Apply; resolve path and test first,,Check type/enable/visibility rules in source,Resolve actual instance/full path; check ASE vs ACT; selection/enable flags; enum mapping; binding; units; round-trip,<AVL_ROOT>/AWS/appl/clients/excite/res/cpp/joint.h,2469,Declaring class is context only; struct nesting and array indexing are not resolved
SCH-00935,Power Unit (excite),Joint / Bearing,Depth of Groove,double,"length,mm",Schema declaration; instance not resolved,Joint_ehd2_polygon,Pdepth,"Candidate: GetDblValueU(field,unit)","Candidate: SetDblValueU(field,value,unit)",Schema field/label confirmed; full path + instance + runtime read not verified,Generic API available; this field write NOT verified,Not eligible for Apply; resolve path and test first,,Check type/enable/visibility rules in source,Resolve actual instance/full path; check ASE vs ACT; selection/enable flags; enum mapping; binding; units; round-trip,<AVL_ROOT>/AWS/appl/clients/excite/res/cpp/joint.h,2506,Declaring class is context only; struct nesting and array indexing are not resolved
SCH-00936,Power Unit (excite),Joint / Bearing,Initial Oil Filling,double,"dimensionless,no",Schema declaration; instance not resolved,Joint_ehd2_polygon,oil_filling,"Candidate: GetDblValueU(field,unit)","Candidate: SetDblValueU(field,value,unit)",Schema field/label confirmed; full path + instance + runtime read not verified,Generic API available; this field write NOT verified,Not eligible for Apply; resolve path and test first,,Check type/enable/visibility rules in source,Resolve actual instance/full path; check ASE vs ACT; selection/enable flags; enum mapping; binding; units; round-trip,<AVL_ROOT>/AWS/appl/clients/excite/res/cpp/joint.h,2511,Declaring class is context only; struct nesting and array indexing are not resolved
SCH-00937,Power Unit (excite),Joint / Bearing,Reservoir Volume,double,"volume,mm3",Schema declaration; instance not resolved,Joint_ehd2_polygon,volume,"Candidate: GetDblValueU(field,unit)","Candidate: SetDblValueU(field,value,unit)",Schema field/label confirmed; full path + instance + runtime read not verified,Generic API available; this field write NOT verified,Not eligible for Apply; resolve path and test first,,Check type/enable/visibility rules in source,Resolve actual instance/full path; check ASE vs ACT; selection/enable flags; enum mapping; binding; units; round-trip,<AVL_ROOT>/AWS/appl/clients/excite/res/cpp/joint.h,2513,Declaring class is context only; struct nesting and array indexing are not resolved
SCH-00938,Power Unit (excite),Joint / Bearing,Col.,ASEenum,,Schema declaration; instance not resolved,Joint_ehd2_polygon,presInd,Candidate: GetIntValue(field),"Candidate: SetIntValue(field,value)",Schema field/label confirmed; full path + instance + runtime read not verified,Generic API available; this field write NOT verified,Not eligible for Apply; resolve path and test first,,"<visibility=type,value-int,5>",Resolve actual instance/full path; check ASE vs ACT; selection/enable flags; enum mapping; binding; units; round-trip,<AVL_ROOT>/AWS/appl/clients/excite/res/cpp/joint.h,2524,"Schema labels: ""p1"",""p2"",""p3"",""p4"",""p5"",""p6"",""p7"",""p8"",""p9"",""p10"""
SCH-00939,Power Unit (excite),Joint / Bearing,Col.,ASEenum,,Schema declaration; instance not resolved,Joint_ehd2_polygon,flowInd,Candidate: GetIntValue(field),"Candidate: SetIntValue(field,value)",Schema field/label confirmed; full path + instance + runtime read not verified,Generic API available; this field write NOT verified,Not eligible for Apply; resolve path and test first,,"<visibility=type,value-int,3>",Resolve actual instance/full path; check ASE vs ACT; selection/enable flags; enum mapping; binding; units; round-trip,<AVL_ROOT>/AWS/appl/clients/excite/res/cpp/joint.h,2527,"Schema labels: ""flow1"",""flow2"",""flow3"",""flow4"",""flow5"",""flow6"",""flow7"",""flow8"",""flow9"",""flow10"""
SCH-00940,Power Unit (excite),Joint / Bearing,t,double,"temperature,degC,degC",Schema declaration; instance not resolved,Joint_ehd2_polygon,constTemp,"Candidate: GetDblValueU(field,unit)","Candidate: SetDblValueU(field,value,unit)",Schema field/label confirmed; full path + instance + runtime read not verified,Generic API available; this field write NOT verified,Not eligible for Apply; resolve path and test first,,Check type/enable/visibility rules in source,Resolve actual instance/full path; check ASE vs ACT; selection/enable flags; enum mapping; binding; units; round-trip,<AVL_ROOT>/AWS/appl/clients/excite/res/cpp/joint.h,2551,Declaring class is context only; struct nesting and array indexing are not resolved
SCH-00941,Power Unit (excite),Joint / Bearing,HTC,double,"heat_transf_coeff,W_m2K",Schema declaration; instance not resolved,Joint_ehd2_polygon,user_defined_htc,"Candidate: GetDblValueU(field,unit)","Candidate: SetDblValueU(field,value,unit)",Schema field/label confirmed; full path + instance + runtime read not verified,Generic API available; this field write NOT verified,Not eligible for Apply; resolve path and test first,,Check type/enable/visibility rules in source,Resolve actual instance/full path; check ASE vs ACT; selection/enable flags; enum mapping; binding; units; round-trip,<AVL_ROOT>/AWS/appl/clients/excite/res/cpp/joint.h,2574,Declaring class is context only; struct nesting and array indexing are not resolved
SCH-00942,Power Unit (excite),Joint / Bearing,Start Angle,double,"angle,deg",Schema declaration; instance not resolved,Joint_ehd2_edge,start_angle,"Candidate: GetDblValueU(field,unit)","Candidate: SetDblValueU(field,value,unit)",Schema field/label confirmed; full path + instance + runtime read not verified,Generic API available; this field write NOT verified,Not eligible for Apply; resolve path and test first,,Check type/enable/visibility rules in source,Resolve actual instance/full path; check ASE vs ACT; selection/enable flags; enum mapping; binding; units; round-trip,<AVL_ROOT>/AWS/appl/clients/excite/res/cpp/joint.h,2624,Declaring class is context only; struct nesting and array indexing are not resolved
SCH-00943,Power Unit (excite),Joint / Bearing,End Angle,double,"angle,deg",Schema declaration; instance not resolved,Joint_ehd2_edge,end_angle,"Candidate: GetDblValueU(field,unit)","Candidate: SetDblValueU(field,value,unit)",Schema field/label confirmed; full path + instance + runtime read not verified,Generic API available; this field write NOT verified,Not eligible for Apply; resolve path and test first,,Check type/enable/visibility rules in source,Resolve actual instance/full path; check ASE vs ACT; selection/enable flags; enum mapping; binding; units; round-trip,<AVL_ROOT>/AWS/appl/clients/excite/res/cpp/joint.h,2625,Declaring class is context only; struct nesting and array indexing are not resolved
SCH-00944,Power Unit (excite),Joint / Bearing,Depth of Groove,double,"length,mm",Schema declaration; instance not resolved,Joint_ehd2_edge,Pdepth,"Candidate: GetDblValueU(field,unit)","Candidate: SetDblValueU(field,value,unit)",Schema field/label confirmed; full path + instance + runtime read not verified,Generic API available; this field write NOT verified,Not eligible for Apply; resolve path and test first,,Check type/enable/visibility rules in source,Resolve actual instance/full path; check ASE vs ACT; selection/enable flags; enum mapping; binding; units; round-trip,<AVL_ROOT>/AWS/appl/clients/excite/res/cpp/joint.h,2632,Declaring class is context only; struct nesting and array indexing are not resolved
SCH-00945,Power Unit (excite),Joint / Bearing,Initial Oil Filling,double,"dimensionless,no",Schema declaration; instance not resolved,Joint_ehd2_edge,oil_filling,"Candidate: GetDblValueU(field,unit)","Candidate: SetDblValueU(field,value,unit)",Schema field/label confirmed; full path + instance + runtime read not verified,Generic API available; this field write NOT verified,Not eligible for Apply; resolve path and test first,,Check type/enable/visibility rules in source,Resolve actual instance/full path; check ASE vs ACT; selection/enable flags; enum mapping; binding; units; round-trip,<AVL_ROOT>/AWS/appl/clients/excite/res/cpp/joint.h,2637,Declaring class is context only; struct nesting and array indexing are not resolved
SCH-00946,Power Unit (excite),Joint / Bearing,Reservoir Volume,double,"volume,mm3",Schema declaration; instance not resolved,Joint_ehd2_edge,volume,"Candidate: GetDblValueU(field,unit)","Candidate: SetDblValueU(field,value,unit)",Schema field/label confirmed; full path + instance + runtime read not verified,Generic API available; this field write NOT verified,Not eligible for Apply; resolve path and test first,,Check type/enable/visibility rules in source,Resolve actual instance/full path; check ASE vs ACT; selection/enable flags; enum mapping; binding; units; round-trip,<AVL_ROOT>/AWS/appl/clients/excite/res/cpp/joint.h,2639,Declaring class is context only; struct nesting and array indexing are not resolved
SCH-00947,Power Unit (excite),Joint / Bearing,Col.,ASEenum,,Schema declaration; instance not resolved,Joint_ehd2_edge,presInd,Candidate: GetIntValue(field),"Candidate: SetIntValue(field,value)",Schema field/label confirmed; full path + instance + runtime read not verified,Generic API available; this field write NOT verified,Not eligible for Apply; resolve path and test first,,"<visibility=type,value-int,5>",Resolve actual instance/full path; check ASE vs ACT; selection/enable flags; enum mapping; binding; units; round-trip,<AVL_ROOT>/AWS/appl/clients/excite/res/cpp/joint.h,2647,"Schema labels: ""p1"",""p2"",""p3"",""p4"",""p5"",""p6"",""p7"",""p8"",""p9"",""p10"""
SCH-00948,Power Unit (excite),Joint / Bearing,Col.,ASEenum,,Schema declaration; instance not resolved,Joint_ehd2_edge,flowInd,Candidate: GetIntValue(field),"Candidate: SetIntValue(field,value)",Schema field/label confirmed; full path + instance + runtime read not verified,Generic API available; this field write NOT verified,Not eligible for Apply; resolve path and test first,,"<visibility=type,value-int,3>",Resolve actual instance/full path; check ASE vs ACT; selection/enable flags; enum mapping; binding; units; round-trip,<AVL_ROOT>/AWS/appl/clients/excite/res/cpp/joint.h,2650,"Schema labels: ""flow1"",""flow2"",""flow3"",""flow4"",""flow5"",""flow6"",""flow7"",""flow8"",""flow9"",""flow10"""
SCH-00949,Power Unit (excite),Joint / Bearing,t,double,"temperature,degC,degC",Schema declaration; instance not resolved,Joint_ehd2_edge,constTemp,"Candidate: GetDblValueU(field,unit)","Candidate: SetDblValueU(field,value,unit)",Schema field/label confirmed; full path + instance + runtime read not verified,Generic API available; this field write NOT verified,Not eligible for Apply; resolve path and test first,,"<visibility=supply_temp,value-int,1>",Resolve actual instance/full path; check ASE vs ACT; selection/enable flags; enum mapping; binding; units; round-trip,<AVL_ROOT>/AWS/appl/clients/excite/res/cpp/joint.h,2671,Declaring class is context only; struct nesting and array indexing are not resolved
SCH-00950,Power Unit (excite),Joint / Bearing,HTC,double,"heat_transf_coeff,W_m2K",Schema declaration; instance not resolved,Joint_ehd2_edge,user_defined_htc,"Candidate: GetDblValueU(field,unit)","Candidate: SetDblValueU(field,value,unit)",Schema field/label confirmed; full path + instance + runtime read not verified,Generic API available; this field write NOT verified,Not eligible for Apply; resolve path and test first,,Check type/enable/visibility rules in source,Resolve actual instance/full path; check ASE vs ACT; selection/enable flags; enum mapping; binding; units; round-trip,<AVL_ROOT>/AWS/appl/clients/excite/res/cpp/joint.h,2689,Declaring class is context only; struct nesting and array indexing are not resolved
SCH-00951,Power Unit (excite),Joint / Bearing,Width,double,"length,mm",Schema declaration; instance not resolved,Joint_pro_enhdgeom,w,"Candidate: GetDblValueU(field,unit)","Candidate: SetDblValueU(field,value,unit)",Schema field/label confirmed; full path + instance + runtime read not verified,Generic API available; this field write NOT verified,Not eligible for Apply; resolve path and test first,,Check type/enable/visibility rules in source,Resolve actual instance/full path; check ASE vs ACT; selection/enable flags; enum mapping; binding; units; round-trip,<AVL_ROOT>/AWS/appl/clients/excite/res/cpp/joint.h,2709,Declaring class is context only; struct nesting and array indexing are not resolved
SCH-00952,Power Unit (excite),Joint / Bearing,Diameter,double,"length,mm",Schema declaration; instance not resolved,Joint_pro_enhdgeom,d,"Candidate: GetDblValueU(field,unit)","Candidate: SetDblValueU(field,value,unit)",Schema field/label confirmed; full path + instance + runtime read not verified,Generic API available; this field write NOT verified,Not eligible for Apply; resolve path and test first,,Check type/enable/visibility rules in source,Resolve actual instance/full path; check ASE vs ACT; selection/enable flags; enum mapping; binding; units; round-trip,<AVL_ROOT>/AWS/appl/clients/excite/res/cpp/joint.h,2710,Declaring class is context only; struct nesting and array indexing are not resolved
SCH-00953,Power Unit (excite),Joint / Bearing,Radial Clearance,double,"length,mm",Schema declaration; instance not resolved,Joint_pro_enhdgeom,rcl,"Candidate: GetDblValueU(field,unit)","Candidate: SetDblValueU(field,value,unit)",Schema field/label confirmed; full path + instance + runtime read not verified,Generic API available; this field write NOT verified,Not eligible for Apply; resolve path and test first,,Check type/enable/visibility rules in source,Resolve actual instance/full path; check ASE vs ACT; selection/enable flags; enum mapping; binding; units; round-trip,<AVL_ROOT>/AWS/appl/clients/excite/res/cpp/joint.h,2711,Declaring class is context only; struct nesting and array indexing are not resolved
SCH-00954,Power Unit (excite),Joint / Bearing,Numerical Damping Factor,Bool,,Schema declaration; instance not resolved,Joint_pro_enhdgeom,use_num_damp,Candidate: GetIntValue(field),"Candidate: SetIntValue(field,value)",Schema field/label confirmed; full path + instance + runtime read not verified,Generic API available; this field write NOT verified,Not eligible for Apply; resolve path and test first,,Check type/enable/visibility rules in source,Resolve actual instance/full path; check ASE vs ACT; selection/enable flags; enum mapping; binding; units; round-trip,<AVL_ROOT>/AWS/appl/clients/excite/res/cpp/joint.h,2719,Declaring class is context only; struct nesting and array indexing are not resolved
SCH-00955,Power Unit (excite),Joint / Bearing,Apply Friction Forces to Bodies,Bool,,Schema declaration; instance not resolved,Joint_pro_enhdgeom,affb,Candidate: GetIntValue(field),"Candidate: SetIntValue(field,value)",Schema field/label confirmed; full path + instance + runtime read not verified,Generic API available; this field write NOT verified,Not eligible for Apply; resolve path and test first,,Check type/enable/visibility rules in source,Resolve actual instance/full path; check ASE vs ACT; selection/enable flags; enum mapping; binding; units; round-trip,<AVL_ROOT>/AWS/appl/clients/excite/res/cpp/joint.h,2727,Declaring class is context only; struct nesting and array indexing are not resolved
SCH-00956,Power Unit (excite),Joint / Bearing,Reference Contact Gap,double,"length,m",Schema declaration; instance not resolved,Joint_enhd_surf_cont,m,"Candidate: GetDblValueU(field,unit)","Candidate: SetDblValueU(field,value,unit)",Schema field/label confirmed; full path + instance + runtime read not verified,Generic API available; this field write NOT verified,Not eligible for Apply; resolve path and test first,,Check type/enable/visibility rules in source,Resolve actual instance/full path; check ASE vs ACT; selection/enable flags; enum mapping; binding; units; round-trip,<AVL_ROOT>/AWS/appl/clients/excite/res/cpp/joint.h,2745,Declaring class is context only; struct nesting and array indexing are not resolved
SCH-00957,Power Unit (excite),Joint / Bearing,Young's Modulus,double,"strength,N_m2",Schema declaration; instance not resolved,Joint_enhd_surf_cont,elm,"Candidate: GetDblValueU(field,unit)","Candidate: SetDblValueU(field,value,unit)",Schema field/label confirmed; full path + instance + runtime read not verified,Generic API available; this field write NOT verified,Not eligible for Apply; resolve path and test first,,Check type/enable/visibility rules in source,Resolve actual instance/full path; check ASE vs ACT; selection/enable flags; enum mapping; binding; units; round-trip,<AVL_ROOT>/AWS/appl/clients/excite/res/cpp/joint.h,2746,Declaring class is context only; struct nesting and array indexing are not resolved
SCH-00958,Power Unit (excite),Joint / Bearing,Elastic Factor,double,"dimensionless,no",Schema declaration; instance not resolved,Joint_enhd_surf_cont,elf,"Candidate: GetDblValueU(field,unit)","Candidate: SetDblValueU(field,value,unit)",Schema field/label confirmed; full path + instance + runtime read not verified,Generic API available; this field write NOT verified,Not eligible for Apply; resolve path and test first,,Check type/enable/visibility rules in source,Resolve actual instance/full path; check ASE vs ACT; selection/enable flags; enum mapping; binding; units; round-trip,<AVL_ROOT>/AWS/appl/clients/excite/res/cpp/joint.h,2747,Declaring class is context only; struct nesting and array indexing are not resolved
SCH-00959,Power Unit (excite),Joint / Bearing,Ref. Velocity,double,"velocity,m_s",Schema declaration; instance not resolved,Joint_enhd_surf_cont,ref_vel,"Candidate: GetDblValueU(field,unit)","Candidate: SetDblValueU(field,value,unit)",Schema field/label confirmed; full path + instance + runtime read not verified,Generic API available; this field write NOT verified,Not eligible for Apply; resolve path and test first,,Check type/enable/visibility rules in source,Resolve actual instance/full path; check ASE vs ACT; selection/enable flags; enum mapping; binding; units; round-trip,<AVL_ROOT>/AWS/appl/clients/excite/res/cpp/joint.h,2750,Declaring class is context only; struct nesting and array indexing are not resolved
SCH-00960,Power Unit (excite),Joint / Bearing,Friction Coeff.,double,"dimensionless,no",Schema declaration; instance not resolved,Joint_enhd_surf_cont,frc,"Candidate: GetDblValueU(field,unit)","Candidate: SetDblValueU(field,value,unit)",Schema field/label confirmed; full path + instance + runtime read not verified,Generic API available; this field write NOT verified,Not eligible for Apply; resolve path and test first,,"<visibility=asp_cont,value-int,0>",Resolve actual instance/full path; check ASE vs ACT; selection/enable flags; enum mapping; binding; units; round-trip,<AVL_ROOT>/AWS/appl/clients/excite/res/cpp/joint.h,2753,Declaring class is context only; struct nesting and array indexing are not resolved
SCH-00961,Power Unit (excite),Joint / Bearing,Lubricated Asperity Friction and Wear,Bool,,Schema declaration; instance not resolved,Joint_enhd_surf_cont,adv_frc,Candidate: GetIntValue(field),"Candidate: SetIntValue(field,value)",Schema field/label confirmed; full path + instance + runtime read not verified,Generic API available; this field write NOT verified,Not eligible for Apply; resolve path and test first,,Check type/enable/visibility rules in source,Resolve actual instance/full path; check ASE vs ACT; selection/enable flags; enum mapping; binding; units; round-trip,<AVL_ROOT>/AWS/appl/clients/excite/res/cpp/joint.h,2756,Declaring class is context only; struct nesting and array indexing are not resolved
SCH-00962,Power Unit (excite),Joint / Bearing,Input File,char*,,Schema declaration; instance not resolved,Joint_pro_user,file,Candidate: GetStrValue(field),"Candidate: SetStrValue(field,value)",Schema field/label confirmed; full path + instance + runtime read not verified,Generic API available; this field write NOT verified,Not eligible for Apply; resolve path and test first,,Check type/enable/visibility rules in source,Resolve actual instance/full path; check ASE vs ACT; selection/enable flags; enum mapping; binding; units; round-trip,<AVL_ROOT>/AWS/appl/clients/excite/res/cpp/joint.h,2822,Declaring class is context only; struct nesting and array indexing are not resolved
SCH-00963,Power Unit (excite),Bearing clearance tool,Max. Shell Width,double,"length,mm",Schema declaration; instance not resolved,ClearShell,bma,"Candidate: GetDblValueU(field,unit)","Candidate: SetDblValueU(field,value,unit)",Schema field/label confirmed; full path + instance + runtime read not verified,Generic API available; this field write NOT verified,Not eligible for Apply; resolve path and test first,,Check type/enable/visibility rules in source,Resolve actual instance/full path; check ASE vs ACT; selection/enable flags; enum mapping; binding; units; round-trip,<AVL_ROOT>/AWS/appl/clients/excite/res/cpp/bearing.h,11,Declaring class is context only; struct nesting and array indexing are not resolved
SCH-00964,Power Unit (excite),Bearing clearance tool,Max. Shell Thickness,double,"length,mm",Schema declaration; instance not resolved,ClearShell,rwma,"Candidate: GetDblValueU(field,unit)","Candidate: SetDblValueU(field,value,unit)",Schema field/label confirmed; full path + instance + runtime read not verified,Generic API available; this field write NOT verified,Not eligible for Apply; resolve path and test first,,Check type/enable/visibility rules in source,Resolve actual instance/full path; check ASE vs ACT; selection/enable flags; enum mapping; binding; units; round-trip,<AVL_ROOT>/AWS/appl/clients/excite/res/cpp/bearing.h,14,Declaring class is context only; struct nesting and array indexing are not resolved
SCH-00965,Power Unit (excite),Bearing clearance tool,Tolerance of Shell Thickness,double,"length,mm",Schema declaration; instance not resolved,ClearShell,wt,"Candidate: GetDblValueU(field,unit)","Candidate: SetDblValueU(field,value,unit)",Schema field/label confirmed; full path + instance + runtime read not verified,Generic API available; this field write NOT verified,Not eligible for Apply; resolve path and test first,,Check type/enable/visibility rules in source,Resolve actual instance/full path; check ASE vs ACT; selection/enable flags; enum mapping; binding; units; round-trip,<AVL_ROOT>/AWS/appl/clients/excite/res/cpp/bearing.h,15,Declaring class is context only; struct nesting and array indexing are not resolved
SCH-00966,Power Unit (excite),Bearing clearance tool,Lining Thickness,double,"length,mm",Schema declaration; instance not resolved,ClearShell,wa,"Candidate: GetDblValueU(field,unit)","Candidate: SetDblValueU(field,value,unit)",Schema field/label confirmed; full path + instance + runtime read not verified,Generic API available; this field write NOT verified,Not eligible for Apply; resolve path and test first,,Check type/enable/visibility rules in source,Resolve actual instance/full path; check ASE vs ACT; selection/enable flags; enum mapping; binding; units; round-trip,<AVL_ROOT>/AWS/appl/clients/excite/res/cpp/bearing.h,18,Declaring class is context only; struct nesting and array indexing are not resolved
SCH-00967,Power Unit (excite),Bearing clearance tool,Gliding Thickness,double,"length,mm",Schema declaration; instance not resolved,ClearShell,wdr,"Candidate: GetDblValueU(field,unit)","Candidate: SetDblValueU(field,value,unit)",Schema field/label confirmed; full path + instance + runtime read not verified,Generic API available; this field write NOT verified,Not eligible for Apply; resolve path and test first,,Check type/enable/visibility rules in source,Resolve actual instance/full path; check ASE vs ACT; selection/enable flags; enum mapping; binding; units; round-trip,<AVL_ROOT>/AWS/appl/clients/excite/res/cpp/bearing.h,19,Declaring class is context only; struct nesting and array indexing are not resolved
SCH-00968,Power Unit (excite),Bearing clearance tool,Coeff. Thermal Expansion,double,"heat_expan_coeff,1_K",Schema declaration; instance not resolved,ClearShell,alls,"Candidate: GetDblValueU(field,unit)","Candidate: SetDblValueU(field,value,unit)",Schema field/label confirmed; full path + instance + runtime read not verified,Generic API available; this field write NOT verified,Not eligible for Apply; resolve path and test first,,Check type/enable/visibility rules in source,Resolve actual instance/full path; check ASE vs ACT; selection/enable flags; enum mapping; binding; units; round-trip,<AVL_ROOT>/AWS/appl/clients/excite/res/cpp/bearing.h,22,Declaring class is context only; struct nesting and array indexing are not resolved
SCH-00969,Power Unit (excite),Bearing clearance tool,Measurement Block Diameter,double,"length,mm",Schema declaration; instance not resolved,ClearBlock,dmb,"Candidate: GetDblValueU(field,unit)","Candidate: SetDblValueU(field,value,unit)",Schema field/label confirmed; full path + instance + runtime read not verified,Generic API available; this field write NOT verified,Not eligible for Apply; resolve path and test first,,Check type/enable/visibility rules in source,Resolve actual instance/full path; check ASE vs ACT; selection/enable flags; enum mapping; binding; units; round-trip,<AVL_ROOT>/AWS/appl/clients/excite/res/cpp/bearing.h,28,Declaring class is context only; struct nesting and array indexing are not resolved
SCH-00970,Power Unit (excite),Bearing clearance tool,Reference Force,double,"force,N",Schema declaration; instance not resolved,ClearBlock,f,"Candidate: GetDblValueU(field,unit)","Candidate: SetDblValueU(field,value,unit)",Schema field/label confirmed; full path + instance + runtime read not verified,Generic API available; this field write NOT verified,Not eligible for Apply; resolve path and test first,,Check type/enable/visibility rules in source,Resolve actual instance/full path; check ASE vs ACT; selection/enable flags; enum mapping; binding; units; round-trip,<AVL_ROOT>/AWS/appl/clients/excite/res/cpp/bearing.h,29,Declaring class is context only; struct nesting and array indexing are not resolved
SCH-00971,Power Unit (excite),Bearing clearance tool,Max. Overlapping Length,double,"length,mm",Schema declaration; instance not resolved,ClearBlock,ruema,"Candidate: GetDblValueU(field,unit)","Candidate: SetDblValueU(field,value,unit)",Schema field/label confirmed; full path + instance + runtime read not verified,Generic API available; this field write NOT verified,Not eligible for Apply; resolve path and test first,,Check type/enable/visibility rules in source,Resolve actual instance/full path; check ASE vs ACT; selection/enable flags; enum mapping; binding; units; round-trip,<AVL_ROOT>/AWS/appl/clients/excite/res/cpp/bearing.h,30,Declaring class is context only; struct nesting and array indexing are not resolved
SCH-00972,Power Unit (excite),Bearing clearance tool,Min. Overlapping Length,double,"length,mm",Schema declaration; instance not resolved,ClearBlock,ruemi,"Candidate: GetDblValueU(field,unit)","Candidate: SetDblValueU(field,value,unit)",Schema field/label confirmed; full path + instance + runtime read not verified,Generic API available; this field write NOT verified,Not eligible for Apply; resolve path and test first,,Check type/enable/visibility rules in source,Resolve actual instance/full path; check ASE vs ACT; selection/enable flags; enum mapping; binding; units; round-trip,<AVL_ROOT>/AWS/appl/clients/excite/res/cpp/bearing.h,31,Declaring class is context only; struct nesting and array indexing are not resolved
SCH-00973,Power Unit (excite),Bearing clearance tool,Max. Shaft Diameter,double,"length,mm",Schema declaration; instance not resolved,ClearShaft,rdwma,"Candidate: GetDblValueU(field,unit)","Candidate: SetDblValueU(field,value,unit)",Schema field/label confirmed; full path + instance + runtime read not verified,Generic API available; this field write NOT verified,Not eligible for Apply; resolve path and test first,,Check type/enable/visibility rules in source,Resolve actual instance/full path; check ASE vs ACT; selection/enable flags; enum mapping; binding; units; round-trip,<AVL_ROOT>/AWS/appl/clients/excite/res/cpp/bearing.h,37,Declaring class is context only; struct nesting and array indexing are not resolved
SCH-00974,Power Unit (excite),Bearing clearance tool,Tolerance of Shaft Diameter,double,"length,mm",Schema declaration; instance not resolved,ClearShaft,dwt,"Candidate: GetDblValueU(field,unit)","Candidate: SetDblValueU(field,value,unit)",Schema field/label confirmed; full path + instance + runtime read not verified,Generic API available; this field write NOT verified,Not eligible for Apply; resolve path and test first,,Check type/enable/visibility rules in source,Resolve actual instance/full path; check ASE vs ACT; selection/enable flags; enum mapping; binding; units; round-trip,<AVL_ROOT>/AWS/appl/clients/excite/res/cpp/bearing.h,38,Declaring class is context only; struct nesting and array indexing are not resolved
SCH-00975,Power Unit (excite),Bearing clearance tool,Coeff. Thermal Expansion,double,"heat_expan_coeff,1_K",Schema declaration; instance not resolved,ClearShaft,alwe,"Candidate: GetDblValueU(field,unit)","Candidate: SetDblValueU(field,value,unit)",Schema field/label confirmed; full path + instance + runtime read not verified,Generic API available; this field write NOT verified,Not eligible for Apply; resolve path and test first,,Check type/enable/visibility rules in source,Resolve actual instance/full path; check ASE vs ACT; selection/enable flags; enum mapping; binding; units; round-trip,<AVL_ROOT>/AWS/appl/clients/excite/res/cpp/bearing.h,41,Declaring class is context only; struct nesting and array indexing are not resolved
SCH-00976,Power Unit (excite),Bearing clearance tool,Outer Diameter of Bearing Housing,double,"length,mm",Schema declaration; instance not resolved,ClearHousing,dlg,"Candidate: GetDblValueU(field,unit)","Candidate: SetDblValueU(field,value,unit)",Schema field/label confirmed; full path + instance + runtime read not verified,Generic API available; this field write NOT verified,Not eligible for Apply; resolve path and test first,,Check type/enable/visibility rules in source,Resolve actual instance/full path; check ASE vs ACT; selection/enable flags; enum mapping; binding; units; round-trip,<AVL_ROOT>/AWS/appl/clients/excite/res/cpp/bearing.h,47,Declaring class is context only; struct nesting and array indexing are not resolved
SCH-00977,Power Unit (excite),Bearing clearance tool,Min. Inner Diameter of Bearing Housing,double,"length,mm",Schema declaration; instance not resolved,ClearHousing,rdgmi,"Candidate: GetDblValueU(field,unit)","Candidate: SetDblValueU(field,value,unit)",Schema field/label confirmed; full path + instance + runtime read not verified,Generic API available; this field write NOT verified,Not eligible for Apply; resolve path and test first,,Check type/enable/visibility rules in source,Resolve actual instance/full path; check ASE vs ACT; selection/enable flags; enum mapping; binding; units; round-trip,<AVL_ROOT>/AWS/appl/clients/excite/res/cpp/bearing.h,50,Declaring class is context only; struct nesting and array indexing are not resolved
SCH-00978,Power Unit (excite),Bearing clearance tool,Tolerance of Bearing Housing Inner Diam.,double,"length,mm",Schema declaration; instance not resolved,ClearHousing,dgt,"Candidate: GetDblValueU(field,unit)","Candidate: SetDblValueU(field,value,unit)",Schema field/label confirmed; full path + instance + runtime read not verified,Generic API available; this field write NOT verified,Not eligible for Apply; resolve path and test first,,Check type/enable/visibility rules in source,Resolve actual instance/full path; check ASE vs ACT; selection/enable flags; enum mapping; binding; units; round-trip,<AVL_ROOT>/AWS/appl/clients/excite/res/cpp/bearing.h,51,Declaring class is context only; struct nesting and array indexing are not resolved
SCH-00979,Power Unit (excite),Bearing clearance tool,Youngs Modulus of Housing,double,"strength,N_mm2",Schema declaration; instance not resolved,ClearHousing,eg,"Candidate: GetDblValueU(field,unit)","Candidate: SetDblValueU(field,value,unit)",Schema field/label confirmed; full path + instance + runtime read not verified,Generic API available; this field write NOT verified,Not eligible for Apply; resolve path and test first,,Check type/enable/visibility rules in source,Resolve actual instance/full path; check ASE vs ACT; selection/enable flags; enum mapping; binding; units; round-trip,<AVL_ROOT>/AWS/appl/clients/excite/res/cpp/bearing.h,54,Declaring class is context only; struct nesting and array indexing are not resolved
SCH-00980,Power Unit (excite),Bearing clearance tool,Transv. Contraction Ratio,double,"dimensionless,no",Schema declaration; instance not resolved,ClearHousing,qnyg,"Candidate: GetDblValueU(field,unit)","Candidate: SetDblValueU(field,value,unit)",Schema field/label confirmed; full path + instance + runtime read not verified,Generic API available; this field write NOT verified,Not eligible for Apply; resolve path and test first,,Check type/enable/visibility rules in source,Resolve actual instance/full path; check ASE vs ACT; selection/enable flags; enum mapping; binding; units; round-trip,<AVL_ROOT>/AWS/appl/clients/excite/res/cpp/bearing.h,55,Declaring class is context only; struct nesting and array indexing are not resolved
SCH-00981,Power Unit (excite),Bearing clearance tool,Coeff. Thermal Expansion,double,"heat_expan_coeff,1_K",Schema declaration; instance not resolved,ClearHousing,algh,"Candidate: GetDblValueU(field,unit)","Candidate: SetDblValueU(field,value,unit)",Schema field/label confirmed; full path + instance + runtime read not verified,Generic API available; this field write NOT verified,Not eligible for Apply; resolve path and test first,,Check type/enable/visibility rules in source,Resolve actual instance/full path; check ASE vs ACT; selection/enable flags; enum mapping; binding; units; round-trip,<AVL_ROOT>/AWS/appl/clients/excite/res/cpp/bearing.h,58,Declaring class is context only; struct nesting and array indexing are not resolved
SCH-00982,Power Unit (excite),Bearing clearance tool,Calculation Temperature 1,double,"temperature,degC",Schema declaration; instance not resolved,ClearTemperature,mean,"Candidate: GetDblValueU(field,unit)","Candidate: SetDblValueU(field,value,unit)",Schema field/label confirmed; full path + instance + runtime read not verified,Generic API available; this field write NOT verified,Not eligible for Apply; resolve path and test first,,Check type/enable/visibility rules in source,Resolve actual instance/full path; check ASE vs ACT; selection/enable flags; enum mapping; binding; units; round-trip,<AVL_ROOT>/AWS/appl/clients/excite/res/cpp/bearing.h,64,Declaring class is context only; struct nesting and array indexing are not resolved
SCH-00983,Power Unit (excite),Bearing clearance tool,Calculation Temperature 2,double,"temperature,degC",Schema declaration; instance not resolved,ClearTemperature,min,"Candidate: GetDblValueU(field,unit)","Candidate: SetDblValueU(field,value,unit)",Schema field/label confirmed; full path + instance + runtime read not verified,Generic API available; this field write NOT verified,Not eligible for Apply; resolve path and test first,,Check type/enable/visibility rules in source,Resolve actual instance/full path; check ASE vs ACT; selection/enable flags; enum mapping; binding; units; round-trip,<AVL_ROOT>/AWS/appl/clients/excite/res/cpp/bearing.h,65,Declaring class is context only; struct nesting and array indexing are not resolved
SCH-00984,Power Unit (excite),Bearing clearance tool,Calculation Temperature 3,double,"temperature,degC",Schema declaration; instance not resolved,ClearTemperature,max,"Candidate: GetDblValueU(field,unit)","Candidate: SetDblValueU(field,value,unit)",Schema field/label confirmed; full path + instance + runtime read not verified,Generic API available; this field write NOT verified,Not eligible for Apply; resolve path and test first,,Check type/enable/visibility rules in source,Resolve actual instance/full path; check ASE vs ACT; selection/enable flags; enum mapping; binding; units; round-trip,<AVL_ROOT>/AWS/appl/clients/excite/res/cpp/bearing.h,66,Declaring class is context only; struct nesting and array indexing are not resolved
SCH-00985,Power Unit (excite),Bearing clearance tool,Radial Stiffness,double,"lin_stiff,N_mm",Schema declaration; instance not resolved,BearingGeometryData,rad_stiff,"Candidate: GetDblValueU(field,unit)","Candidate: SetDblValueU(field,value,unit)",Schema field/label confirmed; full path + instance + runtime read not verified,Generic API available; this field write NOT verified,Not eligible for Apply; resolve path and test first,,Check type/enable/visibility rules in source,Resolve actual instance/full path; check ASE vs ACT; selection/enable flags; enum mapping; binding; units; round-trip,<AVL_ROOT>/AWS/appl/clients/excite/res/cpp/bearing.h,99,Declaring class is context only; struct nesting and array indexing are not resolved
SCH-00986,Power Unit (excite),Bearing clearance tool,Radial Damping,double,"lin_damping,Ns_mm",Schema declaration; instance not resolved,BearingGeometryData,rad_damp,"Candidate: GetDblValueU(field,unit)","Candidate: SetDblValueU(field,value,unit)",Schema field/label confirmed; full path + instance + runtime read not verified,Generic API available; this field write NOT verified,Not eligible for Apply; resolve path and test first,,Check type/enable/visibility rules in source,Resolve actual instance/full path; check ASE vs ACT; selection/enable flags; enum mapping; binding; units; round-trip,<AVL_ROOT>/AWS/appl/clients/excite/res/cpp/bearing.h,100,Declaring class is context only; struct nesting and array indexing are not resolved
SCH-00987,Power Unit (excite),Bearing clearance tool,Proportional Damping Coeff.,double,"dimensionless,no",Schema declaration; instance not resolved,BearingGeometryData,pdampcff,"Candidate: GetDblValueU(field,unit)","Candidate: SetDblValueU(field,value,unit)",Schema field/label confirmed; full path + instance + runtime read not verified,Generic API available; this field write NOT verified,Not eligible for Apply; resolve path and test first,,Check type/enable/visibility rules in source,Resolve actual instance/full path; check ASE vs ACT; selection/enable flags; enum mapping; binding; units; round-trip,<AVL_ROOT>/AWS/appl/clients/excite/res/cpp/bearing.h,101,Declaring class is context only; struct nesting and array indexing are not resolved
SCH-00988,Power Unit (excite),Bearing clearance tool,Width,double,"length,mm",Schema declaration; instance not resolved,BearingGeometryData,beaw,"Candidate: GetDblValueU(field,unit)","Candidate: SetDblValueU(field,value,unit)",Schema field/label confirmed; full path + instance + runtime read not verified,Generic API available; this field write NOT verified,Not eligible for Apply; resolve path and test first,,Check type/enable/visibility rules in source,Resolve actual instance/full path; check ASE vs ACT; selection/enable flags; enum mapping; binding; units; round-trip,<AVL_ROOT>/AWS/appl/clients/excite/res/cpp/bearing.h,106,Declaring class is context only; struct nesting and array indexing are not resolved
SCH-00989,Power Unit (excite),Bearing clearance tool,Diameter,double,"length,mm",Schema declaration; instance not resolved,BearingGeometryData,bead,"Candidate: GetDblValueU(field,unit)","Candidate: SetDblValueU(field,value,unit)",Schema field/label confirmed; full path + instance + runtime read not verified,Generic API available; this field write NOT verified,Not eligible for Apply; resolve path and test first,,Check type/enable/visibility rules in source,Resolve actual instance/full path; check ASE vs ACT; selection/enable flags; enum mapping; binding; units; round-trip,<AVL_ROOT>/AWS/appl/clients/excite/res/cpp/bearing.h,108,Declaring class is context only; struct nesting and array indexing are not resolved
SCH-00990,Power Unit (excite),Bearing clearance tool,Split Angle,double,"angle,deg",Schema declaration; instance not resolved,BearingGeometryData,spli,"Candidate: GetDblValueU(field,unit)","Candidate: SetDblValueU(field,value,unit)",Schema field/label confirmed; full path + instance + runtime read not verified,Generic API available; this field write NOT verified,Not eligible for Apply; resolve path and test first,,Check type/enable/visibility rules in source,Resolve actual instance/full path; check ASE vs ACT; selection/enable flags; enum mapping; binding; units; round-trip,<AVL_ROOT>/AWS/appl/clients/excite/res/cpp/bearing.h,109,Declaring class is context only; struct nesting and array indexing are not resolved
SCH-00991,Power Unit (excite),Bearing clearance tool,Calculate,Bool,,Schema declaration; instance not resolved,BearingGeometryData,calculate,Candidate: GetIntValue(field),"Candidate: SetIntValue(field,value)",Schema field/label confirmed; full path + instance + runtime read not verified,Generic API available; this field write NOT verified,Not eligible for Apply; resolve path and test first,,Check type/enable/visibility rules in source,Resolve actual instance/full path; check ASE vs ACT; selection/enable flags; enum mapping; binding; units; round-trip,<AVL_ROOT>/AWS/appl/clients/excite/res/cpp/bearing.h,115,Declaring class is context only; struct nesting and array indexing are not resolved
SCH-00992,Power Unit (excite),Bearing clearance tool,Clearance Value 1,double,"length,mm",Schema declaration; instance not resolved,BearingGeometryData,min,"Candidate: GetDblValueU(field,unit)","Candidate: SetDblValueU(field,value,unit)",Schema field/label confirmed; full path + instance + runtime read not verified,Generic API available; this field write NOT verified,Not eligible for Apply; resolve path and test first,,Check type/enable/visibility rules in source,Resolve actual instance/full path; check ASE vs ACT; selection/enable flags; enum mapping; binding; units; round-trip,<AVL_ROOT>/AWS/appl/clients/excite/res/cpp/bearing.h,117,Declaring class is context only; struct nesting and array indexing are not resolved
SCH-00993,Power Unit (excite),Bearing clearance tool,Clearance Value 2,double,"length,mm",Schema declaration; instance not resolved,BearingGeometryData,max,"Candidate: GetDblValueU(field,unit)","Candidate: SetDblValueU(field,value,unit)",Schema field/label confirmed; full path + instance + runtime read not verified,Generic API available; this field write NOT verified,Not eligible for Apply; resolve path and test first,,Check type/enable/visibility rules in source,Resolve actual instance/full path; check ASE vs ACT; selection/enable flags; enum mapping; binding; units; round-trip,<AVL_ROOT>/AWS/appl/clients/excite/res/cpp/bearing.h,118,Declaring class is context only; struct nesting and array indexing are not resolved
SCH-00994,Power Unit (excite),Bearing clearance tool,Clearance Value 3,double,"length,mm",Schema declaration; instance not resolved,BearingGeometryData,mean,"Candidate: GetDblValueU(field,unit)","Candidate: SetDblValueU(field,value,unit)",Schema field/label confirmed; full path + instance + runtime read not verified,Generic API available; this field write NOT verified,Not eligible for Apply; resolve path and test first,,Check type/enable/visibility rules in source,Resolve actual instance/full path; check ASE vs ACT; selection/enable flags; enum mapping; binding; units; round-trip,<AVL_ROOT>/AWS/appl/clients/excite/res/cpp/bearing.h,119,Declaring class is context only; struct nesting and array indexing are not resolved
SCH-00995,Power Unit (excite),Bearing clearance tool,Required Accuracy,double,"temp_rel,degC",Schema declaration; instance not resolved,HeatBal,req_acc,"Candidate: GetDblValueU(field,unit)","Candidate: SetDblValueU(field,value,unit)",Schema field/label confirmed; full path + instance + runtime read not verified,Generic API available; this field write NOT verified,Not eligible for Apply; resolve path and test first,,Check type/enable/visibility rules in source,Resolve actual instance/full path; check ASE vs ACT; selection/enable flags; enum mapping; binding; units; round-trip,<AVL_ROOT>/AWS/appl/clients/excite/res/cpp/bearing.h,197,Declaring class is context only; struct nesting and array indexing are not resolved
SCH-00996,Power Unit (excite),Bearing clearance tool,Mass,double,"mass,kg",Schema declaration; instance not resolved,BearingShell,mass_shell,"Candidate: GetDblValueU(field,unit)","Candidate: SetDblValueU(field,value,unit)",Schema field/label confirmed; full path + instance + runtime read not verified,Generic API available; this field write NOT verified,Not eligible for Apply; resolve path and test first,,Check type/enable/visibility rules in source,Resolve actual instance/full path; check ASE vs ACT; selection/enable flags; enum mapping; binding; units; round-trip,<AVL_ROOT>/AWS/appl/clients/excite/res/cpp/bearing.h,211,Declaring class is context only; struct nesting and array indexing are not resolved
SCH-00997,Power Unit (excite),Bearing clearance tool,Moment of Inertia about Cross Axis,double,"mom_inert,kgm2",Schema declaration; instance not resolved,BearingShell,moi_shell,"Candidate: GetDblValueU(field,unit)","Candidate: SetDblValueU(field,value,unit)",Schema field/label confirmed; full path + instance + runtime read not verified,Generic API available; this field write NOT verified,Not eligible for Apply; resolve path and test first,,Check type/enable/visibility rules in source,Resolve actual instance/full path; check ASE vs ACT; selection/enable flags; enum mapping; binding; units; round-trip,<AVL_ROOT>/AWS/appl/clients/excite/res/cpp/bearing.h,212,Declaring class is context only; struct nesting and array indexing are not resolved
SCH-00998,Power Unit (excite),Bearing clearance tool,Radial Stiffness,double,"lin_stiff,N_m",Schema declaration; instance not resolved,BearingShell,rstiff_shell,"Candidate: GetDblValueU(field,unit)","Candidate: SetDblValueU(field,value,unit)",Schema field/label confirmed; full path + instance + runtime read not verified,Generic API available; this field write NOT verified,Not eligible for Apply; resolve path and test first,,Check type/enable/visibility rules in source,Resolve actual instance/full path; check ASE vs ACT; selection/enable flags; enum mapping; binding; units; round-trip,<AVL_ROOT>/AWS/appl/clients/excite/res/cpp/bearing.h,216,Declaring class is context only; struct nesting and array indexing are not resolved
SCH-00999,Power Unit (excite),Bearing clearance tool,Bending Stiffness,double,"tors_stiff,Nm_rad",Schema declaration; instance not resolved,BearingShell,bstiff_shell,"Candidate: GetDblValueU(field,unit)","Candidate: SetDblValueU(field,value,unit)",Schema field/label confirmed; full path + instance + runtime read not verified,Generic API available; this field write NOT verified,Not eligible for Apply; resolve path and test first,,Check type/enable/visibility rules in source,Resolve actual instance/full path; check ASE vs ACT; selection/enable flags; enum mapping; binding; units; round-trip,<AVL_ROOT>/AWS/appl/clients/excite/res/cpp/bearing.h,218,Declaring class is context only; struct nesting and array indexing are not resolved
SCH-01000,Power Unit (excite),Bearing clearance tool,Radial Damping,double,"lin_damping,Ns_mm",Schema declaration; instance not resolved,BearingShell,radial_damp,"Candidate: GetDblValueU(field,unit)","Candidate: SetDblValueU(field,value,unit)",Schema field/label confirmed; full path + instance + runtime read not verified,Generic API available; this field write NOT verified,Not eligible for Apply; resolve path and test first,,Check type/enable/visibility rules in source,Resolve actual instance/full path; check ASE vs ACT; selection/enable flags; enum mapping; binding; units; round-trip,<AVL_ROOT>/AWS/appl/clients/excite/res/cpp/bearing.h,221,Declaring class is context only; struct nesting and array indexing are not resolved
SCH-01001,Power Unit (excite),Bearing clearance tool,Bending Damping,double,"rot_damping,Nmms_rad",Schema declaration; instance not resolved,BearingShell,bending_damp,"Candidate: GetDblValueU(field,unit)","Candidate: SetDblValueU(field,value,unit)",Schema field/label confirmed; full path + instance + runtime read not verified,Generic API available; this field write NOT verified,Not eligible for Apply; resolve path and test first,,Check type/enable/visibility rules in source,Resolve actual instance/full path; check ASE vs ACT; selection/enable flags; enum mapping; binding; units; round-trip,<AVL_ROOT>/AWS/appl/clients/excite/res/cpp/bearing.h,223,Declaring class is context only; struct nesting and array indexing are not resolved
SCH-01002,Power Unit (excite),Bearing clearance tool,Proportional Damping Coeff.,double,"dimensionless,no",Schema declaration; instance not resolved,BearingShell,pdamp_shell,"Candidate: GetDblValueU(field,unit)","Candidate: SetDblValueU(field,value,unit)",Schema field/label confirmed; full path + instance + runtime read not verified,Generic API available; this field write NOT verified,Not eligible for Apply; resolve path and test first,,Check type/enable/visibility rules in source,Resolve actual instance/full path; check ASE vs ACT; selection/enable flags; enum mapping; binding; units; round-trip,<AVL_ROOT>/AWS/appl/clients/excite/res/cpp/bearing.h,226,Declaring class is context only; struct nesting and array indexing are not resolved
SCH-01003,Power Unit (excite),Bearing clearance tool,Use bearing width to calculate bending stiffness and bending damping,Bool,,Schema declaration; instance not resolved,BearingShell,ubwtcbsabd,Candidate: GetIntValue(field),"Candidate: SetIntValue(field,value)",Schema field/label confirmed; full path + instance + runtime read not verified,Generic API available; this field write NOT verified,Not eligible for Apply; resolve path and test first,,Check type/enable/visibility rules in source,Resolve actual instance/full path; check ASE vs ACT; selection/enable flags; enum mapping; binding; units; round-trip,<AVL_ROOT>/AWS/appl/clients/excite/res/cpp/bearing.h,229,Declaring class is context only; struct nesting and array indexing are not resolved
SCH-01004,Power Unit (excite),Bearing clearance tool,Dynamic Viscosity,double,"dyn_visc,Pas",Schema declaration; instance not resolved,DesignerViscosity,type,"Candidate: GetDblValueU(field,unit)","Candidate: SetDblValueU(field,value,unit)",Schema field/label confirmed; full path + instance + runtime read not verified,Generic API available; this field write NOT verified,Not eligible for Apply; resolve path and test first,,Check type/enable/visibility rules in source,Resolve actual instance/full path; check ASE vs ACT; selection/enable flags; enum mapping; binding; units; round-trip,<AVL_ROOT>/AWS/appl/clients/excite/res/cpp/bearing.h,245,Declaring class is context only; struct nesting and array indexing are not resolved
SCH-01005,Power Unit (excite),Bearing clearance tool,Oil Supply Type,ASEenum,,Schema declaration; instance not resolved,OilSupplyData,os_type,Candidate: GetIntValue(field),"Candidate: SetIntValue(field,value)",Schema field/label confirmed; full path + instance + runtime read not verified,Generic API available; this field write NOT verified,Not eligible for Apply; resolve path and test first,,<visibility_change>,Resolve actual instance/full path; check ASE vs ACT; selection/enable flags; enum mapping; binding; units; round-trip,<AVL_ROOT>/AWS/appl/clients/excite/res/cpp/bearing.h,267,"Schema labels: ""None"",""Oil Groove"",""Oil Bore"",""Oil Pocket"""
SCH-01006,Power Unit (excite),Bearing clearance tool,Begin of Oil Groove (Angle),double,"angle,deg",Schema declaration; instance not resolved,OilSupplyData,cbeg,"Candidate: GetDblValueU(field,unit)","Candidate: SetDblValueU(field,value,unit)",Schema field/label confirmed; full path + instance + runtime read not verified,Generic API available; this field write NOT verified,Not eligible for Apply; resolve path and test first,,Check type/enable/visibility rules in source,Resolve actual instance/full path; check ASE vs ACT; selection/enable flags; enum mapping; binding; units; round-trip,<AVL_ROOT>/AWS/appl/clients/excite/res/cpp/bearing.h,272,Declaring class is context only; struct nesting and array indexing are not resolved
SCH-01007,Power Unit (excite),Bearing clearance tool,End of Oil Groove (Angle),double,"angle,deg",Schema declaration; instance not resolved,OilSupplyData,cend,"Candidate: GetDblValueU(field,unit)","Candidate: SetDblValueU(field,value,unit)",Schema field/label confirmed; full path + instance + runtime read not verified,Generic API available; this field write NOT verified,Not eligible for Apply; resolve path and test first,,Check type/enable/visibility rules in source,Resolve actual instance/full path; check ASE vs ACT; selection/enable flags; enum mapping; binding; units; round-trip,<AVL_ROOT>/AWS/appl/clients/excite/res/cpp/bearing.h,273,Declaring class is context only; struct nesting and array indexing are not resolved
SCH-01008,Power Unit (excite),Bearing clearance tool,Width of Groove,double,"length,mm",Schema declaration; instance not resolved,OilSupplyData,width,"Candidate: GetDblValueU(field,unit)","Candidate: SetDblValueU(field,value,unit)",Schema field/label confirmed; full path + instance + runtime read not verified,Generic API available; this field write NOT verified,Not eligible for Apply; resolve path and test first,,Check type/enable/visibility rules in source,Resolve actual instance/full path; check ASE vs ACT; selection/enable flags; enum mapping; binding; units; round-trip,<AVL_ROOT>/AWS/appl/clients/excite/res/cpp/bearing.h,274,Declaring class is context only; struct nesting and array indexing are not resolved
SCH-01009,Power Unit (excite),Bearing clearance tool,Center of Bore (Angle),double,"angle,deg",Schema declaration; instance not resolved,OilSupplyData,cent,"Candidate: GetDblValueU(field,unit)","Candidate: SetDblValueU(field,value,unit)",Schema field/label confirmed; full path + instance + runtime read not verified,Generic API available; this field write NOT verified,Not eligible for Apply; resolve path and test first,,Check type/enable/visibility rules in source,Resolve actual instance/full path; check ASE vs ACT; selection/enable flags; enum mapping; binding; units; round-trip,<AVL_ROOT>/AWS/appl/clients/excite/res/cpp/bearing.h,278,Declaring class is context only; struct nesting and array indexing are not resolved
SCH-01010,Power Unit (excite),Bearing clearance tool,Diameter of Bore,double,"length,mm",Schema declaration; instance not resolved,OilSupplyData,diam,"Candidate: GetDblValueU(field,unit)","Candidate: SetDblValueU(field,value,unit)",Schema field/label confirmed; full path + instance + runtime read not verified,Generic API available; this field write NOT verified,Not eligible for Apply; resolve path and test first,,Check type/enable/visibility rules in source,Resolve actual instance/full path; check ASE vs ACT; selection/enable flags; enum mapping; binding; units; round-trip,<AVL_ROOT>/AWS/appl/clients/excite/res/cpp/bearing.h,279,Declaring class is context only; struct nesting and array indexing are not resolved
SCH-01011,Power Unit (excite),Bearing clearance tool,Pocket Width,double,"length,mm",Schema declaration; instance not resolved,OilSupplyData,pocket_width,"Candidate: GetDblValueU(field,unit)","Candidate: SetDblValueU(field,value,unit)",Schema field/label confirmed; full path + instance + runtime read not verified,Generic API available; this field write NOT verified,Not eligible for Apply; resolve path and test first,,Check type/enable/visibility rules in source,Resolve actual instance/full path; check ASE vs ACT; selection/enable flags; enum mapping; binding; units; round-trip,<AVL_ROOT>/AWS/appl/clients/excite/res/cpp/bearing.h,283,Declaring class is context only; struct nesting and array indexing are not resolved
SCH-01012,Power Unit (excite),Bearing clearance tool,Load Item,ASEenum,,Schema declaration; instance not resolved,ExternalLoadData,bearing_load_Item,Candidate: GetIntValue(field),"Candidate: SetIntValue(field,value)",Schema field/label confirmed; full path + instance + runtime read not verified,Generic API available; this field write NOT verified,Not eligible for Apply; resolve path and test first,,Check type/enable/visibility rules in source,Resolve actual instance/full path; check ASE vs ACT; selection/enable flags; enum mapping; binding; units; round-trip,<AVL_ROOT>/AWS/appl/clients/excite/res/cpp/bearing.h,318,"Schema labels: ""Main Bearing Load"""
SCH-01013,Power Unit (excite),Bearing clearance tool,Load Item,char*,,Schema declaration; instance not resolved,ExternalLoadData,bearing_load_Item_label,Candidate: GetStrValue(field),"Candidate: SetStrValue(field,value)",Schema field/label confirmed; full path + instance + runtime read not verified,Generic API available; this field write NOT verified,Not eligible for Apply; resolve path and test first,,Check type/enable/visibility rules in source,Resolve actual instance/full path; check ASE vs ACT; selection/enable flags; enum mapping; binding; units; round-trip,<AVL_ROOT>/AWS/appl/clients/excite/res/cpp/bearing.h,324,Declaring class is context only; struct nesting and array indexing are not resolved
SCH-01014,Power Unit (excite),Bearing clearance tool,Max. Oil Pressure,double,"pressure,bar",Schema declaration; instance not resolved,GeneralLimits,pmaxL,"Candidate: GetDblValueU(field,unit)","Candidate: SetDblValueU(field,value,unit)",Schema field/label confirmed; full path + instance + runtime read not verified,Generic API available; this field write NOT verified,Not eligible for Apply; resolve path and test first,,Check type/enable/visibility rules in source,Resolve actual instance/full path; check ASE vs ACT; selection/enable flags; enum mapping; binding; units; round-trip,<AVL_ROOT>/AWS/appl/clients/excite/res/cpp/bearing.h,341,Declaring class is context only; struct nesting and array indexing are not resolved
SCH-01015,Power Unit (excite),Bearing clearance tool,Min. Oilfilm Thickness,double,"length,mym",Schema declaration; instance not resolved,GeneralLimits,hminL,"Candidate: GetDblValueU(field,unit)","Candidate: SetDblValueU(field,value,unit)",Schema field/label confirmed; full path + instance + runtime read not verified,Generic API available; this field write NOT verified,Not eligible for Apply; resolve path and test first,,Check type/enable/visibility rules in source,Resolve actual instance/full path; check ASE vs ACT; selection/enable flags; enum mapping; binding; units; round-trip,<AVL_ROOT>/AWS/appl/clients/excite/res/cpp/bearing.h,342,Declaring class is context only; struct nesting and array indexing are not resolved
SCH-01016,Power Unit (excite),Bearing clearance tool,Max. Unit Load,double,"strength,N_mm2",Schema declaration; instance not resolved,GeneralLimits,lmaxL,"Candidate: GetDblValueU(field,unit)","Candidate: SetDblValueU(field,value,unit)",Schema field/label confirmed; full path + instance + runtime read not verified,Generic API available; this field write NOT verified,Not eligible for Apply; resolve path and test first,,Check type/enable/visibility rules in source,Resolve actual instance/full path; check ASE vs ACT; selection/enable flags; enum mapping; binding; units; round-trip,<AVL_ROOT>/AWS/appl/clients/excite/res/cpp/bearing.h,343,Declaring class is context only; struct nesting and array indexing are not resolved
SCH-01017,Power Unit (excite),Bearing clearance tool,Max. Oil Pressure,double,"pressure,bar",Schema declaration; instance not resolved,GeneralLimits,pmaxU,"Candidate: GetDblValueU(field,unit)","Candidate: SetDblValueU(field,value,unit)",Schema field/label confirmed; full path + instance + runtime read not verified,Generic API available; this field write NOT verified,Not eligible for Apply; resolve path and test first,,Check type/enable/visibility rules in source,Resolve actual instance/full path; check ASE vs ACT; selection/enable flags; enum mapping; binding; units; round-trip,<AVL_ROOT>/AWS/appl/clients/excite/res/cpp/bearing.h,348,Declaring class is context only; struct nesting and array indexing are not resolved
SCH-01018,Power Unit (excite),Bearing clearance tool,Min. Oilfilm Thickness,double,"length,mym",Schema declaration; instance not resolved,GeneralLimits,hminU,"Candidate: GetDblValueU(field,unit)","Candidate: SetDblValueU(field,value,unit)",Schema field/label confirmed; full path + instance + runtime read not verified,Generic API available; this field write NOT verified,Not eligible for Apply; resolve path and test first,,Check type/enable/visibility rules in source,Resolve actual instance/full path; check ASE vs ACT; selection/enable flags; enum mapping; binding; units; round-trip,<AVL_ROOT>/AWS/appl/clients/excite/res/cpp/bearing.h,349,Declaring class is context only; struct nesting and array indexing are not resolved
SCH-01019,Power Unit (excite),Bearing clearance tool,Max. Unit Load,double,"strength,N_mm2",Schema declaration; instance not resolved,GeneralLimits,lmaxU,"Candidate: GetDblValueU(field,unit)","Candidate: SetDblValueU(field,value,unit)",Schema field/label confirmed; full path + instance + runtime read not verified,Generic API available; this field write NOT verified,Not eligible for Apply; resolve path and test first,,Check type/enable/visibility rules in source,Resolve actual instance/full path; check ASE vs ACT; selection/enable flags; enum mapping; binding; units; round-trip,<AVL_ROOT>/AWS/appl/clients/excite/res/cpp/bearing.h,350,Declaring class is context only; struct nesting and array indexing are not resolved
SCH-01020,Power Unit (excite),Bearing clearance tool,Calculate Bearing,Bool,,Schema declaration; instance not resolved,DesignerBearingData,bcalcul,Candidate: GetIntValue(field),"Candidate: SetIntValue(field,value)",Schema field/label confirmed; full path + instance + runtime read not verified,Generic API available; this field write NOT verified,Not eligible for Apply; resolve path and test first,,Check type/enable/visibility rules in source,Resolve actual instance/full path; check ASE vs ACT; selection/enable flags; enum mapping; binding; units; round-trip,<AVL_ROOT>/AWS/appl/clients/excite/res/cpp/bearing.h,358,Declaring class is context only; struct nesting and array indexing are not resolved
SCH-01021,Power Unit (excite),Rolling Bearings,Rolling Element Length vs. Penetration,double**,,Schema declaration; instance not resolved,JointRollLengthVsPenetration,data_scf,"Candidate: WSClass.GetWSMatrix(field,0)",Candidate: WSMatrix typed setters + ReleaseHandle,Schema field/label confirmed; full path + instance + runtime read not verified,Generic API available; this field write NOT verified,Not eligible for Apply; resolve path and test first,,Check type/enable/visibility rules in source,Resolve actual instance/full path; check ASE vs ACT; selection/enable flags; enum mapping; binding; units; round-trip,<AVL_ROOT>/AWS/appl/clients/excite/res/cpp/rolling_bearings.h,22,Declaring class is context only; struct nesting and array indexing are not resolved
SCH-01022,Power Unit (excite),Rolling Bearings,File,char*,,Schema declaration; instance not resolved,JointRollLengthVsPenetration,file_scf,Candidate: GetStrValue(field),"Candidate: SetStrValue(field,value)",Schema field/label confirmed; full path + instance + runtime read not verified,Generic API available; this field write NOT verified,Not eligible for Apply; resolve path and test first,,Check type/enable/visibility rules in source,Resolve actual instance/full path; check ASE vs ACT; selection/enable flags; enum mapping; binding; units; round-trip,<AVL_ROOT>/AWS/appl/clients/excite/res/cpp/rolling_bearings.h,37,Declaring class is context only; struct nesting and array indexing are not resolved
SCH-01023,Power Unit (excite),Rolling Bearings,Automatic Reload,Bool,,Schema declaration; instance not resolved,JointRollLengthVsPenetration,aut_rel_scf,Candidate: GetIntValue(field),"Candidate: SetIntValue(field,value)",Schema field/label confirmed; full path + instance + runtime read not verified,Generic API available; this field write NOT verified,Not eligible for Apply; resolve path and test first,,Check type/enable/visibility rules in source,Resolve actual instance/full path; check ASE vs ACT; selection/enable flags; enum mapping; binding; units; round-trip,<AVL_ROOT>/AWS/appl/clients/excite/res/cpp/rolling_bearings.h,40,Declaring class is context only; struct nesting and array indexing are not resolved
SCH-01024,Power Unit (excite),Rolling Bearings,Use Data File Path Parameter,Bool,,Schema declaration; instance not resolved,JointRollLengthVsPenetration,def_pat_scf,Candidate: GetIntValue(field),"Candidate: SetIntValue(field,value)",Schema field/label confirmed; full path + instance + runtime read not verified,Generic API available; this field write NOT verified,Not eligible for Apply; resolve path and test first,,Check type/enable/visibility rules in source,Resolve actual instance/full path; check ASE vs ACT; selection/enable flags; enum mapping; binding; units; round-trip,<AVL_ROOT>/AWS/appl/clients/excite/res/cpp/rolling_bearings.h,43,Declaring class is context only; struct nesting and array indexing are not resolved
SCH-01025,Power Unit (excite),Rolling Bearings,Rolling Element Length vs. Penetration,double**,,Schema declaration; instance not resolved,JointRollLengthVsPenetration,data_abs,"Candidate: WSClass.GetWSMatrix(field,0)",Candidate: WSMatrix typed setters + ReleaseHandle,Schema field/label confirmed; full path + instance + runtime read not verified,Generic API available; this field write NOT verified,Not eligible for Apply; resolve path and test first,,Check type/enable/visibility rules in source,Resolve actual instance/full path; check ASE vs ACT; selection/enable flags; enum mapping; binding; units; round-trip,<AVL_ROOT>/AWS/appl/clients/excite/res/cpp/rolling_bearings.h,49,Declaring class is context only; struct nesting and array indexing are not resolved
SCH-01026,Power Unit (excite),Rolling Bearings,File,char*,,Schema declaration; instance not resolved,JointRollLengthVsPenetration,file_abs,Candidate: GetStrValue(field),"Candidate: SetStrValue(field,value)",Schema field/label confirmed; full path + instance + runtime read not verified,Generic API available; this field write NOT verified,Not eligible for Apply; resolve path and test first,,Check type/enable/visibility rules in source,Resolve actual instance/full path; check ASE vs ACT; selection/enable flags; enum mapping; binding; units; round-trip,<AVL_ROOT>/AWS/appl/clients/excite/res/cpp/rolling_bearings.h,64,Declaring class is context only; struct nesting and array indexing are not resolved
SCH-01027,Power Unit (excite),Rolling Bearings,Automatic Reload,Bool,,Schema declaration; instance not resolved,JointRollLengthVsPenetration,aut_rel_abs,Candidate: GetIntValue(field),"Candidate: SetIntValue(field,value)",Schema field/label confirmed; full path + instance + runtime read not verified,Generic API available; this field write NOT verified,Not eligible for Apply; resolve path and test first,,Check type/enable/visibility rules in source,Resolve actual instance/full path; check ASE vs ACT; selection/enable flags; enum mapping; binding; units; round-trip,<AVL_ROOT>/AWS/appl/clients/excite/res/cpp/rolling_bearings.h,67,Declaring class is context only; struct nesting and array indexing are not resolved
SCH-01028,Power Unit (excite),Rolling Bearings,Use Data File Path Parameter,Bool,,Schema declaration; instance not resolved,JointRollLengthVsPenetration,def_pat_abs,Candidate: GetIntValue(field),"Candidate: SetIntValue(field,value)",Schema field/label confirmed; full path + instance + runtime read not verified,Generic API available; this field write NOT verified,Not eligible for Apply; resolve path and test first,,Check type/enable/visibility rules in source,Resolve actual instance/full path; check ASE vs ACT; selection/enable flags; enum mapping; binding; units; round-trip,<AVL_ROOT>/AWS/appl/clients/excite/res/cpp/rolling_bearings.h,70,Declaring class is context only; struct nesting and array indexing are not resolved
SCH-01029,Power Unit (excite),Rolling Bearings,DW,double,"length,mm",Schema declaration; instance not resolved,JointRollGeneralGeometry,diamd,"Candidate: GetDblValueU(field,unit)","Candidate: SetDblValueU(field,value,unit)",Schema field/label confirmed; full path + instance + runtime read not verified,Generic API available; this field write NOT verified,Not eligible for Apply; resolve path and test first,,"<visibility=/ndefine.typeSelKey_,class-string,""DGBB"",""ACBB"">",Resolve actual instance/full path; check ASE vs ACT; selection/enable flags; enum mapping; binding; units; round-trip,<AVL_ROOT>/AWS/appl/clients/excite/res/cpp/rolling_bearings.h,95,Declaring class is context only; struct nesting and array indexing are not resolved
SCH-01030,Power Unit (excite),Rolling Bearings,ri,double,"length,mm",Schema declaration; instance not resolved,JointRollGeneralGeometry,ircr,"Candidate: GetDblValueU(field,unit)","Candidate: SetDblValueU(field,value,unit)",Schema field/label confirmed; full path + instance + runtime read not verified,Generic API available; this field write NOT verified,Not eligible for Apply; resolve path and test first,,Check type/enable/visibility rules in source,Resolve actual instance/full path; check ASE vs ACT; selection/enable flags; enum mapping; binding; units; round-trip,<AVL_ROOT>/AWS/appl/clients/excite/res/cpp/rolling_bearings.h,97,Declaring class is context only; struct nesting and array indexing are not resolved
SCH-01031,Power Unit (excite),Rolling Bearings,ra,double,"length,mm",Schema declaration; instance not resolved,JointRollGeneralGeometry,orcr,"Candidate: GetDblValueU(field,unit)","Candidate: SetDblValueU(field,value,unit)",Schema field/label confirmed; full path + instance + runtime read not verified,Generic API available; this field write NOT verified,Not eligible for Apply; resolve path and test first,,Check type/enable/visibility rules in source,Resolve actual instance/full path; check ASE vs ACT; selection/enable flags; enum mapping; binding; units; round-trip,<AVL_ROOT>/AWS/appl/clients/excite/res/cpp/rolling_bearings.h,98,Declaring class is context only; struct nesting and array indexing are not resolved
SCH-01032,Power Unit (excite),Rolling Bearings,rI,double,"length,mm",Schema declaration; instance not resolved,JointRollGeneralGeometry,irlrd,"Candidate: GetDblValueU(field,unit)","Candidate: SetDblValueU(field,value,unit)",Schema field/label confirmed; full path + instance + runtime read not verified,Generic API available; this field write NOT verified,Not eligible for Apply; resolve path and test first,,Check type/enable/visibility rules in source,Resolve actual instance/full path; check ASE vs ACT; selection/enable flags; enum mapping; binding; units; round-trip,<AVL_ROOT>/AWS/appl/clients/excite/res/cpp/rolling_bearings.h,100,Declaring class is context only; struct nesting and array indexing are not resolved
SCH-01033,Power Unit (excite),Rolling Bearings,rA,double,"length,mm",Schema declaration; instance not resolved,JointRollGeneralGeometry,orlrd,"Candidate: GetDblValueU(field,unit)","Candidate: SetDblValueU(field,value,unit)",Schema field/label confirmed; full path + instance + runtime read not verified,Generic API available; this field write NOT verified,Not eligible for Apply; resolve path and test first,,"<visibility=/ndefine.typeSelKey_,class-string,""CRBNU"",""CRBN"",""NRBNU"",""NRBN"",""TRB"">",Resolve actual instance/full path; check ASE vs ACT; selection/enable flags; enum mapping; binding; units; round-trip,<AVL_ROOT>/AWS/appl/clients/excite/res/cpp/rolling_bearings.h,101,Declaring class is context only; struct nesting and array indexing are not resolved
SCH-01034,Power Unit (excite),Rolling Bearings,Leff,double,"length,mm",Schema declaration; instance not resolved,JointRollGeneralGeometry,reel,"Candidate: GetDblValueU(field,unit)","Candidate: SetDblValueU(field,value,unit)",Schema field/label confirmed; full path + instance + runtime read not verified,Generic API available; this field write NOT verified,Not eligible for Apply; resolve path and test first,,"<visibility=/ndefine.typeSelKey_,class-string,""ACBB"",""TRB"">",Resolve actual instance/full path; check ASE vs ACT; selection/enable flags; enum mapping; binding; units; round-trip,<AVL_ROOT>/AWS/appl/clients/excite/res/cpp/rolling_bearings.h,103,Declaring class is context only; struct nesting and array indexing are not resolved
SCH-01035,Power Unit (excite),Rolling Bearings,a0,double,"angle,rad",Schema declaration; instance not resolved,JointRollGeneralGeometry,npand,"Candidate: GetDblValueU(field,unit)","Candidate: SetDblValueU(field,value,unit)",Schema field/label confirmed; full path + instance + runtime read not verified,Generic API available; this field write NOT verified,Not eligible for Apply; resolve path and test first,,Check type/enable/visibility rules in source,Resolve actual instance/full path; check ASE vs ACT; selection/enable flags; enum mapping; binding; units; round-trip,<AVL_ROOT>/AWS/appl/clients/excite/res/cpp/rolling_bearings.h,106,Declaring class is context only; struct nesting and array indexing are not resolved
SCH-01036,Power Unit (excite),Rolling Bearings,DW,double,"length,mm",Schema declaration; instance not resolved,JointRollGeneralGeometry,diamc,"Candidate: GetDblValueU(field,unit)","Candidate: SetDblValueU(field,value,unit)",Schema field/label confirmed; full path + instance + runtime read not verified,Generic API available; this field write NOT verified,Not eligible for Apply; resolve path and test first,,Check type/enable/visibility rules in source,Resolve actual instance/full path; check ASE vs ACT; selection/enable flags; enum mapping; binding; units; round-trip,<AVL_ROOT>/AWS/appl/clients/excite/res/cpp/rolling_bearings.h,112,Declaring class is context only; struct nesting and array indexing are not resolved
SCH-01037,Power Unit (excite),Rolling Bearings,ki,double,"dimensionless,percent",Schema declaration; instance not resolved,JointRollGeneralGeometry,irc,"Candidate: GetDblValueU(field,unit)","Candidate: SetDblValueU(field,value,unit)",Schema field/label confirmed; full path + instance + runtime read not verified,Generic API available; this field write NOT verified,Not eligible for Apply; resolve path and test first,,Check type/enable/visibility rules in source,Resolve actual instance/full path; check ASE vs ACT; selection/enable flags; enum mapping; binding; units; round-trip,<AVL_ROOT>/AWS/appl/clients/excite/res/cpp/rolling_bearings.h,113,Declaring class is context only; struct nesting and array indexing are not resolved
SCH-01038,Power Unit (excite),Rolling Bearings,ka,double,"dimensionless,percent",Schema declaration; instance not resolved,JointRollGeneralGeometry,orc,"Candidate: GetDblValueU(field,unit)","Candidate: SetDblValueU(field,value,unit)",Schema field/label confirmed; full path + instance + runtime read not verified,Generic API available; this field write NOT verified,Not eligible for Apply; resolve path and test first,,"<visibility=/ndefine.typeSelKey_,class-string,""DGBB"">",Resolve actual instance/full path; check ASE vs ACT; selection/enable flags; enum mapping; binding; units; round-trip,<AVL_ROOT>/AWS/appl/clients/excite/res/cpp/rolling_bearings.h,114,Declaring class is context only; struct nesting and array indexing are not resolved
SCH-01039,Power Unit (excite),Rolling Bearings,DP,double,"length,mm",Schema declaration; instance not resolved,JointRollGeneralGeometry,pichd,"Candidate: GetDblValueU(field,unit)","Candidate: SetDblValueU(field,value,unit)",Schema field/label confirmed; full path + instance + runtime read not verified,Generic API available; this field write NOT verified,Not eligible for Apply; resolve path and test first,,Check type/enable/visibility rules in source,Resolve actual instance/full path; check ASE vs ACT; selection/enable flags; enum mapping; binding; units; round-trip,<AVL_ROOT>/AWS/appl/clients/excite/res/cpp/rolling_bearings.h,116,Declaring class is context only; struct nesting and array indexing are not resolved
SCH-01040,Power Unit (excite),Rolling Bearings,Gr,double,"length,mm",Schema declaration; instance not resolved,JointRollGeneralGeometry,trc,"Candidate: GetDblValueU(field,unit)","Candidate: SetDblValueU(field,value,unit)",Schema field/label confirmed; full path + instance + runtime read not verified,Generic API available; this field write NOT verified,Not eligible for Apply; resolve path and test first,,"<visibility=/ndefine.typeSelKey_,class-string,""ACBB"">",Resolve actual instance/full path; check ASE vs ACT; selection/enable flags; enum mapping; binding; units; round-trip,<AVL_ROOT>/AWS/appl/clients/excite/res/cpp/rolling_bearings.h,117,Declaring class is context only; struct nesting and array indexing are not resolved
SCH-01041,Power Unit (excite),Rolling Bearings,rI,double,"length,mm",Schema declaration; instance not resolved,JointRollGeneralGeometry,irlrc,"Candidate: GetDblValueU(field,unit)","Candidate: SetDblValueU(field,value,unit)",Schema field/label confirmed; full path + instance + runtime read not verified,Generic API available; this field write NOT verified,Not eligible for Apply; resolve path and test first,,Check type/enable/visibility rules in source,Resolve actual instance/full path; check ASE vs ACT; selection/enable flags; enum mapping; binding; units; round-trip,<AVL_ROOT>/AWS/appl/clients/excite/res/cpp/rolling_bearings.h,120,Declaring class is context only; struct nesting and array indexing are not resolved
SCH-01042,Power Unit (excite),Rolling Bearings,rA,double,"length,mm",Schema declaration; instance not resolved,JointRollGeneralGeometry,orlrc,"Candidate: GetDblValueU(field,unit)","Candidate: SetDblValueU(field,value,unit)",Schema field/label confirmed; full path + instance + runtime read not verified,Generic API available; this field write NOT verified,Not eligible for Apply; resolve path and test first,,Check type/enable/visibility rules in source,Resolve actual instance/full path; check ASE vs ACT; selection/enable flags; enum mapping; binding; units; round-trip,<AVL_ROOT>/AWS/appl/clients/excite/res/cpp/rolling_bearings.h,121,Declaring class is context only; struct nesting and array indexing are not resolved
SCH-01043,Power Unit (excite),Rolling Bearings,a0,double,"angle,rad",Schema declaration; instance not resolved,JointRollGeneralGeometry,npanc,"Candidate: GetDblValueU(field,unit)","Candidate: SetDblValueU(field,value,unit)",Schema field/label confirmed; full path + instance + runtime read not verified,Generic API available; this field write NOT verified,Not eligible for Apply; resolve path and test first,,Check type/enable/visibility rules in source,Resolve actual instance/full path; check ASE vs ACT; selection/enable flags; enum mapping; binding; units; round-trip,<AVL_ROOT>/AWS/appl/clients/excite/res/cpp/rolling_bearings.h,122,Declaring class is context only; struct nesting and array indexing are not resolved
SCH-01044,Power Unit (excite),Rolling Bearings,n,int,,Schema declaration; instance not resolved,JointRollGeneralGeometry,nroll,Candidate: GetIntValue(field),"Candidate: SetIntValue(field,value)",Schema field/label confirmed; full path + instance + runtime read not verified,Generic API available; this field write NOT verified,Not eligible for Apply; resolve path and test first,,Check type/enable/visibility rules in source,Resolve actual instance/full path; check ASE vs ACT; selection/enable flags; enum mapping; binding; units; round-trip,<AVL_ROOT>/AWS/appl/clients/excite/res/cpp/rolling_bearings.h,129,Declaring class is context only; struct nesting and array indexing are not resolved
SCH-01045,Power Unit (excite),Rolling Bearings,Length of Rolling Element (Leff),ASEenum,,Schema declaration; instance not resolved,JointRollGeneralGeometry,lore,Candidate: GetIntValue(field),"Candidate: SetIntValue(field,value)",Schema field/label confirmed; full path + instance + runtime read not verified,Generic API available; this field write NOT verified,Not eligible for Apply; resolve path and test first,,Check type/enable/visibility rules in source,Resolve actual instance/full path; check ASE vs ACT; selection/enable flags; enum mapping; binding; units; round-trip,<AVL_ROOT>/AWS/appl/clients/excite/res/cpp/rolling_bearings.h,164,"Schema labels: ""Nominal (Leff)"",""Depending on Contact Penetration"""
SCH-01046,Power Unit (excite),Rolling Bearings,Young's Modulus,double,"strength,N_mm2",Schema declaration; instance not resolved,JointRollGeneralMaterial,ymor,"Candidate: GetDblValueU(field,unit)","Candidate: SetDblValueU(field,value,unit)",Schema field/label confirmed; full path + instance + runtime read not verified,Generic API available; this field write NOT verified,Not eligible for Apply; resolve path and test first,,Check type/enable/visibility rules in source,Resolve actual instance/full path; check ASE vs ACT; selection/enable flags; enum mapping; binding; units; round-trip,<AVL_ROOT>/AWS/appl/clients/excite/res/cpp/rolling_bearings.h,179,Declaring class is context only; struct nesting and array indexing are not resolved
SCH-01047,Power Unit (excite),Rolling Bearings,Poisson's Ratio,double,,Schema declaration; instance not resolved,JointRollGeneralMaterial,pror,"Candidate: GetDblValueU(field,unit)","Candidate: SetDblValueU(field,value,unit)",Schema field/label confirmed; full path + instance + runtime read not verified,Generic API available; this field write NOT verified,Not eligible for Apply; resolve path and test first,,Check type/enable/visibility rules in source,Resolve actual instance/full path; check ASE vs ACT; selection/enable flags; enum mapping; binding; units; round-trip,<AVL_ROOT>/AWS/appl/clients/excite/res/cpp/rolling_bearings.h,180,Declaring class is context only; struct nesting and array indexing are not resolved
SCH-01048,Power Unit (excite),Rolling Bearings,Young's Modulus,double,"strength,N_mm2",Schema declaration; instance not resolved,JointRollGeneralMaterial,ymir,"Candidate: GetDblValueU(field,unit)","Candidate: SetDblValueU(field,value,unit)",Schema field/label confirmed; full path + instance + runtime read not verified,Generic API available; this field write NOT verified,Not eligible for Apply; resolve path and test first,,Check type/enable/visibility rules in source,Resolve actual instance/full path; check ASE vs ACT; selection/enable flags; enum mapping; binding; units; round-trip,<AVL_ROOT>/AWS/appl/clients/excite/res/cpp/rolling_bearings.h,184,Declaring class is context only; struct nesting and array indexing are not resolved
SCH-01049,Power Unit (excite),Rolling Bearings,Poisson's Ratio,double,,Schema declaration; instance not resolved,JointRollGeneralMaterial,prir,"Candidate: GetDblValueU(field,unit)","Candidate: SetDblValueU(field,value,unit)",Schema field/label confirmed; full path + instance + runtime read not verified,Generic API available; this field write NOT verified,Not eligible for Apply; resolve path and test first,,Check type/enable/visibility rules in source,Resolve actual instance/full path; check ASE vs ACT; selection/enable flags; enum mapping; binding; units; round-trip,<AVL_ROOT>/AWS/appl/clients/excite/res/cpp/rolling_bearings.h,185,Declaring class is context only; struct nesting and array indexing are not resolved
SCH-01050,Power Unit (excite),Rolling Bearings,Young's Modulus,double,"strength,N_mm2",Schema declaration; instance not resolved,JointRollGeneralMaterial,ymre,"Candidate: GetDblValueU(field,unit)","Candidate: SetDblValueU(field,value,unit)",Schema field/label confirmed; full path + instance + runtime read not verified,Generic API available; this field write NOT verified,Not eligible for Apply; resolve path and test first,,Check type/enable/visibility rules in source,Resolve actual instance/full path; check ASE vs ACT; selection/enable flags; enum mapping; binding; units; round-trip,<AVL_ROOT>/AWS/appl/clients/excite/res/cpp/rolling_bearings.h,189,Declaring class is context only; struct nesting and array indexing are not resolved
SCH-01051,Power Unit (excite),Rolling Bearings,Poisson's Ratio,double,,Schema declaration; instance not resolved,JointRollGeneralMaterial,prre,"Candidate: GetDblValueU(field,unit)","Candidate: SetDblValueU(field,value,unit)",Schema field/label confirmed; full path + instance + runtime read not verified,Generic API available; this field write NOT verified,Not eligible for Apply; resolve path and test first,,Check type/enable/visibility rules in source,Resolve actual instance/full path; check ASE vs ACT; selection/enable flags; enum mapping; binding; units; round-trip,<AVL_ROOT>/AWS/appl/clients/excite/res/cpp/rolling_bearings.h,190,Declaring class is context only; struct nesting and array indexing are not resolved
SCH-01052,Power Unit (excite),Rolling Bearings,Density,double,"density,kg_m3",Schema declaration; instance not resolved,JointRollGeneralMaterial,roll_dens,"Candidate: GetDblValueU(field,unit)","Candidate: SetDblValueU(field,value,unit)",Schema field/label confirmed; full path + instance + runtime read not verified,Generic API available; this field write NOT verified,Not eligible for Apply; resolve path and test first,,Check type/enable/visibility rules in source,Resolve actual instance/full path; check ASE vs ACT; selection/enable flags; enum mapping; binding; units; round-trip,<AVL_ROOT>/AWS/appl/clients/excite/res/cpp/rolling_bearings.h,194,Declaring class is context only; struct nesting and array indexing are not resolved
SCH-01053,Power Unit (excite),Rolling Bearings,Fill Ratio,double,"dimensionless,percent",Schema declaration; instance not resolved,JointRollGeneralMaterial,roll_fill,"Candidate: GetDblValueU(field,unit)","Candidate: SetDblValueU(field,value,unit)",Schema field/label confirmed; full path + instance + runtime read not verified,Generic API available; this field write NOT verified,Not eligible for Apply; resolve path and test first,,Check type/enable/visibility rules in source,Resolve actual instance/full path; check ASE vs ACT; selection/enable flags; enum mapping; binding; units; round-trip,<AVL_ROOT>/AWS/appl/clients/excite/res/cpp/rolling_bearings.h,197,Declaring class is context only; struct nesting and array indexing are not resolved
SCH-01054,Power Unit (excite),Rolling Bearings,Indices of Special Rolling Elements,char*,,Schema declaration; instance not resolved,JointRollGeneralMaterial,isre,Candidate: GetStrValue(field),"Candidate: SetStrValue(field,value)",Schema field/label confirmed; full path + instance + runtime read not verified,Generic API available; this field write NOT verified,Not eligible for Apply; resolve path and test first,,Check type/enable/visibility rules in source,Resolve actual instance/full path; check ASE vs ACT; selection/enable flags; enum mapping; binding; units; round-trip,<AVL_ROOT>/AWS/appl/clients/excite/res/cpp/rolling_bearings.h,205,Declaring class is context only; struct nesting and array indexing are not resolved
SCH-01055,Power Unit (excite),Rolling Bearings,Young's Modulus,double,"strength,N_mm2",Schema declaration; instance not resolved,JointRollGeneralMaterial,ymsre,"Candidate: GetDblValueU(field,unit)","Candidate: SetDblValueU(field,value,unit)",Schema field/label confirmed; full path + instance + runtime read not verified,Generic API available; this field write NOT verified,Not eligible for Apply; resolve path and test first,,Check type/enable/visibility rules in source,Resolve actual instance/full path; check ASE vs ACT; selection/enable flags; enum mapping; binding; units; round-trip,<AVL_ROOT>/AWS/appl/clients/excite/res/cpp/rolling_bearings.h,206,Declaring class is context only; struct nesting and array indexing are not resolved
SCH-01056,Power Unit (excite),Rolling Bearings,Poisson's Ratio,double,,Schema declaration; instance not resolved,JointRollGeneralMaterial,prsre,"Candidate: GetDblValueU(field,unit)","Candidate: SetDblValueU(field,value,unit)",Schema field/label confirmed; full path + instance + runtime read not verified,Generic API available; this field write NOT verified,Not eligible for Apply; resolve path and test first,,Check type/enable/visibility rules in source,Resolve actual instance/full path; check ASE vs ACT; selection/enable flags; enum mapping; binding; units; round-trip,<AVL_ROOT>/AWS/appl/clients/excite/res/cpp/rolling_bearings.h,207,Declaring class is context only; struct nesting and array indexing are not resolved
SCH-01057,Power Unit (excite),Rolling Bearings,Computation Method,ASEenum,,Schema declaration; instance not resolved,JointRollGeneral,comp_mtd,Candidate: GetIntValue(field),"Candidate: SetIntValue(field,value)",Schema field/label confirmed; full path + instance + runtime read not verified,Generic API available; this field write NOT verified,Not eligible for Apply; resolve path and test first,,Check type/enable/visibility rules in source,Resolve actual instance/full path; check ASE vs ACT; selection/enable flags; enum mapping; binding; units; round-trip,<AVL_ROOT>/AWS/appl/clients/excite/res/cpp/rolling_bearings.h,226,"Schema labels: ""Simple"",""New SKF"""
SCH-01058,Power Unit (excite),Rolling Bearings,Map,ASEenum,,Schema declaration; instance not resolved,JointRollMapSettings,bearing_map,Candidate: GetIntValue(field),"Candidate: SetIntValue(field,value)",Schema field/label confirmed; full path + instance + runtime read not verified,Generic API available; this field write NOT verified,Not eligible for Apply; resolve path and test first,,Check type/enable/visibility rules in source,Resolve actual instance/full path; check ASE vs ACT; selection/enable flags; enum mapping; binding; units; round-trip,<AVL_ROOT>/AWS/appl/clients/excite/res/cpp/rolling_bearings.h,242,"Schema labels: ""---"""
SCH-01059,Power Unit (excite),Rolling Bearings,Designation,char*,,Schema declaration; instance not resolved,JointRollMapSettings,map_designation,Candidate: GetStrValue(field),"Candidate: SetStrValue(field,value)",Schema field/label confirmed; full path + instance + runtime read not verified,Generic API available; this field write NOT verified,Not eligible for Apply; resolve path and test first,,Check type/enable/visibility rules in source,Resolve actual instance/full path; check ASE vs ACT; selection/enable flags; enum mapping; binding; units; round-trip,<AVL_ROOT>/AWS/appl/clients/excite/res/cpp/rolling_bearings.h,254,Declaring class is context only; struct nesting and array indexing are not resolved
SCH-01060,Power Unit (excite),Rolling Bearings,Description,char*,,Schema declaration; instance not resolved,JointRollMapSettings,map_description_line,Candidate: GetStrValue(field),"Candidate: SetStrValue(field,value)",Schema field/label confirmed; full path + instance + runtime read not verified,Generic API available; this field write NOT verified,Not eligible for Apply; resolve path and test first,,Check type/enable/visibility rules in source,Resolve actual instance/full path; check ASE vs ACT; selection/enable flags; enum mapping; binding; units; round-trip,<AVL_ROOT>/AWS/appl/clients/excite/res/cpp/rolling_bearings.h,255,Declaring class is context only; struct nesting and array indexing are not resolved
SCH-01061,Power Unit (excite),Rolling Bearings,Threshold Force,double,"force,N",Schema declaration; instance not resolved,JointRollMapSettings,threshf,"Candidate: GetDblValueU(field,unit)","Candidate: SetDblValueU(field,value,unit)",Schema field/label confirmed; full path + instance + runtime read not verified,Generic API available; this field write NOT verified,Not eligible for Apply; resolve path and test first,,Check type/enable/visibility rules in source,Resolve actual instance/full path; check ASE vs ACT; selection/enable flags; enum mapping; binding; units; round-trip,<AVL_ROOT>/AWS/appl/clients/excite/res/cpp/rolling_bearings.h,261,Declaring class is context only; struct nesting and array indexing are not resolved
SCH-01062,Power Unit (excite),Rolling Bearings,Threshold Moment,double,"moment,Nm",Schema declaration; instance not resolved,JointRollMapSettings,threshm,"Candidate: GetDblValueU(field,unit)","Candidate: SetDblValueU(field,value,unit)",Schema field/label confirmed; full path + instance + runtime read not verified,Generic API available; this field write NOT verified,Not eligible for Apply; resolve path and test first,,Check type/enable/visibility rules in source,Resolve actual instance/full path; check ASE vs ACT; selection/enable flags; enum mapping; binding; units; round-trip,<AVL_ROOT>/AWS/appl/clients/excite/res/cpp/rolling_bearings.h,262,Declaring class is context only; struct nesting and array indexing are not resolved
SCH-01063,Power Unit (excite),Rolling Bearings,Consider Ball/Roller Passing,Bool,,Schema declaration; instance not resolved,JointRollMapSettings,cbrp,Candidate: GetIntValue(field),"Candidate: SetIntValue(field,value)",Schema field/label confirmed; full path + instance + runtime read not verified,Generic API available; this field write NOT verified,Not eligible for Apply; resolve path and test first,,Check type/enable/visibility rules in source,Resolve actual instance/full path; check ASE vs ACT; selection/enable flags; enum mapping; binding; units; round-trip,<AVL_ROOT>/AWS/appl/clients/excite/res/cpp/rolling_bearings.h,263,Declaring class is context only; struct nesting and array indexing are not resolved
SCH-01064,Power Unit (excite),Rolling Bearings,Consider Bearing Tilting,Bool,,Schema declaration; instance not resolved,JointRollMapSettings,cbtl,Candidate: GetIntValue(field),"Candidate: SetIntValue(field,value)",Schema field/label confirmed; full path + instance + runtime read not verified,Generic API available; this field write NOT verified,Not eligible for Apply; resolve path and test first,,Check type/enable/visibility rules in source,Resolve actual instance/full path; check ASE vs ACT; selection/enable flags; enum mapping; binding; units; round-trip,<AVL_ROOT>/AWS/appl/clients/excite/res/cpp/rolling_bearings.h,264,Declaring class is context only; struct nesting and array indexing are not resolved
SCH-01065,Power Unit (excite),Rolling Bearings,Damping factor,double,"time,s",Schema declaration; instance not resolved,JointRollDamping,damp,"Candidate: GetDblValueU(field,unit)","Candidate: SetDblValueU(field,value,unit)",Schema field/label confirmed; full path + instance + runtime read not verified,Generic API available; this field write NOT verified,Not eligible for Apply; resolve path and test first,,Check type/enable/visibility rules in source,Resolve actual instance/full path; check ASE vs ACT; selection/enable flags; enum mapping; binding; units; round-trip,<AVL_ROOT>/AWS/appl/clients/excite/res/cpp/rolling_bearings.h,457,Declaring class is context only; struct nesting and array indexing are not resolved
SCH-01066,Power Unit (excite),Rolling Bearings,Proportional Damping Parameter,double,"dimensionless,no",Schema declaration; instance not resolved,JointRollDamping,cdpt,"Candidate: GetDblValueU(field,unit)","Candidate: SetDblValueU(field,value,unit)",Schema field/label confirmed; full path + instance + runtime read not verified,Generic API available; this field write NOT verified,Not eligible for Apply; resolve path and test first,,Check type/enable/visibility rules in source,Resolve actual instance/full path; check ASE vs ACT; selection/enable flags; enum mapping; binding; units; round-trip,<AVL_ROOT>/AWS/appl/clients/excite/res/cpp/rolling_bearings.h,463,Declaring class is context only; struct nesting and array indexing are not resolved
SCH-01067,Power Unit (excite),Rolling Bearings,Constant Damping Parameter,double,"strib_fri_coeff_ad,s_m",Schema declaration; instance not resolved,JointRollDamping,pdpt,"Candidate: GetDblValueU(field,unit)","Candidate: SetDblValueU(field,value,unit)",Schema field/label confirmed; full path + instance + runtime read not verified,Generic API available; this field write NOT verified,Not eligible for Apply; resolve path and test first,,Check type/enable/visibility rules in source,Resolve actual instance/full path; check ASE vs ACT; selection/enable flags; enum mapping; binding; units; round-trip,<AVL_ROOT>/AWS/appl/clients/excite/res/cpp/rolling_bearings.h,464,Declaring class is context only; struct nesting and array indexing are not resolved
SCH-01068,Power Unit (excite),Rolling Bearings,Proportional Damping Parameter,double,"dimensionless,no",Schema declaration; instance not resolved,JointRollDamping,cdpr,"Candidate: GetDblValueU(field,unit)","Candidate: SetDblValueU(field,value,unit)",Schema field/label confirmed; full path + instance + runtime read not verified,Generic API available; this field write NOT verified,Not eligible for Apply; resolve path and test first,,Check type/enable/visibility rules in source,Resolve actual instance/full path; check ASE vs ACT; selection/enable flags; enum mapping; binding; units; round-trip,<AVL_ROOT>/AWS/appl/clients/excite/res/cpp/rolling_bearings.h,470,Declaring class is context only; struct nesting and array indexing are not resolved
SCH-01069,Power Unit (excite),Rolling Bearings,Constant Damping Parameter,double,"time,s",Schema declaration; instance not resolved,JointRollDamping,pdpr,"Candidate: GetDblValueU(field,unit)","Candidate: SetDblValueU(field,value,unit)",Schema field/label confirmed; full path + instance + runtime read not verified,Generic API available; this field write NOT verified,Not eligible for Apply; resolve path and test first,,Check type/enable/visibility rules in source,Resolve actual instance/full path; check ASE vs ACT; selection/enable flags; enum mapping; binding; units; round-trip,<AVL_ROOT>/AWS/appl/clients/excite/res/cpp/rolling_bearings.h,471,Declaring class is context only; struct nesting and array indexing are not resolved
SCH-01070,Power Unit (excite),Rolling Bearings,Friction Coefficient u,double,,Schema declaration; instance not resolved,JointRollFriction,fcdgbb,"Candidate: GetDblValueU(field,unit)","Candidate: SetDblValueU(field,value,unit)",Schema field/label confirmed; full path + instance + runtime read not verified,Generic API available; this field write NOT verified,Not eligible for Apply; resolve path and test first,,"<visibility=/ndefine.typeSelKey_,class-string,""ACBB"">",Resolve actual instance/full path; check ASE vs ACT; selection/enable flags; enum mapping; binding; units; round-trip,<AVL_ROOT>/AWS/appl/clients/excite/res/cpp/rolling_bearings.h,515,Declaring class is context only; struct nesting and array indexing are not resolved
SCH-01071,Power Unit (excite),Rolling Bearings,Friction Coefficient u,double,,Schema declaration; instance not resolved,JointRollFriction,fcacbb,"Candidate: GetDblValueU(field,unit)","Candidate: SetDblValueU(field,value,unit)",Schema field/label confirmed; full path + instance + runtime read not verified,Generic API available; this field write NOT verified,Not eligible for Apply; resolve path and test first,,"<visibility=/ndefine.typeSelKey_,class-string,""CRBN"",""CRBNU"">",Resolve actual instance/full path; check ASE vs ACT; selection/enable flags; enum mapping; binding; units; round-trip,<AVL_ROOT>/AWS/appl/clients/excite/res/cpp/rolling_bearings.h,518,Declaring class is context only; struct nesting and array indexing are not resolved
SCH-01072,Power Unit (excite),Rolling Bearings,Friction Coefficient u,double,,Schema declaration; instance not resolved,JointRollFriction,fccrbn,"Candidate: GetDblValueU(field,unit)","Candidate: SetDblValueU(field,value,unit)",Schema field/label confirmed; full path + instance + runtime read not verified,Generic API available; this field write NOT verified,Not eligible for Apply; resolve path and test first,,"<visibility=/ndefine.typeSelKey_,class-string,""NRBN"",""NRBNU"">",Resolve actual instance/full path; check ASE vs ACT; selection/enable flags; enum mapping; binding; units; round-trip,<AVL_ROOT>/AWS/appl/clients/excite/res/cpp/rolling_bearings.h,521,Declaring class is context only; struct nesting and array indexing are not resolved
SCH-01073,Power Unit (excite),Rolling Bearings,Friction Coefficient u,double,,Schema declaration; instance not resolved,JointRollFriction,fcnrbn,"Candidate: GetDblValueU(field,unit)","Candidate: SetDblValueU(field,value,unit)",Schema field/label confirmed; full path + instance + runtime read not verified,Generic API available; this field write NOT verified,Not eligible for Apply; resolve path and test first,,"<visibility=/ndefine.typeSelKey_,class-string,""TRB"">",Resolve actual instance/full path; check ASE vs ACT; selection/enable flags; enum mapping; binding; units; round-trip,<AVL_ROOT>/AWS/appl/clients/excite/res/cpp/rolling_bearings.h,524,Declaring class is context only; struct nesting and array indexing are not resolved
SCH-01074,Power Unit (excite),Rolling Bearings,Friction Coefficient u,double,,Schema declaration; instance not resolved,JointRollFriction,fctrb,"Candidate: GetDblValueU(field,unit)","Candidate: SetDblValueU(field,value,unit)",Schema field/label confirmed; full path + instance + runtime read not verified,Generic API available; this field write NOT verified,Not eligible for Apply; resolve path and test first,,"<visibility=/ndefine.typeSelKey_,class-string,""BEARINX-Map"">",Resolve actual instance/full path; check ASE vs ACT; selection/enable flags; enum mapping; binding; units; round-trip,<AVL_ROOT>/AWS/appl/clients/excite/res/cpp/rolling_bearings.h,527,Declaring class is context only; struct nesting and array indexing are not resolved
SCH-01075,Power Unit (excite),Rolling Bearings,Friction Coefficient u,double,,Schema declaration; instance not resolved,JointRollFriction,fcbearinx,"Candidate: GetDblValueU(field,unit)","Candidate: SetDblValueU(field,value,unit)",Schema field/label confirmed; full path + instance + runtime read not verified,Generic API available; this field write NOT verified,Not eligible for Apply; resolve path and test first,,Check type/enable/visibility rules in source,Resolve actual instance/full path; check ASE vs ACT; selection/enable flags; enum mapping; binding; units; round-trip,<AVL_ROOT>/AWS/appl/clients/excite/res/cpp/rolling_bearings.h,530,Declaring class is context only; struct nesting and array indexing are not resolved
SCH-01076,Power Unit (excite),Rolling Bearings,Bearing Bore Diameter d,double,"length,m",Schema declaration; instance not resolved,JointRollFriction,bbdd,"Candidate: GetDblValueU(field,unit)","Candidate: SetDblValueU(field,value,unit)",Schema field/label confirmed; full path + instance + runtime read not verified,Generic API available; this field write NOT verified,Not eligible for Apply; resolve path and test first,,Check type/enable/visibility rules in source,Resolve actual instance/full path; check ASE vs ACT; selection/enable flags; enum mapping; binding; units; round-trip,<AVL_ROOT>/AWS/appl/clients/excite/res/cpp/rolling_bearings.h,533,Declaring class is context only; struct nesting and array indexing are not resolved
SCH-01077,Power Unit (excite),Rolling Bearings,Equivalent Dyn. Load Factor - radial X,double,,Schema declaration; instance not resolved,JointRollFriction,edlfrdgbb,"Candidate: GetDblValueU(field,unit)","Candidate: SetDblValueU(field,value,unit)",Schema field/label confirmed; full path + instance + runtime read not verified,Generic API available; this field write NOT verified,Not eligible for Apply; resolve path and test first,,Check type/enable/visibility rules in source,Resolve actual instance/full path; check ASE vs ACT; selection/enable flags; enum mapping; binding; units; round-trip,<AVL_ROOT>/AWS/appl/clients/excite/res/cpp/rolling_bearings.h,536,Declaring class is context only; struct nesting and array indexing are not resolved
SCH-01078,Power Unit (excite),Rolling Bearings,Equivalent Dyn. Load Factor - axial Y,double,,Schema declaration; instance not resolved,JointRollFriction,edlfadgbb,"Candidate: GetDblValueU(field,unit)","Candidate: SetDblValueU(field,value,unit)",Schema field/label confirmed; full path + instance + runtime read not verified,Generic API available; this field write NOT verified,Not eligible for Apply; resolve path and test first,,"<visibility=/ndefine.typeSelKey_,class-string,""ACBB"">",Resolve actual instance/full path; check ASE vs ACT; selection/enable flags; enum mapping; binding; units; round-trip,<AVL_ROOT>/AWS/appl/clients/excite/res/cpp/rolling_bearings.h,537,Declaring class is context only; struct nesting and array indexing are not resolved
SCH-01079,Power Unit (excite),Rolling Bearings,Equivalent Dyn. Load Factor - radial X,double,,Schema declaration; instance not resolved,JointRollFriction,edlfracbb,"Candidate: GetDblValueU(field,unit)","Candidate: SetDblValueU(field,value,unit)",Schema field/label confirmed; full path + instance + runtime read not verified,Generic API available; this field write NOT verified,Not eligible for Apply; resolve path and test first,,Check type/enable/visibility rules in source,Resolve actual instance/full path; check ASE vs ACT; selection/enable flags; enum mapping; binding; units; round-trip,<AVL_ROOT>/AWS/appl/clients/excite/res/cpp/rolling_bearings.h,540,Declaring class is context only; struct nesting and array indexing are not resolved
SCH-01080,Power Unit (excite),Rolling Bearings,Equivalent Dyn. Load Factor - axial Y,double,,Schema declaration; instance not resolved,JointRollFriction,edlfaacbb,"Candidate: GetDblValueU(field,unit)","Candidate: SetDblValueU(field,value,unit)",Schema field/label confirmed; full path + instance + runtime read not verified,Generic API available; this field write NOT verified,Not eligible for Apply; resolve path and test first,,"<visibility=/ndefine.typeSelKey_,class-string,""CRBN"",""CRBNU"">",Resolve actual instance/full path; check ASE vs ACT; selection/enable flags; enum mapping; binding; units; round-trip,<AVL_ROOT>/AWS/appl/clients/excite/res/cpp/rolling_bearings.h,541,Declaring class is context only; struct nesting and array indexing are not resolved
SCH-01081,Power Unit (excite),Rolling Bearings,Equivalent Dyn. Load Factor - radial X,double,,Schema declaration; instance not resolved,JointRollFriction,edlfrcrbn,"Candidate: GetDblValueU(field,unit)","Candidate: SetDblValueU(field,value,unit)",Schema field/label confirmed; full path + instance + runtime read not verified,Generic API available; this field write NOT verified,Not eligible for Apply; resolve path and test first,,Check type/enable/visibility rules in source,Resolve actual instance/full path; check ASE vs ACT; selection/enable flags; enum mapping; binding; units; round-trip,<AVL_ROOT>/AWS/appl/clients/excite/res/cpp/rolling_bearings.h,544,Declaring class is context only; struct nesting and array indexing are not resolved
SCH-01082,Power Unit (excite),Rolling Bearings,Equivalent Dyn. Load Factor - axial Y,double,,Schema declaration; instance not resolved,JointRollFriction,edlfacrbn,"Candidate: GetDblValueU(field,unit)","Candidate: SetDblValueU(field,value,unit)",Schema field/label confirmed; full path + instance + runtime read not verified,Generic API available; this field write NOT verified,Not eligible for Apply; resolve path and test first,,"<visibility=/ndefine.typeSelKey_,class-string,""NRBN"",""NRBNU"">",Resolve actual instance/full path; check ASE vs ACT; selection/enable flags; enum mapping; binding; units; round-trip,<AVL_ROOT>/AWS/appl/clients/excite/res/cpp/rolling_bearings.h,545,Declaring class is context only; struct nesting and array indexing are not resolved
SCH-01083,Power Unit (excite),Rolling Bearings,Equivalent Dyn. Load Factor - radial X,double,,Schema declaration; instance not resolved,JointRollFriction,edlfrnrbn,"Candidate: GetDblValueU(field,unit)","Candidate: SetDblValueU(field,value,unit)",Schema field/label confirmed; full path + instance + runtime read not verified,Generic API available; this field write NOT verified,Not eligible for Apply; resolve path and test first,,Check type/enable/visibility rules in source,Resolve actual instance/full path; check ASE vs ACT; selection/enable flags; enum mapping; binding; units; round-trip,<AVL_ROOT>/AWS/appl/clients/excite/res/cpp/rolling_bearings.h,548,Declaring class is context only; struct nesting and array indexing are not resolved
SCH-01084,Power Unit (excite),Rolling Bearings,Equivalent Dyn. Load Factor - axial Y,double,,Schema declaration; instance not resolved,JointRollFriction,edlfanrbn,"Candidate: GetDblValueU(field,unit)","Candidate: SetDblValueU(field,value,unit)",Schema field/label confirmed; full path + instance + runtime read not verified,Generic API available; this field write NOT verified,Not eligible for Apply; resolve path and test first,,"<visibility=/ndefine.typeSelKey_,class-string,""TRB"">",Resolve actual instance/full path; check ASE vs ACT; selection/enable flags; enum mapping; binding; units; round-trip,<AVL_ROOT>/AWS/appl/clients/excite/res/cpp/rolling_bearings.h,549,Declaring class is context only; struct nesting and array indexing are not resolved
SCH-01085,Power Unit (excite),Rolling Bearings,Equivalent Dyn. Load Factor - radial X,double,,Schema declaration; instance not resolved,JointRollFriction,edlfrtrb,"Candidate: GetDblValueU(field,unit)","Candidate: SetDblValueU(field,value,unit)",Schema field/label confirmed; full path + instance + runtime read not verified,Generic API available; this field write NOT verified,Not eligible for Apply; resolve path and test first,,Check type/enable/visibility rules in source,Resolve actual instance/full path; check ASE vs ACT; selection/enable flags; enum mapping; binding; units; round-trip,<AVL_ROOT>/AWS/appl/clients/excite/res/cpp/rolling_bearings.h,552,Declaring class is context only; struct nesting and array indexing are not resolved
SCH-01086,Power Unit (excite),Rolling Bearings,Equivalent Dyn. Load Factor - axial Y,double,,Schema declaration; instance not resolved,JointRollFriction,edlfatrb,"Candidate: GetDblValueU(field,unit)","Candidate: SetDblValueU(field,value,unit)",Schema field/label confirmed; full path + instance + runtime read not verified,Generic API available; this field write NOT verified,Not eligible for Apply; resolve path and test first,,"<visibility=/ndefine.typeSelKey_,class-string,""BEARINX-Map"">",Resolve actual instance/full path; check ASE vs ACT; selection/enable flags; enum mapping; binding; units; round-trip,<AVL_ROOT>/AWS/appl/clients/excite/res/cpp/rolling_bearings.h,553,Declaring class is context only; struct nesting and array indexing are not resolved
SCH-01087,Power Unit (excite),Rolling Bearings,Equivalent Dyn. Load Factor - radial X,double,,Schema declaration; instance not resolved,JointRollFriction,edlfrbearinx,"Candidate: GetDblValueU(field,unit)","Candidate: SetDblValueU(field,value,unit)",Schema field/label confirmed; full path + instance + runtime read not verified,Generic API available; this field write NOT verified,Not eligible for Apply; resolve path and test first,,Check type/enable/visibility rules in source,Resolve actual instance/full path; check ASE vs ACT; selection/enable flags; enum mapping; binding; units; round-trip,<AVL_ROOT>/AWS/appl/clients/excite/res/cpp/rolling_bearings.h,556,Declaring class is context only; struct nesting and array indexing are not resolved
SCH-01088,Power Unit (excite),Rolling Bearings,Equivalent Dyn. Load Factor - axial Y,double,,Schema declaration; instance not resolved,JointRollFriction,edlfabearinx,"Candidate: GetDblValueU(field,unit)","Candidate: SetDblValueU(field,value,unit)",Schema field/label confirmed; full path + instance + runtime read not verified,Generic API available; this field write NOT verified,Not eligible for Apply; resolve path and test first,,Check type/enable/visibility rules in source,Resolve actual instance/full path; check ASE vs ACT; selection/enable flags; enum mapping; binding; units; round-trip,<AVL_ROOT>/AWS/appl/clients/excite/res/cpp/rolling_bearings.h,557,Declaring class is context only; struct nesting and array indexing are not resolved
SCH-01089,Power Unit (excite),Rolling Bearings,Inner Diameter,double,"length,mm",Schema declaration; instance not resolved,JointRollFriction,inner_diam,"Candidate: GetDblValueU(field,unit)","Candidate: SetDblValueU(field,value,unit)",Schema field/label confirmed; full path + instance + runtime read not verified,Generic API available; this field write NOT verified,Not eligible for Apply; resolve path and test first,,Check type/enable/visibility rules in source,Resolve actual instance/full path; check ASE vs ACT; selection/enable flags; enum mapping; binding; units; round-trip,<AVL_ROOT>/AWS/appl/clients/excite/res/cpp/rolling_bearings.h,563,Declaring class is context only; struct nesting and array indexing are not resolved
SCH-01090,Power Unit (excite),Rolling Bearings,Outer Diameter,double,"length,mm",Schema declaration; instance not resolved,JointRollFriction,outer_diam,"Candidate: GetDblValueU(field,unit)","Candidate: SetDblValueU(field,value,unit)",Schema field/label confirmed; full path + instance + runtime read not verified,Generic API available; this field write NOT verified,Not eligible for Apply; resolve path and test first,,Check type/enable/visibility rules in source,Resolve actual instance/full path; check ASE vs ACT; selection/enable flags; enum mapping; binding; units; round-trip,<AVL_ROOT>/AWS/appl/clients/excite/res/cpp/rolling_bearings.h,564,Declaring class is context only; struct nesting and array indexing are not resolved
SCH-01091,Power Unit (excite),Rolling Bearings,Bearing Width,double,"length,mm",Schema declaration; instance not resolved,JointRollFriction,bear_width,"Candidate: GetDblValueU(field,unit)","Candidate: SetDblValueU(field,value,unit)",Schema field/label confirmed; full path + instance + runtime read not verified,Generic API available; this field write NOT verified,Not eligible for Apply; resolve path and test first,,Check type/enable/visibility rules in source,Resolve actual instance/full path; check ASE vs ACT; selection/enable flags; enum mapping; binding; units; round-trip,<AVL_ROOT>/AWS/appl/clients/excite/res/cpp/rolling_bearings.h,565,Declaring class is context only; struct nesting and array indexing are not resolved
SCH-01092,Power Unit (excite),Rolling Bearings,Speed Factor fspeed,double,"rot_damping,Nms_rad",Schema declaration; instance not resolved,JointRollFriction,spft,"Candidate: GetDblValueU(field,unit)","Candidate: SetDblValueU(field,value,unit)",Schema field/label confirmed; full path + instance + runtime read not verified,Generic API available; this field write NOT verified,Not eligible for Apply; resolve path and test first,,Check type/enable/visibility rules in source,Resolve actual instance/full path; check ASE vs ACT; selection/enable flags; enum mapping; binding; units; round-trip,<AVL_ROOT>/AWS/appl/clients/excite/res/cpp/rolling_bearings.h,575,Declaring class is context only; struct nesting and array indexing are not resolved
SCH-01093,Power Unit (excite),Rolling Bearings,Bearing Series,ASEenum,,Schema declaration; instance not resolved,JointRollFriction,bear_seri,Candidate: GetIntValue(field),"Candidate: SetIntValue(field,value)",Schema field/label confirmed; full path + instance + runtime read not verified,Generic API available; this field write NOT verified,Not eligible for Apply; resolve path and test first,,Check type/enable/visibility rules in source,Resolve actual instance/full path; check ASE vs ACT; selection/enable flags; enum mapping; binding; units; round-trip,<AVL_ROOT>/AWS/appl/clients/excite/res/cpp/rolling_bearings.h,581,"Schema labels: ""2"",""3"""
SCH-01094,Power Unit (excite),Rolling Bearings,Seal Type,ASEenum,,Schema declaration; instance not resolved,JointRollFriction,seal_type,Candidate: GetIntValue(field),"Candidate: SetIntValue(field,value)",Schema field/label confirmed; full path + instance + runtime read not verified,Generic API available; this field write NOT verified,Not eligible for Apply; resolve path and test first,,Check type/enable/visibility rules in source,Resolve actual instance/full path; check ASE vs ACT; selection/enable flags; enum mapping; binding; units; round-trip,<AVL_ROOT>/AWS/appl/clients/excite/res/cpp/rolling_bearings.h,584,"Schema labels: ""N"",""NU"""
SCH-01095,Power Unit (excite),Rolling Bearings,Cage Type,ASEenum,,Schema declaration; instance not resolved,JointRollFriction,cage_type,Candidate: GetIntValue(field),"Candidate: SetIntValue(field,value)",Schema field/label confirmed; full path + instance + runtime read not verified,Generic API available; this field write NOT verified,Not eligible for Apply; resolve path and test first,,Check type/enable/visibility rules in source,Resolve actual instance/full path; check ASE vs ACT; selection/enable flags; enum mapping; binding; units; round-trip,<AVL_ROOT>/AWS/appl/clients/excite/res/cpp/rolling_bearings.h,587,"Schema labels: ""RSL"",""RSH"""
SCH-01096,Power Unit (excite),Rolling Bearings,Torque,double,"moment,Nm",Schema declaration; instance not resolved,JointRollFriction,trqe,"Candidate: GetDblValueU(field,unit)","Candidate: SetDblValueU(field,value,unit)",Schema field/label confirmed; full path + instance + runtime read not verified,Generic API available; this field write NOT verified,Not eligible for Apply; resolve path and test first,,Check type/enable/visibility rules in source,Resolve actual instance/full path; check ASE vs ACT; selection/enable flags; enum mapping; binding; units; round-trip,<AVL_ROOT>/AWS/appl/clients/excite/res/cpp/rolling_bearings.h,595,Declaring class is context only; struct nesting and array indexing are not resolved
SCH-01097,Power Unit (excite),Rolling Bearings,Oil Type,char*,,Schema declaration; instance not resolved,JointRollFriction,oil_type,Candidate: GetStrValue(field),"Candidate: SetStrValue(field,value)",Schema field/label confirmed; full path + instance + runtime read not verified,Generic API available; this field write NOT verified,Not eligible for Apply; resolve path and test first,,<visibility_change>,Resolve actual instance/full path; check ASE vs ACT; selection/enable flags; enum mapping; binding; units; round-trip,<AVL_ROOT>/AWS/appl/clients/excite/res/cpp/rolling_bearings.h,603,Declaring class is context only; struct nesting and array indexing are not resolved
SCH-01098,Power Unit (excite),Rolling Bearings,Use Default,Bool,,Schema declaration; instance not resolved,JointRollFriction,linked,Candidate: GetIntValue(field),"Candidate: SetIntValue(field,value)",Schema field/label confirmed; full path + instance + runtime read not verified,Generic API available; this field write NOT verified,Not eligible for Apply; resolve path and test first,,Check type/enable/visibility rules in source,Resolve actual instance/full path; check ASE vs ACT; selection/enable flags; enum mapping; binding; units; round-trip,<AVL_ROOT>/AWS/appl/clients/excite/res/cpp/rolling_bearings.h,605,Declaring class is context only; struct nesting and array indexing are not resolved
SCH-01099,Power Unit (excite),Rolling Bearings,Use Constant Pressure,Bool,,Schema declaration; instance not resolved,JointRollFriction,cpdv,Candidate: GetIntValue(field),"Candidate: SetIntValue(field,value)",Schema field/label confirmed; full path + instance + runtime read not verified,Generic API available; this field write NOT verified,Not eligible for Apply; resolve path and test first,,Check type/enable/visibility rules in source,Resolve actual instance/full path; check ASE vs ACT; selection/enable flags; enum mapping; binding; units; round-trip,<AVL_ROOT>/AWS/appl/clients/excite/res/cpp/rolling_bearings.h,632,Declaring class is context only; struct nesting and array indexing are not resolved
SCH-01100,Power Unit (excite),Rolling Bearings,Use Constant Temperature,Bool,,Schema declaration; instance not resolved,JointRollFriction,ctdv,Candidate: GetIntValue(field),"Candidate: SetIntValue(field,value)",Schema field/label confirmed; full path + instance + runtime read not verified,Generic API available; this field write NOT verified,Not eligible for Apply; resolve path and test first,,Check type/enable/visibility rules in source,Resolve actual instance/full path; check ASE vs ACT; selection/enable flags; enum mapping; binding; units; round-trip,<AVL_ROOT>/AWS/appl/clients/excite/res/cpp/rolling_bearings.h,634,Declaring class is context only; struct nesting and array indexing are not resolved
SCH-01101,Power Unit (excite),Rolling Bearings,Use Constant Shear Rate,Bool,,Schema declaration; instance not resolved,JointRollFriction,csrdv,Candidate: GetIntValue(field),"Candidate: SetIntValue(field,value)",Schema field/label confirmed; full path + instance + runtime read not verified,Generic API available; this field write NOT verified,Not eligible for Apply; resolve path and test first,,Check type/enable/visibility rules in source,Resolve actual instance/full path; check ASE vs ACT; selection/enable flags; enum mapping; binding; units; round-trip,<AVL_ROOT>/AWS/appl/clients/excite/res/cpp/rolling_bearings.h,636,Declaring class is context only; struct nesting and array indexing are not resolved
SCH-01102,Power Unit (excite),Rolling Bearings,Use Constant Pressure,Bool,,Schema declaration; instance not resolved,JointRollFriction,cpd,Candidate: GetIntValue(field),"Candidate: SetIntValue(field,value)",Schema field/label confirmed; full path + instance + runtime read not verified,Generic API available; this field write NOT verified,Not eligible for Apply; resolve path and test first,,Check type/enable/visibility rules in source,Resolve actual instance/full path; check ASE vs ACT; selection/enable flags; enum mapping; binding; units; round-trip,<AVL_ROOT>/AWS/appl/clients/excite/res/cpp/rolling_bearings.h,670,Declaring class is context only; struct nesting and array indexing are not resolved
SCH-01103,Power Unit (excite),Rolling Bearings,Use Constant Temperature,Bool,,Schema declaration; instance not resolved,JointRollFriction,ctd,Candidate: GetIntValue(field),"Candidate: SetIntValue(field,value)",Schema field/label confirmed; full path + instance + runtime read not verified,Generic API available; this field write NOT verified,Not eligible for Apply; resolve path and test first,,Check type/enable/visibility rules in source,Resolve actual instance/full path; check ASE vs ACT; selection/enable flags; enum mapping; binding; units; round-trip,<AVL_ROOT>/AWS/appl/clients/excite/res/cpp/rolling_bearings.h,672,Declaring class is context only; struct nesting and array indexing are not resolved
SCH-01104,Power Unit (excite),Rolling Bearings,Oil Resistance Factor,double,"dimensionless,no",Schema declaration; instance not resolved,JointRollFriction,orfact,"Candidate: GetDblValueU(field,unit)","Candidate: SetDblValueU(field,value,unit)",Schema field/label confirmed; full path + instance + runtime read not verified,Generic API available; this field write NOT verified,Not eligible for Apply; resolve path and test first,,Check type/enable/visibility rules in source,Resolve actual instance/full path; check ASE vs ACT; selection/enable flags; enum mapping; binding; units; round-trip,<AVL_ROOT>/AWS/appl/clients/excite/res/cpp/rolling_bearings.h,690,Declaring class is context only; struct nesting and array indexing are not resolved
SCH-01105,Power Unit (excite),Rolling Bearings,Oillevel H,double,"length,mm",Schema declaration; instance not resolved,JointRollFriction,olevel,"Candidate: GetDblValueU(field,unit)","Candidate: SetDblValueU(field,value,unit)",Schema field/label confirmed; full path + instance + runtime read not verified,Generic API available; this field write NOT verified,Not eligible for Apply; resolve path and test first,,Check type/enable/visibility rules in source,Resolve actual instance/full path; check ASE vs ACT; selection/enable flags; enum mapping; binding; units; round-trip,<AVL_ROOT>/AWS/appl/clients/excite/res/cpp/rolling_bearings.h,691,Declaring class is context only; struct nesting and array indexing are not resolved
SCH-01106,Power Unit (excite),Rolling Bearings,Max. Static Load Co,double,"force,N",Schema declaration; instance not resolved,JointRollFriction,fmsloadc,"Candidate: GetDblValueU(field,unit)","Candidate: SetDblValueU(field,value,unit)",Schema field/label confirmed; full path + instance + runtime read not verified,Generic API available; this field write NOT verified,Not eligible for Apply; resolve path and test first,,Check type/enable/visibility rules in source,Resolve actual instance/full path; check ASE vs ACT; selection/enable flags; enum mapping; binding; units; round-trip,<AVL_ROOT>/AWS/appl/clients/excite/res/cpp/rolling_bearings.h,701,Declaring class is context only; struct nesting and array indexing are not resolved
SCH-01107,Power Unit (excite),Rolling Bearings,Equivalent Dyn. Load Factor - axial Y,double,"dimensionless,no",Schema declaration; instance not resolved,JointRollFriction,edlf,"Candidate: GetDblValueU(field,unit)","Candidate: SetDblValueU(field,value,unit)",Schema field/label confirmed; full path + instance + runtime read not verified,Generic API available; this field write NOT verified,Not eligible for Apply; resolve path and test first,,Check type/enable/visibility rules in source,Resolve actual instance/full path; check ASE vs ACT; selection/enable flags; enum mapping; binding; units; round-trip,<AVL_ROOT>/AWS/appl/clients/excite/res/cpp/rolling_bearings.h,702,Declaring class is context only; struct nesting and array indexing are not resolved
SCH-01108,Power Unit (excite),Rolling Bearings,Starvation constant Krs,double,"dimensionless,no",Schema declaration; instance not resolved,JointRollFriction,sckrs,"Candidate: GetDblValueU(field,unit)","Candidate: SetDblValueU(field,value,unit)",Schema field/label confirmed; full path + instance + runtime read not verified,Generic API available; this field write NOT verified,Not eligible for Apply; resolve path and test first,,Check type/enable/visibility rules in source,Resolve actual instance/full path; check ASE vs ACT; selection/enable flags; enum mapping; binding; units; round-trip,<AVL_ROOT>/AWS/appl/clients/excite/res/cpp/rolling_bearings.h,703,Declaring class is context only; struct nesting and array indexing are not resolved
SCH-01109,Power Unit (excite),Rolling Bearings,Elastohydrodynamic lubrication coefficient,double,"dimensionless,no",Schema declaration; instance not resolved,JointRollFriction,microEHL,"Candidate: GetDblValueU(field,unit)","Candidate: SetDblValueU(field,value,unit)",Schema field/label confirmed; full path + instance + runtime read not verified,Generic API available; this field write NOT verified,Not eligible for Apply; resolve path and test first,,Check type/enable/visibility rules in source,Resolve actual instance/full path; check ASE vs ACT; selection/enable flags; enum mapping; binding; units; round-trip,<AVL_ROOT>/AWS/appl/clients/excite/res/cpp/rolling_bearings.h,704,Declaring class is context only; struct nesting and array indexing are not resolved
SCH-01110,Power Unit (excite),Rolling Bearings,Boundary lubrication coefficient,double,"dimensionless,no",Schema declaration; instance not resolved,JointRollFriction,microBL,"Candidate: GetDblValueU(field,unit)","Candidate: SetDblValueU(field,value,unit)",Schema field/label confirmed; full path + instance + runtime read not verified,Generic API available; this field write NOT verified,Not eligible for Apply; resolve path and test first,,Check type/enable/visibility rules in source,Resolve actual instance/full path; check ASE vs ACT; selection/enable flags; enum mapping; binding; units; round-trip,<AVL_ROOT>/AWS/appl/clients/excite/res/cpp/rolling_bearings.h,705,Declaring class is context only; struct nesting and array indexing are not resolved
SCH-01111,Power Unit (excite),Oil Supply,Name,char*,,Schema declaration; instance not resolved,OSL_Topology,name,Candidate: GetStrValue(field),"Candidate: SetStrValue(field,value)",Schema field/label confirmed; full path + instance + runtime read not verified,Generic API available; this field write NOT verified,Not eligible for Apply; resolve path and test first,,Check type/enable/visibility rules in source,Resolve actual instance/full path; check ASE vs ACT; selection/enable flags; enum mapping; binding; units; round-trip,<AVL_ROOT>/AWS/appl/clients/excite/res/cpp/oil_supply_line.h,11,Declaring class is context only; struct nesting and array indexing are not resolved
SCH-01112,Power Unit (excite),Oil Supply,Type,char*,,Schema declaration; instance not resolved,OSL_Topology,type,Candidate: GetStrValue(field),"Candidate: SetStrValue(field,value)",Schema field/label confirmed; full path + instance + runtime read not verified,Generic API available; this field write NOT verified,Not eligible for Apply; resolve path and test first,,Check type/enable/visibility rules in source,Resolve actual instance/full path; check ASE vs ACT; selection/enable flags; enum mapping; binding; units; round-trip,<AVL_ROOT>/AWS/appl/clients/excite/res/cpp/oil_supply_line.h,13,"Schema labels: ""Straight Line"", ""T-Line"", ""I-Line"""
SCH-01113,Power Unit (excite),Oil Supply,Global Motion related to,ASEenum,,Schema declaration; instance not resolved,OSL_Topology,gmotion,Candidate: GetIntValue(field),"Candidate: SetIntValue(field,value)",Schema field/label confirmed; full path + instance + runtime read not verified,Generic API available; this field write NOT verified,Not eligible for Apply; resolve path and test first,,Check type/enable/visibility rules in source,Resolve actual instance/full path; check ASE vs ACT; selection/enable flags; enum mapping; binding; units; round-trip,<AVL_ROOT>/AWS/appl/clients/excite/res/cpp/oil_supply_line.h,16,"Schema labels: ""-"""
SCH-01114,Power Unit (excite),Oil Supply,Node 1:,ASEenum,,Schema declaration; instance not resolved,OSL_Topology,_node1,Candidate: GetIntValue(field),"Candidate: SetIntValue(field,value)",Schema field/label confirmed; full path + instance + runtime read not verified,Generic API available; this field write NOT verified,Not eligible for Apply; resolve path and test first,,Check type/enable/visibility rules in source,Resolve actual instance/full path; check ASE vs ACT; selection/enable flags; enum mapping; binding; units; round-trip,<AVL_ROOT>/AWS/appl/clients/excite/res/cpp/oil_supply_line.h,23,"Schema labels: ""-"""
SCH-01115,Power Unit (excite),Oil Supply,Node 2:,ASEenum,,Schema declaration; instance not resolved,OSL_Topology,_node2,Candidate: GetIntValue(field),"Candidate: SetIntValue(field,value)",Schema field/label confirmed; full path + instance + runtime read not verified,Generic API available; this field write NOT verified,Not eligible for Apply; resolve path and test first,,Check type/enable/visibility rules in source,Resolve actual instance/full path; check ASE vs ACT; selection/enable flags; enum mapping; binding; units; round-trip,<AVL_ROOT>/AWS/appl/clients/excite/res/cpp/oil_supply_line.h,26,"Schema labels: ""-"""
SCH-01116,Power Unit (excite),Oil Supply,Node 3:,ASEenum,,Schema declaration; instance not resolved,OSL_Topology,_node3,Candidate: GetIntValue(field),"Candidate: SetIntValue(field,value)",Schema field/label confirmed; full path + instance + runtime read not verified,Generic API available; this field write NOT verified,Not eligible for Apply; resolve path and test first,,Check type/enable/visibility rules in source,Resolve actual instance/full path; check ASE vs ACT; selection/enable flags; enum mapping; binding; units; round-trip,<AVL_ROOT>/AWS/appl/clients/excite/res/cpp/oil_supply_line.h,29,"Schema labels: ""-"""
SCH-01117,Power Unit (excite),Oil Supply,Node 4:,ASEenum,,Schema declaration; instance not resolved,OSL_Topology,_node4,Candidate: GetIntValue(field),"Candidate: SetIntValue(field,value)",Schema field/label confirmed; full path + instance + runtime read not verified,Generic API available; this field write NOT verified,Not eligible for Apply; resolve path and test first,,Check type/enable/visibility rules in source,Resolve actual instance/full path; check ASE vs ACT; selection/enable flags; enum mapping; binding; units; round-trip,<AVL_ROOT>/AWS/appl/clients/excite/res/cpp/oil_supply_line.h,32,"Schema labels: ""-"""
SCH-01118,Power Unit (excite),Oil Supply,Node 5:,ASEenum,,Schema declaration; instance not resolved,OSL_Topology,_node5,Candidate: GetIntValue(field),"Candidate: SetIntValue(field,value)",Schema field/label confirmed; full path + instance + runtime read not verified,Generic API available; this field write NOT verified,Not eligible for Apply; resolve path and test first,,Check type/enable/visibility rules in source,Resolve actual instance/full path; check ASE vs ACT; selection/enable flags; enum mapping; binding; units; round-trip,<AVL_ROOT>/AWS/appl/clients/excite/res/cpp/oil_supply_line.h,35,"Schema labels: ""-"""
SCH-01119,Power Unit (excite),Oil Supply,Node 6:,ASEenum,,Schema declaration; instance not resolved,OSL_Topology,_node6,Candidate: GetIntValue(field),"Candidate: SetIntValue(field,value)",Schema field/label confirmed; full path + instance + runtime read not verified,Generic API available; this field write NOT verified,Not eligible for Apply; resolve path and test first,,Check type/enable/visibility rules in source,Resolve actual instance/full path; check ASE vs ACT; selection/enable flags; enum mapping; binding; units; round-trip,<AVL_ROOT>/AWS/appl/clients/excite/res/cpp/oil_supply_line.h,38,"Schema labels: ""-"""
SCH-01120,Power Unit (excite),Oil Supply,Node 7:,ASEenum,,Schema declaration; instance not resolved,OSL_Topology,_node7,Candidate: GetIntValue(field),"Candidate: SetIntValue(field,value)",Schema field/label confirmed; full path + instance + runtime read not verified,Generic API available; this field write NOT verified,Not eligible for Apply; resolve path and test first,,Check type/enable/visibility rules in source,Resolve actual instance/full path; check ASE vs ACT; selection/enable flags; enum mapping; binding; units; round-trip,<AVL_ROOT>/AWS/appl/clients/excite/res/cpp/oil_supply_line.h,41,"Schema labels: ""-"""
SCH-01121,Power Unit (excite),Oil Supply,Node 8:,ASEenum,,Schema declaration; instance not resolved,OSL_Topology,_node8,Candidate: GetIntValue(field),"Candidate: SetIntValue(field,value)",Schema field/label confirmed; full path + instance + runtime read not verified,Generic API available; this field write NOT verified,Not eligible for Apply; resolve path and test first,,Check type/enable/visibility rules in source,Resolve actual instance/full path; check ASE vs ACT; selection/enable flags; enum mapping; binding; units; round-trip,<AVL_ROOT>/AWS/appl/clients/excite/res/cpp/oil_supply_line.h,44,"Schema labels: ""-"""
SCH-01122,Power Unit (excite),Oil Supply,Node 9:,ASEenum,,Schema declaration; instance not resolved,OSL_Topology,_node9,Candidate: GetIntValue(field),"Candidate: SetIntValue(field,value)",Schema field/label confirmed; full path + instance + runtime read not verified,Generic API available; this field write NOT verified,Not eligible for Apply; resolve path and test first,,Check type/enable/visibility rules in source,Resolve actual instance/full path; check ASE vs ACT; selection/enable flags; enum mapping; binding; units; round-trip,<AVL_ROOT>/AWS/appl/clients/excite/res/cpp/oil_supply_line.h,47,"Schema labels: ""-"""
SCH-01123,Power Unit (excite),Oil Supply,Node 10:,ASEenum,,Schema declaration; instance not resolved,OSL_Topology,_node10,Candidate: GetIntValue(field),"Candidate: SetIntValue(field,value)",Schema field/label confirmed; full path + instance + runtime read not verified,Generic API available; this field write NOT verified,Not eligible for Apply; resolve path and test first,,Check type/enable/visibility rules in source,Resolve actual instance/full path; check ASE vs ACT; selection/enable flags; enum mapping; binding; units; round-trip,<AVL_ROOT>/AWS/appl/clients/excite/res/cpp/oil_supply_line.h,50,"Schema labels: ""-"""
SCH-01124,Power Unit (excite),Oil Supply,Node 11:,ASEenum,,Schema declaration; instance not resolved,OSL_Topology,_node11,Candidate: GetIntValue(field),"Candidate: SetIntValue(field,value)",Schema field/label confirmed; full path + instance + runtime read not verified,Generic API available; this field write NOT verified,Not eligible for Apply; resolve path and test first,,Check type/enable/visibility rules in source,Resolve actual instance/full path; check ASE vs ACT; selection/enable flags; enum mapping; binding; units; round-trip,<AVL_ROOT>/AWS/appl/clients/excite/res/cpp/oil_supply_line.h,53,"Schema labels: ""-"""
SCH-01125,Power Unit (excite),Oil Supply,Node 12:,ASEenum,,Schema declaration; instance not resolved,OSL_Topology,_node12,Candidate: GetIntValue(field),"Candidate: SetIntValue(field,value)",Schema field/label confirmed; full path + instance + runtime read not verified,Generic API available; this field write NOT verified,Not eligible for Apply; resolve path and test first,,Check type/enable/visibility rules in source,Resolve actual instance/full path; check ASE vs ACT; selection/enable flags; enum mapping; binding; units; round-trip,<AVL_ROOT>/AWS/appl/clients/excite/res/cpp/oil_supply_line.h,56,"Schema labels: ""-"""
SCH-01126,Power Unit (excite),Oil Supply,"HD Nodes (pressure, flow and oil column length to lines)",Bool,,Schema declaration; instance not resolved,OSL_Results,b_nodes,Candidate: GetIntValue(field),"Candidate: SetIntValue(field,value)",Schema field/label confirmed; full path + instance + runtime read not verified,Generic API available; this field write NOT verified,Not eligible for Apply; resolve path and test first,,Check type/enable/visibility rules in source,Resolve actual instance/full path; check ASE vs ACT; selection/enable flags; enum mapping; binding; units; round-trip,<AVL_ROOT>/AWS/appl/clients/excite/res/cpp/oil_supply_line.h,121,Declaring class is context only; struct nesting and array indexing are not resolved
SCH-01127,Power Unit (excite),Oil Supply,HD Lines (min. pressure),Bool,,Schema declaration; instance not resolved,OSL_Results,b_lines,Candidate: GetIntValue(field),"Candidate: SetIntValue(field,value)",Schema field/label confirmed; full path + instance + runtime read not verified,Generic API available; this field write NOT verified,Not eligible for Apply; resolve path and test first,,Check type/enable/visibility rules in source,Resolve actual instance/full path; check ASE vs ACT; selection/enable flags; enum mapping; binding; units; round-trip,<AVL_ROOT>/AWS/appl/clients/excite/res/cpp/oil_supply_line.h,122,Declaring class is context only; struct nesting and array indexing are not resolved
SCH-01128,Power Unit (excite),Oil Supply,Measuring Points on HD Lines (pressure),Bool,,Schema declaration; instance not resolved,OSL_Results,b_point,Candidate: GetIntValue(field),"Candidate: SetIntValue(field,value)",Schema field/label confirmed; full path + instance + runtime read not verified,Generic API available; this field write NOT verified,Not eligible for Apply; resolve path and test first,,<visibility_change>,Resolve actual instance/full path; check ASE vs ACT; selection/enable flags; enum mapping; binding; units; round-trip,<AVL_ROOT>/AWS/appl/clients/excite/res/cpp/oil_supply_line.h,123,Declaring class is context only; struct nesting and array indexing are not resolved
SCH-01129,Power Unit (excite),Oil Supply,File Name,char*,,Schema declaration; instance not resolved,VariableTable,file,Candidate: GetStrValue(field),"Candidate: SetStrValue(field,value)",Schema field/label confirmed; full path + instance + runtime read not verified,Generic API available; this field write NOT verified,Not eligible for Apply; resolve path and test first,,Check type/enable/visibility rules in source,Resolve actual instance/full path; check ASE vs ACT; selection/enable flags; enum mapping; binding; units; round-trip,<AVL_ROOT>/AWS/appl/clients/excite/res/cpp/oil_supply_line.h,175,Declaring class is context only; struct nesting and array indexing are not resolved
SCH-01130,Power Unit (excite),Oil Supply,Automatic Reload,Bool,,Schema declaration; instance not resolved,VariableTable,aut_rel,Candidate: GetIntValue(field),"Candidate: SetIntValue(field,value)",Schema field/label confirmed; full path + instance + runtime read not verified,Generic API available; this field write NOT verified,Not eligible for Apply; resolve path and test first,,Check type/enable/visibility rules in source,Resolve actual instance/full path; check ASE vs ACT; selection/enable flags; enum mapping; binding; units; round-trip,<AVL_ROOT>/AWS/appl/clients/excite/res/cpp/oil_supply_line.h,178,Declaring class is context only; struct nesting and array indexing are not resolved
SCH-01131,Power Unit (excite),Oil Supply,Use Data File Path Parameter,Bool,,Schema declaration; instance not resolved,VariableTable,def_pat,Candidate: GetIntValue(field),"Candidate: SetIntValue(field,value)",Schema field/label confirmed; full path + instance + runtime read not verified,Generic API available; this field write NOT verified,Not eligible for Apply; resolve path and test first,,Check type/enable/visibility rules in source,Resolve actual instance/full path; check ASE vs ACT; selection/enable flags; enum mapping; binding; units; round-trip,<AVL_ROOT>/AWS/appl/clients/excite/res/cpp/oil_supply_line.h,181,Declaring class is context only; struct nesting and array indexing are not resolved
SCH-01132,Power Unit (excite),Oil Supply,Constant Pressure,double,"pressure,Pa",Schema declaration; instance not resolved,OSL_HDNodes,pres1,"Candidate: GetDblValueU(field,unit)","Candidate: SetDblValueU(field,value,unit)",Schema field/label confirmed; full path + instance + runtime read not verified,Generic API available; this field write NOT verified,Not eligible for Apply; resolve path and test first,,Check type/enable/visibility rules in source,Resolve actual instance/full path; check ASE vs ACT; selection/enable flags; enum mapping; binding; units; round-trip,<AVL_ROOT>/AWS/appl/clients/excite/res/cpp/oil_supply_line.h,212,Declaring class is context only; struct nesting and array indexing are not resolved
SCH-01133,Power Unit (excite),Oil Supply,Constant Volume Flow,double,"volflow,mm3_s",Schema declaration; instance not resolved,OSL_HDNodes,flow1,"Candidate: GetDblValueU(field,unit)","Candidate: SetDblValueU(field,value,unit)",Schema field/label confirmed; full path + instance + runtime read not verified,Generic API available; this field write NOT verified,Not eligible for Apply; resolve path and test first,,Check type/enable/visibility rules in source,Resolve actual instance/full path; check ASE vs ACT; selection/enable flags; enum mapping; binding; units; round-trip,<AVL_ROOT>/AWS/appl/clients/excite/res/cpp/oil_supply_line.h,213,Declaring class is context only; struct nesting and array indexing are not resolved
SCH-01134,Power Unit (excite),Oil Supply,Type of Connection,ASEenum,,Schema declaration; instance not resolved,OSL_HDNodes,typec1,Candidate: GetIntValue(field),"Candidate: SetIntValue(field,value)",Schema field/label confirmed; full path + instance + runtime read not verified,Generic API available; this field write NOT verified,Not eligible for Apply; resolve path and test first,,Check type/enable/visibility rules in source,Resolve actual instance/full path; check ASE vs ACT; selection/enable flags; enum mapping; binding; units; round-trip,<AVL_ROOT>/AWS/appl/clients/excite/res/cpp/oil_supply_line.h,216,"Schema labels: ""Arbitrary"", ""Straight"""
SCH-01135,Power Unit (excite),Oil Supply,Constant Pressure,double,"pressure,Pa",Schema declaration; instance not resolved,OSL_HDNodes,pres2,"Candidate: GetDblValueU(field,unit)","Candidate: SetDblValueU(field,value,unit)",Schema field/label confirmed; full path + instance + runtime read not verified,Generic API available; this field write NOT verified,Not eligible for Apply; resolve path and test first,,Check type/enable/visibility rules in source,Resolve actual instance/full path; check ASE vs ACT; selection/enable flags; enum mapping; binding; units; round-trip,<AVL_ROOT>/AWS/appl/clients/excite/res/cpp/oil_supply_line.h,227,Declaring class is context only; struct nesting and array indexing are not resolved
SCH-01136,Power Unit (excite),Oil Supply,Constant Volume Flow,double,"volflow,mm3_s",Schema declaration; instance not resolved,OSL_HDNodes,flow2,"Candidate: GetDblValueU(field,unit)","Candidate: SetDblValueU(field,value,unit)",Schema field/label confirmed; full path + instance + runtime read not verified,Generic API available; this field write NOT verified,Not eligible for Apply; resolve path and test first,,Check type/enable/visibility rules in source,Resolve actual instance/full path; check ASE vs ACT; selection/enable flags; enum mapping; binding; units; round-trip,<AVL_ROOT>/AWS/appl/clients/excite/res/cpp/oil_supply_line.h,228,Declaring class is context only; struct nesting and array indexing are not resolved
SCH-01137,Power Unit (excite),Oil Supply,Type of Connection,ASEenum,,Schema declaration; instance not resolved,OSL_HDNodes,typec2,Candidate: GetIntValue(field),"Candidate: SetIntValue(field,value)",Schema field/label confirmed; full path + instance + runtime read not verified,Generic API available; this field write NOT verified,Not eligible for Apply; resolve path and test first,,Check type/enable/visibility rules in source,Resolve actual instance/full path; check ASE vs ACT; selection/enable flags; enum mapping; binding; units; round-trip,<AVL_ROOT>/AWS/appl/clients/excite/res/cpp/oil_supply_line.h,231,"Schema labels: ""Arbitrary"", ""Straight"""
SCH-01138,Power Unit (excite),Oil Supply,Constant Pressure,double,"pressure,Pa",Schema declaration; instance not resolved,OSL_HDNodes,pres3,"Candidate: GetDblValueU(field,unit)","Candidate: SetDblValueU(field,value,unit)",Schema field/label confirmed; full path + instance + runtime read not verified,Generic API available; this field write NOT verified,Not eligible for Apply; resolve path and test first,,Check type/enable/visibility rules in source,Resolve actual instance/full path; check ASE vs ACT; selection/enable flags; enum mapping; binding; units; round-trip,<AVL_ROOT>/AWS/appl/clients/excite/res/cpp/oil_supply_line.h,242,Declaring class is context only; struct nesting and array indexing are not resolved
SCH-01139,Power Unit (excite),Oil Supply,Constant Volume Flow,double,"volflow,mm3_s",Schema declaration; instance not resolved,OSL_HDNodes,flow3,"Candidate: GetDblValueU(field,unit)","Candidate: SetDblValueU(field,value,unit)",Schema field/label confirmed; full path + instance + runtime read not verified,Generic API available; this field write NOT verified,Not eligible for Apply; resolve path and test first,,Check type/enable/visibility rules in source,Resolve actual instance/full path; check ASE vs ACT; selection/enable flags; enum mapping; binding; units; round-trip,<AVL_ROOT>/AWS/appl/clients/excite/res/cpp/oil_supply_line.h,243,Declaring class is context only; struct nesting and array indexing are not resolved
SCH-01140,Power Unit (excite),Oil Supply,Type of Connection,ASEenum,,Schema declaration; instance not resolved,OSL_HDNodes,typec3,Candidate: GetIntValue(field),"Candidate: SetIntValue(field,value)",Schema field/label confirmed; full path + instance + runtime read not verified,Generic API available; this field write NOT verified,Not eligible for Apply; resolve path and test first,,Check type/enable/visibility rules in source,Resolve actual instance/full path; check ASE vs ACT; selection/enable flags; enum mapping; binding; units; round-trip,<AVL_ROOT>/AWS/appl/clients/excite/res/cpp/oil_supply_line.h,246,"Schema labels: ""Arbitrary"", ""Straight"""
SCH-01141,Power Unit (excite),Oil Supply,Constant Pressure,double,"pressure,Pa",Schema declaration; instance not resolved,OSL_HDNodes,pres4,"Candidate: GetDblValueU(field,unit)","Candidate: SetDblValueU(field,value,unit)",Schema field/label confirmed; full path + instance + runtime read not verified,Generic API available; this field write NOT verified,Not eligible for Apply; resolve path and test first,,Check type/enable/visibility rules in source,Resolve actual instance/full path; check ASE vs ACT; selection/enable flags; enum mapping; binding; units; round-trip,<AVL_ROOT>/AWS/appl/clients/excite/res/cpp/oil_supply_line.h,257,Declaring class is context only; struct nesting and array indexing are not resolved
SCH-01142,Power Unit (excite),Oil Supply,Constant Volume Flow,double,"volflow,mm3_s",Schema declaration; instance not resolved,OSL_HDNodes,flow4,"Candidate: GetDblValueU(field,unit)","Candidate: SetDblValueU(field,value,unit)",Schema field/label confirmed; full path + instance + runtime read not verified,Generic API available; this field write NOT verified,Not eligible for Apply; resolve path and test first,,Check type/enable/visibility rules in source,Resolve actual instance/full path; check ASE vs ACT; selection/enable flags; enum mapping; binding; units; round-trip,<AVL_ROOT>/AWS/appl/clients/excite/res/cpp/oil_supply_line.h,258,Declaring class is context only; struct nesting and array indexing are not resolved
SCH-01143,Power Unit (excite),Oil Supply,Type of Connection,ASEenum,,Schema declaration; instance not resolved,OSL_HDNodes,typec4,Candidate: GetIntValue(field),"Candidate: SetIntValue(field,value)",Schema field/label confirmed; full path + instance + runtime read not verified,Generic API available; this field write NOT verified,Not eligible for Apply; resolve path and test first,,Check type/enable/visibility rules in source,Resolve actual instance/full path; check ASE vs ACT; selection/enable flags; enum mapping; binding; units; round-trip,<AVL_ROOT>/AWS/appl/clients/excite/res/cpp/oil_supply_line.h,261,"Schema labels: ""Arbitrary"", ""Straight"""
SCH-01144,Power Unit (excite),Oil Supply,Constant Pressure,double,"pressure,Pa",Schema declaration; instance not resolved,OSL_HDNodes,pres5,"Candidate: GetDblValueU(field,unit)","Candidate: SetDblValueU(field,value,unit)",Schema field/label confirmed; full path + instance + runtime read not verified,Generic API available; this field write NOT verified,Not eligible for Apply; resolve path and test first,,Check type/enable/visibility rules in source,Resolve actual instance/full path; check ASE vs ACT; selection/enable flags; enum mapping; binding; units; round-trip,<AVL_ROOT>/AWS/appl/clients/excite/res/cpp/oil_supply_line.h,272,Declaring class is context only; struct nesting and array indexing are not resolved
SCH-01145,Power Unit (excite),Oil Supply,Constant Volume Flow,double,"volflow,mm3_s",Schema declaration; instance not resolved,OSL_HDNodes,flow5,"Candidate: GetDblValueU(field,unit)","Candidate: SetDblValueU(field,value,unit)",Schema field/label confirmed; full path + instance + runtime read not verified,Generic API available; this field write NOT verified,Not eligible for Apply; resolve path and test first,,Check type/enable/visibility rules in source,Resolve actual instance/full path; check ASE vs ACT; selection/enable flags; enum mapping; binding; units; round-trip,<AVL_ROOT>/AWS/appl/clients/excite/res/cpp/oil_supply_line.h,273,Declaring class is context only; struct nesting and array indexing are not resolved
SCH-01146,Power Unit (excite),Oil Supply,Type of Connection,ASEenum,,Schema declaration; instance not resolved,OSL_HDNodes,typec5,Candidate: GetIntValue(field),"Candidate: SetIntValue(field,value)",Schema field/label confirmed; full path + instance + runtime read not verified,Generic API available; this field write NOT verified,Not eligible for Apply; resolve path and test first,,Check type/enable/visibility rules in source,Resolve actual instance/full path; check ASE vs ACT; selection/enable flags; enum mapping; binding; units; round-trip,<AVL_ROOT>/AWS/appl/clients/excite/res/cpp/oil_supply_line.h,276,"Schema labels: ""Arbitrary"", ""Straight"""
SCH-01147,Power Unit (excite),Oil Supply,Constant Pressure,double,"pressure,Pa",Schema declaration; instance not resolved,OSL_HDNodes,pres6,"Candidate: GetDblValueU(field,unit)","Candidate: SetDblValueU(field,value,unit)",Schema field/label confirmed; full path + instance + runtime read not verified,Generic API available; this field write NOT verified,Not eligible for Apply; resolve path and test first,,Check type/enable/visibility rules in source,Resolve actual instance/full path; check ASE vs ACT; selection/enable flags; enum mapping; binding; units; round-trip,<AVL_ROOT>/AWS/appl/clients/excite/res/cpp/oil_supply_line.h,287,Declaring class is context only; struct nesting and array indexing are not resolved
SCH-01148,Power Unit (excite),Oil Supply,Constant Volume Flow,double,"volflow,mm3_s",Schema declaration; instance not resolved,OSL_HDNodes,flow6,"Candidate: GetDblValueU(field,unit)","Candidate: SetDblValueU(field,value,unit)",Schema field/label confirmed; full path + instance + runtime read not verified,Generic API available; this field write NOT verified,Not eligible for Apply; resolve path and test first,,Check type/enable/visibility rules in source,Resolve actual instance/full path; check ASE vs ACT; selection/enable flags; enum mapping; binding; units; round-trip,<AVL_ROOT>/AWS/appl/clients/excite/res/cpp/oil_supply_line.h,288,Declaring class is context only; struct nesting and array indexing are not resolved
SCH-01149,Power Unit (excite),Oil Supply,Type of Connection,ASEenum,,Schema declaration; instance not resolved,OSL_HDNodes,typec6,Candidate: GetIntValue(field),"Candidate: SetIntValue(field,value)",Schema field/label confirmed; full path + instance + runtime read not verified,Generic API available; this field write NOT verified,Not eligible for Apply; resolve path and test first,,Check type/enable/visibility rules in source,Resolve actual instance/full path; check ASE vs ACT; selection/enable flags; enum mapping; binding; units; round-trip,<AVL_ROOT>/AWS/appl/clients/excite/res/cpp/oil_supply_line.h,291,"Schema labels: ""Arbitrary"", ""Straight"""
SCH-01150,Power Unit (excite),Oil Supply,Constant Pressure,double,"pressure,Pa",Schema declaration; instance not resolved,OSL_HDNodes,pres7,"Candidate: GetDblValueU(field,unit)","Candidate: SetDblValueU(field,value,unit)",Schema field/label confirmed; full path + instance + runtime read not verified,Generic API available; this field write NOT verified,Not eligible for Apply; resolve path and test first,,Check type/enable/visibility rules in source,Resolve actual instance/full path; check ASE vs ACT; selection/enable flags; enum mapping; binding; units; round-trip,<AVL_ROOT>/AWS/appl/clients/excite/res/cpp/oil_supply_line.h,302,Declaring class is context only; struct nesting and array indexing are not resolved
SCH-01151,Power Unit (excite),Oil Supply,Constant Volume Flow,double,"volflow,mm3_s",Schema declaration; instance not resolved,OSL_HDNodes,flow7,"Candidate: GetDblValueU(field,unit)","Candidate: SetDblValueU(field,value,unit)",Schema field/label confirmed; full path + instance + runtime read not verified,Generic API available; this field write NOT verified,Not eligible for Apply; resolve path and test first,,Check type/enable/visibility rules in source,Resolve actual instance/full path; check ASE vs ACT; selection/enable flags; enum mapping; binding; units; round-trip,<AVL_ROOT>/AWS/appl/clients/excite/res/cpp/oil_supply_line.h,303,Declaring class is context only; struct nesting and array indexing are not resolved
SCH-01152,Power Unit (excite),Oil Supply,Type of Connection,ASEenum,,Schema declaration; instance not resolved,OSL_HDNodes,typec7,Candidate: GetIntValue(field),"Candidate: SetIntValue(field,value)",Schema field/label confirmed; full path + instance + runtime read not verified,Generic API available; this field write NOT verified,Not eligible for Apply; resolve path and test first,,Check type/enable/visibility rules in source,Resolve actual instance/full path; check ASE vs ACT; selection/enable flags; enum mapping; binding; units; round-trip,<AVL_ROOT>/AWS/appl/clients/excite/res/cpp/oil_supply_line.h,306,"Schema labels: ""Arbitrary"", ""Straight"""
SCH-01153,Power Unit (excite),Oil Supply,Constant Pressure,double,"pressure,Pa",Schema declaration; instance not resolved,OSL_HDNodes,pres8,"Candidate: GetDblValueU(field,unit)","Candidate: SetDblValueU(field,value,unit)",Schema field/label confirmed; full path + instance + runtime read not verified,Generic API available; this field write NOT verified,Not eligible for Apply; resolve path and test first,,Check type/enable/visibility rules in source,Resolve actual instance/full path; check ASE vs ACT; selection/enable flags; enum mapping; binding; units; round-trip,<AVL_ROOT>/AWS/appl/clients/excite/res/cpp/oil_supply_line.h,317,Declaring class is context only; struct nesting and array indexing are not resolved
SCH-01154,Power Unit (excite),Oil Supply,Constant Volume Flow,double,"volflow,mm3_s",Schema declaration; instance not resolved,OSL_HDNodes,flow8,"Candidate: GetDblValueU(field,unit)","Candidate: SetDblValueU(field,value,unit)",Schema field/label confirmed; full path + instance + runtime read not verified,Generic API available; this field write NOT verified,Not eligible for Apply; resolve path and test first,,Check type/enable/visibility rules in source,Resolve actual instance/full path; check ASE vs ACT; selection/enable flags; enum mapping; binding; units; round-trip,<AVL_ROOT>/AWS/appl/clients/excite/res/cpp/oil_supply_line.h,318,Declaring class is context only; struct nesting and array indexing are not resolved
SCH-01155,Power Unit (excite),Oil Supply,Type of Connection,ASEenum,,Schema declaration; instance not resolved,OSL_HDNodes,typec8,Candidate: GetIntValue(field),"Candidate: SetIntValue(field,value)",Schema field/label confirmed; full path + instance + runtime read not verified,Generic API available; this field write NOT verified,Not eligible for Apply; resolve path and test first,,Check type/enable/visibility rules in source,Resolve actual instance/full path; check ASE vs ACT; selection/enable flags; enum mapping; binding; units; round-trip,<AVL_ROOT>/AWS/appl/clients/excite/res/cpp/oil_supply_line.h,321,"Schema labels: ""Arbitrary"", ""Straight"""
SCH-01156,Power Unit (excite),Oil Supply,Constant Pressure,double,"pressure,Pa",Schema declaration; instance not resolved,OSL_HDNodes,pres9,"Candidate: GetDblValueU(field,unit)","Candidate: SetDblValueU(field,value,unit)",Schema field/label confirmed; full path + instance + runtime read not verified,Generic API available; this field write NOT verified,Not eligible for Apply; resolve path and test first,,Check type/enable/visibility rules in source,Resolve actual instance/full path; check ASE vs ACT; selection/enable flags; enum mapping; binding; units; round-trip,<AVL_ROOT>/AWS/appl/clients/excite/res/cpp/oil_supply_line.h,332,Declaring class is context only; struct nesting and array indexing are not resolved
SCH-01157,Power Unit (excite),Oil Supply,Constant Volume Flow,double,"volflow,mm3_s",Schema declaration; instance not resolved,OSL_HDNodes,flow9,"Candidate: GetDblValueU(field,unit)","Candidate: SetDblValueU(field,value,unit)",Schema field/label confirmed; full path + instance + runtime read not verified,Generic API available; this field write NOT verified,Not eligible for Apply; resolve path and test first,,Check type/enable/visibility rules in source,Resolve actual instance/full path; check ASE vs ACT; selection/enable flags; enum mapping; binding; units; round-trip,<AVL_ROOT>/AWS/appl/clients/excite/res/cpp/oil_supply_line.h,333,Declaring class is context only; struct nesting and array indexing are not resolved
SCH-01158,Power Unit (excite),Oil Supply,Type of Connection,ASEenum,,Schema declaration; instance not resolved,OSL_HDNodes,typec9,Candidate: GetIntValue(field),"Candidate: SetIntValue(field,value)",Schema field/label confirmed; full path + instance + runtime read not verified,Generic API available; this field write NOT verified,Not eligible for Apply; resolve path and test first,,Check type/enable/visibility rules in source,Resolve actual instance/full path; check ASE vs ACT; selection/enable flags; enum mapping; binding; units; round-trip,<AVL_ROOT>/AWS/appl/clients/excite/res/cpp/oil_supply_line.h,336,"Schema labels: ""Arbitrary"", ""Straight"""
SCH-01159,Power Unit (excite),Oil Supply,Constant Pressure,double,"pressure,Pa",Schema declaration; instance not resolved,OSL_HDNodes,pres10,"Candidate: GetDblValueU(field,unit)","Candidate: SetDblValueU(field,value,unit)",Schema field/label confirmed; full path + instance + runtime read not verified,Generic API available; this field write NOT verified,Not eligible for Apply; resolve path and test first,,Check type/enable/visibility rules in source,Resolve actual instance/full path; check ASE vs ACT; selection/enable flags; enum mapping; binding; units; round-trip,<AVL_ROOT>/AWS/appl/clients/excite/res/cpp/oil_supply_line.h,347,Declaring class is context only; struct nesting and array indexing are not resolved
SCH-01160,Power Unit (excite),Oil Supply,Constant Volume Flow,double,"volflow,mm3_s",Schema declaration; instance not resolved,OSL_HDNodes,flow10,"Candidate: GetDblValueU(field,unit)","Candidate: SetDblValueU(field,value,unit)",Schema field/label confirmed; full path + instance + runtime read not verified,Generic API available; this field write NOT verified,Not eligible for Apply; resolve path and test first,,Check type/enable/visibility rules in source,Resolve actual instance/full path; check ASE vs ACT; selection/enable flags; enum mapping; binding; units; round-trip,<AVL_ROOT>/AWS/appl/clients/excite/res/cpp/oil_supply_line.h,348,Declaring class is context only; struct nesting and array indexing are not resolved
SCH-01161,Power Unit (excite),Oil Supply,Type of Connection,ASEenum,,Schema declaration; instance not resolved,OSL_HDNodes,typec10,Candidate: GetIntValue(field),"Candidate: SetIntValue(field,value)",Schema field/label confirmed; full path + instance + runtime read not verified,Generic API available; this field write NOT verified,Not eligible for Apply; resolve path and test first,,Check type/enable/visibility rules in source,Resolve actual instance/full path; check ASE vs ACT; selection/enable flags; enum mapping; binding; units; round-trip,<AVL_ROOT>/AWS/appl/clients/excite/res/cpp/oil_supply_line.h,351,"Schema labels: ""Arbitrary"", ""Straight"""
SCH-01162,Power Unit (excite),Oil Supply,Constant Pressure,double,"pressure,Pa",Schema declaration; instance not resolved,OSL_HDNodes,pres11,"Candidate: GetDblValueU(field,unit)","Candidate: SetDblValueU(field,value,unit)",Schema field/label confirmed; full path + instance + runtime read not verified,Generic API available; this field write NOT verified,Not eligible for Apply; resolve path and test first,,Check type/enable/visibility rules in source,Resolve actual instance/full path; check ASE vs ACT; selection/enable flags; enum mapping; binding; units; round-trip,<AVL_ROOT>/AWS/appl/clients/excite/res/cpp/oil_supply_line.h,362,Declaring class is context only; struct nesting and array indexing are not resolved
SCH-01163,Power Unit (excite),Oil Supply,Constant Volume Flow,double,"volflow,mm3_s",Schema declaration; instance not resolved,OSL_HDNodes,flow11,"Candidate: GetDblValueU(field,unit)","Candidate: SetDblValueU(field,value,unit)",Schema field/label confirmed; full path + instance + runtime read not verified,Generic API available; this field write NOT verified,Not eligible for Apply; resolve path and test first,,Check type/enable/visibility rules in source,Resolve actual instance/full path; check ASE vs ACT; selection/enable flags; enum mapping; binding; units; round-trip,<AVL_ROOT>/AWS/appl/clients/excite/res/cpp/oil_supply_line.h,363,Declaring class is context only; struct nesting and array indexing are not resolved
SCH-01164,Power Unit (excite),Oil Supply,Type of Connection,ASEenum,,Schema declaration; instance not resolved,OSL_HDNodes,typec11,Candidate: GetIntValue(field),"Candidate: SetIntValue(field,value)",Schema field/label confirmed; full path + instance + runtime read not verified,Generic API available; this field write NOT verified,Not eligible for Apply; resolve path and test first,,Check type/enable/visibility rules in source,Resolve actual instance/full path; check ASE vs ACT; selection/enable flags; enum mapping; binding; units; round-trip,<AVL_ROOT>/AWS/appl/clients/excite/res/cpp/oil_supply_line.h,366,"Schema labels: ""Arbitrary"", ""Straight"""
SCH-01165,Power Unit (excite),Oil Supply,Constant Pressure,double,"pressure,Pa",Schema declaration; instance not resolved,OSL_HDNodes,pres12,"Candidate: GetDblValueU(field,unit)","Candidate: SetDblValueU(field,value,unit)",Schema field/label confirmed; full path + instance + runtime read not verified,Generic API available; this field write NOT verified,Not eligible for Apply; resolve path and test first,,Check type/enable/visibility rules in source,Resolve actual instance/full path; check ASE vs ACT; selection/enable flags; enum mapping; binding; units; round-trip,<AVL_ROOT>/AWS/appl/clients/excite/res/cpp/oil_supply_line.h,377,Declaring class is context only; struct nesting and array indexing are not resolved
SCH-01166,Power Unit (excite),Oil Supply,Constant Volume Flow,double,"volflow,mm3_s",Schema declaration; instance not resolved,OSL_HDNodes,flow12,"Candidate: GetDblValueU(field,unit)","Candidate: SetDblValueU(field,value,unit)",Schema field/label confirmed; full path + instance + runtime read not verified,Generic API available; this field write NOT verified,Not eligible for Apply; resolve path and test first,,Check type/enable/visibility rules in source,Resolve actual instance/full path; check ASE vs ACT; selection/enable flags; enum mapping; binding; units; round-trip,<AVL_ROOT>/AWS/appl/clients/excite/res/cpp/oil_supply_line.h,378,Declaring class is context only; struct nesting and array indexing are not resolved
SCH-01167,Power Unit (excite),Oil Supply,Type of Connection,ASEenum,,Schema declaration; instance not resolved,OSL_HDNodes,typec12,Candidate: GetIntValue(field),"Candidate: SetIntValue(field,value)",Schema field/label confirmed; full path + instance + runtime read not verified,Generic API available; this field write NOT verified,Not eligible for Apply; resolve path and test first,,Check type/enable/visibility rules in source,Resolve actual instance/full path; check ASE vs ACT; selection/enable flags; enum mapping; binding; units; round-trip,<AVL_ROOT>/AWS/appl/clients/excite/res/cpp/oil_supply_line.h,381,"Schema labels: ""Arbitrary"", ""Straight"""
SCH-01168,Power Unit (excite),Coordinate Systems,Name,char*,,Schema declaration; instance not resolved,CooSysEntry,name,Candidate: GetStrValue(field),"Candidate: SetStrValue(field,value)",Schema field/label confirmed; full path + instance + runtime read not verified,Generic API available; this field write NOT verified,Not eligible for Apply; resolve path and test first,,Check type/enable/visibility rules in source,Resolve actual instance/full path; check ASE vs ACT; selection/enable flags; enum mapping; binding; units; round-trip,<AVL_ROOT>/AWS/appl/clients/excite/res/cpp/coosys.h,34,Declaring class is context only; struct nesting and array indexing are not resolved
SCH-01169,Power Unit (excite),Coordinate Systems,Relative To,ASEenum,,Schema declaration; instance not resolved,CooSysEntry,_csys_,Candidate: GetIntValue(field),"Candidate: SetIntValue(field,value)",Schema field/label confirmed; full path + instance + runtime read not verified,Generic API available; this field write NOT verified,Not eligible for Apply; resolve path and test first,,Check type/enable/visibility rules in source,Resolve actual instance/full path; check ASE vs ACT; selection/enable flags; enum mapping; binding; units; round-trip,<AVL_ROOT>/AWS/appl/clients/excite/res/cpp/coosys.h,35,"Schema labels: ""-"""
SCH-01170,Power Unit (excite),Coordinate Systems,Type,ASEenum,,Schema declaration; instance not resolved,CooSysEntry,type,Candidate: GetIntValue(field),"Candidate: SetIntValue(field,value)",Schema field/label confirmed; full path + instance + runtime read not verified,Generic API available; this field write NOT verified,Not eligible for Apply; resolve path and test first,,<visibility_change>,Resolve actual instance/full path; check ASE vs ACT; selection/enable flags; enum mapping; binding; units; round-trip,<AVL_ROOT>/AWS/appl/clients/excite/res/cpp/coosys.h,37,"Schema labels: ""3 Points"", ""Direction-Point-Offset"", ""Euler-Offset"", ""Angle-Axis-Offset"""
SCH-01171,Power Unit (excite),Coordinate Systems,Angle of Rotation,double,"angle,deg",Schema declaration; instance not resolved,CooSysEntry,ang_r,"Candidate: GetDblValueU(field,unit)","Candidate: SetDblValueU(field,value,unit)",Schema field/label confirmed; full path + instance + runtime read not verified,Generic API available; this field write NOT verified,Not eligible for Apply; resolve path and test first,,Check type/enable/visibility rules in source,Resolve actual instance/full path; check ASE vs ACT; selection/enable flags; enum mapping; binding; units; round-trip,<AVL_ROOT>/AWS/appl/clients/excite/res/cpp/coosys.h,69,Declaring class is context only; struct nesting and array indexing are not resolved
SCH-01172,Power Unit (excite),Node Sets,Tolerance,double,"length,mm",Schema declaration; instance not resolved,NodeSetsCreate,tolerance,"Candidate: GetDblValueU(field,unit)","Candidate: SetDblValueU(field,value,unit)",Schema field/label confirmed; full path + instance + runtime read not verified,Generic API available; this field write NOT verified,Not eligible for Apply; resolve path and test first,,Check type/enable/visibility rules in source,Resolve actual instance/full path; check ASE vs ACT; selection/enable flags; enum mapping; binding; units; round-trip,<AVL_ROOT>/AWS/appl/clients/excite/res/cpp/nodesets.h,27,Declaring class is context only; struct nesting and array indexing are not resolved
SCH-01173,Power Unit (excite),Node Sets,Main Bearings,Bool,,Schema declaration; instance not resolved,NodeSetsCreate,mainb,Candidate: GetIntValue(field),"Candidate: SetIntValue(field,value)",Schema field/label confirmed; full path + instance + runtime read not verified,Generic API available; this field write NOT verified,Not eligible for Apply; resolve path and test first,,Check type/enable/visibility rules in source,Resolve actual instance/full path; check ASE vs ACT; selection/enable flags; enum mapping; binding; units; round-trip,<AVL_ROOT>/AWS/appl/clients/excite/res/cpp/nodesets.h,34,Declaring class is context only; struct nesting and array indexing are not resolved
SCH-01174,Power Unit (excite),Node Sets,Axial Thrust Bearings,Bool,,Schema declaration; instance not resolved,NodeSetsCreate,axthrb,Candidate: GetIntValue(field),"Candidate: SetIntValue(field,value)",Schema field/label confirmed; full path + instance + runtime read not verified,Generic API available; this field write NOT verified,Not eligible for Apply; resolve path and test first,,Check type/enable/visibility rules in source,Resolve actual instance/full path; check ASE vs ACT; selection/enable flags; enum mapping; binding; units; round-trip,<AVL_ROOT>/AWS/appl/clients/excite/res/cpp/nodesets.h,37,Declaring class is context only; struct nesting and array indexing are not resolved
SCH-01175,Power Unit (excite),Node Sets,Main Bearing ID(s),char*,,Schema declaration; instance not resolved,NodeSetsCreate,brngno,Candidate: GetStrValue(field),"Candidate: SetStrValue(field,value)",Schema field/label confirmed; full path + instance + runtime read not verified,Generic API available; this field write NOT verified,Not eligible for Apply; resolve path and test first,,Check type/enable/visibility rules in source,Resolve actual instance/full path; check ASE vs ACT; selection/enable flags; enum mapping; binding; units; round-trip,<AVL_ROOT>/AWS/appl/clients/excite/res/cpp/nodesets.h,39,Declaring class is context only; struct nesting and array indexing are not resolved
SCH-01176,Power Unit (excite),Node Sets,Big End Bearings (Crank Pins),Bool,,Schema declaration; instance not resolved,NodeSetsCreate,bigendb,Candidate: GetIntValue(field),"Candidate: SetIntValue(field,value)",Schema field/label confirmed; full path + instance + runtime read not verified,Generic API available; this field write NOT verified,Not eligible for Apply; resolve path and test first,,Check type/enable/visibility rules in source,Resolve actual instance/full path; check ASE vs ACT; selection/enable flags; enum mapping; binding; units; round-trip,<AVL_ROOT>/AWS/appl/clients/excite/res/cpp/nodesets.h,42,Declaring class is context only; struct nesting and array indexing are not resolved
SCH-01177,Power Unit (excite),Node Sets,Small End Bearings,Bool,,Schema declaration; instance not resolved,NodeSetsCreate,sendb,Candidate: GetIntValue(field),"Candidate: SetIntValue(field,value)",Schema field/label confirmed; full path + instance + runtime read not verified,Generic API available; this field write NOT verified,Not eligible for Apply; resolve path and test first,,Check type/enable/visibility rules in source,Resolve actual instance/full path; check ASE vs ACT; selection/enable flags; enum mapping; binding; units; round-trip,<AVL_ROOT>/AWS/appl/clients/excite/res/cpp/nodesets.h,44,Declaring class is context only; struct nesting and array indexing are not resolved
SCH-01178,Power Unit (excite),Node Sets,Piston - Liner Connections,Bool,,Schema declaration; instance not resolved,NodeSetsCreate,plconn,Candidate: GetIntValue(field),"Candidate: SetIntValue(field,value)",Schema field/label confirmed; full path + instance + runtime read not verified,Generic API available; this field write NOT verified,Not eligible for Apply; resolve path and test first,,Check type/enable/visibility rules in source,Resolve actual instance/full path; check ASE vs ACT; selection/enable flags; enum mapping; binding; units; round-trip,<AVL_ROOT>/AWS/appl/clients/excite/res/cpp/nodesets.h,45,Declaring class is context only; struct nesting and array indexing are not resolved
SCH-01179,Power Unit (excite),Node Sets,Piston Pin Bearings,Bool,,Schema declaration; instance not resolved,NodeSetsCreate,ppbrng,Candidate: GetIntValue(field),"Candidate: SetIntValue(field,value)",Schema field/label confirmed; full path + instance + runtime read not verified,Generic API available; this field write NOT verified,Not eligible for Apply; resolve path and test first,,Check type/enable/visibility rules in source,Resolve actual instance/full path; check ASE vs ACT; selection/enable flags; enum mapping; binding; units; round-trip,<AVL_ROOT>/AWS/appl/clients/excite/res/cpp/nodesets.h,46,Declaring class is context only; struct nesting and array indexing are not resolved
SCH-01180,Power Unit (excite),Node Sets,Combustion Chamber,Bool,,Schema declaration; instance not resolved,NodeSetsCreate,combch,Candidate: GetIntValue(field),"Candidate: SetIntValue(field,value)",Schema field/label confirmed; full path + instance + runtime read not verified,Generic API available; this field write NOT verified,Not eligible for Apply; resolve path and test first,,Check type/enable/visibility rules in source,Resolve actual instance/full path; check ASE vs ACT; selection/enable flags; enum mapping; binding; units; round-trip,<AVL_ROOT>/AWS/appl/clients/excite/res/cpp/nodesets.h,53,Declaring class is context only; struct nesting and array indexing are not resolved
SCH-01181,Power Unit (excite),Node Sets,Valve Angle,double,"angle,deg,deg",Schema declaration; instance not resolved,NodeSetsCreate,valve_angle,"Candidate: GetDblValueU(field,unit)","Candidate: SetDblValueU(field,value,unit)",Schema field/label confirmed; full path + instance + runtime read not verified,Generic API available; this field write NOT verified,Not eligible for Apply; resolve path and test first,,Check type/enable/visibility rules in source,Resolve actual instance/full path; check ASE vs ACT; selection/enable flags; enum mapping; binding; units; round-trip,<AVL_ROOT>/AWS/appl/clients/excite/res/cpp/nodesets.h,55,Declaring class is context only; struct nesting and array indexing are not resolved
SCH-01182,Power Unit (excite),Node Sets,Output Torque,Bool,,Schema declaration; instance not resolved,NodeSetsCreate,otorq,Candidate: GetIntValue(field),"Candidate: SetIntValue(field,value)",Schema field/label confirmed; full path + instance + runtime read not verified,Generic API available; this field write NOT verified,Not eligible for Apply; resolve path and test first,,Check type/enable/visibility rules in source,Resolve actual instance/full path; check ASE vs ACT; selection/enable flags; enum mapping; binding; units; round-trip,<AVL_ROOT>/AWS/appl/clients/excite/res/cpp/nodesets.h,59,Declaring class is context only; struct nesting and array indexing are not resolved
SCH-01183,Power Unit (excite),Node Sets,Main Bearing ID next to Flywheel,int,,Schema declaration; instance not resolved,NodeSetsCreate,bear_id,Candidate: GetIntValue(field),"Candidate: SetIntValue(field,value)",Schema field/label confirmed; full path + instance + runtime read not verified,Generic API available; this field write NOT verified,Not eligible for Apply; resolve path and test first,,Check type/enable/visibility rules in source,Resolve actual instance/full path; check ASE vs ACT; selection/enable flags; enum mapping; binding; units; round-trip,<AVL_ROOT>/AWS/appl/clients/excite/res/cpp/nodesets.h,61,Declaring class is context only; struct nesting and array indexing are not resolved
SCH-01184,Power Unit (excite),Node Sets,Piston Top,Bool,,Schema declaration; instance not resolved,NodeSetsCreate,ptop,Candidate: GetIntValue(field),"Candidate: SetIntValue(field,value)",Schema field/label confirmed; full path + instance + runtime read not verified,Generic API available; this field write NOT verified,Not eligible for Apply; resolve path and test first,,Check type/enable/visibility rules in source,Resolve actual instance/full path; check ASE vs ACT; selection/enable flags; enum mapping; binding; units; round-trip,<AVL_ROOT>/AWS/appl/clients/excite/res/cpp/nodesets.h,65,Declaring class is context only; struct nesting and array indexing are not resolved
SCH-01185,Power Unit (excite),Node Sets,Height of Piston Bowl,double,"length,mm",Schema declaration; instance not resolved,NodeSetsCreate,pbowl_h,"Candidate: GetDblValueU(field,unit)","Candidate: SetDblValueU(field,value,unit)",Schema field/label confirmed; full path + instance + runtime read not verified,Generic API available; this field write NOT verified,Not eligible for Apply; resolve path and test first,,Check type/enable/visibility rules in source,Resolve actual instance/full path; check ASE vs ACT; selection/enable flags; enum mapping; binding; units; round-trip,<AVL_ROOT>/AWS/appl/clients/excite/res/cpp/nodesets.h,67,Declaring class is context only; struct nesting and array indexing are not resolved
SCH-01186,Power Unit (excite),Node Sets,Set Name,char*,,Schema declaration; instance not resolved,NodeSet,name,Candidate: GetStrValue(field),"Candidate: SetStrValue(field,value)",Schema field/label confirmed; full path + instance + runtime read not verified,Generic API available; this field write NOT verified,Not eligible for Apply; resolve path and test first,,"<visibility=1_isDuplicate,class-int,1>",Resolve actual instance/full path; check ASE vs ACT; selection/enable flags; enum mapping; binding; units; round-trip,<AVL_ROOT>/AWS/appl/clients/excite/res/cpp/nodesets.h,86,Declaring class is context only; struct nesting and array indexing are not resolved
SCH-01187,Power Unit (excite),Node Sets,FE Model Directory,ASEenum,,Schema declaration; instance not resolved,NodeSet,FEModel,Candidate: GetIntValue(field),"Candidate: SetIntValue(field,value)",Schema field/label confirmed; full path + instance + runtime read not verified,Generic API available; this field write NOT verified,Not eligible for Apply; resolve path and test first,,Check type/enable/visibility rules in source,Resolve actual instance/full path; check ASE vs ACT; selection/enable flags; enum mapping; binding; units; round-trip,<AVL_ROOT>/AWS/appl/clients/excite/res/cpp/nodesets.h,104,"Schema labels: ""empty"""
SCH-01188,Power Unit (excite),Node Sets,Condensed Model,ASEenum,,Schema declaration; instance not resolved,NodeSet,condModel,Candidate: GetIntValue(field),"Candidate: SetIntValue(field,value)",Schema field/label confirmed; full path + instance + runtime read not verified,Generic API available; this field write NOT verified,Not eligible for Apply; resolve path and test first,,Check type/enable/visibility rules in source,Resolve actual instance/full path; check ASE vs ACT; selection/enable flags; enum mapping; binding; units; round-trip,<AVL_ROOT>/AWS/appl/clients/excite/res/cpp/nodesets.h,105,"Schema labels: ""empty"""
SCH-01189,Power Unit (excite),Node Sets,Keep syncing with EXB file,Bool,,Schema declaration; instance not resolved,NodeSet,do_export_to_exb,Candidate: GetIntValue(field),"Candidate: SetIntValue(field,value)",Schema field/label confirmed; full path + instance + runtime read not verified,Generic API available; this field write NOT verified,Not eligible for Apply; resolve path and test first,,Check type/enable/visibility rules in source,Resolve actual instance/full path; check ASE vs ACT; selection/enable flags; enum mapping; binding; units; round-trip,<AVL_ROOT>/AWS/appl/clients/excite/res/cpp/nodesets.h,124,Declaring class is context only; struct nesting and array indexing are not resolved
SCH-01190,Power Unit (excite),Node Sets,Label(s),char**,,Schema declaration; instance not resolved,NodeSet,labels,"Candidate: WSClass.GetWSMatrix(field,0)",Candidate: WSMatrix typed setters + ReleaseHandle,Schema field/label confirmed; full path + instance + runtime read not verified,Generic API available; this field write NOT verified,Not eligible for Apply; resolve path and test first,,Check type/enable/visibility rules in source,Resolve actual instance/full path; check ASE vs ACT; selection/enable flags; enum mapping; binding; units; round-trip,<AVL_ROOT>/AWS/appl/clients/excite/res/cpp/nodesets.h,127,Declaring class is context only; struct nesting and array indexing are not resolved
SCH-01191,Timing Drive (tycon),Timing Drive native / chain,Element Name,char*,,Schema declaration; instance not resolved,Chain,name,Candidate: GetStrValue(field),"Candidate: SetStrValue(field,value)",Schema field/label confirmed; full path + instance + runtime read not verified,Generic API available; this field write NOT verified,Not eligible for Apply; resolve path and test first,,Check type/enable/visibility rules in source,Resolve actual instance/full path; check ASE vs ACT; selection/enable flags; enum mapping; binding; units; round-trip,<AVL_ROOT>/AWS/appl/clients/tycon/res/cpp/chain.h,33,Declaring class is context only; struct nesting and array indexing are not resolved
SCH-01192,Timing Drive (tycon),Timing Drive native / chain,Reference System,ASEenum,,Schema declaration; instance not resolved,Chain,_csys_,Candidate: GetIntValue(field),"Candidate: SetIntValue(field,value)",Schema field/label confirmed; full path + instance + runtime read not verified,Generic API available; this field write NOT verified,Not eligible for Apply; resolve path and test first,,Check type/enable/visibility rules in source,Resolve actual instance/full path; check ASE vs ACT; selection/enable flags; enum mapping; binding; units; round-trip,<AVL_ROOT>/AWS/appl/clients/tycon/res/cpp/chain.h,34,"Schema labels: ""-"""
SCH-01193,Timing Drive (tycon),Timing Drive native / chain,Axial offset,double,"length,m",Schema declaration; instance not resolved,Chain,x_offs,"Candidate: GetDblValueU(field,unit)","Candidate: SetDblValueU(field,value,unit)",Schema field/label confirmed; full path + instance + runtime read not verified,Generic API available; this field write NOT verified,Not eligible for Apply; resolve path and test first,,Check type/enable/visibility rules in source,Resolve actual instance/full path; check ASE vs ACT; selection/enable flags; enum mapping; binding; units; round-trip,<AVL_ROOT>/AWS/appl/clients/tycon/res/cpp/chain.h,36,Declaring class is context only; struct nesting and array indexing are not resolved
SCH-01194,Timing Drive (tycon),Timing Drive native / chain,Number of Chain Links,int,,Schema declaration; instance not resolved,Chain,num,Candidate: GetIntValue(field),"Candidate: SetIntValue(field,value)",Schema field/label confirmed; full path + instance + runtime read not verified,Generic API available; this field write NOT verified,Not eligible for Apply; resolve path and test first,,Check type/enable/visibility rules in source,Resolve actual instance/full path; check ASE vs ACT; selection/enable flags; enum mapping; binding; units; round-trip,<AVL_ROOT>/AWS/appl/clients/tycon/res/cpp/chain.h,37,Declaring class is context only; struct nesting and array indexing are not resolved
SCH-01195,Timing Drive (tycon),Timing Drive native / chain,Pre-Tension Chain,double,"force,N",Schema declaration; instance not resolved,Chain,pretens,"Candidate: GetDblValueU(field,unit)","Candidate: SetDblValueU(field,value,unit)",Schema field/label confirmed; full path + instance + runtime read not verified,Generic API available; this field write NOT verified,Not eligible for Apply; resolve path and test first,,Check type/enable/visibility rules in source,Resolve actual instance/full path; check ASE vs ACT; selection/enable flags; enum mapping; binding; units; round-trip,<AVL_ROOT>/AWS/appl/clients/tycon/res/cpp/chain.h,38,Declaring class is context only; struct nesting and array indexing are not resolved
SCH-01196,Timing Drive (tycon),Timing Drive native / chain,Nominal Pitch,double,"length,m",Schema declaration; instance not resolved,Chain,nom_pitch,"Candidate: GetDblValueU(field,unit)","Candidate: SetDblValueU(field,value,unit)",Schema field/label confirmed; full path + instance + runtime read not verified,Generic API available; this field write NOT verified,Not eligible for Apply; resolve path and test first,,Check type/enable/visibility rules in source,Resolve actual instance/full path; check ASE vs ACT; selection/enable flags; enum mapping; binding; units; round-trip,<AVL_ROOT>/AWS/appl/clients/tycon/res/cpp/chain.h,43,Declaring class is context only; struct nesting and array indexing are not resolved
SCH-01197,Timing Drive (tycon),Timing Drive native / chain,Angle to Contour's major-axis,double,angle,Schema declaration; instance not resolved,Chain,install_angle,"Candidate: GetDblValueU(field,unit)","Candidate: SetDblValueU(field,value,unit)",Schema field/label confirmed; full path + instance + runtime read not verified,Generic API available; this field write NOT verified,Not eligible for Apply; resolve path and test first,,Check type/enable/visibility rules in source,Resolve actual instance/full path; check ASE vs ACT; selection/enable flags; enum mapping; binding; units; round-trip,<AVL_ROOT>/AWS/appl/clients/tycon/res/cpp/chain.h,45,Declaring class is context only; struct nesting and array indexing are not resolved
SCH-01198,Timing Drive (tycon),Timing Drive native / chain,Consider Lash,Bool,,Schema declaration; instance not resolved,ChainMDepth,b_cll,Candidate: GetIntValue(field),"Candidate: SetIntValue(field,value)",Schema field/label confirmed; full path + instance + runtime read not verified,Generic API available; this field write NOT verified,Not eligible for Apply; resolve path and test first,,Check type/enable/visibility rules in source,Resolve actual instance/full path; check ASE vs ACT; selection/enable flags; enum mapping; binding; units; round-trip,<AVL_ROOT>/AWS/appl/clients/tycon/res/cpp/chain.h,105,Declaring class is context only; struct nesting and array indexing are not resolved
SCH-01199,Timing Drive (tycon),Timing Drive native / chain,Consider Friction,Bool,,Schema declaration; instance not resolved,ChainMDepth,b_clf,Candidate: GetIntValue(field),"Candidate: SetIntValue(field,value)",Schema field/label confirmed; full path + instance + runtime read not verified,Generic API available; this field write NOT verified,Not eligible for Apply; resolve path and test first,,Check type/enable/visibility rules in source,Resolve actual instance/full path; check ASE vs ACT; selection/enable flags; enum mapping; binding; units; round-trip,<AVL_ROOT>/AWS/appl/clients/tycon/res/cpp/chain.h,106,Declaring class is context only; struct nesting and array indexing are not resolved
SCH-01200,Timing Drive (tycon),Timing Drive native / chain,Consider Bushing to Roller Friction (RC),Bool,,Schema declaration; instance not resolved,ChainMDepth,b_brcf,Candidate: GetIntValue(field),"Candidate: SetIntValue(field,value)",Schema field/label confirmed; full path + instance + runtime read not verified,Generic API available; this field write NOT verified,Not eligible for Apply; resolve path and test first,,Check type/enable/visibility rules in source,Resolve actual instance/full path; check ASE vs ACT; selection/enable flags; enum mapping; binding; units; round-trip,<AVL_ROOT>/AWS/appl/clients/tycon/res/cpp/chain.h,112,Declaring class is context only; struct nesting and array indexing are not resolved
SCH-01201,Timing Drive (tycon),Timing Drive native / chain,Consider Bushing to Sprocket Friction (BC),Bool,,Schema declaration; instance not resolved,ChainMDepth,b_bcf,Candidate: GetIntValue(field),"Candidate: SetIntValue(field,value)",Schema field/label confirmed; full path + instance + runtime read not verified,Generic API available; this field write NOT verified,Not eligible for Apply; resolve path and test first,,Check type/enable/visibility rules in source,Resolve actual instance/full path; check ASE vs ACT; selection/enable flags; enum mapping; binding; units; round-trip,<AVL_ROOT>/AWS/appl/clients/tycon/res/cpp/chain.h,113,Declaring class is context only; struct nesting and array indexing are not resolved
SCH-01202,Timing Drive (tycon),Timing Drive native / chain,Consider Side-Bar to Guiding Friction,Bool,,Schema declaration; instance not resolved,ChainMDepth,b_sbgf,Candidate: GetIntValue(field),"Candidate: SetIntValue(field,value)",Schema field/label confirmed; full path + instance + runtime read not verified,Generic API available; this field write NOT verified,Not eligible for Apply; resolve path and test first,,Check type/enable/visibility rules in source,Resolve actual instance/full path; check ASE vs ACT; selection/enable flags; enum mapping; binding; units; round-trip,<AVL_ROOT>/AWS/appl/clients/tycon/res/cpp/chain.h,119,Declaring class is context only; struct nesting and array indexing are not resolved
SCH-01203,Timing Drive (tycon),Timing Drive native / schain,Element Name,char*,,Schema declaration; instance not resolved,SChain,name,Candidate: GetStrValue(field),"Candidate: SetStrValue(field,value)",Schema field/label confirmed; full path + instance + runtime read not verified,Generic API available; this field write NOT verified,Not eligible for Apply; resolve path and test first,,Check type/enable/visibility rules in source,Resolve actual instance/full path; check ASE vs ACT; selection/enable flags; enum mapping; binding; units; round-trip,<AVL_ROOT>/AWS/appl/clients/tycon/res/cpp/schain.h,44,Declaring class is context only; struct nesting and array indexing are not resolved
SCH-01204,Timing Drive (tycon),Timing Drive native / schain,Reference System,ASEenum,,Schema declaration; instance not resolved,SChain,_csys_,Candidate: GetIntValue(field),"Candidate: SetIntValue(field,value)",Schema field/label confirmed; full path + instance + runtime read not verified,Generic API available; this field write NOT verified,Not eligible for Apply; resolve path and test first,,Check type/enable/visibility rules in source,Resolve actual instance/full path; check ASE vs ACT; selection/enable flags; enum mapping; binding; units; round-trip,<AVL_ROOT>/AWS/appl/clients/tycon/res/cpp/schain.h,45,"Schema labels: ""-"""
SCH-01205,Timing Drive (tycon),Timing Drive native / schain,Axial offset,double,"length,m",Schema declaration; instance not resolved,SChain,x_offs,"Candidate: GetDblValueU(field,unit)","Candidate: SetDblValueU(field,value,unit)",Schema field/label confirmed; full path + instance + runtime read not verified,Generic API available; this field write NOT verified,Not eligible for Apply; resolve path and test first,,Check type/enable/visibility rules in source,Resolve actual instance/full path; check ASE vs ACT; selection/enable flags; enum mapping; binding; units; round-trip,<AVL_ROOT>/AWS/appl/clients/tycon/res/cpp/schain.h,47,Declaring class is context only; struct nesting and array indexing are not resolved
SCH-01206,Timing Drive (tycon),Timing Drive native / schain,Nominal Pitch,double,"length,m",Schema declaration; instance not resolved,SChain,nom_pitch,"Candidate: GetDblValueU(field,unit)","Candidate: SetDblValueU(field,value,unit)",Schema field/label confirmed; full path + instance + runtime read not verified,Generic API available; this field write NOT verified,Not eligible for Apply; resolve path and test first,,Check type/enable/visibility rules in source,Resolve actual instance/full path; check ASE vs ACT; selection/enable flags; enum mapping; binding; units; round-trip,<AVL_ROOT>/AWS/appl/clients/tycon/res/cpp/schain.h,48,Declaring class is context only; struct nesting and array indexing are not resolved
SCH-01207,Timing Drive (tycon),Timing Drive native / schain,Number of Chain Links,int,,Schema declaration; instance not resolved,SChain,num,Candidate: GetIntValue(field),"Candidate: SetIntValue(field,value)",Schema field/label confirmed; full path + instance + runtime read not verified,Generic API available; this field write NOT verified,Not eligible for Apply; resolve path and test first,,Check type/enable/visibility rules in source,Resolve actual instance/full path; check ASE vs ACT; selection/enable flags; enum mapping; binding; units; round-trip,<AVL_ROOT>/AWS/appl/clients/tycon/res/cpp/schain.h,49,Declaring class is context only; struct nesting and array indexing are not resolved
SCH-01208,Timing Drive (tycon),Timing Drive native / schain,Pre-Tension Chain,double,"force,N",Schema declaration; instance not resolved,SChain,pretens,"Candidate: GetDblValueU(field,unit)","Candidate: SetDblValueU(field,value,unit)",Schema field/label confirmed; full path + instance + runtime read not verified,Generic API available; this field write NOT verified,Not eligible for Apply; resolve path and test first,,Check type/enable/visibility rules in source,Resolve actual instance/full path; check ASE vs ACT; selection/enable flags; enum mapping; binding; units; round-trip,<AVL_ROOT>/AWS/appl/clients/tycon/res/cpp/schain.h,50,Declaring class is context only; struct nesting and array indexing are not resolved
SCH-01209,Timing Drive (tycon),Timing Drive native / schain,Uniform Link Properties,Bool,,Schema declaration; instance not resolved,SChain,type,Candidate: GetIntValue(field),"Candidate: SetIntValue(field,value)",Schema field/label confirmed; full path + instance + runtime read not verified,Generic API available; this field write NOT verified,Not eligible for Apply; resolve path and test first,,<visibility_change>,Resolve actual instance/full path; check ASE vs ACT; selection/enable flags; enum mapping; binding; units; round-trip,<AVL_ROOT>/AWS/appl/clients/tycon/res/cpp/schain.h,53,Declaring class is context only; struct nesting and array indexing are not resolved
SCH-01210,Timing Drive (tycon),Timing Drive native / schain,Double-sided toothing,Bool,,Schema declaration; instance not resolved,SChain,back,Candidate: GetIntValue(field),"Candidate: SetIntValue(field,value)",Schema field/label confirmed; full path + instance + runtime read not verified,Generic API available; this field write NOT verified,Not eligible for Apply; resolve path and test first,,<visibility_change>,Resolve actual instance/full path; check ASE vs ACT; selection/enable flags; enum mapping; binding; units; round-trip,<AVL_ROOT>/AWS/appl/clients/tycon/res/cpp/schain.h,54,Declaring class is context only; struct nesting and array indexing are not resolved
SCH-01211,Timing Drive (tycon),Timing Drive native / schain,Type of Joint,ASEenum,,Schema declaration; instance not resolved,SChain,jtype,Candidate: GetIntValue(field),"Candidate: SetIntValue(field,value)",Schema field/label confirmed; full path + instance + runtime read not verified,Generic API available; this field write NOT verified,Not eligible for Apply; resolve path and test first,,<visibility_change>,Resolve actual instance/full path; check ASE vs ACT; selection/enable flags; enum mapping; binding; units; round-trip,<AVL_ROOT>/AWS/appl/clients/tycon/res/cpp/schain.h,55,"Schema labels: ""Single Pin"", ""Rolling Pivot (Ideal)"", ""Rolling Pivot (by Contours)"""
SCH-01212,Timing Drive (tycon),Timing Drive native / schain,Angle to Contour's major-axis,double,angle,Schema declaration; instance not resolved,SChain,install_angle,"Candidate: GetDblValueU(field,unit)","Candidate: SetDblValueU(field,value,unit)",Schema field/label confirmed; full path + instance + runtime read not verified,Generic API available; this field write NOT verified,Not eligible for Apply; resolve path and test first,,Check type/enable/visibility rules in source,Resolve actual instance/full path; check ASE vs ACT; selection/enable flags; enum mapping; binding; units; round-trip,<AVL_ROOT>/AWS/appl/clients/tycon/res/cpp/schain.h,58,Declaring class is context only; struct nesting and array indexing are not resolved
SCH-01213,Timing Drive (tycon),Timing Drive native / schain,Consider Lash,Bool,,Schema declaration; instance not resolved,SChainMDepth,b_cll,Candidate: GetIntValue(field),"Candidate: SetIntValue(field,value)",Schema field/label confirmed; full path + instance + runtime read not verified,Generic API available; this field write NOT verified,Not eligible for Apply; resolve path and test first,,Check type/enable/visibility rules in source,Resolve actual instance/full path; check ASE vs ACT; selection/enable flags; enum mapping; binding; units; round-trip,<AVL_ROOT>/AWS/appl/clients/tycon/res/cpp/schain.h,124,Declaring class is context only; struct nesting and array indexing are not resolved
SCH-01214,Timing Drive (tycon),Timing Drive native / schain,Consider Friction,Bool,,Schema declaration; instance not resolved,SChainMDepth,b_clf,Candidate: GetIntValue(field),"Candidate: SetIntValue(field,value)",Schema field/label confirmed; full path + instance + runtime read not verified,Generic API available; this field write NOT verified,Not eligible for Apply; resolve path and test first,,Check type/enable/visibility rules in source,Resolve actual instance/full path; check ASE vs ACT; selection/enable flags; enum mapping; binding; units; round-trip,<AVL_ROOT>/AWS/appl/clients/tycon/res/cpp/schain.h,125,Declaring class is context only; struct nesting and array indexing are not resolved
SCH-01215,Timing Drive (tycon),Timing Drive native / schain,Consider Link to Sprocket Friction,Bool,,Schema declaration; instance not resolved,SChainMDepth,b_bcf,Candidate: GetIntValue(field),"Candidate: SetIntValue(field,value)",Schema field/label confirmed; full path + instance + runtime read not verified,Generic API available; this field write NOT verified,Not eligible for Apply; resolve path and test first,,Check type/enable/visibility rules in source,Resolve actual instance/full path; check ASE vs ACT; selection/enable flags; enum mapping; binding; units; round-trip,<AVL_ROOT>/AWS/appl/clients/tycon/res/cpp/schain.h,131,Declaring class is context only; struct nesting and array indexing are not resolved
SCH-01216,Timing Drive (tycon),Timing Drive native / schain,Consider Side-Bar to Guiding Friction,Bool,,Schema declaration; instance not resolved,SChainMDepth,b_sbgf,Candidate: GetIntValue(field),"Candidate: SetIntValue(field,value)",Schema field/label confirmed; full path + instance + runtime read not verified,Generic API available; this field write NOT verified,Not eligible for Apply; resolve path and test first,,Check type/enable/visibility rules in source,Resolve actual instance/full path; check ASE vs ACT; selection/enable flags; enum mapping; binding; units; round-trip,<AVL_ROOT>/AWS/appl/clients/tycon/res/cpp/schain.h,137,Declaring class is context only; struct nesting and array indexing are not resolved
SCH-01217,Timing Drive (tycon),Timing Drive native / schain,Pin Diameter,double,"length,m",Schema declaration; instance not resolved,SChainJGeom,diam,"Candidate: GetDblValueU(field,unit)","Candidate: SetDblValueU(field,value,unit)",Schema field/label confirmed; full path + instance + runtime read not verified,Generic API available; this field write NOT verified,Not eligible for Apply; resolve path and test first,,Check type/enable/visibility rules in source,Resolve actual instance/full path; check ASE vs ACT; selection/enable flags; enum mapping; binding; units; round-trip,<AVL_ROOT>/AWS/appl/clients/tycon/res/cpp/schain.h,164,Declaring class is context only; struct nesting and array indexing are not resolved
SCH-01218,Timing Drive (tycon),Timing Drive native / schain,Diameter of Link Bore,double,"length,m",Schema declaration; instance not resolved,SChainJGeom,lbore,"Candidate: GetDblValueU(field,unit)","Candidate: SetDblValueU(field,value,unit)",Schema field/label confirmed; full path + instance + runtime read not verified,Generic API available; this field write NOT verified,Not eligible for Apply; resolve path and test first,,Check type/enable/visibility rules in source,Resolve actual instance/full path; check ASE vs ACT; selection/enable flags; enum mapping; binding; units; round-trip,<AVL_ROOT>/AWS/appl/clients/tycon/res/cpp/schain.h,165,Declaring class is context only; struct nesting and array indexing are not resolved
SCH-01219,Timing Drive (tycon),Timing Drive native / schain,Radius,double,"length,m",Schema declaration; instance not resolved,SChainJGeom,lo_r,"Candidate: GetDblValueU(field,unit)","Candidate: SetDblValueU(field,value,unit)",Schema field/label confirmed; full path + instance + runtime read not verified,Generic API available; this field write NOT verified,Not eligible for Apply; resolve path and test first,,Check type/enable/visibility rules in source,Resolve actual instance/full path; check ASE vs ACT; selection/enable flags; enum mapping; binding; units; round-trip,<AVL_ROOT>/AWS/appl/clients/tycon/res/cpp/schain.h,180,Declaring class is context only; struct nesting and array indexing are not resolved
SCH-01220,Timing Drive (tycon),Timing Drive native / schain,Radius,double,"length,m",Schema declaration; instance not resolved,SChainJGeom,up_r,"Candidate: GetDblValueU(field,unit)","Candidate: SetDblValueU(field,value,unit)",Schema field/label confirmed; full path + instance + runtime read not verified,Generic API available; this field write NOT verified,Not eligible for Apply; resolve path and test first,,Check type/enable/visibility rules in source,Resolve actual instance/full path; check ASE vs ACT; selection/enable flags; enum mapping; binding; units; round-trip,<AVL_ROOT>/AWS/appl/clients/tycon/res/cpp/schain.h,194,Declaring class is context only; struct nesting and array indexing are not resolved
SCH-01221,Timing Drive (tycon),Timing Drive native / schain,Forward (-),double,angle,Schema declaration; instance not resolved,SChainJGeom,fwd_limit,"Candidate: GetDblValueU(field,unit)","Candidate: SetDblValueU(field,value,unit)",Schema field/label confirmed; full path + instance + runtime read not verified,Generic API available; this field write NOT verified,Not eligible for Apply; resolve path and test first,,Check type/enable/visibility rules in source,Resolve actual instance/full path; check ASE vs ACT; selection/enable flags; enum mapping; binding; units; round-trip,<AVL_ROOT>/AWS/appl/clients/tycon/res/cpp/schain.h,198,Declaring class is context only; struct nesting and array indexing are not resolved
SCH-01222,Timing Drive (tycon),Timing Drive native / schain,Backward (+),double,angle,Schema declaration; instance not resolved,SChainJGeom,bwd_limit,"Candidate: GetDblValueU(field,unit)","Candidate: SetDblValueU(field,value,unit)",Schema field/label confirmed; full path + instance + runtime read not verified,Generic API available; this field write NOT verified,Not eligible for Apply; resolve path and test first,,Check type/enable/visibility rules in source,Resolve actual instance/full path; check ASE vs ACT; selection/enable flags; enum mapping; binding; units; round-trip,<AVL_ROOT>/AWS/appl/clients/tycon/res/cpp/schain.h,199,Declaring class is context only; struct nesting and array indexing are not resolved
SCH-01223,Timing Drive (tycon),Timing Drive native / schain,Rotative Damping,double,rot_damping,Schema declaration; instance not resolved,SChainJGeom,rot_damp,"Candidate: GetDblValueU(field,unit)","Candidate: SetDblValueU(field,value,unit)",Schema field/label confirmed; full path + instance + runtime read not verified,Generic API available; this field write NOT verified,Not eligible for Apply; resolve path and test first,,Check type/enable/visibility rules in source,Resolve actual instance/full path; check ASE vs ACT; selection/enable flags; enum mapping; binding; units; round-trip,<AVL_ROOT>/AWS/appl/clients/tycon/res/cpp/schain.h,202,Declaring class is context only; struct nesting and array indexing are not resolved
SCH-01224,Timing Drive (tycon),Timing Drive native / schain,Uniform Pins,Bool,,Schema declaration; instance not resolved,SChainJGeom,uniform,Candidate: GetIntValue(field),"Candidate: SetIntValue(field,value)",Schema field/label confirmed; full path + instance + runtime read not verified,Generic API available; this field write NOT verified,Not eligible for Apply; resolve path and test first,,<visibility_change>,Resolve actual instance/full path; check ASE vs ACT; selection/enable flags; enum mapping; binding; units; round-trip,<AVL_ROOT>/AWS/appl/clients/tycon/res/cpp/schain.h,207,Declaring class is context only; struct nesting and array indexing are not resolved
SCH-01225,Timing Drive (tycon),Timing Drive native / schain,Radius,double,"length,m",Schema declaration; instance not resolved,SChainJGeomLower,radius,"Candidate: GetDblValueU(field,unit)","Candidate: SetDblValueU(field,value,unit)",Schema field/label confirmed; full path + instance + runtime read not verified,Generic API available; this field write NOT verified,Not eligible for Apply; resolve path and test first,,"<visibility=type,value-int,1,2>",Resolve actual instance/full path; check ASE vs ACT; selection/enable flags; enum mapping; binding; units; round-trip,<AVL_ROOT>/AWS/appl/clients/tycon/res/cpp/schain.h,219,Declaring class is context only; struct nesting and array indexing are not resolved
SCH-01226,Timing Drive (tycon),Timing Drive native / schain,Young's Modulus,double,"pressure,N_m2",Schema declaration; instance not resolved,SChainJGeomLower,emod,"Candidate: GetDblValueU(field,unit)","Candidate: SetDblValueU(field,value,unit)",Schema field/label confirmed; full path + instance + runtime read not verified,Generic API available; this field write NOT verified,Not eligible for Apply; resolve path and test first,,"<visibility=type,value-int,0,3>",Resolve actual instance/full path; check ASE vs ACT; selection/enable flags; enum mapping; binding; units; round-trip,<AVL_ROOT>/AWS/appl/clients/tycon/res/cpp/schain.h,222,Declaring class is context only; struct nesting and array indexing are not resolved
SCH-01227,Timing Drive (tycon),Timing Drive native / schain,Contour,ASEenum,,Schema declaration; instance not resolved,SChainJGeomLower,_cont_,Candidate: GetIntValue(field),"Candidate: SetIntValue(field,value)",Schema field/label confirmed; full path + instance + runtime read not verified,Generic API available; this field write NOT verified,Not eligible for Apply; resolve path and test first,,"<visibility=type,value-int,1,2>",Resolve actual instance/full path; check ASE vs ACT; selection/enable flags; enum mapping; binding; units; round-trip,<AVL_ROOT>/AWS/appl/clients/tycon/res/cpp/schain.h,225,"Schema labels: ""-"""
SCH-01228,Timing Drive (tycon),Timing Drive native / schain,Contour Name,char*,,Schema declaration; instance not resolved,SChainJGeomLower,name,Candidate: GetStrValue(field),"Candidate: SetStrValue(field,value)",Schema field/label confirmed; full path + instance + runtime read not verified,Generic API available; this field write NOT verified,Not eligible for Apply; resolve path and test first,,Check type/enable/visibility rules in source,Resolve actual instance/full path; check ASE vs ACT; selection/enable flags; enum mapping; binding; units; round-trip,<AVL_ROOT>/AWS/appl/clients/tycon/res/cpp/schain.h,228,Declaring class is context only; struct nesting and array indexing are not resolved
SCH-01229,Timing Drive (tycon),Timing Drive native / schain,Radius,double,"length,m",Schema declaration; instance not resolved,SChainJGeomLower,radius,"Candidate: GetDblValueU(field,unit)","Candidate: SetDblValueU(field,value,unit)",Schema field/label confirmed; full path + instance + runtime read not verified,Generic API available; this field write NOT verified,Not eligible for Apply; resolve path and test first,,"<visibility=type,value-int,1,2>",Resolve actual instance/full path; check ASE vs ACT; selection/enable flags; enum mapping; binding; units; round-trip,<AVL_ROOT>/AWS/appl/clients/tycon/res/cpp/schain.h,235,Declaring class is context only; struct nesting and array indexing are not resolved
SCH-01230,Timing Drive (tycon),Timing Drive native / schain,Young's Modulus,double,"pressure,N_m2",Schema declaration; instance not resolved,SChainJGeomLower,emod,"Candidate: GetDblValueU(field,unit)","Candidate: SetDblValueU(field,value,unit)",Schema field/label confirmed; full path + instance + runtime read not verified,Generic API available; this field write NOT verified,Not eligible for Apply; resolve path and test first,,"<visibility=type,value-int,0,3>",Resolve actual instance/full path; check ASE vs ACT; selection/enable flags; enum mapping; binding; units; round-trip,<AVL_ROOT>/AWS/appl/clients/tycon/res/cpp/schain.h,238,Declaring class is context only; struct nesting and array indexing are not resolved
SCH-01231,Timing Drive (tycon),Timing Drive native / schain,Contour,ASEenum,,Schema declaration; instance not resolved,SChainJGeomLower,_cont_,Candidate: GetIntValue(field),"Candidate: SetIntValue(field,value)",Schema field/label confirmed; full path + instance + runtime read not verified,Generic API available; this field write NOT verified,Not eligible for Apply; resolve path and test first,,"<visibility=type,value-int,1,2>",Resolve actual instance/full path; check ASE vs ACT; selection/enable flags; enum mapping; binding; units; round-trip,<AVL_ROOT>/AWS/appl/clients/tycon/res/cpp/schain.h,241,"Schema labels: ""-"""
SCH-01232,Timing Drive (tycon),Timing Drive native / schain,Contour Name,char*,,Schema declaration; instance not resolved,SChainJGeomLower,name,Candidate: GetStrValue(field),"Candidate: SetStrValue(field,value)",Schema field/label confirmed; full path + instance + runtime read not verified,Generic API available; this field write NOT verified,Not eligible for Apply; resolve path and test first,,Check type/enable/visibility rules in source,Resolve actual instance/full path; check ASE vs ACT; selection/enable flags; enum mapping; binding; units; round-trip,<AVL_ROOT>/AWS/appl/clients/tycon/res/cpp/schain.h,244,Declaring class is context only; struct nesting and array indexing are not resolved
SCH-01233,Timing Drive (tycon),Timing Drive native / schain,Radius,double,"length,m",Schema declaration; instance not resolved,SChainJGeomLower,radius,"Candidate: GetDblValueU(field,unit)","Candidate: SetDblValueU(field,value,unit)",Schema field/label confirmed; full path + instance + runtime read not verified,Generic API available; this field write NOT verified,Not eligible for Apply; resolve path and test first,,"<visibility=type,value-int,1,2>",Resolve actual instance/full path; check ASE vs ACT; selection/enable flags; enum mapping; binding; units; round-trip,<AVL_ROOT>/AWS/appl/clients/tycon/res/cpp/schain.h,251,Declaring class is context only; struct nesting and array indexing are not resolved
SCH-01234,Timing Drive (tycon),Timing Drive native / schain,Young's Modulus,double,"pressure,N_m2",Schema declaration; instance not resolved,SChainJGeomLower,emod,"Candidate: GetDblValueU(field,unit)","Candidate: SetDblValueU(field,value,unit)",Schema field/label confirmed; full path + instance + runtime read not verified,Generic API available; this field write NOT verified,Not eligible for Apply; resolve path and test first,,"<visibility=type,value-int,0,3>",Resolve actual instance/full path; check ASE vs ACT; selection/enable flags; enum mapping; binding; units; round-trip,<AVL_ROOT>/AWS/appl/clients/tycon/res/cpp/schain.h,254,Declaring class is context only; struct nesting and array indexing are not resolved
SCH-01235,Timing Drive (tycon),Timing Drive native / schain,Contour,ASEenum,,Schema declaration; instance not resolved,SChainJGeomLower,_cont_,Candidate: GetIntValue(field),"Candidate: SetIntValue(field,value)",Schema field/label confirmed; full path + instance + runtime read not verified,Generic API available; this field write NOT verified,Not eligible for Apply; resolve path and test first,,"<visibility=type,value-int,1,2>",Resolve actual instance/full path; check ASE vs ACT; selection/enable flags; enum mapping; binding; units; round-trip,<AVL_ROOT>/AWS/appl/clients/tycon/res/cpp/schain.h,257,"Schema labels: ""-"""
SCH-01236,Timing Drive (tycon),Timing Drive native / schain,Contour Name,char*,,Schema declaration; instance not resolved,SChainJGeomLower,name,Candidate: GetStrValue(field),"Candidate: SetStrValue(field,value)",Schema field/label confirmed; full path + instance + runtime read not verified,Generic API available; this field write NOT verified,Not eligible for Apply; resolve path and test first,,Check type/enable/visibility rules in source,Resolve actual instance/full path; check ASE vs ACT; selection/enable flags; enum mapping; binding; units; round-trip,<AVL_ROOT>/AWS/appl/clients/tycon/res/cpp/schain.h,260,Declaring class is context only; struct nesting and array indexing are not resolved
SCH-01237,Timing Drive (tycon),Timing Drive native / schain,Radius,double,"length,m",Schema declaration; instance not resolved,SChainJGeomUpper,radius,"Candidate: GetDblValueU(field,unit)","Candidate: SetDblValueU(field,value,unit)",Schema field/label confirmed; full path + instance + runtime read not verified,Generic API available; this field write NOT verified,Not eligible for Apply; resolve path and test first,,"<visibility=type,value-int,1,2>",Resolve actual instance/full path; check ASE vs ACT; selection/enable flags; enum mapping; binding; units; round-trip,<AVL_ROOT>/AWS/appl/clients/tycon/res/cpp/schain.h,275,Declaring class is context only; struct nesting and array indexing are not resolved
SCH-01238,Timing Drive (tycon),Timing Drive native / schain,Young's Modulus,double,"pressure,N_m2",Schema declaration; instance not resolved,SChainJGeomUpper,emod,"Candidate: GetDblValueU(field,unit)","Candidate: SetDblValueU(field,value,unit)",Schema field/label confirmed; full path + instance + runtime read not verified,Generic API available; this field write NOT verified,Not eligible for Apply; resolve path and test first,,"<visibility=type,value-int,0,3>",Resolve actual instance/full path; check ASE vs ACT; selection/enable flags; enum mapping; binding; units; round-trip,<AVL_ROOT>/AWS/appl/clients/tycon/res/cpp/schain.h,278,Declaring class is context only; struct nesting and array indexing are not resolved
SCH-01239,Timing Drive (tycon),Timing Drive native / schain,Contour,ASEenum,,Schema declaration; instance not resolved,SChainJGeomUpper,_cont_,Candidate: GetIntValue(field),"Candidate: SetIntValue(field,value)",Schema field/label confirmed; full path + instance + runtime read not verified,Generic API available; this field write NOT verified,Not eligible for Apply; resolve path and test first,,"<visibility=type,value-int,1,2>",Resolve actual instance/full path; check ASE vs ACT; selection/enable flags; enum mapping; binding; units; round-trip,<AVL_ROOT>/AWS/appl/clients/tycon/res/cpp/schain.h,281,"Schema labels: ""-"""
SCH-01240,Timing Drive (tycon),Timing Drive native / schain,Contour Name,char*,,Schema declaration; instance not resolved,SChainJGeomUpper,name,Candidate: GetStrValue(field),"Candidate: SetStrValue(field,value)",Schema field/label confirmed; full path + instance + runtime read not verified,Generic API available; this field write NOT verified,Not eligible for Apply; resolve path and test first,,Check type/enable/visibility rules in source,Resolve actual instance/full path; check ASE vs ACT; selection/enable flags; enum mapping; binding; units; round-trip,<AVL_ROOT>/AWS/appl/clients/tycon/res/cpp/schain.h,284,Declaring class is context only; struct nesting and array indexing are not resolved
SCH-01241,Timing Drive (tycon),Timing Drive native / schain,Radius,double,"length,m",Schema declaration; instance not resolved,SChainJGeomUpper,radius,"Candidate: GetDblValueU(field,unit)","Candidate: SetDblValueU(field,value,unit)",Schema field/label confirmed; full path + instance + runtime read not verified,Generic API available; this field write NOT verified,Not eligible for Apply; resolve path and test first,,"<visibility=type,value-int,1,2>",Resolve actual instance/full path; check ASE vs ACT; selection/enable flags; enum mapping; binding; units; round-trip,<AVL_ROOT>/AWS/appl/clients/tycon/res/cpp/schain.h,291,Declaring class is context only; struct nesting and array indexing are not resolved
SCH-01242,Timing Drive (tycon),Timing Drive native / schain,Young's Modulus,double,"pressure,N_m2",Schema declaration; instance not resolved,SChainJGeomUpper,emod,"Candidate: GetDblValueU(field,unit)","Candidate: SetDblValueU(field,value,unit)",Schema field/label confirmed; full path + instance + runtime read not verified,Generic API available; this field write NOT verified,Not eligible for Apply; resolve path and test first,,"<visibility=type,value-int,0,3>",Resolve actual instance/full path; check ASE vs ACT; selection/enable flags; enum mapping; binding; units; round-trip,<AVL_ROOT>/AWS/appl/clients/tycon/res/cpp/schain.h,294,Declaring class is context only; struct nesting and array indexing are not resolved
SCH-01243,Timing Drive (tycon),Timing Drive native / schain,Contour,ASEenum,,Schema declaration; instance not resolved,SChainJGeomUpper,_cont_,Candidate: GetIntValue(field),"Candidate: SetIntValue(field,value)",Schema field/label confirmed; full path + instance + runtime read not verified,Generic API available; this field write NOT verified,Not eligible for Apply; resolve path and test first,,"<visibility=type,value-int,1,2>",Resolve actual instance/full path; check ASE vs ACT; selection/enable flags; enum mapping; binding; units; round-trip,<AVL_ROOT>/AWS/appl/clients/tycon/res/cpp/schain.h,297,"Schema labels: ""-"""
SCH-01244,Timing Drive (tycon),Timing Drive native / schain,Contour Name,char*,,Schema declaration; instance not resolved,SChainJGeomUpper,name,Candidate: GetStrValue(field),"Candidate: SetStrValue(field,value)",Schema field/label confirmed; full path + instance + runtime read not verified,Generic API available; this field write NOT verified,Not eligible for Apply; resolve path and test first,,Check type/enable/visibility rules in source,Resolve actual instance/full path; check ASE vs ACT; selection/enable flags; enum mapping; binding; units; round-trip,<AVL_ROOT>/AWS/appl/clients/tycon/res/cpp/schain.h,300,Declaring class is context only; struct nesting and array indexing are not resolved
SCH-01245,Timing Drive (tycon),Timing Drive native / schain,Radius,double,"length,m",Schema declaration; instance not resolved,SChainJGeomUpper,radius,"Candidate: GetDblValueU(field,unit)","Candidate: SetDblValueU(field,value,unit)",Schema field/label confirmed; full path + instance + runtime read not verified,Generic API available; this field write NOT verified,Not eligible for Apply; resolve path and test first,,"<visibility=type,value-int,1,2>",Resolve actual instance/full path; check ASE vs ACT; selection/enable flags; enum mapping; binding; units; round-trip,<AVL_ROOT>/AWS/appl/clients/tycon/res/cpp/schain.h,307,Declaring class is context only; struct nesting and array indexing are not resolved
SCH-01246,Timing Drive (tycon),Timing Drive native / schain,Young's Modulus,double,"pressure,N_m2",Schema declaration; instance not resolved,SChainJGeomUpper,emod,"Candidate: GetDblValueU(field,unit)","Candidate: SetDblValueU(field,value,unit)",Schema field/label confirmed; full path + instance + runtime read not verified,Generic API available; this field write NOT verified,Not eligible for Apply; resolve path and test first,,"<visibility=type,value-int,0,3>",Resolve actual instance/full path; check ASE vs ACT; selection/enable flags; enum mapping; binding; units; round-trip,<AVL_ROOT>/AWS/appl/clients/tycon/res/cpp/schain.h,310,Declaring class is context only; struct nesting and array indexing are not resolved
SCH-01247,Timing Drive (tycon),Timing Drive native / schain,Contour,ASEenum,,Schema declaration; instance not resolved,SChainJGeomUpper,_cont_,Candidate: GetIntValue(field),"Candidate: SetIntValue(field,value)",Schema field/label confirmed; full path + instance + runtime read not verified,Generic API available; this field write NOT verified,Not eligible for Apply; resolve path and test first,,"<visibility=type,value-int,1,2>",Resolve actual instance/full path; check ASE vs ACT; selection/enable flags; enum mapping; binding; units; round-trip,<AVL_ROOT>/AWS/appl/clients/tycon/res/cpp/schain.h,313,"Schema labels: ""-"""
SCH-01248,Timing Drive (tycon),Timing Drive native / schain,Contour Name,char*,,Schema declaration; instance not resolved,SChainJGeomUpper,name,Candidate: GetStrValue(field),"Candidate: SetStrValue(field,value)",Schema field/label confirmed; full path + instance + runtime read not verified,Generic API available; this field write NOT verified,Not eligible for Apply; resolve path and test first,,Check type/enable/visibility rules in source,Resolve actual instance/full path; check ASE vs ACT; selection/enable flags; enum mapping; binding; units; round-trip,<AVL_ROOT>/AWS/appl/clients/tycon/res/cpp/schain.h,316,Declaring class is context only; struct nesting and array indexing are not resolved
SCH-01249,Timing Drive (tycon),Timing Drive native / schain,Radius,double,"length,m",Schema declaration; instance not resolved,SChainJGeomUpper,radius,"Candidate: GetDblValueU(field,unit)","Candidate: SetDblValueU(field,value,unit)",Schema field/label confirmed; full path + instance + runtime read not verified,Generic API available; this field write NOT verified,Not eligible for Apply; resolve path and test first,,"<visibility=type,value-int,1,2>",Resolve actual instance/full path; check ASE vs ACT; selection/enable flags; enum mapping; binding; units; round-trip,<AVL_ROOT>/AWS/appl/clients/tycon/res/cpp/schain.h,323,Declaring class is context only; struct nesting and array indexing are not resolved
SCH-01250,Timing Drive (tycon),Timing Drive native / schain,Young's Modulus,double,"pressure,N_m2",Schema declaration; instance not resolved,SChainJGeomUpper,emod,"Candidate: GetDblValueU(field,unit)","Candidate: SetDblValueU(field,value,unit)",Schema field/label confirmed; full path + instance + runtime read not verified,Generic API available; this field write NOT verified,Not eligible for Apply; resolve path and test first,,"<visibility=type,value-int,0,3>",Resolve actual instance/full path; check ASE vs ACT; selection/enable flags; enum mapping; binding; units; round-trip,<AVL_ROOT>/AWS/appl/clients/tycon/res/cpp/schain.h,326,Declaring class is context only; struct nesting and array indexing are not resolved
SCH-01251,Timing Drive (tycon),Timing Drive native / schain,Contour,ASEenum,,Schema declaration; instance not resolved,SChainJGeomUpper,_cont_,Candidate: GetIntValue(field),"Candidate: SetIntValue(field,value)",Schema field/label confirmed; full path + instance + runtime read not verified,Generic API available; this field write NOT verified,Not eligible for Apply; resolve path and test first,,"<visibility=type,value-int,1,2>",Resolve actual instance/full path; check ASE vs ACT; selection/enable flags; enum mapping; binding; units; round-trip,<AVL_ROOT>/AWS/appl/clients/tycon/res/cpp/schain.h,329,"Schema labels: ""-"""
SCH-01252,Timing Drive (tycon),Timing Drive native / schain,Contour Name,char*,,Schema declaration; instance not resolved,SChainJGeomUpper,name,Candidate: GetStrValue(field),"Candidate: SetStrValue(field,value)",Schema field/label confirmed; full path + instance + runtime read not verified,Generic API available; this field write NOT verified,Not eligible for Apply; resolve path and test first,,Check type/enable/visibility rules in source,Resolve actual instance/full path; check ASE vs ACT; selection/enable flags; enum mapping; binding; units; round-trip,<AVL_ROOT>/AWS/appl/clients/tycon/res/cpp/schain.h,332,Declaring class is context only; struct nesting and array indexing are not resolved
SCH-01253,Timing Drive (tycon),Timing Drive native / schain,Radius,double,"length,m",Schema declaration; instance not resolved,ContourSelectorFront,radius,"Candidate: GetDblValueU(field,unit)","Candidate: SetDblValueU(field,value,unit)",Schema field/label confirmed; full path + instance + runtime read not verified,Generic API available; this field write NOT verified,Not eligible for Apply; resolve path and test first,,"<visibility=type,value-int,1,2>",Resolve actual instance/full path; check ASE vs ACT; selection/enable flags; enum mapping; binding; units; round-trip,<AVL_ROOT>/AWS/appl/clients/tycon/res/cpp/schain.h,348,Declaring class is context only; struct nesting and array indexing are not resolved
SCH-01254,Timing Drive (tycon),Timing Drive native / schain,Young's Modulus,double,"pressure,N_m2",Schema declaration; instance not resolved,ContourSelectorFront,emod,"Candidate: GetDblValueU(field,unit)","Candidate: SetDblValueU(field,value,unit)",Schema field/label confirmed; full path + instance + runtime read not verified,Generic API available; this field write NOT verified,Not eligible for Apply; resolve path and test first,,"<visibility=type,value-int,0,3>",Resolve actual instance/full path; check ASE vs ACT; selection/enable flags; enum mapping; binding; units; round-trip,<AVL_ROOT>/AWS/appl/clients/tycon/res/cpp/schain.h,351,Declaring class is context only; struct nesting and array indexing are not resolved
SCH-01255,Timing Drive (tycon),Timing Drive native / schain,Contour,ASEenum,,Schema declaration; instance not resolved,ContourSelectorFront,_cont_,Candidate: GetIntValue(field),"Candidate: SetIntValue(field,value)",Schema field/label confirmed; full path + instance + runtime read not verified,Generic API available; this field write NOT verified,Not eligible for Apply; resolve path and test first,,"<visibility=type,value-int,1,2>",Resolve actual instance/full path; check ASE vs ACT; selection/enable flags; enum mapping; binding; units; round-trip,<AVL_ROOT>/AWS/appl/clients/tycon/res/cpp/schain.h,354,"Schema labels: ""-"""
SCH-01256,Timing Drive (tycon),Timing Drive native / schain,Contour Name,char*,,Schema declaration; instance not resolved,ContourSelectorFront,name,Candidate: GetStrValue(field),"Candidate: SetStrValue(field,value)",Schema field/label confirmed; full path + instance + runtime read not verified,Generic API available; this field write NOT verified,Not eligible for Apply; resolve path and test first,,Check type/enable/visibility rules in source,Resolve actual instance/full path; check ASE vs ACT; selection/enable flags; enum mapping; binding; units; round-trip,<AVL_ROOT>/AWS/appl/clients/tycon/res/cpp/schain.h,357,Declaring class is context only; struct nesting and array indexing are not resolved
SCH-01257,Timing Drive (tycon),Timing Drive native / schain,Radius,double,"length,m",Schema declaration; instance not resolved,ContourSelectorFront,radius,"Candidate: GetDblValueU(field,unit)","Candidate: SetDblValueU(field,value,unit)",Schema field/label confirmed; full path + instance + runtime read not verified,Generic API available; this field write NOT verified,Not eligible for Apply; resolve path and test first,,"<visibility=type,value-int,1,2>",Resolve actual instance/full path; check ASE vs ACT; selection/enable flags; enum mapping; binding; units; round-trip,<AVL_ROOT>/AWS/appl/clients/tycon/res/cpp/schain.h,369,Declaring class is context only; struct nesting and array indexing are not resolved
SCH-01258,Timing Drive (tycon),Timing Drive native / schain,Young's Modulus,double,"pressure,N_m2",Schema declaration; instance not resolved,ContourSelectorFront,emod,"Candidate: GetDblValueU(field,unit)","Candidate: SetDblValueU(field,value,unit)",Schema field/label confirmed; full path + instance + runtime read not verified,Generic API available; this field write NOT verified,Not eligible for Apply; resolve path and test first,,"<visibility=type,value-int,0,3>",Resolve actual instance/full path; check ASE vs ACT; selection/enable flags; enum mapping; binding; units; round-trip,<AVL_ROOT>/AWS/appl/clients/tycon/res/cpp/schain.h,372,Declaring class is context only; struct nesting and array indexing are not resolved
SCH-01259,Timing Drive (tycon),Timing Drive native / schain,Contour,ASEenum,,Schema declaration; instance not resolved,ContourSelectorFront,_cont_,Candidate: GetIntValue(field),"Candidate: SetIntValue(field,value)",Schema field/label confirmed; full path + instance + runtime read not verified,Generic API available; this field write NOT verified,Not eligible for Apply; resolve path and test first,,"<visibility=type,value-int,1,2>",Resolve actual instance/full path; check ASE vs ACT; selection/enable flags; enum mapping; binding; units; round-trip,<AVL_ROOT>/AWS/appl/clients/tycon/res/cpp/schain.h,375,"Schema labels: ""-"""
SCH-01260,Timing Drive (tycon),Timing Drive native / schain,Contour Name,char*,,Schema declaration; instance not resolved,ContourSelectorFront,name,Candidate: GetStrValue(field),"Candidate: SetStrValue(field,value)",Schema field/label confirmed; full path + instance + runtime read not verified,Generic API available; this field write NOT verified,Not eligible for Apply; resolve path and test first,,Check type/enable/visibility rules in source,Resolve actual instance/full path; check ASE vs ACT; selection/enable flags; enum mapping; binding; units; round-trip,<AVL_ROOT>/AWS/appl/clients/tycon/res/cpp/schain.h,378,Declaring class is context only; struct nesting and array indexing are not resolved
SCH-01261,Timing Drive (tycon),Timing Drive native / schain,Radius,double,"length,m",Schema declaration; instance not resolved,ContourSelectorBack,radius,"Candidate: GetDblValueU(field,unit)","Candidate: SetDblValueU(field,value,unit)",Schema field/label confirmed; full path + instance + runtime read not verified,Generic API available; this field write NOT verified,Not eligible for Apply; resolve path and test first,,"<visibility=type,value-int,1,2>",Resolve actual instance/full path; check ASE vs ACT; selection/enable flags; enum mapping; binding; units; round-trip,<AVL_ROOT>/AWS/appl/clients/tycon/res/cpp/schain.h,399,Declaring class is context only; struct nesting and array indexing are not resolved
SCH-01262,Timing Drive (tycon),Timing Drive native / schain,Young's Modulus,double,"pressure,N_m2",Schema declaration; instance not resolved,ContourSelectorBack,emod,"Candidate: GetDblValueU(field,unit)","Candidate: SetDblValueU(field,value,unit)",Schema field/label confirmed; full path + instance + runtime read not verified,Generic API available; this field write NOT verified,Not eligible for Apply; resolve path and test first,,"<visibility=type,value-int,0,3>",Resolve actual instance/full path; check ASE vs ACT; selection/enable flags; enum mapping; binding; units; round-trip,<AVL_ROOT>/AWS/appl/clients/tycon/res/cpp/schain.h,402,Declaring class is context only; struct nesting and array indexing are not resolved
SCH-01263,Timing Drive (tycon),Timing Drive native / schain,Contour,ASEenum,,Schema declaration; instance not resolved,ContourSelectorBack,_cont_,Candidate: GetIntValue(field),"Candidate: SetIntValue(field,value)",Schema field/label confirmed; full path + instance + runtime read not verified,Generic API available; this field write NOT verified,Not eligible for Apply; resolve path and test first,,"<visibility=type,value-int,1,2>",Resolve actual instance/full path; check ASE vs ACT; selection/enable flags; enum mapping; binding; units; round-trip,<AVL_ROOT>/AWS/appl/clients/tycon/res/cpp/schain.h,405,"Schema labels: ""-"""
SCH-01264,Timing Drive (tycon),Timing Drive native / schain,Contour Name,char*,,Schema declaration; instance not resolved,ContourSelectorBack,name,Candidate: GetStrValue(field),"Candidate: SetStrValue(field,value)",Schema field/label confirmed; full path + instance + runtime read not verified,Generic API available; this field write NOT verified,Not eligible for Apply; resolve path and test first,,Check type/enable/visibility rules in source,Resolve actual instance/full path; check ASE vs ACT; selection/enable flags; enum mapping; binding; units; round-trip,<AVL_ROOT>/AWS/appl/clients/tycon/res/cpp/schain.h,408,Declaring class is context only; struct nesting and array indexing are not resolved
SCH-01265,Timing Drive (tycon),Timing Drive native / schain,Radius,double,"length,m",Schema declaration; instance not resolved,ContourSelectorBack,radius,"Candidate: GetDblValueU(field,unit)","Candidate: SetDblValueU(field,value,unit)",Schema field/label confirmed; full path + instance + runtime read not verified,Generic API available; this field write NOT verified,Not eligible for Apply; resolve path and test first,,"<visibility=type,value-int,1,2>",Resolve actual instance/full path; check ASE vs ACT; selection/enable flags; enum mapping; binding; units; round-trip,<AVL_ROOT>/AWS/appl/clients/tycon/res/cpp/schain.h,421,Declaring class is context only; struct nesting and array indexing are not resolved
SCH-01266,Timing Drive (tycon),Timing Drive native / schain,Young's Modulus,double,"pressure,N_m2",Schema declaration; instance not resolved,ContourSelectorBack,emod,"Candidate: GetDblValueU(field,unit)","Candidate: SetDblValueU(field,value,unit)",Schema field/label confirmed; full path + instance + runtime read not verified,Generic API available; this field write NOT verified,Not eligible for Apply; resolve path and test first,,"<visibility=type,value-int,0,3>",Resolve actual instance/full path; check ASE vs ACT; selection/enable flags; enum mapping; binding; units; round-trip,<AVL_ROOT>/AWS/appl/clients/tycon/res/cpp/schain.h,424,Declaring class is context only; struct nesting and array indexing are not resolved
SCH-01267,Timing Drive (tycon),Timing Drive native / schain,Contour,ASEenum,,Schema declaration; instance not resolved,ContourSelectorBack,_cont_,Candidate: GetIntValue(field),"Candidate: SetIntValue(field,value)",Schema field/label confirmed; full path + instance + runtime read not verified,Generic API available; this field write NOT verified,Not eligible for Apply; resolve path and test first,,"<visibility=type,value-int,1,2>",Resolve actual instance/full path; check ASE vs ACT; selection/enable flags; enum mapping; binding; units; round-trip,<AVL_ROOT>/AWS/appl/clients/tycon/res/cpp/schain.h,427,"Schema labels: ""-"""
SCH-01268,Timing Drive (tycon),Timing Drive native / schain,Contour Name,char*,,Schema declaration; instance not resolved,ContourSelectorBack,name,Candidate: GetStrValue(field),"Candidate: SetStrValue(field,value)",Schema field/label confirmed; full path + instance + runtime read not verified,Generic API available; this field write NOT verified,Not eligible for Apply; resolve path and test first,,Check type/enable/visibility rules in source,Resolve actual instance/full path; check ASE vs ACT; selection/enable flags; enum mapping; binding; units; round-trip,<AVL_ROOT>/AWS/appl/clients/tycon/res/cpp/schain.h,430,Declaring class is context only; struct nesting and array indexing are not resolved
SCH-01269,Timing Drive (tycon),Timing Drive native / tbelt,Element Name,char*,,Schema declaration; instance not resolved,TBelt,name,Candidate: GetStrValue(field),"Candidate: SetStrValue(field,value)",Schema field/label confirmed; full path + instance + runtime read not verified,Generic API available; this field write NOT verified,Not eligible for Apply; resolve path and test first,,Check type/enable/visibility rules in source,Resolve actual instance/full path; check ASE vs ACT; selection/enable flags; enum mapping; binding; units; round-trip,<AVL_ROOT>/AWS/appl/clients/tycon/res/cpp/tbelt.h,28,Declaring class is context only; struct nesting and array indexing are not resolved
SCH-01270,Timing Drive (tycon),Timing Drive native / tbelt,Reference System,ASEenum,,Schema declaration; instance not resolved,TBelt,_csys_,Candidate: GetIntValue(field),"Candidate: SetIntValue(field,value)",Schema field/label confirmed; full path + instance + runtime read not verified,Generic API available; this field write NOT verified,Not eligible for Apply; resolve path and test first,,Check type/enable/visibility rules in source,Resolve actual instance/full path; check ASE vs ACT; selection/enable flags; enum mapping; binding; units; round-trip,<AVL_ROOT>/AWS/appl/clients/tycon/res/cpp/tbelt.h,29,"Schema labels: ""-"""
SCH-01271,Timing Drive (tycon),Timing Drive native / tbelt,Axial offset,double,"length,m",Schema declaration; instance not resolved,TBelt,x_offs,"Candidate: GetDblValueU(field,unit)","Candidate: SetDblValueU(field,value,unit)",Schema field/label confirmed; full path + instance + runtime read not verified,Generic API available; this field write NOT verified,Not eligible for Apply; resolve path and test first,,Check type/enable/visibility rules in source,Resolve actual instance/full path; check ASE vs ACT; selection/enable flags; enum mapping; binding; units; round-trip,<AVL_ROOT>/AWS/appl/clients/tycon/res/cpp/tbelt.h,31,Declaring class is context only; struct nesting and array indexing are not resolved
SCH-01272,Timing Drive (tycon),Timing Drive native / tbelt,Number of Teeth at Belt,int,,Schema declaration; instance not resolved,TBelt,num,Candidate: GetIntValue(field),"Candidate: SetIntValue(field,value)",Schema field/label confirmed; full path + instance + runtime read not verified,Generic API available; this field write NOT verified,Not eligible for Apply; resolve path and test first,,Check type/enable/visibility rules in source,Resolve actual instance/full path; check ASE vs ACT; selection/enable flags; enum mapping; binding; units; round-trip,<AVL_ROOT>/AWS/appl/clients/tycon/res/cpp/tbelt.h,32,Declaring class is context only; struct nesting and array indexing are not resolved
SCH-01273,Timing Drive (tycon),Timing Drive native / tbelt,Pre-Tension Belt,double,"force,N",Schema declaration; instance not resolved,TBelt,pretens,"Candidate: GetDblValueU(field,unit)","Candidate: SetDblValueU(field,value,unit)",Schema field/label confirmed; full path + instance + runtime read not verified,Generic API available; this field write NOT verified,Not eligible for Apply; resolve path and test first,,Check type/enable/visibility rules in source,Resolve actual instance/full path; check ASE vs ACT; selection/enable flags; enum mapping; binding; units; round-trip,<AVL_ROOT>/AWS/appl/clients/tycon/res/cpp/tbelt.h,33,Declaring class is context only; struct nesting and array indexing are not resolved
SCH-01274,Timing Drive (tycon),Timing Drive native / tbelt,Nominal Pitch,double,"length,m",Schema declaration; instance not resolved,TBelt,nom_pitch,"Candidate: GetDblValueU(field,unit)","Candidate: SetDblValueU(field,value,unit)",Schema field/label confirmed; full path + instance + runtime read not verified,Generic API available; this field write NOT verified,Not eligible for Apply; resolve path and test first,,Check type/enable/visibility rules in source,Resolve actual instance/full path; check ASE vs ACT; selection/enable flags; enum mapping; binding; units; round-trip,<AVL_ROOT>/AWS/appl/clients/tycon/res/cpp/tbelt.h,35,Declaring class is context only; struct nesting and array indexing are not resolved
SCH-01275,Timing Drive (tycon),Timing Drive native / tbelt,Angle to Contour's major-axis,double,angle,Schema declaration; instance not resolved,TBelt,install_angle,"Candidate: GetDblValueU(field,unit)","Candidate: SetDblValueU(field,value,unit)",Schema field/label confirmed; full path + instance + runtime read not verified,Generic API available; this field write NOT verified,Not eligible for Apply; resolve path and test first,,Check type/enable/visibility rules in source,Resolve actual instance/full path; check ASE vs ACT; selection/enable flags; enum mapping; binding; units; round-trip,<AVL_ROOT>/AWS/appl/clients/tycon/res/cpp/tbelt.h,37,Declaring class is context only; struct nesting and array indexing are not resolved
SCH-01276,Timing Drive (tycon),Timing Drive native / tbelt,Combined Contact for Belt Tooth and Land,Bool,,Schema declaration; instance not resolved,TBeltMDepth,b_fsc,Candidate: GetIntValue(field),"Candidate: SetIntValue(field,value)",Schema field/label confirmed; full path + instance + runtime read not verified,Generic API available; this field write NOT verified,Not eligible for Apply; resolve path and test first,,Check type/enable/visibility rules in source,Resolve actual instance/full path; check ASE vs ACT; selection/enable flags; enum mapping; binding; units; round-trip,<AVL_ROOT>/AWS/appl/clients/tycon/res/cpp/tbelt.h,88,Declaring class is context only; struct nesting and array indexing are not resolved
SCH-01277,Timing Drive (tycon),Timing Drive native / tbelt,Consider Friction,Bool,,Schema declaration; instance not resolved,TBeltMDepth,b_fsf,Candidate: GetIntValue(field),"Candidate: SetIntValue(field,value)",Schema field/label confirmed; full path + instance + runtime read not verified,Generic API available; this field write NOT verified,Not eligible for Apply; resolve path and test first,,Check type/enable/visibility rules in source,Resolve actual instance/full path; check ASE vs ACT; selection/enable flags; enum mapping; binding; units; round-trip,<AVL_ROOT>/AWS/appl/clients/tycon/res/cpp/tbelt.h,90,Declaring class is context only; struct nesting and array indexing are not resolved
SCH-01278,Timing Drive (tycon),Timing Drive native / tbelt,Consider Friction,Bool,,Schema declaration; instance not resolved,TBeltMDepth,b_bsf,Candidate: GetIntValue(field),"Candidate: SetIntValue(field,value)",Schema field/label confirmed; full path + instance + runtime read not verified,Generic API available; this field write NOT verified,Not eligible for Apply; resolve path and test first,,Check type/enable/visibility rules in source,Resolve actual instance/full path; check ASE vs ACT; selection/enable flags; enum mapping; binding; units; round-trip,<AVL_ROOT>/AWS/appl/clients/tycon/res/cpp/tbelt.h,96,Declaring class is context only; struct nesting and array indexing are not resolved
SCH-01279,Timing Drive (tycon),Timing Drive native / tbelt,Pitch of Belt,double,"length,m",Schema declaration; instance not resolved,TBeltData,pitch,"Candidate: GetDblValueU(field,unit)","Candidate: SetDblValueU(field,value,unit)",Schema field/label confirmed; full path + instance + runtime read not verified,Generic API available; this field write NOT verified,Not eligible for Apply; resolve path and test first,,Check type/enable/visibility rules in source,Resolve actual instance/full path; check ASE vs ACT; selection/enable flags; enum mapping; binding; units; round-trip,<AVL_ROOT>/AWS/appl/clients/tycon/res/cpp/tbelt.h,102,Declaring class is context only; struct nesting and array indexing are not resolved
SCH-01280,Timing Drive (tycon),Timing Drive native / ntbelt,Element Name,char*,,Schema declaration; instance not resolved,NTBGlobal,name,Candidate: GetStrValue(field),"Candidate: SetStrValue(field,value)",Schema field/label confirmed; full path + instance + runtime read not verified,Generic API available; this field write NOT verified,Not eligible for Apply; resolve path and test first,,Check type/enable/visibility rules in source,Resolve actual instance/full path; check ASE vs ACT; selection/enable flags; enum mapping; binding; units; round-trip,<AVL_ROOT>/AWS/appl/clients/tycon/res/cpp/ntbelt.h,97,Declaring class is context only; struct nesting and array indexing are not resolved
SCH-01281,Timing Drive (tycon),Timing Drive native / ntbelt,Reference System,ASEenum,,Schema declaration; instance not resolved,NTBGlobal,_csys_,Candidate: GetIntValue(field),"Candidate: SetIntValue(field,value)",Schema field/label confirmed; full path + instance + runtime read not verified,Generic API available; this field write NOT verified,Not eligible for Apply; resolve path and test first,,Check type/enable/visibility rules in source,Resolve actual instance/full path; check ASE vs ACT; selection/enable flags; enum mapping; binding; units; round-trip,<AVL_ROOT>/AWS/appl/clients/tycon/res/cpp/ntbelt.h,98,"Schema labels: ""-"""
SCH-01282,Timing Drive (tycon),Timing Drive native / ntbelt,Type of Model,ASEenum,,Schema declaration; instance not resolved,NTBGlobal,m_type,Candidate: GetIntValue(field),"Candidate: SetIntValue(field,value)",Schema field/label confirmed; full path + instance + runtime read not verified,Generic API available; this field write NOT verified,Not eligible for Apply; resolve path and test first,,Check type/enable/visibility rules in source,Resolve actual instance/full path; check ASE vs ACT; selection/enable flags; enum mapping; binding; units; round-trip,<AVL_ROOT>/AWS/appl/clients/tycon/res/cpp/ntbelt.h,100,"Schema labels: ""Continuous Span"",""Discrete Section-by-Section"""
SCH-01283,Timing Drive (tycon),Timing Drive native / ntbelt,Axial offset,double,"length,m",Schema declaration; instance not resolved,NTBGlobal,x_offs,"Candidate: GetDblValueU(field,unit)","Candidate: SetDblValueU(field,value,unit)",Schema field/label confirmed; full path + instance + runtime read not verified,Generic API available; this field write NOT verified,Not eligible for Apply; resolve path and test first,,Check type/enable/visibility rules in source,Resolve actual instance/full path; check ASE vs ACT; selection/enable flags; enum mapping; binding; units; round-trip,<AVL_ROOT>/AWS/appl/clients/tycon/res/cpp/ntbelt.h,105,Declaring class is context only; struct nesting and array indexing are not resolved
SCH-01284,Timing Drive (tycon),Timing Drive native / ntbelt,Number of Sections for Belt,int,,Schema declaration; instance not resolved,NTBGlobal,num,Candidate: GetIntValue(field),"Candidate: SetIntValue(field,value)",Schema field/label confirmed; full path + instance + runtime read not verified,Generic API available; this field write NOT verified,Not eligible for Apply; resolve path and test first,,Check type/enable/visibility rules in source,Resolve actual instance/full path; check ASE vs ACT; selection/enable flags; enum mapping; binding; units; round-trip,<AVL_ROOT>/AWS/appl/clients/tycon/res/cpp/ntbelt.h,107,Declaring class is context only; struct nesting and array indexing are not resolved
SCH-01285,Timing Drive (tycon),Timing Drive native / ntbelt,Pre-Tension Belt,double,"force,N",Schema declaration; instance not resolved,NTBGlobal,pretens,"Candidate: GetDblValueU(field,unit)","Candidate: SetDblValueU(field,value,unit)",Schema field/label confirmed; full path + instance + runtime read not verified,Generic API available; this field write NOT verified,Not eligible for Apply; resolve path and test first,,Check type/enable/visibility rules in source,Resolve actual instance/full path; check ASE vs ACT; selection/enable flags; enum mapping; binding; units; round-trip,<AVL_ROOT>/AWS/appl/clients/tycon/res/cpp/ntbelt.h,109,Declaring class is context only; struct nesting and array indexing are not resolved
SCH-01286,Timing Drive (tycon),Timing Drive native / ntbelt,Unloaded Belt Length (ref Chord Line),double,"length,m",Schema declaration; instance not resolved,NTBGlobal,lng,"Candidate: GetDblValueU(field,unit)","Candidate: SetDblValueU(field,value,unit)",Schema field/label confirmed; full path + instance + runtime read not verified,Generic API available; this field write NOT verified,Not eligible for Apply; resolve path and test first,,Check type/enable/visibility rules in source,Resolve actual instance/full path; check ASE vs ACT; selection/enable flags; enum mapping; binding; units; round-trip,<AVL_ROOT>/AWS/appl/clients/tycon/res/cpp/ntbelt.h,111,Declaring class is context only; struct nesting and array indexing are not resolved
SCH-01287,Timing Drive (tycon),Timing Drive native / ntbelt,Belt Type,ASEenum,,Schema declaration; instance not resolved,NTBGlobal,type,Candidate: GetIntValue(field),"Candidate: SetIntValue(field,value)",Schema field/label confirmed; full path + instance + runtime read not verified,Generic API available; this field write NOT verified,Not eligible for Apply; resolve path and test first,,Check type/enable/visibility rules in source,Resolve actual instance/full path; check ASE vs ACT; selection/enable flags; enum mapping; binding; units; round-trip,<AVL_ROOT>/AWS/appl/clients/tycon/res/cpp/ntbelt.h,113,"Schema labels: ""Flat Belt, V or Poly-V w/o radial V-Friction"", ""V or poly-V w/ radial V-Friction"""
SCH-01288,Timing Drive (tycon),Timing Drive native / ntbelt,Mass per Unit-Length,double,"mass_coeff_linl,kg_m",Schema declaration; instance not resolved,NTBeltMass,massL,"Candidate: GetDblValueU(field,unit)","Candidate: SetDblValueU(field,value,unit)",Schema field/label confirmed; full path + instance + runtime read not verified,Generic API available; this field write NOT verified,Not eligible for Apply; resolve path and test first,,Check type/enable/visibility rules in source,Resolve actual instance/full path; check ASE vs ACT; selection/enable flags; enum mapping; binding; units; round-trip,<AVL_ROOT>/AWS/appl/clients/tycon/res/cpp/ntbelt.h,127,Declaring class is context only; struct nesting and array indexing are not resolved
SCH-01289,Timing Drive (tycon),Timing Drive native / ntbelt,Mass of one Belt Section,double,"mass,kg",Schema declaration; instance not resolved,NTBeltMass,mass,"Candidate: GetDblValueU(field,unit)","Candidate: SetDblValueU(field,value,unit)",Schema field/label confirmed; full path + instance + runtime read not verified,Generic API available; this field write NOT verified,Not eligible for Apply; resolve path and test first,,Check type/enable/visibility rules in source,Resolve actual instance/full path; check ASE vs ACT; selection/enable flags; enum mapping; binding; units; round-trip,<AVL_ROOT>/AWS/appl/clients/tycon/res/cpp/ntbelt.h,130,Declaring class is context only; struct nesting and array indexing are not resolved
SCH-01290,Timing Drive (tycon),Timing Drive native / ntbelt,Principle Moment of Inertia about A-Axis,double,"mom_inert,kgm2",Schema declaration; instance not resolved,NTBeltMass,th1,"Candidate: GetDblValueU(field,unit)","Candidate: SetDblValueU(field,value,unit)",Schema field/label confirmed; full path + instance + runtime read not verified,Generic API available; this field write NOT verified,Not eligible for Apply; resolve path and test first,,Check type/enable/visibility rules in source,Resolve actual instance/full path; check ASE vs ACT; selection/enable flags; enum mapping; binding; units; round-trip,<AVL_ROOT>/AWS/appl/clients/tycon/res/cpp/ntbelt.h,132,Declaring class is context only; struct nesting and array indexing are not resolved
SCH-01291,Timing Drive (tycon),Timing Drive native / ntbelt,Longitudinal Stiffness (E.A-value),double,"force,N",Schema declaration; instance not resolved,NTBeltBeam,stif,"Candidate: GetDblValueU(field,unit)","Candidate: SetDblValueU(field,value,unit)",Schema field/label confirmed; full path + instance + runtime read not verified,Generic API available; this field write NOT verified,Not eligible for Apply; resolve path and test first,,Check type/enable/visibility rules in source,Resolve actual instance/full path; check ASE vs ACT; selection/enable flags; enum mapping; binding; units; round-trip,<AVL_ROOT>/AWS/appl/clients/tycon/res/cpp/ntbelt.h,157,Declaring class is context only; struct nesting and array indexing are not resolved
SCH-01292,Timing Drive (tycon),Timing Drive native / ntbelt,Bending Rigidity Modulus (E.I-value),double,"belt_bend_modulus,Nm2",Schema declaration; instance not resolved,NTBeltBeam,bend,"Candidate: GetDblValueU(field,unit)","Candidate: SetDblValueU(field,value,unit)",Schema field/label confirmed; full path + instance + runtime read not verified,Generic API available; this field write NOT verified,Not eligible for Apply; resolve path and test first,,Check type/enable/visibility rules in source,Resolve actual instance/full path; check ASE vs ACT; selection/enable flags; enum mapping; binding; units; round-trip,<AVL_ROOT>/AWS/appl/clients/tycon/res/cpp/ntbelt.h,158,Declaring class is context only; struct nesting and array indexing are not resolved
SCH-01293,Timing Drive (tycon),Timing Drive native / ntbelt,Young's Modulus (E),double,"pressure,N_m2",Schema declaration; instance not resolved,NTBeltBeam,mode,"Candidate: GetDblValueU(field,unit)","Candidate: SetDblValueU(field,value,unit)",Schema field/label confirmed; full path + instance + runtime read not verified,Generic API available; this field write NOT verified,Not eligible for Apply; resolve path and test first,,Check type/enable/visibility rules in source,Resolve actual instance/full path; check ASE vs ACT; selection/enable flags; enum mapping; binding; units; round-trip,<AVL_ROOT>/AWS/appl/clients/tycon/res/cpp/ntbelt.h,161,Declaring class is context only; struct nesting and array indexing are not resolved
SCH-01294,Timing Drive (tycon),Timing Drive native / ntbelt,Belt Cross Sectional Area (A),double,"area,m2",Schema declaration; instance not resolved,NTBeltBeam,area,"Candidate: GetDblValueU(field,unit)","Candidate: SetDblValueU(field,value,unit)",Schema field/label confirmed; full path + instance + runtime read not verified,Generic API available; this field write NOT verified,Not eligible for Apply; resolve path and test first,,Check type/enable/visibility rules in source,Resolve actual instance/full path; check ASE vs ACT; selection/enable flags; enum mapping; binding; units; round-trip,<AVL_ROOT>/AWS/appl/clients/tycon/res/cpp/ntbelt.h,162,Declaring class is context only; struct nesting and array indexing are not resolved
SCH-01295,Timing Drive (tycon),Timing Drive native / ntbelt,2nd Degree Moment of Area about c-Axis (I),double,"2nd_mom_area,m4",Schema declaration; instance not resolved,NTBeltBeam,ma2c,"Candidate: GetDblValueU(field,unit)","Candidate: SetDblValueU(field,value,unit)",Schema field/label confirmed; full path + instance + runtime read not verified,Generic API available; this field write NOT verified,Not eligible for Apply; resolve path and test first,,Check type/enable/visibility rules in source,Resolve actual instance/full path; check ASE vs ACT; selection/enable flags; enum mapping; binding; units; round-trip,<AVL_ROOT>/AWS/appl/clients/tycon/res/cpp/ntbelt.h,163,Declaring class is context only; struct nesting and array indexing are not resolved
SCH-01296,Timing Drive (tycon),Timing Drive native / ntbelt,Longitudinal,double,"beam_damping,s",Schema declaration; instance not resolved,NTBeltBeam,dfacLong,"Candidate: GetDblValueU(field,unit)","Candidate: SetDblValueU(field,value,unit)",Schema field/label confirmed; full path + instance + runtime read not verified,Generic API available; this field write NOT verified,Not eligible for Apply; resolve path and test first,,Check type/enable/visibility rules in source,Resolve actual instance/full path; check ASE vs ACT; selection/enable flags; enum mapping; binding; units; round-trip,<AVL_ROOT>/AWS/appl/clients/tycon/res/cpp/ntbelt.h,169,Declaring class is context only; struct nesting and array indexing are not resolved
SCH-01297,Timing Drive (tycon),Timing Drive native / ntbelt,Bending,double,"beam_damping,s",Schema declaration; instance not resolved,NTBeltBeam,dfacBnd,"Candidate: GetDblValueU(field,unit)","Candidate: SetDblValueU(field,value,unit)",Schema field/label confirmed; full path + instance + runtime read not verified,Generic API available; this field write NOT verified,Not eligible for Apply; resolve path and test first,,Check type/enable/visibility rules in source,Resolve actual instance/full path; check ASE vs ACT; selection/enable flags; enum mapping; binding; units; round-trip,<AVL_ROOT>/AWS/appl/clients/tycon/res/cpp/ntbelt.h,170,Declaring class is context only; struct nesting and array indexing are not resolved
SCH-01298,Timing Drive (tycon),Timing Drive native / ntbelt,Long Damp (D.A),double,"belt_long_damp,Ns",Schema declaration; instance not resolved,NTBeltBeam,longDamp,"Candidate: GetDblValueU(field,unit)","Candidate: SetDblValueU(field,value,unit)",Schema field/label confirmed; full path + instance + runtime read not verified,Generic API available; this field write NOT verified,Not eligible for Apply; resolve path and test first,,Check type/enable/visibility rules in source,Resolve actual instance/full path; check ASE vs ACT; selection/enable flags; enum mapping; binding; units; round-trip,<AVL_ROOT>/AWS/appl/clients/tycon/res/cpp/ntbelt.h,174,Declaring class is context only; struct nesting and array indexing are not resolved
SCH-01299,Timing Drive (tycon),Timing Drive native / ntbelt,Bend Damp (D.I),double,"belt_bend_damp,Nsm2",Schema declaration; instance not resolved,NTBeltBeam,bendDamp,"Candidate: GetDblValueU(field,unit)","Candidate: SetDblValueU(field,value,unit)",Schema field/label confirmed; full path + instance + runtime read not verified,Generic API available; this field write NOT verified,Not eligible for Apply; resolve path and test first,,Check type/enable/visibility rules in source,Resolve actual instance/full path; check ASE vs ACT; selection/enable flags; enum mapping; binding; units; round-trip,<AVL_ROOT>/AWS/appl/clients/tycon/res/cpp/ntbelt.h,175,Declaring class is context only; struct nesting and array indexing are not resolved
SCH-01300,Timing Drive (tycon),Timing Drive native / ntbelt,Undeformed longitudinal Axis in LCS of,double**,,Schema declaration; instance not resolved,NTBeltBeam,ula,"Candidate: WSClass.GetWSMatrix(field,0)",Candidate: WSMatrix typed setters + ReleaseHandle,Schema field/label confirmed; full path + instance + runtime read not verified,Generic API available; this field write NOT verified,Not eligible for Apply; resolve path and test first,,Check type/enable/visibility rules in source,Resolve actual instance/full path; check ASE vs ACT; selection/enable flags; enum mapping; binding; units; round-trip,<AVL_ROOT>/AWS/appl/clients/tycon/res/cpp/ntbelt.h,183,Declaring class is context only; struct nesting and array indexing are not resolved
SCH-01301,Timing Drive (tycon),Timing Drive native / ntbelt,Tangent Model Editor,Bool,,Schema declaration; instance not resolved,NTBelt,show_tmod,Candidate: GetIntValue(field),"Candidate: SetIntValue(field,value)",Schema field/label confirmed; full path + instance + runtime read not verified,Generic API available; this field write NOT verified,Not eligible for Apply; resolve path and test first,,<visibility_change>,Resolve actual instance/full path; check ASE vs ACT; selection/enable flags; enum mapping; binding; units; round-trip,<AVL_ROOT>/AWS/appl/clients/tycon/res/cpp/ntbelt.h,273,Declaring class is context only; struct nesting and array indexing are not resolved
SCH-01302,Timing Drive (tycon),Timing Drive native / ntbelt,Show IDs,Bool,,Schema declaration; instance not resolved,NTBelt,show_ids,Candidate: GetIntValue(field),"Candidate: SetIntValue(field,value)",Schema field/label confirmed; full path + instance + runtime read not verified,Generic API available; this field write NOT verified,Not eligible for Apply; resolve path and test first,,Check type/enable/visibility rules in source,Resolve actual instance/full path; check ASE vs ACT; selection/enable flags; enum mapping; binding; units; round-trip,<AVL_ROOT>/AWS/appl/clients/tycon/res/cpp/ntbelt.h,275,Declaring class is context only; struct nesting and array indexing are not resolved
SCH-01303,Timing Drive (tycon),Timing Drive native / ntbelt,Mirror,Bool,,Schema declaration; instance not resolved,NTBelt,mirror,Candidate: GetIntValue(field),"Candidate: SetIntValue(field,value)",Schema field/label confirmed; full path + instance + runtime read not verified,Generic API available; this field write NOT verified,Not eligible for Apply; resolve path and test first,,Check type/enable/visibility rules in source,Resolve actual instance/full path; check ASE vs ACT; selection/enable flags; enum mapping; binding; units; round-trip,<AVL_ROOT>/AWS/appl/clients/tycon/res/cpp/ntbelt.h,277,Declaring class is context only; struct nesting and array indexing are not resolved
SCH-01304,Timing Drive (tycon),Timing Drive native / ntbelt,Run Belt Wrapping automatically upon data input,Bool,,Schema declaration; instance not resolved,NTBelt,auto_tmod,Candidate: GetIntValue(field),"Candidate: SetIntValue(field,value)",Schema field/label confirmed; full path + instance + runtime read not verified,Generic API available; this field write NOT verified,Not eligible for Apply; resolve path and test first,,"<visibility=show_tmod,value-int,1>",Resolve actual instance/full path; check ASE vs ACT; selection/enable flags; enum mapping; binding; units; round-trip,<AVL_ROOT>/AWS/appl/clients/tycon/res/cpp/ntbelt.h,281,Declaring class is context only; struct nesting and array indexing are not resolved
SCH-01305,Timing Drive (tycon),Timing Drive native / bten,Element Name,char*,,Schema declaration; instance not resolved,Bten,name,Candidate: GetStrValue(field),"Candidate: SetStrValue(field,value)",Schema field/label confirmed; full path + instance + runtime read not verified,Generic API available; this field write NOT verified,Not eligible for Apply; resolve path and test first,,Check type/enable/visibility rules in source,Resolve actual instance/full path; check ASE vs ACT; selection/enable flags; enum mapping; binding; units; round-trip,<AVL_ROOT>/AWS/appl/clients/tycon/res/cpp/bten.h,9,Declaring class is context only; struct nesting and array indexing are not resolved
SCH-01306,Timing Drive (tycon),Timing Drive native / bten,Stiffness in Tensioner Direction,double,"lin_stiff,N_m",Schema declaration; instance not resolved,Bten,stid,"Candidate: GetDblValueU(field,unit)","Candidate: SetDblValueU(field,value,unit)",Schema field/label confirmed; full path + instance + runtime read not verified,Generic API available; this field write NOT verified,Not eligible for Apply; resolve path and test first,,Check type/enable/visibility rules in source,Resolve actual instance/full path; check ASE vs ACT; selection/enable flags; enum mapping; binding; units; round-trip,<AVL_ROOT>/AWS/appl/clients/tycon/res/cpp/bten.h,11,Declaring class is context only; struct nesting and array indexing are not resolved
SCH-01307,Timing Drive (tycon),Timing Drive native / bten,Stiffness in Perpendicular Direction,double,"lin_stiff,N_m",Schema declaration; instance not resolved,Bten,stip,"Candidate: GetDblValueU(field,unit)","Candidate: SetDblValueU(field,value,unit)",Schema field/label confirmed; full path + instance + runtime read not verified,Generic API available; this field write NOT verified,Not eligible for Apply; resolve path and test first,,Check type/enable/visibility rules in source,Resolve actual instance/full path; check ASE vs ACT; selection/enable flags; enum mapping; binding; units; round-trip,<AVL_ROOT>/AWS/appl/clients/tycon/res/cpp/bten.h,12,Declaring class is context only; struct nesting and array indexing are not resolved
SCH-01308,Timing Drive (tycon),Timing Drive native / bten,Damping in Tensioner Direction,double,"lin_damping,Ns_m",Schema declaration; instance not resolved,Bten,damd,"Candidate: GetDblValueU(field,unit)","Candidate: SetDblValueU(field,value,unit)",Schema field/label confirmed; full path + instance + runtime read not verified,Generic API available; this field write NOT verified,Not eligible for Apply; resolve path and test first,,Check type/enable/visibility rules in source,Resolve actual instance/full path; check ASE vs ACT; selection/enable flags; enum mapping; binding; units; round-trip,<AVL_ROOT>/AWS/appl/clients/tycon/res/cpp/bten.h,13,Declaring class is context only; struct nesting and array indexing are not resolved
SCH-01309,Timing Drive (tycon),Timing Drive native / bten,Damping in Perpendicular Direction,double,"lin_damping,Ns_m",Schema declaration; instance not resolved,Bten,damp,"Candidate: GetDblValueU(field,unit)","Candidate: SetDblValueU(field,value,unit)",Schema field/label confirmed; full path + instance + runtime read not verified,Generic API available; this field write NOT verified,Not eligible for Apply; resolve path and test first,,Check type/enable/visibility rules in source,Resolve actual instance/full path; check ASE vs ACT; selection/enable flags; enum mapping; binding; units; round-trip,<AVL_ROOT>/AWS/appl/clients/tycon/res/cpp/bten.h,14,Declaring class is context only; struct nesting and array indexing are not resolved
SCH-01310,Timing Drive (tycon),Timing Drive native / bten,y-Direction of Tensioner Deflection,double,,Schema declaration; instance not resolved,Bten,defy,"Candidate: GetDblValueU(field,unit)","Candidate: SetDblValueU(field,value,unit)",Schema field/label confirmed; full path + instance + runtime read not verified,Generic API available; this field write NOT verified,Not eligible for Apply; resolve path and test first,,Check type/enable/visibility rules in source,Resolve actual instance/full path; check ASE vs ACT; selection/enable flags; enum mapping; binding; units; round-trip,<AVL_ROOT>/AWS/appl/clients/tycon/res/cpp/bten.h,15,Declaring class is context only; struct nesting and array indexing are not resolved
SCH-01311,Timing Drive (tycon),Timing Drive native / bten,z-Direction of Tensioner Deflection,double,,Schema declaration; instance not resolved,Bten,defz,"Candidate: GetDblValueU(field,unit)","Candidate: SetDblValueU(field,value,unit)",Schema field/label confirmed; full path + instance + runtime read not verified,Generic API available; this field write NOT verified,Not eligible for Apply; resolve path and test first,,Check type/enable/visibility rules in source,Resolve actual instance/full path; check ASE vs ACT; selection/enable flags; enum mapping; binding; units; round-trip,<AVL_ROOT>/AWS/appl/clients/tycon/res/cpp/bten.h,16,Declaring class is context only; struct nesting and array indexing are not resolved
SCH-01312,Timing Drive (tycon),Timing Drive native / bten,Preload at Tensioner (Force),double,"force,N",Schema declaration; instance not resolved,Bten,prel,"Candidate: GetDblValueU(field,unit)","Candidate: SetDblValueU(field,value,unit)",Schema field/label confirmed; full path + instance + runtime read not verified,Generic API available; this field write NOT verified,Not eligible for Apply; resolve path and test first,,Check type/enable/visibility rules in source,Resolve actual instance/full path; check ASE vs ACT; selection/enable flags; enum mapping; binding; units; round-trip,<AVL_ROOT>/AWS/appl/clients/tycon/res/cpp/bten.h,17,Declaring class is context only; struct nesting and array indexing are not resolved
SCH-01313,Timing Drive (tycon),Timing Drive native / bten,Minimum Tensioner Deflection,double,"length,m",Schema declaration; instance not resolved,Bten,demi,"Candidate: GetDblValueU(field,unit)","Candidate: SetDblValueU(field,value,unit)",Schema field/label confirmed; full path + instance + runtime read not verified,Generic API available; this field write NOT verified,Not eligible for Apply; resolve path and test first,,Check type/enable/visibility rules in source,Resolve actual instance/full path; check ASE vs ACT; selection/enable flags; enum mapping; binding; units; round-trip,<AVL_ROOT>/AWS/appl/clients/tycon/res/cpp/bten.h,18,Declaring class is context only; struct nesting and array indexing are not resolved
SCH-01314,Timing Drive (tycon),Timing Drive native / bten,Maximum Tensioner Deflection,double,"length,m",Schema declaration; instance not resolved,Bten,dema,"Candidate: GetDblValueU(field,unit)","Candidate: SetDblValueU(field,value,unit)",Schema field/label confirmed; full path + instance + runtime read not verified,Generic API available; this field write NOT verified,Not eligible for Apply; resolve path and test first,,Check type/enable/visibility rules in source,Resolve actual instance/full path; check ASE vs ACT; selection/enable flags; enum mapping; binding; units; round-trip,<AVL_ROOT>/AWS/appl/clients/tycon/res/cpp/bten.h,19,Declaring class is context only; struct nesting and array indexing are not resolved
SCH-01315,Timing Drive (tycon),Timing Drive native / bten,Stiffness Outside Deflection Range,double,"lin_stiff,N_m",Schema declaration; instance not resolved,Bten,stst,"Candidate: GetDblValueU(field,unit)","Candidate: SetDblValueU(field,value,unit)",Schema field/label confirmed; full path + instance + runtime read not verified,Generic API available; this field write NOT verified,Not eligible for Apply; resolve path and test first,,Check type/enable/visibility rules in source,Resolve actual instance/full path; check ASE vs ACT; selection/enable flags; enum mapping; binding; units; round-trip,<AVL_ROOT>/AWS/appl/clients/tycon/res/cpp/bten.h,20,Declaring class is context only; struct nesting and array indexing are not resolved
SCH-01316,Timing Drive (tycon),Timing Drive native / bten,Damping Outside Deflection Range,double,"lin_damping,Ns_m",Schema declaration; instance not resolved,Bten,dast,"Candidate: GetDblValueU(field,unit)","Candidate: SetDblValueU(field,value,unit)",Schema field/label confirmed; full path + instance + runtime read not verified,Generic API available; this field write NOT verified,Not eligible for Apply; resolve path and test first,,Check type/enable/visibility rules in source,Resolve actual instance/full path; check ASE vs ACT; selection/enable flags; enum mapping; binding; units; round-trip,<AVL_ROOT>/AWS/appl/clients/tycon/res/cpp/bten.h,21,Declaring class is context only; struct nesting and array indexing are not resolved
SCH-01317,Timing Drive (tycon),Timing Drive native / bten,Link to Excite Power Unit,Bool,,Schema declaration; instance not resolved,Bten,lexc,Candidate: GetIntValue(field),"Candidate: SetIntValue(field,value)",Schema field/label confirmed; full path + instance + runtime read not verified,Generic API available; this field write NOT verified,Not eligible for Apply; resolve path and test first,,<visibility_change>,Resolve actual instance/full path; check ASE vs ACT; selection/enable flags; enum mapping; binding; units; round-trip,<AVL_ROOT>/AWS/appl/clients/tycon/res/cpp/bten.h,24,Declaring class is context only; struct nesting and array indexing are not resolved
SCH-01318,Timing Drive (tycon),Timing Drive native / pull,Element Name,char*,,Schema declaration; instance not resolved,Pull,name,Candidate: GetStrValue(field),"Candidate: SetStrValue(field,value)",Schema field/label confirmed; full path + instance + runtime read not verified,Generic API available; this field write NOT verified,Not eligible for Apply; resolve path and test first,,Check type/enable/visibility rules in source,Resolve actual instance/full path; check ASE vs ACT; selection/enable flags; enum mapping; binding; units; round-trip,<AVL_ROOT>/AWS/appl/clients/tycon/res/cpp/pull.h,10,Declaring class is context only; struct nesting and array indexing are not resolved
SCH-01319,Timing Drive (tycon),Timing Drive native / pull,Switched off for active Load Case.,char*,,Schema declaration; instance not resolved,Pull,warnOff,Candidate: GetStrValue(field),"Candidate: SetStrValue(field,value)",Schema field/label confirmed; full path + instance + runtime read not verified,Generic API available; this field write NOT verified,Not eligible for Apply; resolve path and test first,,Check type/enable/visibility rules in source,Resolve actual instance/full path; check ASE vs ACT; selection/enable flags; enum mapping; binding; units; round-trip,<AVL_ROOT>/AWS/appl/clients/tycon/res/cpp/pull.h,19,Declaring class is context only; struct nesting and array indexing are not resolved
SCH-01320,Timing Drive (tycon),Timing Drive native / pull,Link to Excite Power Unit,Bool,,Schema declaration; instance not resolved,Pull,lexc,Candidate: GetIntValue(field),"Candidate: SetIntValue(field,value)",Schema field/label confirmed; full path + instance + runtime read not verified,Generic API available; this field write NOT verified,Not eligible for Apply; resolve path and test first,,<visibility_change>,Resolve actual instance/full path; check ASE vs ACT; selection/enable flags; enum mapping; binding; units; round-trip,<AVL_ROOT>/AWS/appl/clients/tycon/res/cpp/pull.h,25,Declaring class is context only; struct nesting and array indexing are not resolved
SCH-01321,Timing Drive (tycon),Timing Drive native / gear,Element Name,char*,,Schema declaration; instance not resolved,Gear,name,Candidate: GetStrValue(field),"Candidate: SetStrValue(field,value)",Schema field/label confirmed; full path + instance + runtime read not verified,Generic API available; this field write NOT verified,Not eligible for Apply; resolve path and test first,,Check type/enable/visibility rules in source,Resolve actual instance/full path; check ASE vs ACT; selection/enable flags; enum mapping; binding; units; round-trip,<AVL_ROOT>/AWS/appl/clients/tycon/res/cpp/gear.h,12,Declaring class is context only; struct nesting and array indexing are not resolved
SCH-01322,Timing Drive (tycon),Timing Drive native / gear,Loss of Contact Possible,Bool,,Schema declaration; instance not resolved,Gear,lcon,Candidate: GetIntValue(field),"Candidate: SetIntValue(field,value)",Schema field/label confirmed; full path + instance + runtime read not verified,Generic API available; this field write NOT verified,Not eligible for Apply; resolve path and test first,,Check type/enable/visibility rules in source,Resolve actual instance/full path; check ASE vs ACT; selection/enable flags; enum mapping; binding; units; round-trip,<AVL_ROOT>/AWS/appl/clients/tycon/res/cpp/gear.h,14,Declaring class is context only; struct nesting and array indexing are not resolved
SCH-01323,Timing Drive (tycon),Timing Drive native / gear,Mom. of Inertia (Rot.),double,"mom_inert,kgm2",Schema declaration; instance not resolved,Gear,minr,"Candidate: GetDblValueU(field,unit)","Candidate: SetDblValueU(field,value,unit)",Schema field/label confirmed; full path + instance + runtime read not verified,Generic API available; this field write NOT verified,Not eligible for Apply; resolve path and test first,,Check type/enable/visibility rules in source,Resolve actual instance/full path; check ASE vs ACT; selection/enable flags; enum mapping; binding; units; round-trip,<AVL_ROOT>/AWS/appl/clients/tycon/res/cpp/gear.h,15,Declaring class is context only; struct nesting and array indexing are not resolved
SCH-01324,Timing Drive (tycon),Timing Drive native / gear,Friction Factor at Gear,double,"length,m",Schema declaration; instance not resolved,Gear,frfa,"Candidate: GetDblValueU(field,unit)","Candidate: SetDblValueU(field,value,unit)",Schema field/label confirmed; full path + instance + runtime read not verified,Generic API available; this field write NOT verified,Not eligible for Apply; resolve path and test first,,Check type/enable/visibility rules in source,Resolve actual instance/full path; check ASE vs ACT; selection/enable flags; enum mapping; binding; units; round-trip,<AVL_ROOT>/AWS/appl/clients/tycon/res/cpp/gear.h,16,Declaring class is context only; struct nesting and array indexing are not resolved
SCH-01325,Timing Drive (tycon),Timing Drive native / gear,Const. Friction Torque,double,"moment,Nm",Schema declaration; instance not resolved,Gear,frto,"Candidate: GetDblValueU(field,unit)","Candidate: SetDblValueU(field,value,unit)",Schema field/label confirmed; full path + instance + runtime read not verified,Generic API available; this field write NOT verified,Not eligible for Apply; resolve path and test first,,Check type/enable/visibility rules in source,Resolve actual instance/full path; check ASE vs ACT; selection/enable flags; enum mapping; binding; units; round-trip,<AVL_ROOT>/AWS/appl/clients/tycon/res/cpp/gear.h,17,Declaring class is context only; struct nesting and array indexing are not resolved
SCH-01326,Timing Drive (tycon),Timing Drive native / gear,Velocity Dep. Friction,double,"rot_damping,Nms_rad",Schema declaration; instance not resolved,Gear,frvi,"Candidate: GetDblValueU(field,unit)","Candidate: SetDblValueU(field,value,unit)",Schema field/label confirmed; full path + instance + runtime read not verified,Generic API available; this field write NOT verified,Not eligible for Apply; resolve path and test first,,Check type/enable/visibility rules in source,Resolve actual instance/full path; check ASE vs ACT; selection/enable flags; enum mapping; binding; units; round-trip,<AVL_ROOT>/AWS/appl/clients/tycon/res/cpp/gear.h,18,Declaring class is context only; struct nesting and array indexing are not resolved
SCH-01327,Timing Drive (tycon),Timing Drive native / gear,Link to Excite Power Unit,Bool,,Schema declaration; instance not resolved,Gear,lexc,Candidate: GetIntValue(field),"Candidate: SetIntValue(field,value)",Schema field/label confirmed; full path + instance + runtime read not verified,Generic API available; this field write NOT verified,Not eligible for Apply; resolve path and test first,,<visibility_change>,Resolve actual instance/full path; check ASE vs ACT; selection/enable flags; enum mapping; binding; units; round-trip,<AVL_ROOT>/AWS/appl/clients/tycon/res/cpp/gear.h,23,Declaring class is context only; struct nesting and array indexing are not resolved
SCH-01328,Timing Drive (tycon),Timing Drive native / gear,Switched off for active Load Case.,char*,,Schema declaration; instance not resolved,Gear,warnOff,Candidate: GetStrValue(field),"Candidate: SetStrValue(field,value)",Schema field/label confirmed; full path + instance + runtime read not verified,Generic API available; this field write NOT verified,Not eligible for Apply; resolve path and test first,,Check type/enable/visibility rules in source,Resolve actual instance/full path; check ASE vs ACT; selection/enable flags; enum mapping; binding; units; round-trip,<AVL_ROOT>/AWS/appl/clients/tycon/res/cpp/gear.h,38,Declaring class is context only; struct nesting and array indexing are not resolved
SCH-01329,Timing Drive (tycon),Timing Drive native / srbs,Element Name,char*,,Schema declaration; instance not resolved,Srbs,name,Candidate: GetStrValue(field),"Candidate: SetStrValue(field,value)",Schema field/label confirmed; full path + instance + runtime read not verified,Generic API available; this field write NOT verified,Not eligible for Apply; resolve path and test first,,Check type/enable/visibility rules in source,Resolve actual instance/full path; check ASE vs ACT; selection/enable flags; enum mapping; binding; units; round-trip,<AVL_ROOT>/AWS/appl/clients/tycon/res/cpp/srbs.h,9,Declaring class is context only; struct nesting and array indexing are not resolved
SCH-01330,Timing Drive (tycon),Timing Drive native / srbs,Stiffness in y-Direction,double,"lin_stiff,N_m",Schema declaration; instance not resolved,Srbs,stiy,"Candidate: GetDblValueU(field,unit)","Candidate: SetDblValueU(field,value,unit)",Schema field/label confirmed; full path + instance + runtime read not verified,Generic API available; this field write NOT verified,Not eligible for Apply; resolve path and test first,,Check type/enable/visibility rules in source,Resolve actual instance/full path; check ASE vs ACT; selection/enable flags; enum mapping; binding; units; round-trip,<AVL_ROOT>/AWS/appl/clients/tycon/res/cpp/srbs.h,11,Declaring class is context only; struct nesting and array indexing are not resolved
SCH-01331,Timing Drive (tycon),Timing Drive native / srbs,Stiffness in z-Direction,double,"lin_stiff,N_m",Schema declaration; instance not resolved,Srbs,stiz,"Candidate: GetDblValueU(field,unit)","Candidate: SetDblValueU(field,value,unit)",Schema field/label confirmed; full path + instance + runtime read not verified,Generic API available; this field write NOT verified,Not eligible for Apply; resolve path and test first,,Check type/enable/visibility rules in source,Resolve actual instance/full path; check ASE vs ACT; selection/enable flags; enum mapping; binding; units; round-trip,<AVL_ROOT>/AWS/appl/clients/tycon/res/cpp/srbs.h,12,Declaring class is context only; struct nesting and array indexing are not resolved
SCH-01332,Timing Drive (tycon),Timing Drive native / srbs,Damping in y-Direction,double,"lin_damping,Ns_m",Schema declaration; instance not resolved,Srbs,damy,"Candidate: GetDblValueU(field,unit)","Candidate: SetDblValueU(field,value,unit)",Schema field/label confirmed; full path + instance + runtime read not verified,Generic API available; this field write NOT verified,Not eligible for Apply; resolve path and test first,,Check type/enable/visibility rules in source,Resolve actual instance/full path; check ASE vs ACT; selection/enable flags; enum mapping; binding; units; round-trip,<AVL_ROOT>/AWS/appl/clients/tycon/res/cpp/srbs.h,13,Declaring class is context only; struct nesting and array indexing are not resolved
SCH-01333,Timing Drive (tycon),Timing Drive native / srbs,Damping in z-Direction,double,"lin_damping,Ns_m",Schema declaration; instance not resolved,Srbs,damz,"Candidate: GetDblValueU(field,unit)","Candidate: SetDblValueU(field,value,unit)",Schema field/label confirmed; full path + instance + runtime read not verified,Generic API available; this field write NOT verified,Not eligible for Apply; resolve path and test first,,Check type/enable/visibility rules in source,Resolve actual instance/full path; check ASE vs ACT; selection/enable flags; enum mapping; binding; units; round-trip,<AVL_ROOT>/AWS/appl/clients/tycon/res/cpp/srbs.h,14,Declaring class is context only; struct nesting and array indexing are not resolved
SCH-01334,Timing Drive (tycon),Timing Drive native / srbs,Dynamic Viscosity of Oil,double,"dyn_visc,Ns_m2",Schema declaration; instance not resolved,Srbs,dyvi,"Candidate: GetDblValueU(field,unit)","Candidate: SetDblValueU(field,value,unit)",Schema field/label confirmed; full path + instance + runtime read not verified,Generic API available; this field write NOT verified,Not eligible for Apply; resolve path and test first,,Check type/enable/visibility rules in source,Resolve actual instance/full path; check ASE vs ACT; selection/enable flags; enum mapping; binding; units; round-trip,<AVL_ROOT>/AWS/appl/clients/tycon/res/cpp/srbs.h,15,Declaring class is context only; struct nesting and array indexing are not resolved
SCH-01335,Timing Drive (tycon),Timing Drive native / srbs,Relative Clearance,double,,Schema declaration; instance not resolved,Srbs,rcle,"Candidate: GetDblValueU(field,unit)","Candidate: SetDblValueU(field,value,unit)",Schema field/label confirmed; full path + instance + runtime read not verified,Generic API available; this field write NOT verified,Not eligible for Apply; resolve path and test first,,Check type/enable/visibility rules in source,Resolve actual instance/full path; check ASE vs ACT; selection/enable flags; enum mapping; binding; units; round-trip,<AVL_ROOT>/AWS/appl/clients/tycon/res/cpp/srbs.h,16,Declaring class is context only; struct nesting and array indexing are not resolved
SCH-01336,Timing Drive (tycon),Timing Drive native / srbs,Diameter of Bearing Brass,double,"length,m",Schema declaration; instance not resolved,Srbs,bbdi,"Candidate: GetDblValueU(field,unit)","Candidate: SetDblValueU(field,value,unit)",Schema field/label confirmed; full path + instance + runtime read not verified,Generic API available; this field write NOT verified,Not eligible for Apply; resolve path and test first,,Check type/enable/visibility rules in source,Resolve actual instance/full path; check ASE vs ACT; selection/enable flags; enum mapping; binding; units; round-trip,<AVL_ROOT>/AWS/appl/clients/tycon/res/cpp/srbs.h,17,Declaring class is context only; struct nesting and array indexing are not resolved
SCH-01337,Timing Drive (tycon),Timing Drive native / srbs,Ratio Width/Diameter of Bearing,double,,Schema declaration; instance not resolved,Srbs,widi,"Candidate: GetDblValueU(field,unit)","Candidate: SetDblValueU(field,value,unit)",Schema field/label confirmed; full path + instance + runtime read not verified,Generic API available; this field write NOT verified,Not eligible for Apply; resolve path and test first,,Check type/enable/visibility rules in source,Resolve actual instance/full path; check ASE vs ACT; selection/enable flags; enum mapping; binding; units; round-trip,<AVL_ROOT>/AWS/appl/clients/tycon/res/cpp/srbs.h,18,Declaring class is context only; struct nesting and array indexing are not resolved
SCH-01338,Timing Drive (tycon),Timing Drive native / srbs,Friction Factor in Bearing,double,"length,m",Schema declaration; instance not resolved,Srbs,frfa,"Candidate: GetDblValueU(field,unit)","Candidate: SetDblValueU(field,value,unit)",Schema field/label confirmed; full path + instance + runtime read not verified,Generic API available; this field write NOT verified,Not eligible for Apply; resolve path and test first,,Check type/enable/visibility rules in source,Resolve actual instance/full path; check ASE vs ACT; selection/enable flags; enum mapping; binding; units; round-trip,<AVL_ROOT>/AWS/appl/clients/tycon/res/cpp/srbs.h,19,Declaring class is context only; struct nesting and array indexing are not resolved
SCH-01339,Timing Drive (tycon),Timing Drive native / srbs,Link to Excite Power Unit,Bool,,Schema declaration; instance not resolved,Srbs,lexc,Candidate: GetIntValue(field),"Candidate: SetIntValue(field,value)",Schema field/label confirmed; full path + instance + runtime read not verified,Generic API available; this field write NOT verified,Not eligible for Apply; resolve path and test first,,<visibility_change>,Resolve actual instance/full path; check ASE vs ACT; selection/enable flags; enum mapping; binding; units; round-trip,<AVL_ROOT>/AWS/appl/clients/tycon/res/cpp/srbs.h,22,Declaring class is context only; struct nesting and array indexing are not resolved
SCH-01340,Timing Drive (tycon),Timing Drive native / sabs,Element Name,char*,,Schema declaration; instance not resolved,Sabs,name,Candidate: GetStrValue(field),"Candidate: SetStrValue(field,value)",Schema field/label confirmed; full path + instance + runtime read not verified,Generic API available; this field write NOT verified,Not eligible for Apply; resolve path and test first,,Check type/enable/visibility rules in source,Resolve actual instance/full path; check ASE vs ACT; selection/enable flags; enum mapping; binding; units; round-trip,<AVL_ROOT>/AWS/appl/clients/tycon/res/cpp/sabs.h,9,Declaring class is context only; struct nesting and array indexing are not resolved
SCH-01341,Timing Drive (tycon),Timing Drive native / sabs,Axial Clearance,double,"length,m",Schema declaration; instance not resolved,Sabs,clea,"Candidate: GetDblValueU(field,unit)","Candidate: SetDblValueU(field,value,unit)",Schema field/label confirmed; full path + instance + runtime read not verified,Generic API available; this field write NOT verified,Not eligible for Apply; resolve path and test first,,Check type/enable/visibility rules in source,Resolve actual instance/full path; check ASE vs ACT; selection/enable flags; enum mapping; binding; units; round-trip,<AVL_ROOT>/AWS/appl/clients/tycon/res/cpp/sabs.h,11,Declaring class is context only; struct nesting and array indexing are not resolved
SCH-01342,Timing Drive (tycon),Timing Drive native / sabs,Stiffness of Structure,double,"lin_stiff,N_m",Schema declaration; instance not resolved,Sabs,stif,"Candidate: GetDblValueU(field,unit)","Candidate: SetDblValueU(field,value,unit)",Schema field/label confirmed; full path + instance + runtime read not verified,Generic API available; this field write NOT verified,Not eligible for Apply; resolve path and test first,,Check type/enable/visibility rules in source,Resolve actual instance/full path; check ASE vs ACT; selection/enable flags; enum mapping; binding; units; round-trip,<AVL_ROOT>/AWS/appl/clients/tycon/res/cpp/sabs.h,12,Declaring class is context only; struct nesting and array indexing are not resolved
SCH-01343,Timing Drive (tycon),Timing Drive native / sabs,Damping of Structure,double,"lin_damping,Ns_m",Schema declaration; instance not resolved,Sabs,damp,"Candidate: GetDblValueU(field,unit)","Candidate: SetDblValueU(field,value,unit)",Schema field/label confirmed; full path + instance + runtime read not verified,Generic API available; this field write NOT verified,Not eligible for Apply; resolve path and test first,,Check type/enable/visibility rules in source,Resolve actual instance/full path; check ASE vs ACT; selection/enable flags; enum mapping; binding; units; round-trip,<AVL_ROOT>/AWS/appl/clients/tycon/res/cpp/sabs.h,13,Declaring class is context only; struct nesting and array indexing are not resolved
SCH-01344,Timing Drive (tycon),Timing Drive native / sabs,Damping at Fringes,double,"lin_damping,Ns_m",Schema declaration; instance not resolved,Sabs,dacl,"Candidate: GetDblValueU(field,unit)","Candidate: SetDblValueU(field,value,unit)",Schema field/label confirmed; full path + instance + runtime read not verified,Generic API available; this field write NOT verified,Not eligible for Apply; resolve path and test first,,Check type/enable/visibility rules in source,Resolve actual instance/full path; check ASE vs ACT; selection/enable flags; enum mapping; binding; units; round-trip,<AVL_ROOT>/AWS/appl/clients/tycon/res/cpp/sabs.h,14,Declaring class is context only; struct nesting and array indexing are not resolved
SCH-01345,Timing Drive (tycon),Timing Drive native / sabs,Link to Excite Power Unit,Bool,,Schema declaration; instance not resolved,Sabs,lexc,Candidate: GetIntValue(field),"Candidate: SetIntValue(field,value)",Schema field/label confirmed; full path + instance + runtime read not verified,Generic API available; this field write NOT verified,Not eligible for Apply; resolve path and test first,,<visibility_change>,Resolve actual instance/full path; check ASE vs ACT; selection/enable flags; enum mapping; binding; units; round-trip,<AVL_ROOT>/AWS/appl/clients/tycon/res/cpp/sabs.h,16,Declaring class is context only; struct nesting and array indexing are not resolved
SCH-01346,Timing Drive (tycon),Timing Drive native / trbe,Element Name,char*,,Schema declaration; instance not resolved,Trbe,name,Candidate: GetStrValue(field),"Candidate: SetStrValue(field,value)",Schema field/label confirmed; full path + instance + runtime read not verified,Generic API available; this field write NOT verified,Not eligible for Apply; resolve path and test first,,Check type/enable/visibility rules in source,Resolve actual instance/full path; check ASE vs ACT; selection/enable flags; enum mapping; binding; units; round-trip,<AVL_ROOT>/AWS/appl/clients/tycon/res/cpp/trbe.h,9,Declaring class is context only; struct nesting and array indexing are not resolved
SCH-01347,Timing Drive (tycon),Timing Drive native / trbe,Bearing Clearance,double,"length,m",Schema declaration; instance not resolved,Trbe,clea,"Candidate: GetDblValueU(field,unit)","Candidate: SetDblValueU(field,value,unit)",Schema field/label confirmed; full path + instance + runtime read not verified,Generic API available; this field write NOT verified,Not eligible for Apply; resolve path and test first,,Check type/enable/visibility rules in source,Resolve actual instance/full path; check ASE vs ACT; selection/enable flags; enum mapping; binding; units; round-trip,<AVL_ROOT>/AWS/appl/clients/tycon/res/cpp/trbe.h,11,Declaring class is context only; struct nesting and array indexing are not resolved
SCH-01348,Timing Drive (tycon),Timing Drive native / trbe,Bearing Stiffness,double,"lin_stiff,N_m",Schema declaration; instance not resolved,Trbe,stif,"Candidate: GetDblValueU(field,unit)","Candidate: SetDblValueU(field,value,unit)",Schema field/label confirmed; full path + instance + runtime read not verified,Generic API available; this field write NOT verified,Not eligible for Apply; resolve path and test first,,Check type/enable/visibility rules in source,Resolve actual instance/full path; check ASE vs ACT; selection/enable flags; enum mapping; binding; units; round-trip,<AVL_ROOT>/AWS/appl/clients/tycon/res/cpp/trbe.h,12,Declaring class is context only; struct nesting and array indexing are not resolved
SCH-01349,Timing Drive (tycon),Timing Drive native / trbe,Bearing Damping,double,"lin_damping,Ns_m",Schema declaration; instance not resolved,Trbe,damp,"Candidate: GetDblValueU(field,unit)","Candidate: SetDblValueU(field,value,unit)",Schema field/label confirmed; full path + instance + runtime read not verified,Generic API available; this field write NOT verified,Not eligible for Apply; resolve path and test first,,Check type/enable/visibility rules in source,Resolve actual instance/full path; check ASE vs ACT; selection/enable flags; enum mapping; binding; units; round-trip,<AVL_ROOT>/AWS/appl/clients/tycon/res/cpp/trbe.h,13,Declaring class is context only; struct nesting and array indexing are not resolved
SCH-01350,Timing Drive (tycon),Timing Drive native / trbe,Damping in Clearance Area,double,"lin_damping,Ns_m",Schema declaration; instance not resolved,Trbe,dacl,"Candidate: GetDblValueU(field,unit)","Candidate: SetDblValueU(field,value,unit)",Schema field/label confirmed; full path + instance + runtime read not verified,Generic API available; this field write NOT verified,Not eligible for Apply; resolve path and test first,,Check type/enable/visibility rules in source,Resolve actual instance/full path; check ASE vs ACT; selection/enable flags; enum mapping; binding; units; round-trip,<AVL_ROOT>/AWS/appl/clients/tycon/res/cpp/trbe.h,14,Declaring class is context only; struct nesting and array indexing are not resolved
SCH-01351,Timing Drive (tycon),Timing Drive native / trbe,Friction Factor,double,"length,m",Schema declaration; instance not resolved,Trbe,frco,"Candidate: GetDblValueU(field,unit)","Candidate: SetDblValueU(field,value,unit)",Schema field/label confirmed; full path + instance + runtime read not verified,Generic API available; this field write NOT verified,Not eligible for Apply; resolve path and test first,,Check type/enable/visibility rules in source,Resolve actual instance/full path; check ASE vs ACT; selection/enable flags; enum mapping; binding; units; round-trip,<AVL_ROOT>/AWS/appl/clients/tycon/res/cpp/trbe.h,15,Declaring class is context only; struct nesting and array indexing are not resolved
SCH-01352,Timing Drive (tycon),Timing Drive native / trbe,Constant Friction Torque,double,"moment,Nm",Schema declaration; instance not resolved,Trbe,frto,"Candidate: GetDblValueU(field,unit)","Candidate: SetDblValueU(field,value,unit)",Schema field/label confirmed; full path + instance + runtime read not verified,Generic API available; this field write NOT verified,Not eligible for Apply; resolve path and test first,,Check type/enable/visibility rules in source,Resolve actual instance/full path; check ASE vs ACT; selection/enable flags; enum mapping; binding; units; round-trip,<AVL_ROOT>/AWS/appl/clients/tycon/res/cpp/trbe.h,16,Declaring class is context only; struct nesting and array indexing are not resolved
SCH-01353,Timing Drive (tycon),Timing Drive native / trbe,Bearing Deflection - Axial,double,"length,m",Schema declaration; instance not resolved,Trbe,defla,"Candidate: GetDblValueU(field,unit)","Candidate: SetDblValueU(field,value,unit)",Schema field/label confirmed; full path + instance + runtime read not verified,Generic API available; this field write NOT verified,Not eligible for Apply; resolve path and test first,,Check type/enable/visibility rules in source,Resolve actual instance/full path; check ASE vs ACT; selection/enable flags; enum mapping; binding; units; round-trip,<AVL_ROOT>/AWS/appl/clients/tycon/res/cpp/trbe.h,17,Declaring class is context only; struct nesting and array indexing are not resolved
SCH-01354,Timing Drive (tycon),Timing Drive native / trbe,Bearing Deflection - Radial,double,"length,m",Schema declaration; instance not resolved,Trbe,deflr,"Candidate: GetDblValueU(field,unit)","Candidate: SetDblValueU(field,value,unit)",Schema field/label confirmed; full path + instance + runtime read not verified,Generic API available; this field write NOT verified,Not eligible for Apply; resolve path and test first,,Check type/enable/visibility rules in source,Resolve actual instance/full path; check ASE vs ACT; selection/enable flags; enum mapping; binding; units; round-trip,<AVL_ROOT>/AWS/appl/clients/tycon/res/cpp/trbe.h,18,Declaring class is context only; struct nesting and array indexing are not resolved
SCH-01355,Timing Drive (tycon),Timing Drive native / trbe,Link to Excite Power Unit,Bool,,Schema declaration; instance not resolved,Trbe,lexc,Candidate: GetIntValue(field),"Candidate: SetIntValue(field,value)",Schema field/label confirmed; full path + instance + runtime read not verified,Generic API available; this field write NOT verified,Not eligible for Apply; resolve path and test first,,<visibility_change>,Resolve actual instance/full path; check ASE vs ACT; selection/enable flags; enum mapping; binding; units; round-trip,<AVL_ROOT>/AWS/appl/clients/tycon/res/cpp/trbe.h,21,Declaring class is context only; struct nesting and array indexing are not resolved
SCH-01356,Timing Drive (tycon),Timing Drive native / nominalmot,Name,char*,,Schema declaration; instance not resolved,TableNominalMotEntry,name,Candidate: GetStrValue(field),"Candidate: SetStrValue(field,value)",Schema field/label confirmed; full path + instance + runtime read not verified,Generic API available; this field write NOT verified,Not eligible for Apply; resolve path and test first,,Check type/enable/visibility rules in source,Resolve actual instance/full path; check ASE vs ACT; selection/enable flags; enum mapping; binding; units; round-trip,<AVL_ROOT>/AWS/appl/clients/tycon/res/cpp/nominalmot.h,15,Declaring class is context only; struct nesting and array indexing are not resolved
SCH-01357,Timing Drive (tycon),Timing Drive native / nominalmot,Nominal Motion Table,double**,,Schema declaration; instance not resolved,TableNominalMotEntry,table,"Candidate: WSClass.GetWSMatrix(field,0)",Candidate: WSMatrix typed setters + ReleaseHandle,Schema field/label confirmed; full path + instance + runtime read not verified,Generic API available; this field write NOT verified,Not eligible for Apply; resolve path and test first,,Check type/enable/visibility rules in source,Resolve actual instance/full path; check ASE vs ACT; selection/enable flags; enum mapping; binding; units; round-trip,<AVL_ROOT>/AWS/appl/clients/tycon/res/cpp/nominalmot.h,17,Declaring class is context only; struct nesting and array indexing are not resolved
SCH-01358,Timing Drive (tycon),Timing Drive native / nominalmot,Nominal Velocity,double,,Schema declaration; instance not resolved,TableNominalMotEntry,vmea,"Candidate: GetDblValueU(field,unit)","Candidate: SetDblValueU(field,value,unit)",Schema field/label confirmed; full path + instance + runtime read not verified,Generic API available; this field write NOT verified,Not eligible for Apply; resolve path and test first,,Check type/enable/visibility rules in source,Resolve actual instance/full path; check ASE vs ACT; selection/enable flags; enum mapping; binding; units; round-trip,<AVL_ROOT>/AWS/appl/clients/tycon/res/cpp/nominalmot.h,29,Declaring class is context only; struct nesting and array indexing are not resolved
SCH-01359,Timing Drive (tycon),Timing Drive native / nominalmot,Period Length,double,,Schema declaration; instance not resolved,TableNominalMotEntry,clng,"Candidate: GetDblValueU(field,unit)","Candidate: SetDblValueU(field,value,unit)",Schema field/label confirmed; full path + instance + runtime read not verified,Generic API available; this field write NOT verified,Not eligible for Apply; resolve path and test first,,Check type/enable/visibility rules in source,Resolve actual instance/full path; check ASE vs ACT; selection/enable flags; enum mapping; binding; units; round-trip,<AVL_ROOT>/AWS/appl/clients/tycon/res/cpp/nominalmot.h,30,Declaring class is context only; struct nesting and array indexing are not resolved
SCH-01360,Timing Drive (tycon),Timing Drive native / nominalmot,Type,ASEenum,,Schema declaration; instance not resolved,TableNominalMotEntry,type,Candidate: GetIntValue(field),"Candidate: SetIntValue(field,value)",Schema field/label confirmed; full path + instance + runtime read not verified,Generic API available; this field write NOT verified,Not eligible for Apply; resolve path and test first,,Check type/enable/visibility rules in source,Resolve actual instance/full path; check ASE vs ACT; selection/enable flags; enum mapping; binding; units; round-trip,<AVL_ROOT>/AWS/appl/clients/tycon/res/cpp/nominalmot.h,31,"Schema labels: ""Group of Shaft-Like  Elements"", ""Group Chain/Belt-Like  Elements"""
SCH-01361,Timing Drive (tycon),Timing Drive native / nominalmot,Nominal Motion Data File,char*,,Schema declaration; instance not resolved,TableNominalMotEntry,file,Candidate: GetStrValue(field),"Candidate: SetStrValue(field,value)",Schema field/label confirmed; full path + instance + runtime read not verified,Generic API available; this field write NOT verified,Not eligible for Apply; resolve path and test first,,Check type/enable/visibility rules in source,Resolve actual instance/full path; check ASE vs ACT; selection/enable flags; enum mapping; binding; units; round-trip,<AVL_ROOT>/AWS/appl/clients/tycon/res/cpp/nominalmot.h,36,Declaring class is context only; struct nesting and array indexing are not resolved
SCH-01362,Timing Drive (tycon),Timing Drive native / nominalmot,Automatic Reload,Bool,,Schema declaration; instance not resolved,TableNominalMotEntry,aut_rel,Candidate: GetIntValue(field),"Candidate: SetIntValue(field,value)",Schema field/label confirmed; full path + instance + runtime read not verified,Generic API available; this field write NOT verified,Not eligible for Apply; resolve path and test first,,Check type/enable/visibility rules in source,Resolve actual instance/full path; check ASE vs ACT; selection/enable flags; enum mapping; binding; units; round-trip,<AVL_ROOT>/AWS/appl/clients/tycon/res/cpp/nominalmot.h,39,Declaring class is context only; struct nesting and array indexing are not resolved
SCH-01363,Timing Drive (tycon),Timing Drive native / nominalmot,Use Data File Path Parameter,Bool,,Schema declaration; instance not resolved,TableNominalMotEntry,def_pat,Candidate: GetIntValue(field),"Candidate: SetIntValue(field,value)",Schema field/label confirmed; full path + instance + runtime read not verified,Generic API available; this field write NOT verified,Not eligible for Apply; resolve path and test first,,Check type/enable/visibility rules in source,Resolve actual instance/full path; check ASE vs ACT; selection/enable flags; enum mapping; binding; units; round-trip,<AVL_ROOT>/AWS/appl/clients/tycon/res/cpp/nominalmot.h,42,Declaring class is context only; struct nesting and array indexing are not resolved
SCH-01364,Timing Drive (tycon),Timing Drive native / mass,for axis A,double,"mom_inert,kgm2",Schema declaration; instance not resolved,MassMatrix,th1,"Candidate: GetDblValueU(field,unit)","Candidate: SetDblValueU(field,value,unit)",Schema field/label confirmed; full path + instance + runtime read not verified,Generic API available; this field write NOT verified,Not eligible for Apply; resolve path and test first,,Check type/enable/visibility rules in source,Resolve actual instance/full path; check ASE vs ACT; selection/enable flags; enum mapping; binding; units; round-trip,<AVL_ROOT>/AWS/appl/clients/tycon/res/cpp/mass.h,39,Declaring class is context only; struct nesting and array indexing are not resolved
SCH-01365,Timing Drive (tycon),Timing Drive native / mass,for axis B,double,"mom_inert,kgm2",Schema declaration; instance not resolved,MassMatrix,th2,"Candidate: GetDblValueU(field,unit)","Candidate: SetDblValueU(field,value,unit)",Schema field/label confirmed; full path + instance + runtime read not verified,Generic API available; this field write NOT verified,Not eligible for Apply; resolve path and test first,,Check type/enable/visibility rules in source,Resolve actual instance/full path; check ASE vs ACT; selection/enable flags; enum mapping; binding; units; round-trip,<AVL_ROOT>/AWS/appl/clients/tycon/res/cpp/mass.h,40,Declaring class is context only; struct nesting and array indexing are not resolved
SCH-01366,Timing Drive (tycon),Timing Drive native / mass,for axis C,double,"mom_inert,kgm2",Schema declaration; instance not resolved,MassMatrix,th3,"Candidate: GetDblValueU(field,unit)","Candidate: SetDblValueU(field,value,unit)",Schema field/label confirmed; full path + instance + runtime read not verified,Generic API available; this field write NOT verified,Not eligible for Apply; resolve path and test first,,Check type/enable/visibility rules in source,Resolve actual instance/full path; check ASE vs ACT; selection/enable flags; enum mapping; binding; units; round-trip,<AVL_ROOT>/AWS/appl/clients/tycon/res/cpp/mass.h,41,Declaring class is context only; struct nesting and array indexing are not resolved
SCH-01367,Timing Drive (tycon),Timing Drive native / mass,Mass,double,"mass,kg",Schema declaration; instance not resolved,MassMatrix,mass,"Candidate: GetDblValueU(field,unit)","Candidate: SetDblValueU(field,value,unit)",Schema field/label confirmed; full path + instance + runtime read not verified,Generic API available; this field write NOT verified,Not eligible for Apply; resolve path and test first,,Check type/enable/visibility rules in source,Resolve actual instance/full path; check ASE vs ACT; selection/enable flags; enum mapping; binding; units; round-trip,<AVL_ROOT>/AWS/appl/clients/tycon/res/cpp/mass.h,44,Declaring class is context only; struct nesting and array indexing are not resolved
SCH-01368,Timing Drive (tycon),Timing Drive native / mass,Activated Translational Degrees of Freedom are Related to,ASEenum,,Schema declaration; instance not resolved,Initials,refs,Candidate: GetIntValue(field),"Candidate: SetIntValue(field,value)",Schema field/label confirmed; full path + instance + runtime read not verified,Generic API available; this field write NOT verified,Not eligible for Apply; resolve path and test first,,Check type/enable/visibility rules in source,Resolve actual instance/full path; check ASE vs ACT; selection/enable flags; enum mapping; binding; units; round-trip,<AVL_ROOT>/AWS/appl/clients/tycon/res/cpp/mass.h,48,"Schema labels: ""Reference Coordinate System"", ""Local Coordinate System"""
SCH-01369,Timing Drive (tycon),Timing Drive native / mass,Initial Position & Velocity,double**,,Schema declaration; instance not resolved,Initials,pos,"Candidate: WSClass.GetWSMatrix(field,0)",Candidate: WSMatrix typed setters + ReleaseHandle,Schema field/label confirmed; full path + instance + runtime read not verified,Generic API available; this field write NOT verified,Not eligible for Apply; resolve path and test first,,Check type/enable/visibility rules in source,Resolve actual instance/full path; check ASE vs ACT; selection/enable flags; enum mapping; binding; units; round-trip,<AVL_ROOT>/AWS/appl/clients/tycon/res/cpp/mass.h,53,Declaring class is context only; struct nesting and array indexing are not resolved
SCH-01370,Timing Drive (tycon),Timing Drive native / mass,Initial Angular Velocity,double**,,Schema declaration; instance not resolved,Initials,rot,"Candidate: WSClass.GetWSMatrix(field,0)",Candidate: WSMatrix typed setters + ReleaseHandle,Schema field/label confirmed; full path + instance + runtime read not verified,Generic API available; this field write NOT verified,Not eligible for Apply; resolve path and test first,,Check type/enable/visibility rules in source,Resolve actual instance/full path; check ASE vs ACT; selection/enable flags; enum mapping; binding; units; round-trip,<AVL_ROOT>/AWS/appl/clients/tycon/res/cpp/mass.h,62,Declaring class is context only; struct nesting and array indexing are not resolved
SCH-01371,Timing Drive (tycon),Timing Drive native / mass,Initial Orientation,double**,,Schema declaration; instance not resolved,Initials,dir,"Candidate: WSClass.GetWSMatrix(field,0)",Candidate: WSMatrix typed setters + ReleaseHandle,Schema field/label confirmed; full path + instance + runtime read not verified,Generic API available; this field write NOT verified,Not eligible for Apply; resolve path and test first,,Check type/enable/visibility rules in source,Resolve actual instance/full path; check ASE vs ACT; selection/enable flags; enum mapping; binding; units; round-trip,<AVL_ROOT>/AWS/appl/clients/tycon/res/cpp/mass.h,71,Declaring class is context only; struct nesting and array indexing are not resolved
SCH-01372,Timing Drive (tycon),Timing Drive native / mass,Add Contour to Link Point,char**,,Schema declaration; instance not resolved,ContourSelect,names,"Candidate: WSClass.GetWSMatrix(field,0)",Candidate: WSMatrix typed setters + ReleaseHandle,Schema field/label confirmed; full path + instance + runtime read not verified,Generic API available; this field write NOT verified,Not eligible for Apply; resolve path and test first,,Check type/enable/visibility rules in source,Resolve actual instance/full path; check ASE vs ACT; selection/enable flags; enum mapping; binding; units; round-trip,<AVL_ROOT>/AWS/appl/clients/tycon/res/cpp/mass.h,81,Declaring class is context only; struct nesting and array indexing are not resolved
SCH-01373,Timing Drive (tycon),Timing Drive native / mass,Element References,ASEenum,,Schema declaration; instance not resolved,NMotion,ref,Candidate: GetIntValue(field),"Candidate: SetIntValue(field,value)",Schema field/label confirmed; full path + instance + runtime read not verified,Generic API available; this field write NOT verified,Not eligible for Apply; resolve path and test first,,<visibility_change>,Resolve actual instance/full path; check ASE vs ACT; selection/enable flags; enum mapping; binding; units; round-trip,<AVL_ROOT>/AWS/appl/clients/tycon/res/cpp/mass.h,109,"Schema labels: ""Nominal Motion of Element"", ""Nominal Motion Table"""
SCH-01374,Timing Drive (tycon),Timing Drive native / mass,Nominal Motion of Element,ASEenum,,Schema declaration; instance not resolved,NMotion,_elem_,Candidate: GetIntValue(field),"Candidate: SetIntValue(field,value)",Schema field/label confirmed; full path + instance + runtime read not verified,Generic API available; this field write NOT verified,Not eligible for Apply; resolve path and test first,,"<visibility=ref,value-int,1>",Resolve actual instance/full path; check ASE vs ACT; selection/enable flags; enum mapping; binding; units; round-trip,<AVL_ROOT>/AWS/appl/clients/tycon/res/cpp/mass.h,113,"Schema labels: ""-"""
SCH-01375,Timing Drive (tycon),Timing Drive native / mass,Nominal Motion Table,ASEenum,,Schema declaration; instance not resolved,NMotion,_nomm_,Candidate: GetIntValue(field),"Candidate: SetIntValue(field,value)",Schema field/label confirmed; full path + instance + runtime read not verified,Generic API available; this field write NOT verified,Not eligible for Apply; resolve path and test first,,Check type/enable/visibility rules in source,Resolve actual instance/full path; check ASE vs ACT; selection/enable flags; enum mapping; binding; units; round-trip,<AVL_ROOT>/AWS/appl/clients/tycon/res/cpp/mass.h,117,"Schema labels: ""-"""
SCH-01376,Timing Drive (tycon),Timing Drive native / mass,Scaling Factor,double,,Schema declaration; instance not resolved,NMotion,fsca,"Candidate: GetDblValueU(field,unit)","Candidate: SetDblValueU(field,value,unit)",Schema field/label confirmed; full path + instance + runtime read not verified,Generic API available; this field write NOT verified,Not eligible for Apply; resolve path and test first,,Check type/enable/visibility rules in source,Resolve actual instance/full path; check ASE vs ACT; selection/enable flags; enum mapping; binding; units; round-trip,<AVL_ROOT>/AWS/appl/clients/tycon/res/cpp/mass.h,122,Declaring class is context only; struct nesting and array indexing are not resolved
SCH-01377,Timing Drive (tycon),Timing Drive native / mass,Initial Value for Characteristic Coordinate,double,,Schema declaration; instance not resolved,NMotion,cini,"Candidate: GetDblValueU(field,unit)","Candidate: SetDblValueU(field,value,unit)",Schema field/label confirmed; full path + instance + runtime read not verified,Generic API available; this field write NOT verified,Not eligible for Apply; resolve path and test first,,Check type/enable/visibility rules in source,Resolve actual instance/full path; check ASE vs ACT; selection/enable flags; enum mapping; binding; units; round-trip,<AVL_ROOT>/AWS/appl/clients/tycon/res/cpp/mass.h,123,Declaring class is context only; struct nesting and array indexing are not resolved
SCH-01378,Timing Drive (tycon),Timing Drive native / mass,3D Representation,ASEenum,,Schema declaration; instance not resolved,Mass3dView,rep3d,Candidate: GetIntValue(field),"Candidate: SetIntValue(field,value)",Schema field/label confirmed; full path + instance + runtime read not verified,Generic API available; this field write NOT verified,Not eligible for Apply; resolve path and test first,,<visibility_change>,Resolve actual instance/full path; check ASE vs ACT; selection/enable flags; enum mapping; binding; units; round-trip,<AVL_ROOT>/AWS/appl/clients/tycon/res/cpp/mass.h,127,"Schema labels: ""None"", ""Sphere"", ""Cylinder"", ""Block"", ""Extruded Contour"", ""Mesh"""
SCH-01379,Timing Drive (tycon),Timing Drive native / mass,Diameter,double,"length,m",Schema declaration; instance not resolved,Mass3dView,diam,"Candidate: GetDblValueU(field,unit)","Candidate: SetDblValueU(field,value,unit)",Schema field/label confirmed; full path + instance + runtime read not verified,Generic API available; this field write NOT verified,Not eligible for Apply; resolve path and test first,,Check type/enable/visibility rules in source,Resolve actual instance/full path; check ASE vs ACT; selection/enable flags; enum mapping; binding; units; round-trip,<AVL_ROOT>/AWS/appl/clients/tycon/res/cpp/mass.h,141,Declaring class is context only; struct nesting and array indexing are not resolved
SCH-01380,Timing Drive (tycon),Timing Drive native / mass,Contour,ASEenum,,Schema declaration; instance not resolved,Mass3dView,_cont_,Candidate: GetIntValue(field),"Candidate: SetIntValue(field,value)",Schema field/label confirmed; full path + instance + runtime read not verified,Generic API available; this field write NOT verified,Not eligible for Apply; resolve path and test first,,Check type/enable/visibility rules in source,Resolve actual instance/full path; check ASE vs ACT; selection/enable flags; enum mapping; binding; units; round-trip,<AVL_ROOT>/AWS/appl/clients/tycon/res/cpp/mass.h,159,"Schema labels: ""-"""
SCH-01381,Timing Drive (tycon),Timing Drive native / mass,Link Point,ASEenum,,Schema declaration; instance not resolved,Mass3dView,_lp_,Candidate: GetIntValue(field),"Candidate: SetIntValue(field,value)",Schema field/label confirmed; full path + instance + runtime read not verified,Generic API available; this field write NOT verified,Not eligible for Apply; resolve path and test first,,Check type/enable/visibility rules in source,Resolve actual instance/full path; check ASE vs ACT; selection/enable flags; enum mapping; binding; units; round-trip,<AVL_ROOT>/AWS/appl/clients/tycon/res/cpp/mass.h,160,"Schema labels: ""-"""
SCH-01382,Timing Drive (tycon),Timing Drive native / mass,Length,double,"length,m",Schema declaration; instance not resolved,Mass3dView,length,"Candidate: GetDblValueU(field,unit)","Candidate: SetDblValueU(field,value,unit)",Schema field/label confirmed; full path + instance + runtime read not verified,Generic API available; this field write NOT verified,Not eligible for Apply; resolve path and test first,,Check type/enable/visibility rules in source,Resolve actual instance/full path; check ASE vs ACT; selection/enable flags; enum mapping; binding; units; round-trip,<AVL_ROOT>/AWS/appl/clients/tycon/res/cpp/mass.h,164,Declaring class is context only; struct nesting and array indexing are not resolved
SCH-01383,Timing Drive (tycon),Timing Drive native / mass,Close Surface,Bool,,Schema declaration; instance not resolved,Mass3dView,close,Candidate: GetIntValue(field),"Candidate: SetIntValue(field,value)",Schema field/label confirmed; full path + instance + runtime read not verified,Generic API available; this field write NOT verified,Not eligible for Apply; resolve path and test first,,Check type/enable/visibility rules in source,Resolve actual instance/full path; check ASE vs ACT; selection/enable flags; enum mapping; binding; units; round-trip,<AVL_ROOT>/AWS/appl/clients/tycon/res/cpp/mass.h,168,Declaring class is context only; struct nesting and array indexing are not resolved
SCH-01384,Timing Drive (tycon),Timing Drive native / mass,Axis,ASEenum,,Schema declaration; instance not resolved,Mass3dView,axis,Candidate: GetIntValue(field),"Candidate: SetIntValue(field,value)",Schema field/label confirmed; full path + instance + runtime read not verified,Generic API available; this field write NOT verified,Not eligible for Apply; resolve path and test first,,Check type/enable/visibility rules in source,Resolve actual instance/full path; check ASE vs ACT; selection/enable flags; enum mapping; binding; units; round-trip,<AVL_ROOT>/AWS/appl/clients/tycon/res/cpp/mass.h,173,"Schema labels: ""A"", ""B"", ""C"""
SCH-01385,Timing Drive (tycon),Timing Drive native / mass,Mesh File,char*,,Schema declaration; instance not resolved,Mass3dView,file3D,Candidate: GetStrValue(field),"Candidate: SetStrValue(field,value)",Schema field/label confirmed; full path + instance + runtime read not verified,Generic API available; this field write NOT verified,Not eligible for Apply; resolve path and test first,,Check type/enable/visibility rules in source,Resolve actual instance/full path; check ASE vs ACT; selection/enable flags; enum mapping; binding; units; round-trip,<AVL_ROOT>/AWS/appl/clients/tycon/res/cpp/mass.h,179,Declaring class is context only; struct nesting and array indexing are not resolved
SCH-01386,Timing Drive (tycon),Timing Drive native / mass,Element Name,char*,,Schema declaration; instance not resolved,Mass,name,Candidate: GetStrValue(field),"Candidate: SetStrValue(field,value)",Schema field/label confirmed; full path + instance + runtime read not verified,Generic API available; this field write NOT verified,Not eligible for Apply; resolve path and test first,,Check type/enable/visibility rules in source,Resolve actual instance/full path; check ASE vs ACT; selection/enable flags; enum mapping; binding; units; round-trip,<AVL_ROOT>/AWS/appl/clients/tycon/res/cpp/mass.h,188,Declaring class is context only; struct nesting and array indexing are not resolved
SCH-01387,Timing Drive (tycon),Timing Drive native / mass,Reference System,ASEenum,,Schema declaration; instance not resolved,Mass,_csys_,Candidate: GetIntValue(field),"Candidate: SetIntValue(field,value)",Schema field/label confirmed; full path + instance + runtime read not verified,Generic API available; this field write NOT verified,Not eligible for Apply; resolve path and test first,,Check type/enable/visibility rules in source,Resolve actual instance/full path; check ASE vs ACT; selection/enable flags; enum mapping; binding; units; round-trip,<AVL_ROOT>/AWS/appl/clients/tycon/res/cpp/mass.h,189,"Schema labels: ""-"""
SCH-01388,Timing Drive (tycon),Timing Drive native / mass,Link to Excite Power Unit,Bool,,Schema declaration; instance not resolved,Mass,lexc,Candidate: GetIntValue(field),"Candidate: SetIntValue(field,value)",Schema field/label confirmed; full path + instance + runtime read not verified,Generic API available; this field write NOT verified,Not eligible for Apply; resolve path and test first,,<visibility_change>,Resolve actual instance/full path; check ASE vs ACT; selection/enable flags; enum mapping; binding; units; round-trip,<AVL_ROOT>/AWS/appl/clients/tycon/res/cpp/mass.h,199,Declaring class is context only; struct nesting and array indexing are not resolved
