id,product,group,setting,datatype,unit,object_scope,class_or_api,field_path,read_api,write_api,read_evidence,write_evidence,apply_status,sample_value,active_condition,checks_needed,source,source_line,notes
CTL-0001,Power Unit (excite),Parameters,Global parameter value,string,From parameter schema,Global / case / element,WS,<existing name or known field>,model.GetParameter(name),"model.SetParameter(name,value,unit)",API implementation confirmed,Setter/source only; no write round-trip performed,Requires adapter + validation + round-trip test,,Parameter exists; case context set where required,Check model/version; object identity; unit; binding; active branch; read-back,<AVL_ROOT>/AWS/python/WS.py,1140,
CTL-0002,Power Unit (excite),Parameters,Global evaluated expression,string,From parameter schema,Global / case / element,WS,<existing name or known field>,model.GetEvaluatedParameter(name),,API implementation confirmed,No write API confirmed,Read/check only,,Parameter exists; case context set where required,Check model/version; object identity; unit; binding; active branch; read-back,<AVL_ROOT>/AWS/python/WS.py,1184,
CTL-0003,Power Unit (excite),Parameters,Global parameter unit,string,From parameter schema,Global / case / element,WS,<existing name or known field>,model.GetParameterUnit(name),"model.SetParameter(name,value,unit)",API implementation confirmed,Setter/source only; no write round-trip performed,Requires adapter + validation + round-trip test,,Parameter exists; case context set where required,Check model/version; object identity; unit; binding; active branch; read-back,<AVL_ROOT>/AWS/python/WS.py,1196,
CTL-0004,Power Unit (excite),Parameters,Case override value,string,From parameter schema,Global / case / element,WS,<existing name or known field>,model.GetCaseParameter(name),"model.SetCaseParameter(name,value)",API implementation confirmed,Setter/source only; no write round-trip performed,Requires adapter + validation + round-trip test,,Parameter exists; case context set where required,Check model/version; object identity; unit; binding; active branch; read-back,<AVL_ROOT>/AWS/python/WS.py,1503,
CTL-0005,Power Unit (excite),Parameters,Element parameter value,string,From parameter schema,Global / case / element,WS,<existing name or known field>,element.GetParameter(name),"element.SetParameter(name,value,unit)",API implementation confirmed,Setter/source only; no write round-trip performed,Requires adapter + validation + round-trip test,,Parameter exists; case context set where required,Check model/version; object identity; unit; binding; active branch; read-back,<AVL_ROOT>/AWS/python/WS.py,3278,
CTL-0006,Power Unit (excite),Parameters,Element evaluated expression,string,From parameter schema,Global / case / element,WS,<existing name or known field>,element.GetEvaluatedParameter(name),,API implementation confirmed,No write API confirmed,Read/check only,,Parameter exists; case context set where required,Check model/version; object identity; unit; binding; active branch; read-back,<AVL_ROOT>/AWS/python/WS.py,3304,
CTL-0007,Power Unit (excite),Parameters,Parameter assigned to scalar field,string,From parameter schema,Global / case / element,WS,<existing name or known field>,wsclass.GetAssignedParameter(field),"wsclass.AssignParameter(field,param_name)",API implementation confirmed,Setter/source only; no write round-trip performed,Requires adapter + validation + round-trip test,,Parameter exists; case context set where required,Check model/version; object identity; unit; binding; active branch; read-back,<AVL_ROOT>/AWS/python/WS.py,2421,
CTL-0008,Power Unit (excite),Parameters,Parameter assigned to matrix cell,string,From parameter schema,Global / case / element,WS,<existing name or known field>,"wsclass.GetAssignedMatrixParameter(field,row,col)","wsclass.AssignMatrixParameter(field,row,col,param_name)",API implementation confirmed,Setter/source only; no write round-trip performed,Requires adapter + validation + round-trip test,,Parameter exists; case context set where required,Check model/version; object identity; unit; binding; active branch; read-back,<AVL_ROOT>/AWS/python/WS.py,2459,
CTL-0009,Power Unit (excite),Crank Train,Operating speed,double,rpm,Global,CTrain/ctrain,general.speed,"model.GetClass('CTrain','ctrain').GetDblValueU(field,unit)","model.GetClass('CTrain','ctrain').SetDblValueU(field,value,unit)",Runtime read verified: simple_body.ex,Setter/source only; no write round-trip performed,Requires adapter + validation + round-trip test,2000,,Check model/version; object identity; unit; binding; active branch; read-back,<AVL_ROOT>/AWS/appl/clients/excite/res/cpp/ctrain.h,Class/field declaration; see schema candidates,
CTL-0010,Power Unit (excite),Crank Train,Bore,double,m,Global,CTrain/ctrain,general.bore,"model.GetClass('CTrain','ctrain').GetDblValueU(field,unit)","model.GetClass('CTrain','ctrain').SetDblValueU(field,value,unit)",Runtime read verified: simple_body.ex,Setter/source only; no write round-trip performed,Requires adapter + validation + round-trip test,0.1,,Check model/version; object identity; unit; binding; active branch; read-back,<AVL_ROOT>/AWS/appl/clients/excite/res/cpp/ctrain.h,Class/field declaration; see schema candidates,
CTL-0011,Power Unit (excite),Crank Train,Stroke,double,m,Global,CTrain/ctrain,general.stroke,"model.GetClass('CTrain','ctrain').GetDblValueU(field,unit)","model.GetClass('CTrain','ctrain').SetDblValueU(field,value,unit)",Runtime read verified: simple_body.ex,Setter/source only; no write round-trip performed,Requires adapter + validation + round-trip test,0.1,,Check model/version; object identity; unit; binding; active branch; read-back,<AVL_ROOT>/AWS/appl/clients/excite/res/cpp/ctrain.h,Class/field declaration; see schema candidates,
CTL-0012,Power Unit (excite),Crank Train,Connecting rod length,double,m,Global,CTrain/ctrain,general.lrod,"model.GetClass('CTrain','ctrain').GetDblValueU(field,unit)","model.GetClass('CTrain','ctrain').SetDblValueU(field,value,unit)",Runtime read verified: simple_body.ex,Setter/source only; no write round-trip performed,Requires adapter + validation + round-trip test,0.2,,Check model/version; object identity; unit; binding; active branch; read-back,<AVL_ROOT>/AWS/appl/clients/excite/res/cpp/ctrain.h,Class/field declaration; see schema candidates,
CTL-0013,Power Unit (excite),Crank Train,Cylinder count,int,,Global,CTrain/ctrain,general.num,"model.GetClass('CTrain','ctrain').GetIntValue(field)","model.GetClass('CTrain','ctrain').SetIntValue(field,value)",Stored field path confirmed; runtime not tested,Setter/source only; no write round-trip performed,Requires adapter + validation + round-trip test,1,,Check model/version; object identity; unit; binding; active branch; read-back,<AVL_ROOT>/AWS/appl/clients/excite/res/cpp/ctrain.h,Class/field declaration; see schema candidates,
CTL-0014,Power Unit (excite),Simulation Control,Time step,double,s,Global,Solctr/solctr,param.timestep.dt,"model.GetClass('Solctr','solctr').GetDblValueU(field,unit)","model.GetClass('Solctr','solctr').SetDblValueU(field,value,unit)",Runtime read verified: simple_body.ex,Setter/source only; no write round-trip performed,Requires adapter + validation + round-trip test,0.000001,,Check model/version; object identity; unit; binding; active branch; read-back,<AVL_ROOT>/AWS/appl/clients/excite/res/cpp/solctr.h,Class/field declaration; see schema candidates,
CTL-0015,Power Unit (excite),Simulation Control,Minimum step,double,s,Global,Solctr/solctr,param.timestep.min,"model.GetClass('Solctr','solctr').GetDblValueU(field,unit)","model.GetClass('Solctr','solctr').SetDblValueU(field,value,unit)",Runtime read verified: simple_body.ex,Setter/source only; no write round-trip performed,Requires adapter + validation + round-trip test,1e-8,,Check model/version; object identity; unit; binding; active branch; read-back,<AVL_ROOT>/AWS/appl/clients/excite/res/cpp/solctr.h,Class/field declaration; see schema candidates,
CTL-0016,Power Unit (excite),Simulation Control,Maximum step,double,s,Global,Solctr/solctr,param.timestep.max,"model.GetClass('Solctr','solctr').GetDblValueU(field,unit)","model.GetClass('Solctr','solctr').SetDblValueU(field,value,unit)",Runtime read verified: simple_body.ex,Setter/source only; no write round-trip performed,Requires adapter + validation + round-trip test,0.00001,,Check model/version; object identity; unit; binding; active branch; read-back,<AVL_ROOT>/AWS/appl/clients/excite/res/cpp/solctr.h,Class/field declaration; see schema candidates,
CTL-0017,Power Unit (excite),Simulation Control,Simulation start,double,cycle,Global,Solctr/solctr,param.timestep.beg,"model.GetClass('Solctr','solctr').GetDblValueU(field,unit)","model.GetClass('Solctr','solctr').SetDblValueU(field,value,unit)",Stored field path confirmed; runtime not tested,Setter/source only; no write round-trip performed,Requires adapter + validation + round-trip test,0,,Check model/version; object identity; unit; binding; active branch; read-back,<AVL_ROOT>/AWS/appl/clients/excite/res/cpp/solctr.h,Class/field declaration; see schema candidates,
CTL-0018,Power Unit (excite),Simulation Control,Simulation end,double,cycle,Global,Solctr/solctr,param.timestep.end,"model.GetClass('Solctr','solctr').GetDblValueU(field,unit)","model.GetClass('Solctr','solctr').SetDblValueU(field,value,unit)",Stored field path confirmed; runtime not tested,Setter/source only; no write round-trip performed,Requires adapter + validation + round-trip test,2,,Check model/version; object identity; unit; binding; active branch; read-back,<AVL_ROOT>/AWS/appl/clients/excite/res/cpp/solctr.h,Class/field declaration; see schema candidates,
CTL-0019,Power Unit (excite),Simulation Control,Effective storage interval,dict,deg or s,Global,excModel.get_simulation_control(),,get_data_storage_interval(unit),,Runtime read verified: simple_body.ex,No write API confirmed,Read/check only,0–1440 deg / 0–0.12 s,Depends on refer_interv; may inherit timestep range,Check model/version; object identity; unit; binding; active branch; read-back,<AVL_ROOT>/AWS/python/clients/excite/excWS.py,608,
CTL-0020,Power Unit (excite),Results Control,Output type,dict member,Depends on output type,Global,excResultsControl,type,get_control_parameters()[key],,Runtime read verified: simple_body.ex,No write API confirmed,Read/check only,ANGR,Interpret units by type; not always seconds,Check model/version; object identity; unit; binding; active branch; read-back,<AVL_ROOT>/AWS/python/clients/excite/excWS.py,644,
CTL-0021,Power Unit (excite),Results Control,Output start,dict member,Depends on output type,Global,excResultsControl,begin_time,get_control_parameters()[key],,Runtime read verified: simple_body.ex,No write API confirmed,Read/check only,0,Interpret units by type; not always seconds,Check model/version; object identity; unit; binding; active branch; read-back,<AVL_ROOT>/AWS/python/clients/excite/excWS.py,644,
CTL-0022,Power Unit (excite),Results Control,Output end,dict member,Depends on output type,Global,excResultsControl,end_time,get_control_parameters()[key],,Runtime read verified: simple_body.ex,No write API confirmed,Read/check only,1440,Interpret units by type; not always seconds,Check model/version; object identity; unit; binding; active branch; read-back,<AVL_ROOT>/AWS/python/clients/excite/excWS.py,644,
CTL-0023,Power Unit (excite),Results Control,Output increment,dict member,Depends on output type,Global,excResultsControl,step_incr,get_control_parameters()[key],,Runtime read verified: simple_body.ex,No write API confirmed,Read/check only,1,Interpret units by type; not always seconds,Check model/version; object identity; unit; binding; active branch; read-back,<AVL_ROOT>/AWS/python/clients/excite/excWS.py,644,
CTL-0024,Power Unit (excite),Results Control,Output step mode,dict member,Depends on output type,Global,excResultsControl,output_step_type,get_control_parameters()[key],,Runtime read verified: simple_body.ex,No write API confirmed,Read/check only,STORED,Interpret units by type; not always seconds,Check model/version; object identity; unit; binding; active branch; read-back,<AVL_ROOT>/AWS/python/clients/excite/excWS.py,644,
CTL-0025,Power Unit (excite),Results Control,Vertical axis code,dict member,Depends on output type,Global,excResultsControl,ver_axis,get_control_parameters()[key],,Runtime read verified: simple_body.ex,No write API confirmed,Read/check only,3,Interpret units by type; not always seconds,Check model/version; object identity; unit; binding; active branch; read-back,<AVL_ROOT>/AWS/python/clients/excite/excWS.py,644,
CTL-0026,Power Unit (excite),Units / Axes,Unit system,string,,Global,excModel,,get_unit_system_used(),,Runtime read verified: simple_body.ex,No write API confirmed,Read/check only,N-mm-s,Do not change units without conversion,Check model/version; object identity; unit; binding; active branch; read-back,<AVL_ROOT>/AWS/python/clients/excite/excWS.py,792,
CTL-0027,Power Unit (excite),Units / Axes,Crank train axes,vectors,,Global,excModel,,get_crank_train_orientation(),,Runtime read verified: simple_body.ex,No write API confirmed,Read/check only,"r=[1,0,0]; v=[0,0,1]",,Check model/version; object identity; unit; binding; active branch; read-back,<AVL_ROOT>/AWS/python/clients/excite/excWS.py,824,
CTL-0028,Power Unit (excite),Body / Load References,Condensed mesh path,path or mapping,,Body,excBody,,get_condensed_mesh_file(),,Runtime getter verified; empty sample value,No write API confirmed,Read/check only,,Requires matching body/mesh/load data,Check model/version; object identity; unit; binding; active branch; read-back,<AVL_ROOT>/AWS/python/clients/excite/excWS.py,29,
CTL-0029,Power Unit (excite),Body / Load References,Connected joint node IDs,path or mapping,,Body,excBody,,get_all_nodes_used_by_connected_joints(),,Runtime getter verified; empty sample value,No write API confirmed,Read/check only,,Requires matching body/mesh/load data,Check model/version; object identity; unit; binding; active branch; read-back,<AVL_ROOT>/AWS/python/clients/excite/excWS.py,71,
CTL-0030,Power Unit (excite),Body / Load References,Load item to body-node mapping,path or mapping,,Body,excBody,,get_loaded_nodes(),,Runtime getter verified; empty sample value,No write API confirmed,Read/check only,,Requires matching body/mesh/load data,Check model/version; object identity; unit; binding; active branch; read-back,<AVL_ROOT>/AWS/python/clients/excite/excWS.py,96,
CTL-0031,Power Unit (excite),Bearing HD,Joint radius,dict member,Simulation units,HD joint,excHDJoint,joint_radius,get_HD_grid_data('profile1'/'profile2')[key],,Official wrapper confirmed; no HD sample,No write API confirmed,Read/check only,,Only HD joint/profile supported,Check model/version; object identity; unit; binding; active branch; read-back,<AVL_ROOT>/AWS/python/clients/excite/excWS.py,525,
CTL-0032,Power Unit (excite),Bearing HD,Joint width,dict member,Simulation units,HD joint,excHDJoint,joint_width,get_HD_grid_data('profile1'/'profile2')[key],,Official wrapper confirmed; no HD sample,No write API confirmed,Read/check only,,Only HD joint/profile supported,Check model/version; object identity; unit; binding; active branch; read-back,<AVL_ROOT>/AWS/python/clients/excite/excWS.py,525,
CTL-0033,Power Unit (excite),Bearing HD,Circumferential grid size,dict member,Simulation units,HD joint,excHDJoint,hd_grid_size_circumference,get_HD_grid_data('profile1'/'profile2')[key],,Official wrapper confirmed; no HD sample,No write API confirmed,Read/check only,,Only HD joint/profile supported,Check model/version; object identity; unit; binding; active branch; read-back,<AVL_ROOT>/AWS/python/clients/excite/excWS.py,525,
CTL-0034,Power Unit (excite),Bearing HD,Axial grid size,dict member,Simulation units,HD joint,excHDJoint,hd_grid_size_axial,get_HD_grid_data('profile1'/'profile2')[key],,Official wrapper confirmed; no HD sample,No write API confirmed,Read/check only,,Only HD joint/profile supported,Check model/version; object identity; unit; binding; active branch; read-back,<AVL_ROOT>/AWS/python/clients/excite/excWS.py,525,
CTL-0035,Power Unit (excite),Bearing HD,Body IDs,dict member,Simulation units,HD joint,excHDJoint,body1_id / body2_id,get_HD_grid_data('profile1'/'profile2')[key],,Official wrapper confirmed; no HD sample,No write API confirmed,Read/check only,,Only HD joint/profile supported,Check model/version; object identity; unit; binding; active branch; read-back,<AVL_ROOT>/AWS/python/clients/excite/excWS.py,525,
CTL-0036,Power Unit (excite),Bearing HD,Grid position,dict member,Simulation units,HD joint,excHDJoint,hd_grid_position,get_HD_grid_data('profile1'/'profile2')[key],,Official wrapper confirmed; no HD sample,No write API confirmed,Read/check only,,Only HD joint/profile supported,Check model/version; object identity; unit; binding; active branch; read-back,<AVL_ROOT>/AWS/python/clients/excite/excWS.py,525,
CTL-0037,Power Unit (excite),Bearing HD,Grid orientation,dict member,Simulation units,HD joint,excHDJoint,hd_grid_orientation,get_HD_grid_data('profile1'/'profile2')[key],,Official wrapper confirmed; no HD sample,No write API confirmed,Read/check only,,Only HD joint/profile supported,Check model/version; object identity; unit; binding; active branch; read-back,<AVL_ROOT>/AWS/python/clients/excite/excWS.py,525,
CTL-0038,Power Unit (excite),Bearing HD,Grid zero-degree direction,dict member,Simulation units,HD joint,excHDJoint,hd_grid_d0,get_HD_grid_data('profile1'/'profile2')[key],,Official wrapper confirmed; no HD sample,No write API confirmed,Read/check only,,Only HD joint/profile supported,Check model/version; object identity; unit; binding; active branch; read-back,<AVL_ROOT>/AWS/python/clients/excite/excWS.py,525,
CTL-0039,Power Unit (excite),Bearing HD,Grid ninety-degree direction,dict member,Simulation units,HD joint,excHDJoint,hd_grid_d90,get_HD_grid_data('profile1'/'profile2')[key],,Official wrapper confirmed; no HD sample,No write API confirmed,Read/check only,,Only HD joint/profile supported,Check model/version; object identity; unit; binding; active branch; read-back,<AVL_ROOT>/AWS/python/clients/excite/excWS.py,525,
CTL-0040,Power Unit (excite),Bearing AXHD,inner_diameter,dict member,Simulation units,AXHD joint,excHDJoint,inner_diameter,get_AXHD_bearing_data()[key],,Official wrapper confirmed; no AXHD sample,No write API confirmed,Read/check only,,Only AXHD geometry,Check model/version; object identity; unit; binding; active branch; read-back,<AVL_ROOT>/AWS/python/clients/excite/excWS.py,569,
CTL-0041,Power Unit (excite),Bearing AXHD,outer_diameter,dict member,Simulation units,AXHD joint,excHDJoint,outer_diameter,get_AXHD_bearing_data()[key],,Official wrapper confirmed; no AXHD sample,No write API confirmed,Read/check only,,Only AXHD geometry,Check model/version; object identity; unit; binding; active branch; read-back,<AVL_ROOT>/AWS/python/clients/excite/excWS.py,569,
CTL-0042,Power Unit (excite),Bearing AXHD,axial_clearance,dict member,Simulation units,AXHD joint,excHDJoint,axial_clearance,get_AXHD_bearing_data()[key],,Official wrapper confirmed; no AXHD sample,No write API confirmed,Read/check only,,Only AXHD geometry,Check model/version; object identity; unit; binding; active branch; read-back,<AVL_ROOT>/AWS/python/clients/excite/excWS.py,569,
CTL-0043,Power Unit (excite),Bearing AXHD,cone_angle,dict member,Simulation units,AXHD joint,excHDJoint,cone_angle,get_AXHD_bearing_data()[key],,Official wrapper confirmed; no AXHD sample,No write API confirmed,Read/check only,,Only AXHD geometry,Check model/version; object identity; unit; binding; active branch; read-back,<AVL_ROOT>/AWS/python/clients/excite/excWS.py,569,
CTL-0044,Power Unit (excite),Bearing AXHD,radial_direction,dict member,Simulation units,AXHD joint,excHDJoint,radial_direction,get_AXHD_bearing_data()[key],,Official wrapper confirmed; no AXHD sample,No write API confirmed,Read/check only,,Only AXHD geometry,Check model/version; object identity; unit; binding; active branch; read-back,<AVL_ROOT>/AWS/python/clients/excite/excWS.py,569,
CTL-0045,Power Unit (excite),Bearing AXHD,circumferential_direction,dict member,Simulation units,AXHD joint,excHDJoint,circumferential_direction,get_AXHD_bearing_data()[key],,Official wrapper confirmed; no AXHD sample,No write API confirmed,Read/check only,,Only AXHD geometry,Check model/version; object identity; unit; binding; active branch; read-back,<AVL_ROOT>/AWS/python/clients/excite/excWS.py,569,
CTL-0046,Power Unit (excite),Bearing Thermal,oil_conductivity,double,Simulation units,HD joint,excHDJoint,oil_conductivity,get_layer_thickness_and_conductivity_parameters()[key],,Official wrapper confirmed; not runtime tested,No write API confirmed,Read/check only,,,Check model/version; object identity; unit; binding; active branch; read-back,<AVL_ROOT>/AWS/python/clients/excite/excWS.py,496,
CTL-0047,Power Unit (excite),Bearing Thermal,body_1_conductivity,double,Simulation units,HD joint,excHDJoint,body_1_conductivity,get_layer_thickness_and_conductivity_parameters()[key],,Official wrapper confirmed; not runtime tested,No write API confirmed,Read/check only,,,Check model/version; object identity; unit; binding; active branch; read-back,<AVL_ROOT>/AWS/python/clients/excite/excWS.py,496,
CTL-0048,Power Unit (excite),Bearing Thermal,body_2_conductivity,double,Simulation units,HD joint,excHDJoint,body_2_conductivity,get_layer_thickness_and_conductivity_parameters()[key],,Official wrapper confirmed; not runtime tested,No write API confirmed,Read/check only,,,Check model/version; object identity; unit; binding; active branch; read-back,<AVL_ROOT>/AWS/python/clients/excite/excWS.py,496,
CTL-0049,Power Unit (excite),Bearing Thermal,body_1_layer_thickness,double,Simulation units,HD joint,excHDJoint,body_1_layer_thickness,get_layer_thickness_and_conductivity_parameters()[key],,Official wrapper confirmed; not runtime tested,No write API confirmed,Read/check only,,,Check model/version; object identity; unit; binding; active branch; read-back,<AVL_ROOT>/AWS/python/clients/excite/excWS.py,496,
CTL-0050,Power Unit (excite),Bearing Thermal,body_2_layer_thickness,double,Simulation units,HD joint,excHDJoint,body_2_layer_thickness,get_layer_thickness_and_conductivity_parameters()[key],,Official wrapper confirmed; not runtime tested,No write API confirmed,Read/check only,,,Check model/version; object identity; unit; binding; active branch; read-back,<AVL_ROOT>/AWS/python/clients/excite/excWS.py,496,
CTL-0051,Power Unit (excite),Bearing Profiles,Surface profile names/files,table,,HD joint,excHDJoint,profiles,get_profiles('profile1'/'profile2'),"add_profile(which,name,file)",Official wrapper confirmed; not runtime tested,Setter/source only; no write round-trip performed,Requires adapter + validation + round-trip test,,Reload/enable flags may apply,Check model/version; object identity; unit; binding; active branch; read-back,<AVL_ROOT>/AWS/python/clients/excite/excWS.py,356,
CTL-0052,Power Unit (excite),Bearing Roughness,Summit roughness,dict or values,Simulation units,HD/EPIL joint,excHDJoint,,get_summit_roughness() / get_summit_roughness_for_epil(),,Official wrapper confirmed; not runtime tested,No write API confirmed,Read/check only,,,Check model/version; object identity; unit; binding; active branch; read-back,<AVL_ROOT>/AWS/python/clients/excite/excWS.py,399,
CTL-0053,Power Unit (excite),Bearing Wear,num_patches,dict member,Simulation units,HD joint,excHDJoint,num_patches,get_requested_wear_calc()[table_id][key],"set_wear_calc(table_id,data)",Official wrapper confirmed; not runtime tested,Setter/source only; no write round-trip performed,Requires adapter + validation + round-trip test,,Only active requested wear calculations; model type determines fields,Check model/version; object identity; unit; binding; active branch; read-back,<AVL_ROOT>/AWS/python/clients/excite/excWS.py,233,
CTL-0054,Power Unit (excite),Bearing Wear,tbl,dict member,Simulation units,HD joint,excHDJoint,tbl,get_requested_wear_calc()[table_id][key],"set_wear_calc(table_id,data)",Official wrapper confirmed; not runtime tested,Setter/source only; no write round-trip performed,Requires adapter + validation + round-trip test,,Only active requested wear calculations; model type determines fields,Check model/version; object identity; unit; binding; active branch; read-back,<AVL_ROOT>/AWS/python/clients/excite/excWS.py,233,
CTL-0055,Power Unit (excite),Bearing Wear,acct,dict member,Simulation units,HD joint,excHDJoint,acct,get_requested_wear_calc()[table_id][key],"set_wear_calc(table_id,data)",Official wrapper confirmed; not runtime tested,Setter/source only; no write round-trip performed,Requires adapter + validation + round-trip test,,Only active requested wear calculations; model type determines fields,Check model/version; object identity; unit; binding; active branch; read-back,<AVL_ROOT>/AWS/python/clients/excite/excWS.py,233,
CTL-0056,Power Unit (excite),Bearing Wear,maxw,dict member,Simulation units,HD joint,excHDJoint,maxw,get_requested_wear_calc()[table_id][key],"set_wear_calc(table_id,data)",Official wrapper confirmed; not runtime tested,Setter/source only; no write round-trip performed,Requires adapter + validation + round-trip test,,Only active requested wear calculations; model type determines fields,Check model/version; object identity; unit; binding; active branch; read-back,<AVL_ROOT>/AWS/python/clients/excite/excWS.py,233,
CTL-0057,Power Unit (excite),Bearing Wear,type,dict member,Simulation units,HD joint,excHDJoint,type,get_requested_wear_calc()[table_id][key],"set_wear_calc(table_id,data)",Official wrapper confirmed; not runtime tested,Setter/source only; no write round-trip performed,Requires adapter + validation + round-trip test,,Only active requested wear calculations; model type determines fields,Check model/version; object identity; unit; binding; active branch; read-back,<AVL_ROOT>/AWS/python/clients/excite/excWS.py,233,
CTL-0058,Power Unit (excite),Topology,Elements / UUID / labels,list,,Model,WS.Model,,GetElements(); GetUuid(); GetLabel(),,Runtime read verified: simple_body.ex,No write API confirmed,Read/check only,2 elements,,Check model/version; object identity; unit; binding; active branch; read-back,<AVL_ROOT>/AWS/python/WS.py,1538,
CTL-0059,Power Unit (excite),Topology,Line endpoints,list,,Model,WS.Model,,GetLines(); GetStartElement(); GetEndElement(),,Runtime read verified: simple_body.ex,No write API confirmed,Read/check only,Crankshaft1 → ROTx_1,,Check model/version; object identity; unit; binding; active branch; read-back,<AVL_ROOT>/AWS/python/WS.py,1582,
CTL-0060,Power Unit (excite),Cases,Case sets / cases / active selection,list,,Model,WS.Model,,GetCaseSets(); GetCases(); GetActiveCaseSet(); GetActiveCase(),,Runtime read verified: simple_body.ex,No write API confirmed,Read/check only,Excite Set 1 / Case 1,,Check model/version; object identity; unit; binding; active branch; read-back,<AVL_ROOT>/AWS/python/WS.py,1351,
CTL-0061,Power Unit (excite),Cases,Parameter groups,list,,Case set,WS.Model,,GetParameterGroups(); GetParameterGroupParameters(),,Runtime getter verified; sample has no groups,No write API confirmed,Read/check only,,,Check model/version; object identity; unit; binding; active branch; read-back,<AVL_ROOT>/AWS/python/WS.py,1611,
CTL-0062,Power Unit (excite),Data Tables,Matrix cells,matrix,Row/column schema,Known WSClass,WSClass,<matrix_name>,"GetWSMatrix(name,0); GetNumRows/Cols; typed GetValue","GetWSMatrix(name,1); typed SetValue; ReleaseHandle()",API implementation confirmed,Setter/source only; no write round-trip performed,Requires adapter + validation + round-trip test,,Must release handle; dimensions and unit metadata required,Check model/version; object identity; unit; binding; active branch; read-back,<AVL_ROOT>/AWS/python/WS.py,1734,
CTL-0063,Power Unit (excite),Data Tables,Class list entries,list,,Known WSClass,WSClass,<list_name>,GetWSClassList(name); GetSize(); GetClass(index),,API implementation confirmed,No write API confirmed,Read/check only,,Schema-specific entry insert/delete not assessed,Check model/version; object identity; unit; binding; active branch; read-back,<AVL_ROOT>/AWS/python/WS.py,1753,
CTL-0064,Power Unit (excite),Data Tables,Map X/Y/Z,map,Map unit keys,Known WSClass,WSClass,<map_name>,"GetWSMap(name,0); GetX/Y/Z typed values","GetWSMap(name,1); SetX/Y/Z typed values; ReleaseHandle()",API implementation confirmed,Setter/source only; no write round-trip performed,Requires adapter + validation + round-trip test,,Must release handle; know map dimensions,Check model/version; object identity; unit; binding; active branch; read-back,<AVL_ROOT>/AWS/python/WS.py,1769,
CTL-0065,Power Unit (excite),Model File,Save as separate model,path,,Client,WS.Client,,GetModelFilename(),SaveAsModel(filename),API implementation confirmed,Setter/source only; no write round-trip performed,Requires adapter + validation + round-trip test,,SaveAs destination chosen; file references may remain relative,Check model/version; object identity; unit; binding; active branch; read-back,<AVL_ROOT>/AWS/python/WS.py,839,
CTL-0066,Timing Drive (tycon),Timing Drive native / Valve Timing,Cam firing angles,uuid + double,Runtime unit context,Timing Drive client,WSInOutStack,,tycon-table-list (Cam inventory),DoAction(set-firing-angles) with UUID/angle stack,Official timing_definition.py implementation; no tycon runtime test,Setter/source only; no write round-trip performed,Requires adapter + validation + round-trip test,,Separate tycon client; validate engine stroke and sense of rotation,Check model/version; object identity; unit; binding; active branch; read-back,<AVL_ROOT>/AWS/python/clients/tycon/timing_definition.py,126,
CTL-0067,Timing Drive (tycon),Timing Drive native / Valve Timing,Cam profile start angles,uuid + double,Runtime unit context,Timing Drive client,WSInOutStack,,Timing Definition / CamProfileData,DoAction(set-start-angles) with UUID/angle stack,Official timing_definition.py implementation; no tycon runtime test,Setter/source only; no write round-trip performed,Requires adapter + validation + round-trip test,,Requires matching cam profile IDs and computed timing,Check model/version; object identity; unit; binding; active branch; read-back,<AVL_ROOT>/AWS/python/clients/tycon/timing_definition.py,138,
CTL-0068,Power Unit (excite),Load Data / CylPressure,Speed,double,"ang_vel,rpm,rpm",Schema declaration; instance not resolved,CylPressure,espeed,"Candidate: GetDblValueU(field,unit)","Candidate: SetDblValueU(field,value,unit)",Schema field/label confirmed; full path + instance + runtime read not verified,Generic API available; this field write NOT verified,Not eligible for Apply; resolve path and test first,,Check type/enable/visibility rules in source,Resolve actual instance/full path; check ASE vs ACT; selection/enable flags; enum mapping; binding; units; round-trip,<AVL_ROOT>/AWS/appl/clients/excite/res/cpp/newloadgen.h,213,Declaring class is context only; struct nesting and array indexing are not resolved
CTL-0069,Power Unit (excite),Load Data / CylPressure,Shift to Base Period (0-360/720 deg),Bool,,Schema declaration; instance not resolved,CylPressure,shift_to_base,Candidate: GetIntValue(field),"Candidate: SetIntValue(field,value)",Schema field/label confirmed; full path + instance + runtime read not verified,Generic API available; this field write NOT verified,Not eligible for Apply; resolve path and test first,,Check type/enable/visibility rules in source,Resolve actual instance/full path; check ASE vs ACT; selection/enable flags; enum mapping; binding; units; round-trip,<AVL_ROOT>/AWS/appl/clients/excite/res/cpp/newloadgen.h,228,Declaring class is context only; struct nesting and array indexing are not resolved
CTL-0070,Power Unit (excite),Load Data / CylPressure,Cyclic Shift,Bool,,Schema declaration; instance not resolved,CylPressure,cyclic,Candidate: GetIntValue(field),"Candidate: SetIntValue(field,value)",Schema field/label confirmed; full path + instance + runtime read not verified,Generic API available; this field write NOT verified,Not eligible for Apply; resolve path and test first,,<visibility_change>,Resolve actual instance/full path; check ASE vs ACT; selection/enable flags; enum mapping; binding; units; round-trip,<AVL_ROOT>/AWS/appl/clients/excite/res/cpp/newloadgen.h,231,Declaring class is context only; struct nesting and array indexing are not resolved
CTL-0071,Power Unit (excite),Load Data / CylPressure,Pressure Factor,double,,Schema declaration; instance not resolved,CylPressure,yfac,"Candidate: GetDblValueU(field,unit)","Candidate: SetDblValueU(field,value,unit)",Schema field/label confirmed; full path + instance + runtime read not verified,Generic API available; this field write NOT verified,Not eligible for Apply; resolve path and test first,,Check type/enable/visibility rules in source,Resolve actual instance/full path; check ASE vs ACT; selection/enable flags; enum mapping; binding; units; round-trip,<AVL_ROOT>/AWS/appl/clients/excite/res/cpp/newloadgen.h,238,Declaring class is context only; struct nesting and array indexing are not resolved
CTL-0072,Power Unit (excite),Load Data / CylPressure,Pressure Shift,double,"pressure,bar",Schema declaration; instance not resolved,CylPressure,presshift,"Candidate: GetDblValueU(field,unit)","Candidate: SetDblValueU(field,value,unit)",Schema field/label confirmed; full path + instance + runtime read not verified,Generic API available; this field write NOT verified,Not eligible for Apply; resolve path and test first,,Check type/enable/visibility rules in source,Resolve actual instance/full path; check ASE vs ACT; selection/enable flags; enum mapping; binding; units; round-trip,<AVL_ROOT>/AWS/appl/clients/excite/res/cpp/newloadgen.h,240,Declaring class is context only; struct nesting and array indexing are not resolved
CTL-0073,Power Unit (excite),Load Data / CylPressure,Cylinder Pressure Data,double**,,Schema declaration; instance not resolved,CylPressure,data,"Candidate: WSClass.GetWSMatrix(field,0)",Candidate: WSMatrix typed setters + ReleaseHandle,Schema field/label confirmed; full path + instance + runtime read not verified,Generic API available; this field write NOT verified,Not eligible for Apply; resolve path and test first,,Check type/enable/visibility rules in source,Resolve actual instance/full path; check ASE vs ACT; selection/enable flags; enum mapping; binding; units; round-trip,<AVL_ROOT>/AWS/appl/clients/excite/res/cpp/newloadgen.h,245,Declaring class is context only; struct nesting and array indexing are not resolved
CTL-0074,Power Unit (excite),Load Data / CylPressure,Cylinder Pressure File,char*,,Schema declaration; instance not resolved,CylPressure,file,Candidate: GetStrValue(field),"Candidate: SetStrValue(field,value)",Schema field/label confirmed; full path + instance + runtime read not verified,Generic API available; this field write NOT verified,Not eligible for Apply; resolve path and test first,,Check type/enable/visibility rules in source,Resolve actual instance/full path; check ASE vs ACT; selection/enable flags; enum mapping; binding; units; round-trip,<AVL_ROOT>/AWS/appl/clients/excite/res/cpp/newloadgen.h,265,Declaring class is context only; struct nesting and array indexing are not resolved
CTL-0075,Power Unit (excite),Load Data / CylPressure,Automatic Reload,Bool,,Schema declaration; instance not resolved,CylPressure,aut_rel,Candidate: GetIntValue(field),"Candidate: SetIntValue(field,value)",Schema field/label confirmed; full path + instance + runtime read not verified,Generic API available; this field write NOT verified,Not eligible for Apply; resolve path and test first,,Check type/enable/visibility rules in source,Resolve actual instance/full path; check ASE vs ACT; selection/enable flags; enum mapping; binding; units; round-trip,<AVL_ROOT>/AWS/appl/clients/excite/res/cpp/newloadgen.h,268,Declaring class is context only; struct nesting and array indexing are not resolved
CTL-0076,Power Unit (excite),Load Data / CylPressure,Use Data File Path Parameter,Bool,,Schema declaration; instance not resolved,CylPressure,def_pat,Candidate: GetIntValue(field),"Candidate: SetIntValue(field,value)",Schema field/label confirmed; full path + instance + runtime read not verified,Generic API available; this field write NOT verified,Not eligible for Apply; resolve path and test first,,Check type/enable/visibility rules in source,Resolve actual instance/full path; check ASE vs ACT; selection/enable flags; enum mapping; binding; units; round-trip,<AVL_ROOT>/AWS/appl/clients/excite/res/cpp/newloadgen.h,271,Declaring class is context only; struct nesting and array indexing are not resolved
CTL-0077,Power Unit (excite),Load Data / LoadItem,Speed,double,"ang_vel,rpm,rpm",Schema declaration; instance not resolved,LoadItem,espeed,"Candidate: GetDblValueU(field,unit)","Candidate: SetDblValueU(field,value,unit)",Schema field/label confirmed; full path + instance + runtime read not verified,Generic API available; this field write NOT verified,Not eligible for Apply; resolve path and test first,,Check type/enable/visibility rules in source,Resolve actual instance/full path; check ASE vs ACT; selection/enable flags; enum mapping; binding; units; round-trip,<AVL_ROOT>/AWS/appl/clients/excite/res/cpp/newloadgen.h,507,Declaring class is context only; struct nesting and array indexing are not resolved
CTL-0078,Power Unit (excite),Load Data / LoadItem,Load Item,char*,,Schema declaration; instance not resolved,LoadItem,node_name,Candidate: GetStrValue(field),"Candidate: SetStrValue(field,value)",Schema field/label confirmed; full path + instance + runtime read not verified,Generic API available; this field write NOT verified,Not eligible for Apply; resolve path and test first,,Check type/enable/visibility rules in source,Resolve actual instance/full path; check ASE vs ACT; selection/enable flags; enum mapping; binding; units; round-trip,<AVL_ROOT>/AWS/appl/clients/excite/res/cpp/newloadgen.h,517,Declaring class is context only; struct nesting and array indexing are not resolved
CTL-0079,Power Unit (excite),Load Data / LoadItem,Constant,Bool,,Schema declaration; instance not resolved,LoadItem,constLoadItem,Candidate: GetIntValue(field),"Candidate: SetIntValue(field,value)",Schema field/label confirmed; full path + instance + runtime read not verified,Generic API available; this field write NOT verified,Not eligible for Apply; resolve path and test first,,<visibility_change>,Resolve actual instance/full path; check ASE vs ACT; selection/enable flags; enum mapping; binding; units; round-trip,<AVL_ROOT>/AWS/appl/clients/excite/res/cpp/newloadgen.h,551,Declaring class is context only; struct nesting and array indexing are not resolved
CTL-0080,Power Unit (excite),Load Data / LoadItem,Shift,double**,,Schema declaration; instance not resolved,LoadItem,constLoadData,"Candidate: WSClass.GetWSMatrix(field,0)",Candidate: WSMatrix typed setters + ReleaseHandle,Schema field/label confirmed; full path + instance + runtime read not verified,Generic API available; this field write NOT verified,Not eligible for Apply; resolve path and test first,,Check type/enable/visibility rules in source,Resolve actual instance/full path; check ASE vs ACT; selection/enable flags; enum mapping; binding; units; round-trip,<AVL_ROOT>/AWS/appl/clients/excite/res/cpp/newloadgen.h,554,Declaring class is context only; struct nesting and array indexing are not resolved
CTL-0081,Power Unit (excite),Load Data / LoadItem,Make Periodic,Bool,,Schema declaration; instance not resolved,LoadItem,make_periodic,Candidate: GetIntValue(field),"Candidate: SetIntValue(field,value)",Schema field/label confirmed; full path + instance + runtime read not verified,Generic API available; this field write NOT verified,Not eligible for Apply; resolve path and test first,,Check type/enable/visibility rules in source,Resolve actual instance/full path; check ASE vs ACT; selection/enable flags; enum mapping; binding; units; round-trip,<AVL_ROOT>/AWS/appl/clients/excite/res/cpp/newloadgen.h,569,Declaring class is context only; struct nesting and array indexing are not resolved
CTL-0082,Power Unit (excite),Load Data / LoadItem,Shift to Base Period (0-360/720 deg),Bool,,Schema declaration; instance not resolved,LoadItem,shift_to_base,Candidate: GetIntValue(field),"Candidate: SetIntValue(field,value)",Schema field/label confirmed; full path + instance + runtime read not verified,Generic API available; this field write NOT verified,Not eligible for Apply; resolve path and test first,,Check type/enable/visibility rules in source,Resolve actual instance/full path; check ASE vs ACT; selection/enable flags; enum mapping; binding; units; round-trip,<AVL_ROOT>/AWS/appl/clients/excite/res/cpp/newloadgen.h,570,Declaring class is context only; struct nesting and array indexing are not resolved
CTL-0083,Power Unit (excite),Load Data / LoadItem,Cyclic Shift,Bool,,Schema declaration; instance not resolved,LoadItem,cyclic_flag,Candidate: GetIntValue(field),"Candidate: SetIntValue(field,value)",Schema field/label confirmed; full path + instance + runtime read not verified,Generic API available; this field write NOT verified,Not eligible for Apply; resolve path and test first,,<visibility_change>,Resolve actual instance/full path; check ASE vs ACT; selection/enable flags; enum mapping; binding; units; round-trip,<AVL_ROOT>/AWS/appl/clients/excite/res/cpp/newloadgen.h,572,Declaring class is context only; struct nesting and array indexing are not resolved
CTL-0084,Power Unit (excite),Load Data / LoadItem,Add (A),Bool,,Schema declaration; instance not resolved,LoadItem,trans_shift,Candidate: GetIntValue(field),"Candidate: SetIntValue(field,value)",Schema field/label confirmed; full path + instance + runtime read not verified,Generic API available; this field write NOT verified,Not eligible for Apply; resolve path and test first,,<visibility_change>,Resolve actual instance/full path; check ASE vs ACT; selection/enable flags; enum mapping; binding; units; round-trip,<AVL_ROOT>/AWS/appl/clients/excite/res/cpp/newloadgen.h,579,Declaring class is context only; struct nesting and array indexing are not resolved
CTL-0085,Power Unit (excite),Load Data / LoadItem,Scale (S),Bool,,Schema declaration; instance not resolved,LoadItem,trans_scale,Candidate: GetIntValue(field),"Candidate: SetIntValue(field,value)",Schema field/label confirmed; full path + instance + runtime read not verified,Generic API available; this field write NOT verified,Not eligible for Apply; resolve path and test first,,<visibility_change>,Resolve actual instance/full path; check ASE vs ACT; selection/enable flags; enum mapping; binding; units; round-trip,<AVL_ROOT>/AWS/appl/clients/excite/res/cpp/newloadgen.h,581,Declaring class is context only; struct nesting and array indexing are not resolved
CTL-0086,Power Unit (excite),Load Data / LoadItem,Rotate (R),Bool,,Schema declaration; instance not resolved,LoadItem,trans_rotate,Candidate: GetIntValue(field),"Candidate: SetIntValue(field,value)",Schema field/label confirmed; full path + instance + runtime read not verified,Generic API available; this field write NOT verified,Not eligible for Apply; resolve path and test first,,<visibility_change>,Resolve actual instance/full path; check ASE vs ACT; selection/enable flags; enum mapping; binding; units; round-trip,<AVL_ROOT>/AWS/appl/clients/excite/res/cpp/newloadgen.h,583,Declaring class is context only; struct nesting and array indexing are not resolved
CTL-0087,Power Unit (excite),Load Data / LoadItem,Shift,double**,,Schema declaration; instance not resolved,LoadItem,addmat,"Candidate: WSClass.GetWSMatrix(field,0)",Candidate: WSMatrix typed setters + ReleaseHandle,Schema field/label confirmed; full path + instance + runtime read not verified,Generic API available; this field write NOT verified,Not eligible for Apply; resolve path and test first,,Check type/enable/visibility rules in source,Resolve actual instance/full path; check ASE vs ACT; selection/enable flags; enum mapping; binding; units; round-trip,<AVL_ROOT>/AWS/appl/clients/excite/res/cpp/newloadgen.h,587,Declaring class is context only; struct nesting and array indexing are not resolved
CTL-0088,Power Unit (excite),Load Data / LoadItem,Scale,double**,,Schema declaration; instance not resolved,LoadItem,scalemat,"Candidate: WSClass.GetWSMatrix(field,0)",Candidate: WSMatrix typed setters + ReleaseHandle,Schema field/label confirmed; full path + instance + runtime read not verified,Generic API available; this field write NOT verified,Not eligible for Apply; resolve path and test first,,Check type/enable/visibility rules in source,Resolve actual instance/full path; check ASE vs ACT; selection/enable flags; enum mapping; binding; units; round-trip,<AVL_ROOT>/AWS/appl/clients/excite/res/cpp/newloadgen.h,598,Declaring class is context only; struct nesting and array indexing are not resolved
CTL-0089,Power Unit (excite),Load Data / LoadItem,RotMatrix,double**,,Schema declaration; instance not resolved,LoadItem,rmat,"Candidate: WSClass.GetWSMatrix(field,0)",Candidate: WSMatrix typed setters + ReleaseHandle,Schema field/label confirmed; full path + instance + runtime read not verified,Generic API available; this field write NOT verified,Not eligible for Apply; resolve path and test first,,Check type/enable/visibility rules in source,Resolve actual instance/full path; check ASE vs ACT; selection/enable flags; enum mapping; binding; units; round-trip,<AVL_ROOT>/AWS/appl/clients/excite/res/cpp/newloadgen.h,606,Declaring class is context only; struct nesting and array indexing are not resolved
CTL-0090,Power Unit (excite),Load Data / LoadItem,Load Data,double**,,Schema declaration; instance not resolved,LoadItem,data,"Candidate: WSClass.GetWSMatrix(field,0)",Candidate: WSMatrix typed setters + ReleaseHandle,Schema field/label confirmed; full path + instance + runtime read not verified,Generic API available; this field write NOT verified,Not eligible for Apply; resolve path and test first,,Check type/enable/visibility rules in source,Resolve actual instance/full path; check ASE vs ACT; selection/enable flags; enum mapping; binding; units; round-trip,<AVL_ROOT>/AWS/appl/clients/excite/res/cpp/newloadgen.h,616,Declaring class is context only; struct nesting and array indexing are not resolved
CTL-0091,Power Unit (excite),Load Data / LoadItem,Load Data,double**,,Schema declaration; instance not resolved,LoadItem,data_harmonics,"Candidate: WSClass.GetWSMatrix(field,0)",Candidate: WSMatrix typed setters + ReleaseHandle,Schema field/label confirmed; full path + instance + runtime read not verified,Generic API available; this field write NOT verified,Not eligible for Apply; resolve path and test first,,Check type/enable/visibility rules in source,Resolve actual instance/full path; check ASE vs ACT; selection/enable flags; enum mapping; binding; units; round-trip,<AVL_ROOT>/AWS/appl/clients/excite/res/cpp/newloadgen.h,634,Declaring class is context only; struct nesting and array indexing are not resolved
CTL-0092,Power Unit (excite),Load Data / LoadItem,File Name,char*,,Schema declaration; instance not resolved,LoadItem,file,Candidate: GetStrValue(field),"Candidate: SetStrValue(field,value)",Schema field/label confirmed; full path + instance + runtime read not verified,Generic API available; this field write NOT verified,Not eligible for Apply; resolve path and test first,,"<visibility=type,value-int,3,4>",Resolve actual instance/full path; check ASE vs ACT; selection/enable flags; enum mapping; binding; units; round-trip,<AVL_ROOT>/AWS/appl/clients/excite/res/cpp/newloadgen.h,679,Declaring class is context only; struct nesting and array indexing are not resolved
CTL-0093,Power Unit (excite),Load Data / LoadItem,File Name,char*,,Schema declaration; instance not resolved,LoadItem,file_harmonics,Candidate: GetStrValue(field),"Candidate: SetStrValue(field,value)",Schema field/label confirmed; full path + instance + runtime read not verified,Generic API available; this field write NOT verified,Not eligible for Apply; resolve path and test first,,Check type/enable/visibility rules in source,Resolve actual instance/full path; check ASE vs ACT; selection/enable flags; enum mapping; binding; units; round-trip,<AVL_ROOT>/AWS/appl/clients/excite/res/cpp/newloadgen.h,682,Declaring class is context only; struct nesting and array indexing are not resolved
CTL-0094,Power Unit (excite),Load Data / LoadItem,Automatic Reload,Bool,,Schema declaration; instance not resolved,LoadItem,aut_rel,Candidate: GetIntValue(field),"Candidate: SetIntValue(field,value)",Schema field/label confirmed; full path + instance + runtime read not verified,Generic API available; this field write NOT verified,Not eligible for Apply; resolve path and test first,,"<visibility=type,value-int,3,4>",Resolve actual instance/full path; check ASE vs ACT; selection/enable flags; enum mapping; binding; units; round-trip,<AVL_ROOT>/AWS/appl/clients/excite/res/cpp/newloadgen.h,687,Declaring class is context only; struct nesting and array indexing are not resolved
CTL-0095,Power Unit (excite),Load Data / LoadItem,Automatic Reload,Bool,,Schema declaration; instance not resolved,LoadItem,aut_rel_harmonics,Candidate: GetIntValue(field),"Candidate: SetIntValue(field,value)",Schema field/label confirmed; full path + instance + runtime read not verified,Generic API available; this field write NOT verified,Not eligible for Apply; resolve path and test first,,"<visibility=type,value-int,0,1,2>",Resolve actual instance/full path; check ASE vs ACT; selection/enable flags; enum mapping; binding; units; round-trip,<AVL_ROOT>/AWS/appl/clients/excite/res/cpp/newloadgen.h,690,Declaring class is context only; struct nesting and array indexing are not resolved
CTL-0096,Power Unit (excite),Load Data / LoadItem,Use Data File Path Parameter,Bool,,Schema declaration; instance not resolved,LoadItem,def_pat,Candidate: GetIntValue(field),"Candidate: SetIntValue(field,value)",Schema field/label confirmed; full path + instance + runtime read not verified,Generic API available; this field write NOT verified,Not eligible for Apply; resolve path and test first,,"<visibility=type,value-int,3,4>",Resolve actual instance/full path; check ASE vs ACT; selection/enable flags; enum mapping; binding; units; round-trip,<AVL_ROOT>/AWS/appl/clients/excite/res/cpp/newloadgen.h,695,Declaring class is context only; struct nesting and array indexing are not resolved
CTL-0097,Power Unit (excite),Load Data / LoadItem,Use Data File Path Parameter,Bool,,Schema declaration; instance not resolved,LoadItem,def_pat_harmonics,Candidate: GetIntValue(field),"Candidate: SetIntValue(field,value)",Schema field/label confirmed; full path + instance + runtime read not verified,Generic API available; this field write NOT verified,Not eligible for Apply; resolve path and test first,,Check type/enable/visibility rules in source,Resolve actual instance/full path; check ASE vs ACT; selection/enable flags; enum mapping; binding; units; round-trip,<AVL_ROOT>/AWS/appl/clients/excite/res/cpp/newloadgen.h,700,Declaring class is context only; struct nesting and array indexing are not resolved
CTL-0098,Power Unit (excite),Load Data / Timing Drive Link,EXCITE Timing Drive Link,Bool,,Schema declaration; instance not resolved,TimingDrive,useTDlsets,Candidate: GetIntValue(field),"Candidate: SetIntValue(field,value)",Schema field/label confirmed; full path + instance + runtime read not verified,Generic API available; this field write NOT verified,Not eligible for Apply; resolve path and test first,,<visibility_change>,Resolve actual instance/full path; check ASE vs ACT; selection/enable flags; enum mapping; binding; units; round-trip,<AVL_ROOT>/AWS/appl/clients/excite/res/cpp/newloadgen.h,1439,Declaring class is context only; struct nesting and array indexing are not resolved
CTL-0099,Power Unit (excite),Load Data / Timing Drive Link,EXCITE Timing Drive Model Path,char*,,Schema declaration; instance not resolved,TimingDrive,modelpath,Candidate: GetStrValue(field),"Candidate: SetStrValue(field,value)",Schema field/label confirmed; full path + instance + runtime read not verified,Generic API available; this field write NOT verified,Not eligible for Apply; resolve path and test first,,Check type/enable/visibility rules in source,Resolve actual instance/full path; check ASE vs ACT; selection/enable flags; enum mapping; binding; units; round-trip,<AVL_ROOT>/AWS/appl/clients/excite/res/cpp/newloadgen.h,1460,Declaring class is context only; struct nesting and array indexing are not resolved
CTL-0100,Power Unit (excite),Load Data / Timing Drive Link,EXCITE Timing Drive Model,char*,,Schema declaration; instance not resolved,TimingDrive,model,Candidate: GetStrValue(field),"Candidate: SetStrValue(field,value)",Schema field/label confirmed; full path + instance + runtime read not verified,Generic API available; this field write NOT verified,Not eligible for Apply; resolve path and test first,,Check type/enable/visibility rules in source,Resolve actual instance/full path; check ASE vs ACT; selection/enable flags; enum mapping; binding; units; round-trip,<AVL_ROOT>/AWS/appl/clients/excite/res/cpp/newloadgen.h,1468,"Schema labels: ""AVL_Leader"""
CTL-0101,Power Unit (excite),Load Data / Timing Drive Link,Case,char*,,Schema declaration; instance not resolved,TimingDrive,case,Candidate: GetStrValue(field),"Candidate: SetStrValue(field,value)",Schema field/label confirmed; full path + instance + runtime read not verified,Generic API available; this field write NOT verified,Not eligible for Apply; resolve path and test first,,Check type/enable/visibility rules in source,Resolve actual instance/full path; check ASE vs ACT; selection/enable flags; enum mapping; binding; units; round-trip,<AVL_ROOT>/AWS/appl/clients/excite/res/cpp/newloadgen.h,1472,"Schema labels: ""3000_full"""
CTL-0102,Power Unit (excite),Load Data / Timing Drive Link,Transformation Matrix (Xexcite_td=R.Xexcite),double**,,Schema declaration; instance not resolved,TimingDrive,rmat,"Candidate: WSClass.GetWSMatrix(field,0)",Candidate: WSMatrix typed setters + ReleaseHandle,Schema field/label confirmed; full path + instance + runtime read not verified,Generic API available; this field write NOT verified,Not eligible for Apply; resolve path and test first,,Check type/enable/visibility rules in source,Resolve actual instance/full path; check ASE vs ACT; selection/enable flags; enum mapping; binding; units; round-trip,<AVL_ROOT>/AWS/appl/clients/excite/res/cpp/newloadgen.h,1482,Declaring class is context only; struct nesting and array indexing are not resolved
CTL-0103,Power Unit (excite),Load Data / Timing Drive Link,Co-Simulation with EXCITE Timing Drive,Bool,,Schema declaration; instance not resolved,TimingDrive,coupling,Candidate: GetIntValue(field),"Candidate: SetIntValue(field,value)",Schema field/label confirmed; full path + instance + runtime read not verified,Generic API available; this field write NOT verified,Not eligible for Apply; resolve path and test first,,<visibility_change>,Resolve actual instance/full path; check ASE vs ACT; selection/enable flags; enum mapping; binding; units; round-trip,<AVL_ROOT>/AWS/appl/clients/excite/res/cpp/newloadgen.h,1488,Declaring class is context only; struct nesting and array indexing are not resolved
CTL-0104,Power Unit (excite),Load Data / LoadCase,Load Case,char*,,Schema declaration; instance not resolved,LoadCase,node_name,Candidate: GetStrValue(field),"Candidate: SetStrValue(field,value)",Schema field/label confirmed; full path + instance + runtime read not verified,Generic API available; this field write NOT verified,Not eligible for Apply; resolve path and test first,,Check type/enable/visibility rules in source,Resolve actual instance/full path; check ASE vs ACT; selection/enable flags; enum mapping; binding; units; round-trip,<AVL_ROOT>/AWS/appl/clients/excite/res/cpp/newloadgen.h,1570,Declaring class is context only; struct nesting and array indexing are not resolved
CTL-0105,Power Unit (excite),Load Data / LoadCase,Default Reference,ASEenum,,Schema declaration; instance not resolved,LoadCase,def_ref,Candidate: GetIntValue(field),"Candidate: SetIntValue(field,value)",Schema field/label confirmed; full path + instance + runtime read not verified,Generic API available; this field write NOT verified,Not eligible for Apply; resolve path and test first,,"<visibility=1_isSensor,class-int,1>",Resolve actual instance/full path; check ASE vs ACT; selection/enable flags; enum mapping; binding; units; round-trip,<AVL_ROOT>/AWS/appl/clients/excite/res/cpp/newloadgen.h,1633,"Schema labels: ""Reference Body ()"""
CTL-0106,Power Unit (excite),Load Data / LoadCase,Reference system,ASEenum,,Schema declaration; instance not resolved,LoadCase,ref_system,Candidate: GetIntValue(field),"Candidate: SetIntValue(field,value)",Schema field/label confirmed; full path + instance + runtime read not verified,Generic API available; this field write NOT verified,Not eligible for Apply; resolve path and test first,,Check type/enable/visibility rules in source,Resolve actual instance/full path; check ASE vs ACT; selection/enable flags; enum mapping; binding; units; round-trip,<AVL_ROOT>/AWS/appl/clients/excite/res/cpp/newloadgen.h,1635,"Schema labels: ""Absolute"""
CTL-0107,Power Unit (excite),Load Data / LoadCase,Define custom rotation,Bool,,Schema declaration; instance not resolved,LoadCase,custom,Candidate: GetIntValue(field),"Candidate: SetIntValue(field,value)",Schema field/label confirmed; full path + instance + runtime read not verified,Generic API available; this field write NOT verified,Not eligible for Apply; resolve path and test first,,<visibility_change>,Resolve actual instance/full path; check ASE vs ACT; selection/enable flags; enum mapping; binding; units; round-trip,<AVL_ROOT>/AWS/appl/clients/excite/res/cpp/newloadgen.h,1638,Declaring class is context only; struct nesting and array indexing are not resolved
CTL-0108,Power Unit (excite),Load Data / LoadCase,Initial angle,double,"angle,rad,rad",Schema declaration; instance not resolved,LoadCase,ang_r,"Candidate: GetDblValueU(field,unit)","Candidate: SetDblValueU(field,value,unit)",Schema field/label confirmed; full path + instance + runtime read not verified,Generic API available; this field write NOT verified,Not eligible for Apply; resolve path and test first,,Check type/enable/visibility rules in source,Resolve actual instance/full path; check ASE vs ACT; selection/enable flags; enum mapping; binding; units; round-trip,<AVL_ROOT>/AWS/appl/clients/excite/res/cpp/newloadgen.h,1647,Declaring class is context only; struct nesting and array indexing are not resolved
CTL-0109,Power Unit (excite),Load Data / LoadCase,Reference Speed,double,"ang_vel,rpm",Schema declaration; instance not resolved,LoadCase,omega,"Candidate: GetDblValueU(field,unit)","Candidate: SetDblValueU(field,value,unit)",Schema field/label confirmed; full path + instance + runtime read not verified,Generic API available; this field write NOT verified,Not eligible for Apply; resolve path and test first,,Check type/enable/visibility rules in source,Resolve actual instance/full path; check ASE vs ACT; selection/enable flags; enum mapping; binding; units; round-trip,<AVL_ROOT>/AWS/appl/clients/excite/res/cpp/newloadgen.h,1653,Declaring class is context only; struct nesting and array indexing are not resolved
CTL-0110,Power Unit (excite),Load Data / LoadCase,Link to Crank Train Globals,Bool,,Schema declaration; instance not resolved,LoadCase,link,Candidate: GetIntValue(field),"Candidate: SetIntValue(field,value)",Schema field/label confirmed; full path + instance + runtime read not verified,Generic API available; this field write NOT verified,Not eligible for Apply; resolve path and test first,,Check type/enable/visibility rules in source,Resolve actual instance/full path; check ASE vs ACT; selection/enable flags; enum mapping; binding; units; round-trip,<AVL_ROOT>/AWS/appl/clients/excite/res/cpp/newloadgen.h,1656,Declaring class is context only; struct nesting and array indexing are not resolved
CTL-0111,Power Unit (excite),Load Data / LoadCase,Constant Acceleration (e.g. Gravity),Bool,,Schema declaration; instance not resolved,LoadCase,constGrav,Candidate: GetIntValue(field),"Candidate: SetIntValue(field,value)",Schema field/label confirmed; full path + instance + runtime read not verified,Generic API available; this field write NOT verified,Not eligible for Apply; resolve path and test first,,<visibility_change>,Resolve actual instance/full path; check ASE vs ACT; selection/enable flags; enum mapping; binding; units; round-trip,<AVL_ROOT>/AWS/appl/clients/excite/res/cpp/newloadgen.h,1663,Declaring class is context only; struct nesting and array indexing are not resolved
CTL-0112,Power Unit (excite),Load Data / LoadCase,Engine Run-up,Bool,,Schema declaration; instance not resolved,LoadCase,is_engineRun,Candidate: GetIntValue(field),"Candidate: SetIntValue(field,value)",Schema field/label confirmed; full path + instance + runtime read not verified,Generic API available; this field write NOT verified,Not eligible for Apply; resolve path and test first,,<visibility_change>,Resolve actual instance/full path; check ASE vs ACT; selection/enable flags; enum mapping; binding; units; round-trip,<AVL_ROOT>/AWS/appl/clients/excite/res/cpp/newloadgen.h,1672,Declaring class is context only; struct nesting and array indexing are not resolved
CTL-0113,Power Unit (excite),Load Data / LoadCase,System Inertia,double,"mom_inert,kgm2",Schema declaration; instance not resolved,LoadCase,ctrainInertia,"Candidate: GetDblValueU(field,unit)","Candidate: SetDblValueU(field,value,unit)",Schema field/label confirmed; full path + instance + runtime read not verified,Generic API available; this field write NOT verified,Not eligible for Apply; resolve path and test first,,"<visibility=1_sole_pack,class-int,0>",Resolve actual instance/full path; check ASE vs ACT; selection/enable flags; enum mapping; binding; units; round-trip,<AVL_ROOT>/AWS/appl/clients/excite/res/cpp/newloadgen.h,1679,Declaring class is context only; struct nesting and array indexing are not resolved
CTL-0114,Power Unit (excite),Load Data / LoadCase,Link to Crank Train -> Mass Props,Bool,,Schema declaration; instance not resolved,LoadCase,linkToCtr,Candidate: GetIntValue(field),"Candidate: SetIntValue(field,value)",Schema field/label confirmed; full path + instance + runtime read not verified,Generic API available; this field write NOT verified,Not eligible for Apply; resolve path and test first,,Check type/enable/visibility rules in source,Resolve actual instance/full path; check ASE vs ACT; selection/enable flags; enum mapping; binding; units; round-trip,<AVL_ROOT>/AWS/appl/clients/excite/res/cpp/newloadgen.h,1683,Declaring class is context only; struct nesting and array indexing are not resolved
CTL-0115,Power Unit (excite),Load Data / LoadCase,Ramp Definition,ASEenum,,Schema declaration; instance not resolved,LoadCase,rampType,Candidate: GetIntValue(field),"Candidate: SetIntValue(field,value)",Schema field/label confirmed; full path + instance + runtime read not verified,Generic API available; this field write NOT verified,Not eligible for Apply; resolve path and test first,,<visibility_change>,Resolve actual instance/full path; check ASE vs ACT; selection/enable flags; enum mapping; binding; units; round-trip,<AVL_ROOT>/AWS/appl/clients/excite/res/cpp/newloadgen.h,1687,"Schema labels: ""Versus Time"",""Versus Angle"""
CTL-0116,Power Unit (excite),Load Data / LoadCase,Ramp End:,double,"time,s",Schema declaration; instance not resolved,LoadCase,rampEnd,"Candidate: GetDblValueU(field,unit)","Candidate: SetDblValueU(field,value,unit)",Schema field/label confirmed; full path + instance + runtime read not verified,Generic API available; this field write NOT verified,Not eligible for Apply; resolve path and test first,,Check type/enable/visibility rules in source,Resolve actual instance/full path; check ASE vs ACT; selection/enable flags; enum mapping; binding; units; round-trip,<AVL_ROOT>/AWS/appl/clients/excite/res/cpp/newloadgen.h,1690,Declaring class is context only; struct nesting and array indexing are not resolved
CTL-0117,Power Unit (excite),Load Data / LoadCase,Engine Speed vs Time,double**,,Schema declaration; instance not resolved,LoadCase,espeedRunT,"Candidate: WSClass.GetWSMatrix(field,0)",Candidate: WSMatrix typed setters + ReleaseHandle,Schema field/label confirmed; full path + instance + runtime read not verified,Generic API available; this field write NOT verified,Not eligible for Apply; resolve path and test first,,Check type/enable/visibility rules in source,Resolve actual instance/full path; check ASE vs ACT; selection/enable flags; enum mapping; binding; units; round-trip,<AVL_ROOT>/AWS/appl/clients/excite/res/cpp/newloadgen.h,1695,Declaring class is context only; struct nesting and array indexing are not resolved
CTL-0118,Power Unit (excite),Load Data / LoadCase,Engine Speed vs Angle,double**,,Schema declaration; instance not resolved,LoadCase,espeedRunA,"Candidate: WSClass.GetWSMatrix(field,0)",Candidate: WSMatrix typed setters + ReleaseHandle,Schema field/label confirmed; full path + instance + runtime read not verified,Generic API available; this field write NOT verified,Not eligible for Apply; resolve path and test first,,Check type/enable/visibility rules in source,Resolve actual instance/full path; check ASE vs ACT; selection/enable flags; enum mapping; binding; units; round-trip,<AVL_ROOT>/AWS/appl/clients/excite/res/cpp/newloadgen.h,1714,Declaring class is context only; struct nesting and array indexing are not resolved
CTL-0119,Power Unit (excite),Load Data / LoadCase,Angular Step,double,"simangle,deg,deg",Schema declaration; instance not resolved,LoadCase,angleStep,"Candidate: GetDblValueU(field,unit)","Candidate: SetDblValueU(field,value,unit)",Schema field/label confirmed; full path + instance + runtime read not verified,Generic API available; this field write NOT verified,Not eligible for Apply; resolve path and test first,,Check type/enable/visibility rules in source,Resolve actual instance/full path; check ASE vs ACT; selection/enable flags; enum mapping; binding; units; round-trip,<AVL_ROOT>/AWS/appl/clients/excite/res/cpp/newloadgen.h,1734,Declaring class is context only; struct nesting and array indexing are not resolved
CTL-0120,Power Unit (excite),Load Data / LoadCase,N cycles:,double,"simangle,cycle,cycle",Schema declaration; instance not resolved,LoadCase,nCycles,"Candidate: GetDblValueU(field,unit)","Candidate: SetDblValueU(field,value,unit)",Schema field/label confirmed; full path + instance + runtime read not verified,Generic API available; this field write NOT verified,Not eligible for Apply; resolve path and test first,,Check type/enable/visibility rules in source,Resolve actual instance/full path; check ASE vs ACT; selection/enable flags; enum mapping; binding; units; round-trip,<AVL_ROOT>/AWS/appl/clients/excite/res/cpp/newloadgen.h,1735,Declaring class is context only; struct nesting and array indexing are not resolved
CTL-0121,Power Unit (excite),Load Data / LoadCase,Number of Load Steps,int,,Schema declaration; instance not resolved,LoadCase,nSteps,Candidate: GetIntValue(field),"Candidate: SetIntValue(field,value)",Schema field/label confirmed; full path + instance + runtime read not verified,Generic API available; this field write NOT verified,Not eligible for Apply; resolve path and test first,,"<visibility=1_isRunupReduced,class-int,1>",Resolve actual instance/full path; check ASE vs ACT; selection/enable flags; enum mapping; binding; units; round-trip,<AVL_ROOT>/AWS/appl/clients/excite/res/cpp/newloadgen.h,1737,Declaring class is context only; struct nesting and array indexing are not resolved
CTL-0122,Power Unit (excite),Load Data / LoadCase,Use Uniform Sampling for Load Items and Cylinder Pressure,Bool,,Schema declaration; instance not resolved,LoadCase,doResample,Candidate: GetIntValue(field),"Candidate: SetIntValue(field,value)",Schema field/label confirmed; full path + instance + runtime read not verified,Generic API available; this field write NOT verified,Not eligible for Apply; resolve path and test first,,<visibility_change>,Resolve actual instance/full path; check ASE vs ACT; selection/enable flags; enum mapping; binding; units; round-trip,<AVL_ROOT>/AWS/appl/clients/excite/res/cpp/newloadgen.h,1746,Declaring class is context only; struct nesting and array indexing are not resolved
CTL-0123,Power Unit (excite),Load Data / LoadCase,Sampling Step,double,"simtime1,deg,deg",Schema declaration; instance not resolved,LoadCase,resampleAngleStep,"Candidate: GetDblValueU(field,unit)","Candidate: SetDblValueU(field,value,unit)",Schema field/label confirmed; full path + instance + runtime read not verified,Generic API available; this field write NOT verified,Not eligible for Apply; resolve path and test first,,Check type/enable/visibility rules in source,Resolve actual instance/full path; check ASE vs ACT; selection/enable flags; enum mapping; binding; units; round-trip,<AVL_ROOT>/AWS/appl/clients/excite/res/cpp/newloadgen.h,1748,Declaring class is context only; struct nesting and array indexing are not resolved
CTL-0124,Timing Drive (tycon),Timing Drive native / chain,Element Name,char*,,Schema declaration; instance not resolved,Chain,name,Candidate: GetStrValue(field),"Candidate: SetStrValue(field,value)",Schema field/label confirmed; full path + instance + runtime read not verified,Generic API available; this field write NOT verified,Not eligible for Apply; resolve path and test first,,Check type/enable/visibility rules in source,Resolve actual instance/full path; check ASE vs ACT; selection/enable flags; enum mapping; binding; units; round-trip,<AVL_ROOT>/AWS/appl/clients/tycon/res/cpp/chain.h,33,Declaring class is context only; struct nesting and array indexing are not resolved
CTL-0125,Timing Drive (tycon),Timing Drive native / chain,Reference System,ASEenum,,Schema declaration; instance not resolved,Chain,_csys_,Candidate: GetIntValue(field),"Candidate: SetIntValue(field,value)",Schema field/label confirmed; full path + instance + runtime read not verified,Generic API available; this field write NOT verified,Not eligible for Apply; resolve path and test first,,Check type/enable/visibility rules in source,Resolve actual instance/full path; check ASE vs ACT; selection/enable flags; enum mapping; binding; units; round-trip,<AVL_ROOT>/AWS/appl/clients/tycon/res/cpp/chain.h,34,"Schema labels: ""-"""
CTL-0126,Timing Drive (tycon),Timing Drive native / chain,Axial offset,double,"length,m",Schema declaration; instance not resolved,Chain,x_offs,"Candidate: GetDblValueU(field,unit)","Candidate: SetDblValueU(field,value,unit)",Schema field/label confirmed; full path + instance + runtime read not verified,Generic API available; this field write NOT verified,Not eligible for Apply; resolve path and test first,,Check type/enable/visibility rules in source,Resolve actual instance/full path; check ASE vs ACT; selection/enable flags; enum mapping; binding; units; round-trip,<AVL_ROOT>/AWS/appl/clients/tycon/res/cpp/chain.h,36,Declaring class is context only; struct nesting and array indexing are not resolved
CTL-0127,Timing Drive (tycon),Timing Drive native / chain,Number of Chain Links,int,,Schema declaration; instance not resolved,Chain,num,Candidate: GetIntValue(field),"Candidate: SetIntValue(field,value)",Schema field/label confirmed; full path + instance + runtime read not verified,Generic API available; this field write NOT verified,Not eligible for Apply; resolve path and test first,,Check type/enable/visibility rules in source,Resolve actual instance/full path; check ASE vs ACT; selection/enable flags; enum mapping; binding; units; round-trip,<AVL_ROOT>/AWS/appl/clients/tycon/res/cpp/chain.h,37,Declaring class is context only; struct nesting and array indexing are not resolved
CTL-0128,Timing Drive (tycon),Timing Drive native / chain,Pre-Tension Chain,double,"force,N",Schema declaration; instance not resolved,Chain,pretens,"Candidate: GetDblValueU(field,unit)","Candidate: SetDblValueU(field,value,unit)",Schema field/label confirmed; full path + instance + runtime read not verified,Generic API available; this field write NOT verified,Not eligible for Apply; resolve path and test first,,Check type/enable/visibility rules in source,Resolve actual instance/full path; check ASE vs ACT; selection/enable flags; enum mapping; binding; units; round-trip,<AVL_ROOT>/AWS/appl/clients/tycon/res/cpp/chain.h,38,Declaring class is context only; struct nesting and array indexing are not resolved
CTL-0129,Timing Drive (tycon),Timing Drive native / chain,Nominal Pitch,double,"length,m",Schema declaration; instance not resolved,Chain,nom_pitch,"Candidate: GetDblValueU(field,unit)","Candidate: SetDblValueU(field,value,unit)",Schema field/label confirmed; full path + instance + runtime read not verified,Generic API available; this field write NOT verified,Not eligible for Apply; resolve path and test first,,Check type/enable/visibility rules in source,Resolve actual instance/full path; check ASE vs ACT; selection/enable flags; enum mapping; binding; units; round-trip,<AVL_ROOT>/AWS/appl/clients/tycon/res/cpp/chain.h,43,Declaring class is context only; struct nesting and array indexing are not resolved
CTL-0130,Timing Drive (tycon),Timing Drive native / chain,Angle to Contour's major-axis,double,angle,Schema declaration; instance not resolved,Chain,install_angle,"Candidate: GetDblValueU(field,unit)","Candidate: SetDblValueU(field,value,unit)",Schema field/label confirmed; full path + instance + runtime read not verified,Generic API available; this field write NOT verified,Not eligible for Apply; resolve path and test first,,Check type/enable/visibility rules in source,Resolve actual instance/full path; check ASE vs ACT; selection/enable flags; enum mapping; binding; units; round-trip,<AVL_ROOT>/AWS/appl/clients/tycon/res/cpp/chain.h,45,Declaring class is context only; struct nesting and array indexing are not resolved
CTL-0131,Timing Drive (tycon),Timing Drive native / schain,Element Name,char*,,Schema declaration; instance not resolved,SChain,name,Candidate: GetStrValue(field),"Candidate: SetStrValue(field,value)",Schema field/label confirmed; full path + instance + runtime read not verified,Generic API available; this field write NOT verified,Not eligible for Apply; resolve path and test first,,Check type/enable/visibility rules in source,Resolve actual instance/full path; check ASE vs ACT; selection/enable flags; enum mapping; binding; units; round-trip,<AVL_ROOT>/AWS/appl/clients/tycon/res/cpp/schain.h,44,Declaring class is context only; struct nesting and array indexing are not resolved
CTL-0132,Timing Drive (tycon),Timing Drive native / schain,Reference System,ASEenum,,Schema declaration; instance not resolved,SChain,_csys_,Candidate: GetIntValue(field),"Candidate: SetIntValue(field,value)",Schema field/label confirmed; full path + instance + runtime read not verified,Generic API available; this field write NOT verified,Not eligible for Apply; resolve path and test first,,Check type/enable/visibility rules in source,Resolve actual instance/full path; check ASE vs ACT; selection/enable flags; enum mapping; binding; units; round-trip,<AVL_ROOT>/AWS/appl/clients/tycon/res/cpp/schain.h,45,"Schema labels: ""-"""
CTL-0133,Timing Drive (tycon),Timing Drive native / schain,Axial offset,double,"length,m",Schema declaration; instance not resolved,SChain,x_offs,"Candidate: GetDblValueU(field,unit)","Candidate: SetDblValueU(field,value,unit)",Schema field/label confirmed; full path + instance + runtime read not verified,Generic API available; this field write NOT verified,Not eligible for Apply; resolve path and test first,,Check type/enable/visibility rules in source,Resolve actual instance/full path; check ASE vs ACT; selection/enable flags; enum mapping; binding; units; round-trip,<AVL_ROOT>/AWS/appl/clients/tycon/res/cpp/schain.h,47,Declaring class is context only; struct nesting and array indexing are not resolved
CTL-0134,Timing Drive (tycon),Timing Drive native / schain,Nominal Pitch,double,"length,m",Schema declaration; instance not resolved,SChain,nom_pitch,"Candidate: GetDblValueU(field,unit)","Candidate: SetDblValueU(field,value,unit)",Schema field/label confirmed; full path + instance + runtime read not verified,Generic API available; this field write NOT verified,Not eligible for Apply; resolve path and test first,,Check type/enable/visibility rules in source,Resolve actual instance/full path; check ASE vs ACT; selection/enable flags; enum mapping; binding; units; round-trip,<AVL_ROOT>/AWS/appl/clients/tycon/res/cpp/schain.h,48,Declaring class is context only; struct nesting and array indexing are not resolved
CTL-0135,Timing Drive (tycon),Timing Drive native / schain,Number of Chain Links,int,,Schema declaration; instance not resolved,SChain,num,Candidate: GetIntValue(field),"Candidate: SetIntValue(field,value)",Schema field/label confirmed; full path + instance + runtime read not verified,Generic API available; this field write NOT verified,Not eligible for Apply; resolve path and test first,,Check type/enable/visibility rules in source,Resolve actual instance/full path; check ASE vs ACT; selection/enable flags; enum mapping; binding; units; round-trip,<AVL_ROOT>/AWS/appl/clients/tycon/res/cpp/schain.h,49,Declaring class is context only; struct nesting and array indexing are not resolved
CTL-0136,Timing Drive (tycon),Timing Drive native / schain,Pre-Tension Chain,double,"force,N",Schema declaration; instance not resolved,SChain,pretens,"Candidate: GetDblValueU(field,unit)","Candidate: SetDblValueU(field,value,unit)",Schema field/label confirmed; full path + instance + runtime read not verified,Generic API available; this field write NOT verified,Not eligible for Apply; resolve path and test first,,Check type/enable/visibility rules in source,Resolve actual instance/full path; check ASE vs ACT; selection/enable flags; enum mapping; binding; units; round-trip,<AVL_ROOT>/AWS/appl/clients/tycon/res/cpp/schain.h,50,Declaring class is context only; struct nesting and array indexing are not resolved
CTL-0137,Timing Drive (tycon),Timing Drive native / schain,Uniform Link Properties,Bool,,Schema declaration; instance not resolved,SChain,type,Candidate: GetIntValue(field),"Candidate: SetIntValue(field,value)",Schema field/label confirmed; full path + instance + runtime read not verified,Generic API available; this field write NOT verified,Not eligible for Apply; resolve path and test first,,<visibility_change>,Resolve actual instance/full path; check ASE vs ACT; selection/enable flags; enum mapping; binding; units; round-trip,<AVL_ROOT>/AWS/appl/clients/tycon/res/cpp/schain.h,53,Declaring class is context only; struct nesting and array indexing are not resolved
CTL-0138,Timing Drive (tycon),Timing Drive native / schain,Double-sided toothing,Bool,,Schema declaration; instance not resolved,SChain,back,Candidate: GetIntValue(field),"Candidate: SetIntValue(field,value)",Schema field/label confirmed; full path + instance + runtime read not verified,Generic API available; this field write NOT verified,Not eligible for Apply; resolve path and test first,,<visibility_change>,Resolve actual instance/full path; check ASE vs ACT; selection/enable flags; enum mapping; binding; units; round-trip,<AVL_ROOT>/AWS/appl/clients/tycon/res/cpp/schain.h,54,Declaring class is context only; struct nesting and array indexing are not resolved
CTL-0139,Timing Drive (tycon),Timing Drive native / schain,Type of Joint,ASEenum,,Schema declaration; instance not resolved,SChain,jtype,Candidate: GetIntValue(field),"Candidate: SetIntValue(field,value)",Schema field/label confirmed; full path + instance + runtime read not verified,Generic API available; this field write NOT verified,Not eligible for Apply; resolve path and test first,,<visibility_change>,Resolve actual instance/full path; check ASE vs ACT; selection/enable flags; enum mapping; binding; units; round-trip,<AVL_ROOT>/AWS/appl/clients/tycon/res/cpp/schain.h,55,"Schema labels: ""Single Pin"", ""Rolling Pivot (Ideal)"", ""Rolling Pivot (by Contours)"""
CTL-0140,Timing Drive (tycon),Timing Drive native / schain,Angle to Contour's major-axis,double,angle,Schema declaration; instance not resolved,SChain,install_angle,"Candidate: GetDblValueU(field,unit)","Candidate: SetDblValueU(field,value,unit)",Schema field/label confirmed; full path + instance + runtime read not verified,Generic API available; this field write NOT verified,Not eligible for Apply; resolve path and test first,,Check type/enable/visibility rules in source,Resolve actual instance/full path; check ASE vs ACT; selection/enable flags; enum mapping; binding; units; round-trip,<AVL_ROOT>/AWS/appl/clients/tycon/res/cpp/schain.h,58,Declaring class is context only; struct nesting and array indexing are not resolved
CTL-0141,Timing Drive (tycon),Timing Drive native / tbelt,Element Name,char*,,Schema declaration; instance not resolved,TBelt,name,Candidate: GetStrValue(field),"Candidate: SetStrValue(field,value)",Schema field/label confirmed; full path + instance + runtime read not verified,Generic API available; this field write NOT verified,Not eligible for Apply; resolve path and test first,,Check type/enable/visibility rules in source,Resolve actual instance/full path; check ASE vs ACT; selection/enable flags; enum mapping; binding; units; round-trip,<AVL_ROOT>/AWS/appl/clients/tycon/res/cpp/tbelt.h,28,Declaring class is context only; struct nesting and array indexing are not resolved
CTL-0142,Timing Drive (tycon),Timing Drive native / tbelt,Reference System,ASEenum,,Schema declaration; instance not resolved,TBelt,_csys_,Candidate: GetIntValue(field),"Candidate: SetIntValue(field,value)",Schema field/label confirmed; full path + instance + runtime read not verified,Generic API available; this field write NOT verified,Not eligible for Apply; resolve path and test first,,Check type/enable/visibility rules in source,Resolve actual instance/full path; check ASE vs ACT; selection/enable flags; enum mapping; binding; units; round-trip,<AVL_ROOT>/AWS/appl/clients/tycon/res/cpp/tbelt.h,29,"Schema labels: ""-"""
CTL-0143,Timing Drive (tycon),Timing Drive native / tbelt,Axial offset,double,"length,m",Schema declaration; instance not resolved,TBelt,x_offs,"Candidate: GetDblValueU(field,unit)","Candidate: SetDblValueU(field,value,unit)",Schema field/label confirmed; full path + instance + runtime read not verified,Generic API available; this field write NOT verified,Not eligible for Apply; resolve path and test first,,Check type/enable/visibility rules in source,Resolve actual instance/full path; check ASE vs ACT; selection/enable flags; enum mapping; binding; units; round-trip,<AVL_ROOT>/AWS/appl/clients/tycon/res/cpp/tbelt.h,31,Declaring class is context only; struct nesting and array indexing are not resolved
CTL-0144,Timing Drive (tycon),Timing Drive native / tbelt,Number of Teeth at Belt,int,,Schema declaration; instance not resolved,TBelt,num,Candidate: GetIntValue(field),"Candidate: SetIntValue(field,value)",Schema field/label confirmed; full path + instance + runtime read not verified,Generic API available; this field write NOT verified,Not eligible for Apply; resolve path and test first,,Check type/enable/visibility rules in source,Resolve actual instance/full path; check ASE vs ACT; selection/enable flags; enum mapping; binding; units; round-trip,<AVL_ROOT>/AWS/appl/clients/tycon/res/cpp/tbelt.h,32,Declaring class is context only; struct nesting and array indexing are not resolved
CTL-0145,Timing Drive (tycon),Timing Drive native / tbelt,Pre-Tension Belt,double,"force,N",Schema declaration; instance not resolved,TBelt,pretens,"Candidate: GetDblValueU(field,unit)","Candidate: SetDblValueU(field,value,unit)",Schema field/label confirmed; full path + instance + runtime read not verified,Generic API available; this field write NOT verified,Not eligible for Apply; resolve path and test first,,Check type/enable/visibility rules in source,Resolve actual instance/full path; check ASE vs ACT; selection/enable flags; enum mapping; binding; units; round-trip,<AVL_ROOT>/AWS/appl/clients/tycon/res/cpp/tbelt.h,33,Declaring class is context only; struct nesting and array indexing are not resolved
CTL-0146,Timing Drive (tycon),Timing Drive native / tbelt,Nominal Pitch,double,"length,m",Schema declaration; instance not resolved,TBelt,nom_pitch,"Candidate: GetDblValueU(field,unit)","Candidate: SetDblValueU(field,value,unit)",Schema field/label confirmed; full path + instance + runtime read not verified,Generic API available; this field write NOT verified,Not eligible for Apply; resolve path and test first,,Check type/enable/visibility rules in source,Resolve actual instance/full path; check ASE vs ACT; selection/enable flags; enum mapping; binding; units; round-trip,<AVL_ROOT>/AWS/appl/clients/tycon/res/cpp/tbelt.h,35,Declaring class is context only; struct nesting and array indexing are not resolved
CTL-0147,Timing Drive (tycon),Timing Drive native / tbelt,Angle to Contour's major-axis,double,angle,Schema declaration; instance not resolved,TBelt,install_angle,"Candidate: GetDblValueU(field,unit)","Candidate: SetDblValueU(field,value,unit)",Schema field/label confirmed; full path + instance + runtime read not verified,Generic API available; this field write NOT verified,Not eligible for Apply; resolve path and test first,,Check type/enable/visibility rules in source,Resolve actual instance/full path; check ASE vs ACT; selection/enable flags; enum mapping; binding; units; round-trip,<AVL_ROOT>/AWS/appl/clients/tycon/res/cpp/tbelt.h,37,Declaring class is context only; struct nesting and array indexing are not resolved
CTL-0148,Timing Drive (tycon),Timing Drive native / ntbelt,Tangent Model Editor,Bool,,Schema declaration; instance not resolved,NTBelt,show_tmod,Candidate: GetIntValue(field),"Candidate: SetIntValue(field,value)",Schema field/label confirmed; full path + instance + runtime read not verified,Generic API available; this field write NOT verified,Not eligible for Apply; resolve path and test first,,<visibility_change>,Resolve actual instance/full path; check ASE vs ACT; selection/enable flags; enum mapping; binding; units; round-trip,<AVL_ROOT>/AWS/appl/clients/tycon/res/cpp/ntbelt.h,273,Declaring class is context only; struct nesting and array indexing are not resolved
CTL-0149,Timing Drive (tycon),Timing Drive native / ntbelt,Show IDs,Bool,,Schema declaration; instance not resolved,NTBelt,show_ids,Candidate: GetIntValue(field),"Candidate: SetIntValue(field,value)",Schema field/label confirmed; full path + instance + runtime read not verified,Generic API available; this field write NOT verified,Not eligible for Apply; resolve path and test first,,Check type/enable/visibility rules in source,Resolve actual instance/full path; check ASE vs ACT; selection/enable flags; enum mapping; binding; units; round-trip,<AVL_ROOT>/AWS/appl/clients/tycon/res/cpp/ntbelt.h,275,Declaring class is context only; struct nesting and array indexing are not resolved
CTL-0150,Timing Drive (tycon),Timing Drive native / ntbelt,Mirror,Bool,,Schema declaration; instance not resolved,NTBelt,mirror,Candidate: GetIntValue(field),"Candidate: SetIntValue(field,value)",Schema field/label confirmed; full path + instance + runtime read not verified,Generic API available; this field write NOT verified,Not eligible for Apply; resolve path and test first,,Check type/enable/visibility rules in source,Resolve actual instance/full path; check ASE vs ACT; selection/enable flags; enum mapping; binding; units; round-trip,<AVL_ROOT>/AWS/appl/clients/tycon/res/cpp/ntbelt.h,277,Declaring class is context only; struct nesting and array indexing are not resolved
CTL-0151,Timing Drive (tycon),Timing Drive native / ntbelt,Run Belt Wrapping automatically upon data input,Bool,,Schema declaration; instance not resolved,NTBelt,auto_tmod,Candidate: GetIntValue(field),"Candidate: SetIntValue(field,value)",Schema field/label confirmed; full path + instance + runtime read not verified,Generic API available; this field write NOT verified,Not eligible for Apply; resolve path and test first,,"<visibility=show_tmod,value-int,1>",Resolve actual instance/full path; check ASE vs ACT; selection/enable flags; enum mapping; binding; units; round-trip,<AVL_ROOT>/AWS/appl/clients/tycon/res/cpp/ntbelt.h,281,Declaring class is context only; struct nesting and array indexing are not resolved
CTL-0152,Timing Drive (tycon),Timing Drive native / bten,Element Name,char*,,Schema declaration; instance not resolved,Bten,name,Candidate: GetStrValue(field),"Candidate: SetStrValue(field,value)",Schema field/label confirmed; full path + instance + runtime read not verified,Generic API available; this field write NOT verified,Not eligible for Apply; resolve path and test first,,Check type/enable/visibility rules in source,Resolve actual instance/full path; check ASE vs ACT; selection/enable flags; enum mapping; binding; units; round-trip,<AVL_ROOT>/AWS/appl/clients/tycon/res/cpp/bten.h,9,Declaring class is context only; struct nesting and array indexing are not resolved
CTL-0153,Timing Drive (tycon),Timing Drive native / bten,Stiffness in Tensioner Direction,double,"lin_stiff,N_m",Schema declaration; instance not resolved,Bten,stid,"Candidate: GetDblValueU(field,unit)","Candidate: SetDblValueU(field,value,unit)",Schema field/label confirmed; full path + instance + runtime read not verified,Generic API available; this field write NOT verified,Not eligible for Apply; resolve path and test first,,Check type/enable/visibility rules in source,Resolve actual instance/full path; check ASE vs ACT; selection/enable flags; enum mapping; binding; units; round-trip,<AVL_ROOT>/AWS/appl/clients/tycon/res/cpp/bten.h,11,Declaring class is context only; struct nesting and array indexing are not resolved
CTL-0154,Timing Drive (tycon),Timing Drive native / bten,Stiffness in Perpendicular Direction,double,"lin_stiff,N_m",Schema declaration; instance not resolved,Bten,stip,"Candidate: GetDblValueU(field,unit)","Candidate: SetDblValueU(field,value,unit)",Schema field/label confirmed; full path + instance + runtime read not verified,Generic API available; this field write NOT verified,Not eligible for Apply; resolve path and test first,,Check type/enable/visibility rules in source,Resolve actual instance/full path; check ASE vs ACT; selection/enable flags; enum mapping; binding; units; round-trip,<AVL_ROOT>/AWS/appl/clients/tycon/res/cpp/bten.h,12,Declaring class is context only; struct nesting and array indexing are not resolved
CTL-0155,Timing Drive (tycon),Timing Drive native / bten,Damping in Tensioner Direction,double,"lin_damping,Ns_m",Schema declaration; instance not resolved,Bten,damd,"Candidate: GetDblValueU(field,unit)","Candidate: SetDblValueU(field,value,unit)",Schema field/label confirmed; full path + instance + runtime read not verified,Generic API available; this field write NOT verified,Not eligible for Apply; resolve path and test first,,Check type/enable/visibility rules in source,Resolve actual instance/full path; check ASE vs ACT; selection/enable flags; enum mapping; binding; units; round-trip,<AVL_ROOT>/AWS/appl/clients/tycon/res/cpp/bten.h,13,Declaring class is context only; struct nesting and array indexing are not resolved
CTL-0156,Timing Drive (tycon),Timing Drive native / bten,Damping in Perpendicular Direction,double,"lin_damping,Ns_m",Schema declaration; instance not resolved,Bten,damp,"Candidate: GetDblValueU(field,unit)","Candidate: SetDblValueU(field,value,unit)",Schema field/label confirmed; full path + instance + runtime read not verified,Generic API available; this field write NOT verified,Not eligible for Apply; resolve path and test first,,Check type/enable/visibility rules in source,Resolve actual instance/full path; check ASE vs ACT; selection/enable flags; enum mapping; binding; units; round-trip,<AVL_ROOT>/AWS/appl/clients/tycon/res/cpp/bten.h,14,Declaring class is context only; struct nesting and array indexing are not resolved
CTL-0157,Timing Drive (tycon),Timing Drive native / bten,y-Direction of Tensioner Deflection,double,,Schema declaration; instance not resolved,Bten,defy,"Candidate: GetDblValueU(field,unit)","Candidate: SetDblValueU(field,value,unit)",Schema field/label confirmed; full path + instance + runtime read not verified,Generic API available; this field write NOT verified,Not eligible for Apply; resolve path and test first,,Check type/enable/visibility rules in source,Resolve actual instance/full path; check ASE vs ACT; selection/enable flags; enum mapping; binding; units; round-trip,<AVL_ROOT>/AWS/appl/clients/tycon/res/cpp/bten.h,15,Declaring class is context only; struct nesting and array indexing are not resolved
CTL-0158,Timing Drive (tycon),Timing Drive native / bten,z-Direction of Tensioner Deflection,double,,Schema declaration; instance not resolved,Bten,defz,"Candidate: GetDblValueU(field,unit)","Candidate: SetDblValueU(field,value,unit)",Schema field/label confirmed; full path + instance + runtime read not verified,Generic API available; this field write NOT verified,Not eligible for Apply; resolve path and test first,,Check type/enable/visibility rules in source,Resolve actual instance/full path; check ASE vs ACT; selection/enable flags; enum mapping; binding; units; round-trip,<AVL_ROOT>/AWS/appl/clients/tycon/res/cpp/bten.h,16,Declaring class is context only; struct nesting and array indexing are not resolved
CTL-0159,Timing Drive (tycon),Timing Drive native / bten,Preload at Tensioner (Force),double,"force,N",Schema declaration; instance not resolved,Bten,prel,"Candidate: GetDblValueU(field,unit)","Candidate: SetDblValueU(field,value,unit)",Schema field/label confirmed; full path + instance + runtime read not verified,Generic API available; this field write NOT verified,Not eligible for Apply; resolve path and test first,,Check type/enable/visibility rules in source,Resolve actual instance/full path; check ASE vs ACT; selection/enable flags; enum mapping; binding; units; round-trip,<AVL_ROOT>/AWS/appl/clients/tycon/res/cpp/bten.h,17,Declaring class is context only; struct nesting and array indexing are not resolved
CTL-0160,Timing Drive (tycon),Timing Drive native / bten,Minimum Tensioner Deflection,double,"length,m",Schema declaration; instance not resolved,Bten,demi,"Candidate: GetDblValueU(field,unit)","Candidate: SetDblValueU(field,value,unit)",Schema field/label confirmed; full path + instance + runtime read not verified,Generic API available; this field write NOT verified,Not eligible for Apply; resolve path and test first,,Check type/enable/visibility rules in source,Resolve actual instance/full path; check ASE vs ACT; selection/enable flags; enum mapping; binding; units; round-trip,<AVL_ROOT>/AWS/appl/clients/tycon/res/cpp/bten.h,18,Declaring class is context only; struct nesting and array indexing are not resolved
CTL-0161,Timing Drive (tycon),Timing Drive native / bten,Maximum Tensioner Deflection,double,"length,m",Schema declaration; instance not resolved,Bten,dema,"Candidate: GetDblValueU(field,unit)","Candidate: SetDblValueU(field,value,unit)",Schema field/label confirmed; full path + instance + runtime read not verified,Generic API available; this field write NOT verified,Not eligible for Apply; resolve path and test first,,Check type/enable/visibility rules in source,Resolve actual instance/full path; check ASE vs ACT; selection/enable flags; enum mapping; binding; units; round-trip,<AVL_ROOT>/AWS/appl/clients/tycon/res/cpp/bten.h,19,Declaring class is context only; struct nesting and array indexing are not resolved
CTL-0162,Timing Drive (tycon),Timing Drive native / bten,Stiffness Outside Deflection Range,double,"lin_stiff,N_m",Schema declaration; instance not resolved,Bten,stst,"Candidate: GetDblValueU(field,unit)","Candidate: SetDblValueU(field,value,unit)",Schema field/label confirmed; full path + instance + runtime read not verified,Generic API available; this field write NOT verified,Not eligible for Apply; resolve path and test first,,Check type/enable/visibility rules in source,Resolve actual instance/full path; check ASE vs ACT; selection/enable flags; enum mapping; binding; units; round-trip,<AVL_ROOT>/AWS/appl/clients/tycon/res/cpp/bten.h,20,Declaring class is context only; struct nesting and array indexing are not resolved
CTL-0163,Timing Drive (tycon),Timing Drive native / bten,Damping Outside Deflection Range,double,"lin_damping,Ns_m",Schema declaration; instance not resolved,Bten,dast,"Candidate: GetDblValueU(field,unit)","Candidate: SetDblValueU(field,value,unit)",Schema field/label confirmed; full path + instance + runtime read not verified,Generic API available; this field write NOT verified,Not eligible for Apply; resolve path and test first,,Check type/enable/visibility rules in source,Resolve actual instance/full path; check ASE vs ACT; selection/enable flags; enum mapping; binding; units; round-trip,<AVL_ROOT>/AWS/appl/clients/tycon/res/cpp/bten.h,21,Declaring class is context only; struct nesting and array indexing are not resolved
CTL-0164,Timing Drive (tycon),Timing Drive native / bten,Link to Excite Power Unit,Bool,,Schema declaration; instance not resolved,Bten,lexc,Candidate: GetIntValue(field),"Candidate: SetIntValue(field,value)",Schema field/label confirmed; full path + instance + runtime read not verified,Generic API available; this field write NOT verified,Not eligible for Apply; resolve path and test first,,<visibility_change>,Resolve actual instance/full path; check ASE vs ACT; selection/enable flags; enum mapping; binding; units; round-trip,<AVL_ROOT>/AWS/appl/clients/tycon/res/cpp/bten.h,24,Declaring class is context only; struct nesting and array indexing are not resolved
CTL-0165,Timing Drive (tycon),Timing Drive native / srbs,Element Name,char*,,Schema declaration; instance not resolved,Srbs,name,Candidate: GetStrValue(field),"Candidate: SetStrValue(field,value)",Schema field/label confirmed; full path + instance + runtime read not verified,Generic API available; this field write NOT verified,Not eligible for Apply; resolve path and test first,,Check type/enable/visibility rules in source,Resolve actual instance/full path; check ASE vs ACT; selection/enable flags; enum mapping; binding; units; round-trip,<AVL_ROOT>/AWS/appl/clients/tycon/res/cpp/srbs.h,9,Declaring class is context only; struct nesting and array indexing are not resolved
CTL-0166,Timing Drive (tycon),Timing Drive native / srbs,Stiffness in y-Direction,double,"lin_stiff,N_m",Schema declaration; instance not resolved,Srbs,stiy,"Candidate: GetDblValueU(field,unit)","Candidate: SetDblValueU(field,value,unit)",Schema field/label confirmed; full path + instance + runtime read not verified,Generic API available; this field write NOT verified,Not eligible for Apply; resolve path and test first,,Check type/enable/visibility rules in source,Resolve actual instance/full path; check ASE vs ACT; selection/enable flags; enum mapping; binding; units; round-trip,<AVL_ROOT>/AWS/appl/clients/tycon/res/cpp/srbs.h,11,Declaring class is context only; struct nesting and array indexing are not resolved
CTL-0167,Timing Drive (tycon),Timing Drive native / srbs,Stiffness in z-Direction,double,"lin_stiff,N_m",Schema declaration; instance not resolved,Srbs,stiz,"Candidate: GetDblValueU(field,unit)","Candidate: SetDblValueU(field,value,unit)",Schema field/label confirmed; full path + instance + runtime read not verified,Generic API available; this field write NOT verified,Not eligible for Apply; resolve path and test first,,Check type/enable/visibility rules in source,Resolve actual instance/full path; check ASE vs ACT; selection/enable flags; enum mapping; binding; units; round-trip,<AVL_ROOT>/AWS/appl/clients/tycon/res/cpp/srbs.h,12,Declaring class is context only; struct nesting and array indexing are not resolved
CTL-0168,Timing Drive (tycon),Timing Drive native / srbs,Damping in y-Direction,double,"lin_damping,Ns_m",Schema declaration; instance not resolved,Srbs,damy,"Candidate: GetDblValueU(field,unit)","Candidate: SetDblValueU(field,value,unit)",Schema field/label confirmed; full path + instance + runtime read not verified,Generic API available; this field write NOT verified,Not eligible for Apply; resolve path and test first,,Check type/enable/visibility rules in source,Resolve actual instance/full path; check ASE vs ACT; selection/enable flags; enum mapping; binding; units; round-trip,<AVL_ROOT>/AWS/appl/clients/tycon/res/cpp/srbs.h,13,Declaring class is context only; struct nesting and array indexing are not resolved
CTL-0169,Timing Drive (tycon),Timing Drive native / srbs,Damping in z-Direction,double,"lin_damping,Ns_m",Schema declaration; instance not resolved,Srbs,damz,"Candidate: GetDblValueU(field,unit)","Candidate: SetDblValueU(field,value,unit)",Schema field/label confirmed; full path + instance + runtime read not verified,Generic API available; this field write NOT verified,Not eligible for Apply; resolve path and test first,,Check type/enable/visibility rules in source,Resolve actual instance/full path; check ASE vs ACT; selection/enable flags; enum mapping; binding; units; round-trip,<AVL_ROOT>/AWS/appl/clients/tycon/res/cpp/srbs.h,14,Declaring class is context only; struct nesting and array indexing are not resolved
CTL-0170,Timing Drive (tycon),Timing Drive native / srbs,Dynamic Viscosity of Oil,double,"dyn_visc,Ns_m2",Schema declaration; instance not resolved,Srbs,dyvi,"Candidate: GetDblValueU(field,unit)","Candidate: SetDblValueU(field,value,unit)",Schema field/label confirmed; full path + instance + runtime read not verified,Generic API available; this field write NOT verified,Not eligible for Apply; resolve path and test first,,Check type/enable/visibility rules in source,Resolve actual instance/full path; check ASE vs ACT; selection/enable flags; enum mapping; binding; units; round-trip,<AVL_ROOT>/AWS/appl/clients/tycon/res/cpp/srbs.h,15,Declaring class is context only; struct nesting and array indexing are not resolved
CTL-0171,Timing Drive (tycon),Timing Drive native / srbs,Relative Clearance,double,,Schema declaration; instance not resolved,Srbs,rcle,"Candidate: GetDblValueU(field,unit)","Candidate: SetDblValueU(field,value,unit)",Schema field/label confirmed; full path + instance + runtime read not verified,Generic API available; this field write NOT verified,Not eligible for Apply; resolve path and test first,,Check type/enable/visibility rules in source,Resolve actual instance/full path; check ASE vs ACT; selection/enable flags; enum mapping; binding; units; round-trip,<AVL_ROOT>/AWS/appl/clients/tycon/res/cpp/srbs.h,16,Declaring class is context only; struct nesting and array indexing are not resolved
CTL-0172,Timing Drive (tycon),Timing Drive native / srbs,Diameter of Bearing Brass,double,"length,m",Schema declaration; instance not resolved,Srbs,bbdi,"Candidate: GetDblValueU(field,unit)","Candidate: SetDblValueU(field,value,unit)",Schema field/label confirmed; full path + instance + runtime read not verified,Generic API available; this field write NOT verified,Not eligible for Apply; resolve path and test first,,Check type/enable/visibility rules in source,Resolve actual instance/full path; check ASE vs ACT; selection/enable flags; enum mapping; binding; units; round-trip,<AVL_ROOT>/AWS/appl/clients/tycon/res/cpp/srbs.h,17,Declaring class is context only; struct nesting and array indexing are not resolved
CTL-0173,Timing Drive (tycon),Timing Drive native / srbs,Ratio Width/Diameter of Bearing,double,,Schema declaration; instance not resolved,Srbs,widi,"Candidate: GetDblValueU(field,unit)","Candidate: SetDblValueU(field,value,unit)",Schema field/label confirmed; full path + instance + runtime read not verified,Generic API available; this field write NOT verified,Not eligible for Apply; resolve path and test first,,Check type/enable/visibility rules in source,Resolve actual instance/full path; check ASE vs ACT; selection/enable flags; enum mapping; binding; units; round-trip,<AVL_ROOT>/AWS/appl/clients/tycon/res/cpp/srbs.h,18,Declaring class is context only; struct nesting and array indexing are not resolved
CTL-0174,Timing Drive (tycon),Timing Drive native / srbs,Friction Factor in Bearing,double,"length,m",Schema declaration; instance not resolved,Srbs,frfa,"Candidate: GetDblValueU(field,unit)","Candidate: SetDblValueU(field,value,unit)",Schema field/label confirmed; full path + instance + runtime read not verified,Generic API available; this field write NOT verified,Not eligible for Apply; resolve path and test first,,Check type/enable/visibility rules in source,Resolve actual instance/full path; check ASE vs ACT; selection/enable flags; enum mapping; binding; units; round-trip,<AVL_ROOT>/AWS/appl/clients/tycon/res/cpp/srbs.h,19,Declaring class is context only; struct nesting and array indexing are not resolved
CTL-0175,Timing Drive (tycon),Timing Drive native / srbs,Link to Excite Power Unit,Bool,,Schema declaration; instance not resolved,Srbs,lexc,Candidate: GetIntValue(field),"Candidate: SetIntValue(field,value)",Schema field/label confirmed; full path + instance + runtime read not verified,Generic API available; this field write NOT verified,Not eligible for Apply; resolve path and test first,,<visibility_change>,Resolve actual instance/full path; check ASE vs ACT; selection/enable flags; enum mapping; binding; units; round-trip,<AVL_ROOT>/AWS/appl/clients/tycon/res/cpp/srbs.h,22,Declaring class is context only; struct nesting and array indexing are not resolved
CTL-0176,Timing Drive (tycon),Timing Drive native / sabs,Element Name,char*,,Schema declaration; instance not resolved,Sabs,name,Candidate: GetStrValue(field),"Candidate: SetStrValue(field,value)",Schema field/label confirmed; full path + instance + runtime read not verified,Generic API available; this field write NOT verified,Not eligible for Apply; resolve path and test first,,Check type/enable/visibility rules in source,Resolve actual instance/full path; check ASE vs ACT; selection/enable flags; enum mapping; binding; units; round-trip,<AVL_ROOT>/AWS/appl/clients/tycon/res/cpp/sabs.h,9,Declaring class is context only; struct nesting and array indexing are not resolved
CTL-0177,Timing Drive (tycon),Timing Drive native / sabs,Axial Clearance,double,"length,m",Schema declaration; instance not resolved,Sabs,clea,"Candidate: GetDblValueU(field,unit)","Candidate: SetDblValueU(field,value,unit)",Schema field/label confirmed; full path + instance + runtime read not verified,Generic API available; this field write NOT verified,Not eligible for Apply; resolve path and test first,,Check type/enable/visibility rules in source,Resolve actual instance/full path; check ASE vs ACT; selection/enable flags; enum mapping; binding; units; round-trip,<AVL_ROOT>/AWS/appl/clients/tycon/res/cpp/sabs.h,11,Declaring class is context only; struct nesting and array indexing are not resolved
CTL-0178,Timing Drive (tycon),Timing Drive native / sabs,Stiffness of Structure,double,"lin_stiff,N_m",Schema declaration; instance not resolved,Sabs,stif,"Candidate: GetDblValueU(field,unit)","Candidate: SetDblValueU(field,value,unit)",Schema field/label confirmed; full path + instance + runtime read not verified,Generic API available; this field write NOT verified,Not eligible for Apply; resolve path and test first,,Check type/enable/visibility rules in source,Resolve actual instance/full path; check ASE vs ACT; selection/enable flags; enum mapping; binding; units; round-trip,<AVL_ROOT>/AWS/appl/clients/tycon/res/cpp/sabs.h,12,Declaring class is context only; struct nesting and array indexing are not resolved
CTL-0179,Timing Drive (tycon),Timing Drive native / sabs,Damping of Structure,double,"lin_damping,Ns_m",Schema declaration; instance not resolved,Sabs,damp,"Candidate: GetDblValueU(field,unit)","Candidate: SetDblValueU(field,value,unit)",Schema field/label confirmed; full path + instance + runtime read not verified,Generic API available; this field write NOT verified,Not eligible for Apply; resolve path and test first,,Check type/enable/visibility rules in source,Resolve actual instance/full path; check ASE vs ACT; selection/enable flags; enum mapping; binding; units; round-trip,<AVL_ROOT>/AWS/appl/clients/tycon/res/cpp/sabs.h,13,Declaring class is context only; struct nesting and array indexing are not resolved
CTL-0180,Timing Drive (tycon),Timing Drive native / sabs,Damping at Fringes,double,"lin_damping,Ns_m",Schema declaration; instance not resolved,Sabs,dacl,"Candidate: GetDblValueU(field,unit)","Candidate: SetDblValueU(field,value,unit)",Schema field/label confirmed; full path + instance + runtime read not verified,Generic API available; this field write NOT verified,Not eligible for Apply; resolve path and test first,,Check type/enable/visibility rules in source,Resolve actual instance/full path; check ASE vs ACT; selection/enable flags; enum mapping; binding; units; round-trip,<AVL_ROOT>/AWS/appl/clients/tycon/res/cpp/sabs.h,14,Declaring class is context only; struct nesting and array indexing are not resolved
CTL-0181,Timing Drive (tycon),Timing Drive native / sabs,Link to Excite Power Unit,Bool,,Schema declaration; instance not resolved,Sabs,lexc,Candidate: GetIntValue(field),"Candidate: SetIntValue(field,value)",Schema field/label confirmed; full path + instance + runtime read not verified,Generic API available; this field write NOT verified,Not eligible for Apply; resolve path and test first,,<visibility_change>,Resolve actual instance/full path; check ASE vs ACT; selection/enable flags; enum mapping; binding; units; round-trip,<AVL_ROOT>/AWS/appl/clients/tycon/res/cpp/sabs.h,16,Declaring class is context only; struct nesting and array indexing are not resolved
CTL-0182,Timing Drive (tycon),Timing Drive native / trbe,Element Name,char*,,Schema declaration; instance not resolved,Trbe,name,Candidate: GetStrValue(field),"Candidate: SetStrValue(field,value)",Schema field/label confirmed; full path + instance + runtime read not verified,Generic API available; this field write NOT verified,Not eligible for Apply; resolve path and test first,,Check type/enable/visibility rules in source,Resolve actual instance/full path; check ASE vs ACT; selection/enable flags; enum mapping; binding; units; round-trip,<AVL_ROOT>/AWS/appl/clients/tycon/res/cpp/trbe.h,9,Declaring class is context only; struct nesting and array indexing are not resolved
CTL-0183,Timing Drive (tycon),Timing Drive native / trbe,Bearing Clearance,double,"length,m",Schema declaration; instance not resolved,Trbe,clea,"Candidate: GetDblValueU(field,unit)","Candidate: SetDblValueU(field,value,unit)",Schema field/label confirmed; full path + instance + runtime read not verified,Generic API available; this field write NOT verified,Not eligible for Apply; resolve path and test first,,Check type/enable/visibility rules in source,Resolve actual instance/full path; check ASE vs ACT; selection/enable flags; enum mapping; binding; units; round-trip,<AVL_ROOT>/AWS/appl/clients/tycon/res/cpp/trbe.h,11,Declaring class is context only; struct nesting and array indexing are not resolved
CTL-0184,Timing Drive (tycon),Timing Drive native / trbe,Bearing Stiffness,double,"lin_stiff,N_m",Schema declaration; instance not resolved,Trbe,stif,"Candidate: GetDblValueU(field,unit)","Candidate: SetDblValueU(field,value,unit)",Schema field/label confirmed; full path + instance + runtime read not verified,Generic API available; this field write NOT verified,Not eligible for Apply; resolve path and test first,,Check type/enable/visibility rules in source,Resolve actual instance/full path; check ASE vs ACT; selection/enable flags; enum mapping; binding; units; round-trip,<AVL_ROOT>/AWS/appl/clients/tycon/res/cpp/trbe.h,12,Declaring class is context only; struct nesting and array indexing are not resolved
CTL-0185,Timing Drive (tycon),Timing Drive native / trbe,Bearing Damping,double,"lin_damping,Ns_m",Schema declaration; instance not resolved,Trbe,damp,"Candidate: GetDblValueU(field,unit)","Candidate: SetDblValueU(field,value,unit)",Schema field/label confirmed; full path + instance + runtime read not verified,Generic API available; this field write NOT verified,Not eligible for Apply; resolve path and test first,,Check type/enable/visibility rules in source,Resolve actual instance/full path; check ASE vs ACT; selection/enable flags; enum mapping; binding; units; round-trip,<AVL_ROOT>/AWS/appl/clients/tycon/res/cpp/trbe.h,13,Declaring class is context only; struct nesting and array indexing are not resolved
CTL-0186,Timing Drive (tycon),Timing Drive native / trbe,Damping in Clearance Area,double,"lin_damping,Ns_m",Schema declaration; instance not resolved,Trbe,dacl,"Candidate: GetDblValueU(field,unit)","Candidate: SetDblValueU(field,value,unit)",Schema field/label confirmed; full path + instance + runtime read not verified,Generic API available; this field write NOT verified,Not eligible for Apply; resolve path and test first,,Check type/enable/visibility rules in source,Resolve actual instance/full path; check ASE vs ACT; selection/enable flags; enum mapping; binding; units; round-trip,<AVL_ROOT>/AWS/appl/clients/tycon/res/cpp/trbe.h,14,Declaring class is context only; struct nesting and array indexing are not resolved
CTL-0187,Timing Drive (tycon),Timing Drive native / trbe,Friction Factor,double,"length,m",Schema declaration; instance not resolved,Trbe,frco,"Candidate: GetDblValueU(field,unit)","Candidate: SetDblValueU(field,value,unit)",Schema field/label confirmed; full path + instance + runtime read not verified,Generic API available; this field write NOT verified,Not eligible for Apply; resolve path and test first,,Check type/enable/visibility rules in source,Resolve actual instance/full path; check ASE vs ACT; selection/enable flags; enum mapping; binding; units; round-trip,<AVL_ROOT>/AWS/appl/clients/tycon/res/cpp/trbe.h,15,Declaring class is context only; struct nesting and array indexing are not resolved
CTL-0188,Timing Drive (tycon),Timing Drive native / trbe,Constant Friction Torque,double,"moment,Nm",Schema declaration; instance not resolved,Trbe,frto,"Candidate: GetDblValueU(field,unit)","Candidate: SetDblValueU(field,value,unit)",Schema field/label confirmed; full path + instance + runtime read not verified,Generic API available; this field write NOT verified,Not eligible for Apply; resolve path and test first,,Check type/enable/visibility rules in source,Resolve actual instance/full path; check ASE vs ACT; selection/enable flags; enum mapping; binding; units; round-trip,<AVL_ROOT>/AWS/appl/clients/tycon/res/cpp/trbe.h,16,Declaring class is context only; struct nesting and array indexing are not resolved
CTL-0189,Timing Drive (tycon),Timing Drive native / trbe,Bearing Deflection - Axial,double,"length,m",Schema declaration; instance not resolved,Trbe,defla,"Candidate: GetDblValueU(field,unit)","Candidate: SetDblValueU(field,value,unit)",Schema field/label confirmed; full path + instance + runtime read not verified,Generic API available; this field write NOT verified,Not eligible for Apply; resolve path and test first,,Check type/enable/visibility rules in source,Resolve actual instance/full path; check ASE vs ACT; selection/enable flags; enum mapping; binding; units; round-trip,<AVL_ROOT>/AWS/appl/clients/tycon/res/cpp/trbe.h,17,Declaring class is context only; struct nesting and array indexing are not resolved
CTL-0190,Timing Drive (tycon),Timing Drive native / trbe,Bearing Deflection - Radial,double,"length,m",Schema declaration; instance not resolved,Trbe,deflr,"Candidate: GetDblValueU(field,unit)","Candidate: SetDblValueU(field,value,unit)",Schema field/label confirmed; full path + instance + runtime read not verified,Generic API available; this field write NOT verified,Not eligible for Apply; resolve path and test first,,Check type/enable/visibility rules in source,Resolve actual instance/full path; check ASE vs ACT; selection/enable flags; enum mapping; binding; units; round-trip,<AVL_ROOT>/AWS/appl/clients/tycon/res/cpp/trbe.h,18,Declaring class is context only; struct nesting and array indexing are not resolved
CTL-0191,Timing Drive (tycon),Timing Drive native / trbe,Link to Excite Power Unit,Bool,,Schema declaration; instance not resolved,Trbe,lexc,Candidate: GetIntValue(field),"Candidate: SetIntValue(field,value)",Schema field/label confirmed; full path + instance + runtime read not verified,Generic API available; this field write NOT verified,Not eligible for Apply; resolve path and test first,,<visibility_change>,Resolve actual instance/full path; check ASE vs ACT; selection/enable flags; enum mapping; binding; units; round-trip,<AVL_ROOT>/AWS/appl/clients/tycon/res/cpp/trbe.h,21,Declaring class is context only; struct nesting and array indexing are not resolved
CTL-0192,Power Unit (excite),Load Data,Cylinder pressure peak search width,double,deg,Global,Load/load,cylpressdata.peakSearchWidth,"GetClass('Load','load').GetDblValueU(field,'deg')","GetClass('Load','load').SetDblValueU(field,value,'deg')",Runtime read verified: simple_body.ex,Setter/source only; no write round-trip performed,Requires adapter + validation + round-trip test,60,,Check model/version; object identity; unit; binding; active branch; read-back,<AVL_ROOT>/AWS/appl/clients/excite/res/cpp/newloadgen.h,431,
CTL-0193,Power Unit (excite),Body,Inertia table dimensions,matrix,Inertia schema,Body,element.GetClass(),bdefine.it,"GetWSMatrix(field,0); GetNumRows/Cols()","GetWSMatrix(field,1); typed setters; ReleaseHandle()",Runtime read verified: simple_body.ex,Setter/source only; no write round-trip performed,Requires adapter + validation + round-trip test,3 x 3,Only dimensions tested; cell units/values not tested,Check model/version; object identity; unit; binding; active branch; read-back,<AVL_ROOT>/AWS/appl/clients/excite/res/cpp/body.h,Class/field declaration; see schema candidates,
